,x,y,z
0,452.42196402407717,209.22770982421935,508.0078
1,392.1381212937413,159.67658183258027,505.155
2,469.1183549334528,110.39877097122371,500.4825
3,418.73457501165103,59.05762705113739,500.1858
4,413.85991563415155,70.23927767854184,500.9348
5,255.49413190502673,-17.484846238978207,508.4051
6,119.59071356197819,-649.9415739066899,504.5008
7,367.93965198204387,171.7105415724218,512.9385
8,155.81572382338345,-255.0166686642915,507.7957
9,167.15713480045088,-184.62438676692545,504.0802
10,46.39922354812734,-107.93669290374964,506.7905
11,223.14369660627563,-99.07356768939644,500.3496
12,370.14687673107255,175.82152920681983,509.8263
13,370.14687673107255,175.82152920681983,509.8263
14,181.48552402411588,-1.2782968766987324,507.1125
15,103.16873387538362,-401.01838722173125,515.283
16,438.0340672665043,73.47938664723188,502.2612
17,200.64818867715076,-233.0212002247572,498.9125
18,413.85991563415155,70.23927767854184,500.9348
19,121.24434506508987,-397.5568891558796,504.7085
20,252.03185488237068,-90.97446281835437,503.6681
21,255.49413190502673,-17.484846238978207,508.4051
22,477.21549623133615,99.65322684496641,511.5957
23,123.99259048444219,-442.1184783987701,502.8531
24,416.75448658538517,257.707808281295,507.953
25,440.1759805328911,171.27999481745064,499.1703
26,375.70614232018124,207.65018739923835,513.528
27,422.7694921573857,152.48994252830744,496.596
28,374.65321572031826,30.49187278561294,502.0591
29,229.10356298682746,-469.53848013840616,503.6567
30,367.93965198204387,171.7105415724218,512.9385
31,367.93965198204387,171.7105415724218,512.9385
32,477.21549623133615,99.65322684496641,511.5957
33,367.93965198204387,171.7105415724218,512.9385
34,375.25913004844915,161.81508266087621,509.2541
35,216.5474459695397,-470.24234402552247,503.3604
36,367.93965198204387,171.7105415724218,512.9385
37,496.3840205029119,221.37475480418652,504.9429
38,416.75448658538517,257.707808281295,507.953
39,416.75448658538517,257.707808281295,507.953
40,416.75448658538517,257.707808281295,507.953
41,416.75448658538517,257.707808281295,507.953
42,416.75448658538517,257.707808281295,507.953
43,437.78546765842475,265.96592189744115,514.0112
44,393.5656697098166,159.8727296832949,500.2678
45,546.0300152772106,202.67299128696322,509.2597
46,50.97323711425997,-537.610902281478,507.2052
47,354.0395839463454,115.55399015918374,512.4112
48,477.21549623133615,99.65322684496641,511.5957
49,477.21549623133615,99.65322684496641,511.5957
50,437.7971994841937,265.979154093191,513.9483
51,477.21549623133615,99.65322684496641,511.5957
52,477.21549623133615,99.65322684496641,511.5957
53,477.21549623133615,99.65322684496641,511.5957
54,477.21549623133615,99.65322684496641,511.5957
55,512.2206608665874,135.61978184245527,515.1684
56,477.21549623133615,99.65322684496641,511.5957
57,477.21549623133615,99.65322684496641,511.5957
58,468.4655269793002,229.39680159185082,506.7071
59,79.86042127315886,-524.2899724598974,507.7015
60,437.78546765842475,265.96592189744115,514.0112
61,68.59841206064448,-567.862705219537,507.3266
62,512.2081476978492,141.97924208734185,507.8218
63,446.361496644211,172.02577919047326,505.3783
64,386.73975921364035,223.6241169758141,510.9277
65,377.68585247942246,209.16532946936786,510.6957
66,386.73975921364035,223.6241169758141,510.9277
67,386.73975921364035,223.6241169758141,510.9277
68,546.0300152772106,202.67299128696322,509.2597
69,496.3840205029119,221.37475480418652,504.9429
70,287.8547365202103,-74.62736306618899,503.6796
71,459.75508192298,269.0966150574386,510.5836
72,256.8224768716609,-61.5803063493222,502.6245
73,112.94727666361723,-310.0209070527926,504.7846
74,400.2048169958871,159.28395254630595,508.5802
75,398.3122200057842,162.52973245456815,506.941
76,417.7425995442318,-83.25141918752342,499.0468
77,417.7425995442318,-83.25141918752342,499.0468
78,450.48669470089953,-40.199745854362845,499.8574
79,512.2206608665874,135.61978184245527,515.1684
80,512.2206608665874,135.61978184245527,515.1684
81,446.361496644211,172.02577919047326,505.3783
82,546.0300152772106,202.67299128696322,509.2597
83,227.74794813944027,17.42391142155975,506.948
84,546.0300152772106,202.67299128696322,509.2597
85,550.1683454606682,222.21716756839305,504.8746
86,546.0300152772106,202.67299128696322,509.2597
87,546.0300152772106,202.67299128696322,509.2597
88,546.0300152772106,202.67299128696322,509.2597
89,546.0300152772106,202.67299128696322,509.2597
90,480.6343477558112,160.8667011326179,505.529
91,546.0300152772106,202.67299128696322,509.2597
92,364.76653437432833,5.5780934961512685,499.9965
93,546.0300152772106,202.67299128696322,509.2597
94,546.0300152772106,202.67299128696322,509.2597
95,546.0300152772106,202.67299128696322,509.2597
96,546.0300152772106,202.67299128696322,509.2597
97,546.0300152772106,202.67299128696322,509.2597
98,546.0300152772106,202.67299128696322,509.2597
99,84.84194815671071,-593.7263115718961,510.3332
100,372.39251016639173,189.47470946982503,512.9426
101,69.89205289178062,-537.7586803389713,508.0092
102,550.1683454606682,222.21716756839305,504.8746
103,395.082087717019,31.982329581864178,501.5562
104,468.4655269793002,229.39680159185082,506.7071
105,546.0300152772106,202.67299128696322,509.2597
106,550.3848686233396,222.9093559877947,504.8445
107,550.3848686233396,222.9093559877947,504.8445
108,546.0300152772106,202.67299128696322,509.2597
109,86.26003782486077,-522.1325684925541,506.1306
110,440.31001640239265,144.85251899063587,500.9399
111,468.4655269793002,229.39680159185082,506.7071
112,550.1683454606682,222.21716756839305,504.8746
113,446.361496644211,172.02577919047326,505.3783
114,231.66219464305323,-461.26491042785347,503.3616
115,440.31001640239265,144.85251899063587,500.9399
116,527.8865949120373,210.7844387954101,504.3939
117,464.96903233777266,113.9796923873946,500.1814
118,362.6630769742187,147.52875848580152,508.5749
119,445.7700782190077,185.10341451317072,507.433
120,550.3848686233396,222.9093559877947,504.8445
121,482.41370360984,168.64623178448528,493.4586
122,546.0300152772106,202.67299128696322,509.2597
123,490.2052874614019,157.76436267793179,505.615
124,482.41370360984,168.64623178448528,493.4586
125,541.2021205243655,182.60019432473928,505.6248
126,550.3848686233396,222.9093559877947,504.8445
127,451.4871706367703,81.53201203979552,507.3868
128,446.361496644211,172.02577919047326,505.3783
129,544.9146486326354,198.1791595229879,509.8434
130,490.2052874614019,157.76436267793179,505.615
131,487.76460660947487,79.99040557537228,500.1168
132,426.6493841558695,-76.47542274836451,495.0026
133,490.2052874614019,157.76436267793179,505.615
134,19.55176297482103,-487.8777481960133,504.4457
135,453.21379529335536,133.33250220119953,500.4328
136,482.41370360984,168.64623178448528,493.4586
137,512.2206608665874,135.61978184245527,515.1684
138,541.2021205243655,182.60019432473928,505.6248
139,525.0921329475241,252.0990249849856,504.5477
140,450.8460199892288,128.7079052021727,501.446
141,512.2206608665874,135.61978184245527,515.1684
142,79.03423208452296,-584.2535045761615,509.8648
143,455.7186092766933,86.10368025302887,507.6543
144,509.835468927864,30.994140268303454,497.063
145,541.2021205243655,182.60019432473928,505.6248
146,544.9146486326354,198.1791595229879,509.8434
147,195.48536617856007,-58.490755312144756,508.2891
148,498.98420783143956,117.59608498774469,502.477
149,544.9146486326354,198.1791595229879,509.8434
150,580.6797868045978,225.98300615046173,508.943
151,527.8865949120373,210.7844387954101,504.3939
152,332.42921522131655,-36.46115003153682,502.0219
153,512.2206608665874,135.61978184245527,515.1684
154,487.9393337590154,223.8608509749174,505.3596
155,527.8865949120373,210.7844387954101,504.3939
156,446.78179390507285,80.413947051391,503.2646
157,490.2052874614019,157.76436267793179,505.615
158,541.2021205243655,182.60019432473928,505.6248
159,443.5803983246442,176.03991604223847,504.9965
160,482.41370360984,168.64623178448528,493.4586
161,446.78179390507285,80.413947051391,503.2646
162,453.0377205054974,83.26309465616941,507.3911
163,406.68880146637093,250.60523234121501,508.059
164,509.98046214843635,154.567286147736,507.2855
165,439.2055318353232,266.14272183179855,513.9568
166,441.7177523052087,267.3571928208694,507.4757
167,461.9027136230143,227.21904895361513,506.0649
168,456.93421301047783,236.455344340764,507.4141
169,51.88617913261987,-534.3408818785101,508.9525
170,393.9875052712159,-106.23652247525752,499.2573
171,511.5698838228127,152.68164258264005,505.0088
172,480.6343477558112,160.8667011326179,505.529
173,428.454490022501,150.1473990092054,500.5433
174,278.36852705164347,41.25898872781545,506.3978
175,511.5698838228127,152.68164258264005,505.0088
176,512.2206608665874,135.61978184245527,515.1684
177,509.98046214843635,154.567286147736,507.2855
178,512.2206608665874,135.61978184245527,515.1684
179,99.38978049519937,-525.4937687357888,508.9685
180,541.2021205243655,182.60019432473928,505.6248
181,490.2052874614019,157.76436267793179,505.615
182,331.5159120594617,-37.7718046316877,503.5999
183,509.98046214843635,154.567286147736,507.2855
184,491.5705481941113,69.72644667699933,500.9915
185,509.98046214843635,154.567286147736,507.2855
186,408.1629389578011,151.24500412959605,505.1459
187,411.9417574389372,250.3891805987805,511.2739
188,509.98046214843635,154.567286147736,507.2855
189,525.0921329475241,252.0990249849856,504.5477
190,487.76460660947487,79.99040557537228,500.1168
191,525.2898675895995,151.51209434308112,504.7403
192,509.98046214843635,154.567286147736,507.2855
193,511.5698838228127,152.68164258264005,505.0088
194,461.6376624566037,269.7489956924692,513.7531
195,509.98046214843635,154.567286147736,507.2855
196,539.8026376189664,245.8264079792425,511.7981
197,370.62098305264954,158.71474571619183,508.7101
198,430.6874541323632,152.7918367544189,505.7193
199,540.4639118128689,242.2160199061036,509.2419
200,512.2206608665874,135.61978184245527,515.1684
201,460.5026946251746,107.00576897803694,504.6037
202,542.2953545078635,192.30361959896982,502.3016
203,537.6023072102107,207.97687809355557,504.0311
204,512.2206608665874,135.61978184245527,515.1684
205,525.0921329475241,252.0990249849856,504.5477
206,511.5698838228127,152.68164258264005,505.0088
207,530.6371713770786,249.24476241413504,509.0016
208,539.8026376189664,245.8264079792425,511.7981
209,539.8026376189664,245.8264079792425,511.7981
210,512.2081476978492,141.97924208734185,507.8218
211,511.5698838228127,152.68164258264005,505.0088
212,551.7441452399362,241.02512224111706,508.0162
213,551.7441452399362,241.02512224111706,508.0162
214,509.98046214843635,154.567286147736,507.2855
215,370.2204081611708,184.10266017355025,507.6408
216,509.98046214843635,154.567286147736,507.2855
217,509.98046214843635,154.567286147736,507.2855
218,511.5698838228127,152.68164258264005,505.0088
219,530.6371713770786,249.24476241413504,509.0016
220,527.8865949120373,210.7844387954101,504.3939
221,409.75534198072273,74.80193910375237,501.0124
222,476.6875310142059,268.39408550970256,510.2037
223,487.9393337590154,223.8608509749174,505.3596
224,525.0921329475241,252.0990249849856,504.5477
225,542.2953545078635,192.30361959896982,502.3016
226,512.2081476978492,141.97924208734185,507.8218
227,379.0674322954146,164.00851378403604,506.6267
228,527.8865949120373,210.7844387954101,504.3939
229,527.8865949120373,210.7844387954101,504.3939
230,540.4639118128689,242.2160199061036,509.2419
231,538.9734523270745,246.4963574120775,508.0277
232,562.186004237039,237.78212220501155,504.1866
233,512.2206608665874,135.61978184245527,515.1684
234,525.2898675895995,151.51209434308112,504.7403
235,498.98420783143956,117.59608498774469,502.477
236,366.7791621584911,167.29710373934358,512.8435
237,482.41370360984,168.64623178448528,493.4586
238,525.0921329475241,252.0990249849856,504.5477
239,525.2898675895995,151.51209434308112,504.7403
240,525.2898675895995,151.51209434308112,504.7403
241,509.98046214843635,154.567286147736,507.2855
242,510.8087123542791,126.8691858947277,507.2858
243,468.4655269793002,229.39680159185082,506.7071
244,525.2898675895995,151.51209434308112,504.7403
245,408.7236840117257,251.96270000562072,510.9016
246,528.9585627487395,208.32669733278453,505.9702
247,498.98420783143956,117.59608498774469,502.477
248,439.2463063938776,160.25979922153056,508.7436
249,510.8087123542791,126.8691858947277,507.2858
250,512.2206608665874,135.61978184245527,515.1684
251,65.6134986334946,-530.0603219820186,506.9176
252,525.2898675895995,151.51209434308112,504.7403
253,527.8865949120373,210.7844387954101,504.3939
254,512.2081476978492,141.97924208734185,507.8218
255,438.88863522035535,-61.54661428742111,495.0788
256,421.96024643687997,143.80061498563737,502.0653
257,7.380044930265285,-171.10197173804045,503.9139
258,449.6457843474345,239.62161987647414,509.1483
259,528.9585627487395,208.32669733278453,505.9702
260,573.8501653975109,228.85895173158497,508.4654
261,490.2052874614019,157.76436267793179,505.615
262,512.2206608665874,135.61978184245527,515.1684
263,36.9913597694831,-517.6371799968183,509.7657
264,498.98420783143956,117.59608498774469,502.477
265,469.2872068374418,98.41807359922677,507.6289
266,507.9357086236123,153.84140566643327,507.9956
267,373.9042546035489,206.919636731036,508.4308
268,512.2081476978492,141.97924208734185,507.8218
269,555.1966248133685,238.92620680574328,504.3787
270,485.8975430909777,83.127436847426,500.0793
271,511.5698838228127,152.68164258264005,505.0088
272,509.98046214843635,154.567286147736,507.2855
273,63.34913204971235,-554.6893310640007,510.7254
274,541.2021205243655,182.60019432473928,505.6248
275,437.80108565138653,265.97548466175795,513.9484
276,438.58604511024896,160.19508377462626,505.2605
277,511.5698838228127,152.68164258264005,505.0088
278,507.9357086236123,153.84140566643327,507.9956
279,510.8087123542791,126.8691858947277,507.2858
280,480.49981603585184,107.13875811174512,501.5608
281,480.49981603585184,107.13875811174512,501.5608
282,560.5022708803881,237.93167938198894,511.1121
283,512.2206608665874,135.61978184245527,515.1684
284,459.9110233458923,265.76488147024065,510.8703
285,509.835468927864,30.994140268303454,497.063
286,509.835468927864,30.994140268303454,497.063
287,507.9357086236123,153.84140566643327,507.9956
288,512.2081476978492,141.97924208734185,507.8218
289,496.9177350491518,157.52885182388127,504.2153
290,509.835468927864,30.994140268303454,497.063
291,512.2081476978492,141.97924208734185,507.8218
292,525.2898675895995,151.51209434308112,504.7403
293,540.4639118128689,242.2160199061036,509.2419
294,509.835468927864,30.994140268303454,497.063
295,520.3967757526552,152.02014396246523,504.5681
296,510.8087123542791,126.8691858947277,507.2858
297,510.8087123542791,126.8691858947277,507.2858
298,496.9177350491518,157.52885182388127,504.2153
299,520.3967757526552,152.02014396246523,504.5681
300,511.5698838228127,152.68164258264005,505.0088
301,510.8087123542791,126.8691858947277,507.2858
302,507.9357086236123,153.84140566643327,507.9956
303,525.2898675895995,151.51209434308112,504.7403
304,507.9357086236123,153.84140566643327,507.9956
305,507.9357086236123,153.84140566643327,507.9956
306,496.3840205029119,221.37475480418652,504.9429
307,509.98046214843635,154.567286147736,507.2855
308,507.9357086236123,153.84140566643327,507.9956
309,547.8280516435625,201.5571501981467,507.8174
310,512.2206608665874,135.61978184245527,515.1684
311,510.8087123542791,126.8691858947277,507.2858
312,509.835468927864,30.994140268303454,497.063
313,509.835468927864,30.994140268303454,497.063
314,482.41370360984,168.64623178448528,493.4586
315,444.55672698118724,134.06327525991946,507.5889
316,510.8087123542791,126.8691858947277,507.2858
317,509.98046214843635,154.567286147736,507.2855
318,509.835468927864,30.994140268303454,497.063
319,482.41370360984,168.64623178448528,493.4586
320,455.08390823891386,176.3044487722218,497.3115
321,509.835468927864,30.994140268303454,497.063
322,511.5698838228127,152.68164258264005,505.0088
323,512.2081476978492,141.97924208734185,507.8218
324,511.5698838228127,152.68164258264005,505.0088
325,498.98420783143956,117.59608498774469,502.477
326,335.33744280436076,-33.304214868694544,501.1673
327,489.8215969908051,79.15088387951255,505.7183
328,509.98046214843635,154.567286147736,507.2855
329,509.835468927864,30.994140268303454,497.063
330,509.98046214843635,154.567286147736,507.2855
331,510.8087123542791,126.8691858947277,507.2858
332,512.2081476978492,141.97924208734185,507.8218
333,443.4937684244942,177.53181837312877,506.0812
334,510.8087123542791,126.8691858947277,507.2858
335,520.3967757526552,152.02014396246523,504.5681
336,430.3371075685136,139.60400725807995,502.3411
337,487.76460660947487,79.99040557537228,500.1168
338,496.3840205029119,221.37475480418652,504.9429
339,496.3840205029119,221.37475480418652,504.9429
340,512.2206608665874,135.61978184245527,515.1684
341,69.0255567508284,-313.1916303858161,503.5694
342,489.8215969908051,79.15088387951255,505.7183
343,520.3967757526552,152.02014396246523,504.5681
344,520.3967757526552,152.02014396246523,504.5681
345,511.5698838228127,152.68164258264005,505.0088
346,520.3967757526552,152.02014396246523,504.5681
347,458.9124858889263,120.37929400149733,510.4477
348,464.8520685180556,223.96837646886706,512.2948
349,507.9357086236123,153.84140566643327,507.9956
350,509.98046214843635,154.567286147736,507.2855
351,509.98046214843635,154.567286147736,507.2855
352,378.04023908101954,210.06156057771295,510.6705
353,349.9541372539243,57.93678218964487,501.0457
354,418.97332006914075,57.484886007383466,500.8609
355,520.3967757526552,152.02014396246523,504.5681
356,544.9146486326354,198.1791595229879,509.8434
357,520.3967757526552,152.02014396246523,504.5681
358,512.2206608665874,135.61978184245527,515.1684
359,507.9357086236123,153.84140566643327,507.9956
360,511.5698838228127,152.68164258264005,505.0088
361,510.8087123542791,126.8691858947277,507.2858
362,512.2206608665874,135.61978184245527,515.1684
363,512.2081476978492,141.97924208734185,507.8218
364,511.5698838228127,152.68164258264005,505.0088
365,510.8087123542791,126.8691858947277,507.2858
366,511.5698838228127,152.68164258264005,505.0088
367,509.98046214843635,154.567286147736,507.2855
368,512.2081476978492,141.97924208734185,507.8218
369,509.98046214843635,154.567286147736,507.2855
370,510.8087123542791,126.8691858947277,507.2858
371,510.8087123542791,126.8691858947277,507.2858
372,512.2081476978492,141.97924208734185,507.8218
373,510.8087123542791,126.8691858947277,507.2858
374,511.5698838228127,152.68164258264005,505.0088
375,512.2206608665874,135.61978184245527,515.1684
376,498.98420783143956,117.59608498774469,502.477
377,512.2081476978492,141.97924208734185,507.8218
378,498.98420783143956,117.59608498774469,502.477
379,496.3840205029119,221.37475480418652,504.9429
380,512.2081476978492,141.97924208734185,507.8218
381,511.5698838228127,152.68164258264005,505.0088
382,511.5698838228127,152.68164258264005,505.0088
383,511.5698838228127,152.68164258264005,505.0088
384,510.8087123542791,126.8691858947277,507.2858
385,510.8087123542791,126.8691858947277,507.2858
386,482.41370360984,168.64623178448528,493.4586
387,512.2081476978492,141.97924208734185,507.8218
388,510.8087123542791,126.8691858947277,507.2858
389,560.1141702424502,238.37012097798288,510.481
390,520.3967757526552,152.02014396246523,504.5681
391,512.2206608665874,135.61978184245527,515.1684
392,509.98046214843635,154.567286147736,507.2855
393,509.835468927864,30.994140268303454,497.063
394,511.5698838228127,152.68164258264005,505.0088
395,509.98046214843635,154.567286147736,507.2855
396,482.41370360984,168.64623178448528,493.4586
397,507.9357086236123,153.84140566643327,507.9956
398,509.835468927864,30.994140268303454,497.063
399,520.3967757526552,152.02014396246523,504.5681
400,422.6785718315514,45.84466750174761,497.8562
401,482.41370360984,168.64623178448528,493.4586
402,525.2898675895995,151.51209434308112,504.7403
403,520.3967757526552,152.02014396246523,504.5681
404,520.3967757526552,152.02014396246523,504.5681
405,533.9239273361163,154.52636641357094,507.6114
406,533.9239273361163,154.52636641357094,507.6114
407,512.2081476978492,141.97924208734185,507.8218
408,500.3430700007593,261.32875987142324,509.3097
409,512.2206608665874,135.61978184245527,515.1684
410,507.9357086236123,153.84140566643327,507.9956
411,309.9060595402261,-172.80948103126138,500.5575
412,496.3840205029119,221.37475480418652,504.9429
413,510.8087123542791,126.8691858947277,507.2858
414,512.2081476978492,141.97924208734185,507.8218
415,510.8087123542791,126.8691858947277,507.2858
416,510.8087123542791,126.8691858947277,507.2858
417,560.5022708803881,237.93167938198894,511.1121
418,509.835468927864,30.994140268303454,497.063
419,511.5698838228127,152.68164258264005,505.0088
420,509.98046214843635,154.567286147736,507.2855
421,510.8087123542791,126.8691858947277,507.2858
422,512.2081476978492,141.97924208734185,507.8218
423,532.557751539629,148.31857605092227,506.8806
424,482.41370360984,168.64623178448528,493.4586
425,512.2081476978492,141.97924208734185,507.8218
426,509.98046214843635,154.567286147736,507.2855
427,426.98403138283174,141.64665806107223,502.8842
428,532.557751539629,148.31857605092227,506.8806
429,512.2081476978492,141.97924208734185,507.8218
430,510.8087123542791,126.8691858947277,507.2858
431,511.5698838228127,152.68164258264005,505.0088
432,496.3840205029119,221.37475480418652,504.9429
433,511.5698838228127,152.68164258264005,505.0088
434,509.98046214843635,154.567286147736,507.2855
435,512.2206608665874,135.61978184245527,515.1684
436,439.2429976077983,-53.203881330788136,499.7999
437,512.2081476978492,141.97924208734185,507.8218
438,512.2081476978492,141.97924208734185,507.8218
439,510.8087123542791,126.8691858947277,507.2858
440,187.5633324838709,-493.09089994151145,509.2832
441,528.9585627487395,208.32669733278453,505.9702
442,511.5698838228127,152.68164258264005,505.0088
443,511.5698838228127,152.68164258264005,505.0088
444,507.9357086236123,153.84140566643327,507.9956
445,496.3840205029119,221.37475480418652,504.9429
446,510.8087123542791,126.8691858947277,507.2858
447,509.98046214843635,154.567286147736,507.2855
448,511.5698838228127,152.68164258264005,505.0088
449,509.835468927864,30.994140268303454,497.063
450,532.557751539629,148.31857605092227,506.8806
451,509.98046214843635,154.567286147736,507.2855
452,509.98046214843635,154.567286147736,507.2855
453,510.8087123542791,126.8691858947277,507.2858
454,511.5698838228127,152.68164258264005,505.0088
455,510.8087123542791,126.8691858947277,507.2858
456,512.2206608665874,135.61978184245527,515.1684
457,512.2081476978492,141.97924208734185,507.8218
458,511.5698838228127,152.68164258264005,505.0088
459,511.5698838228127,152.68164258264005,505.0088
460,511.5698838228127,152.68164258264005,505.0088
461,511.5698838228127,152.68164258264005,505.0088
462,512.2081476978492,141.97924208734185,507.8218
463,511.5698838228127,152.68164258264005,505.0088
464,512.2081476978492,141.97924208734185,507.8218
465,510.8087123542791,126.8691858947277,507.2858
466,509.98046214843635,154.567286147736,507.2855
467,496.3840205029119,221.37475480418652,504.9429
468,511.5698838228127,152.68164258264005,505.0088
469,496.3840205029119,221.37475480418652,504.9429
470,512.2081476978492,141.97924208734185,507.8218
471,496.3840205029119,221.37475480418652,504.9429
472,511.5698838228127,152.68164258264005,505.0088
473,512.2206608665874,135.61978184245527,515.1684
474,511.5698838228127,152.68164258264005,505.0088
475,587.2132085108897,219.1455189147964,507.6527
476,520.3967757526552,152.02014396246523,504.5681
477,482.41370360984,168.64623178448528,493.4586
478,512.2081476978492,141.97924208734185,507.8218
479,509.98046214843635,154.567286147736,507.2855
480,507.9357086236123,153.84140566643327,507.9956
481,509.835468927864,30.994140268303454,497.063
482,496.9177350491518,157.52885182388127,504.2153
483,509.835468927864,30.994140268303454,497.063
484,511.5698838228127,152.68164258264005,505.0088
485,496.9177350491518,157.52885182388127,504.2153
486,512.2081476978492,141.97924208734185,507.8218
487,511.5698838228127,152.68164258264005,505.0088
488,487.9393337590154,223.8608509749174,505.3596
489,512.2206608665874,135.61978184245527,515.1684
490,512.2081476978492,141.97924208734185,507.8218
491,496.3840205029119,221.37475480418652,504.9429
492,512.2206608665874,135.61978184245527,515.1684
493,500.3430700007593,261.32875987142324,509.3097
494,520.3967757526552,152.02014396246523,504.5681
495,512.2081476978492,141.97924208734185,507.8218
496,510.8087123542791,126.8691858947277,507.2858
497,134.01855511486065,-510.2093588989228,507.6719
498,482.41370360984,168.64623178448528,493.4586
499,452.595438130782,269.1680022003129,507.1999
500,509.98046214843635,154.567286147736,507.2855
501,498.42852119752206,262.341412069276,513.1401
502,507.9357086236123,153.84140566643327,507.9956
503,510.8087123542791,126.8691858947277,507.2858
504,509.98046214843635,154.567286147736,507.2855
505,511.5698838228127,152.68164258264005,505.0088
506,512.2081476978492,141.97924208734185,507.8218
507,512.2081476978492,141.97924208734185,507.8218
508,510.8087123542791,126.8691858947277,507.2858
509,512.2081476978492,141.97924208734185,507.8218
510,512.2081476978492,141.97924208734185,507.8218
511,512.2081476978492,141.97924208734185,507.8218
512,510.8087123542791,126.8691858947277,507.2858
513,511.5698838228127,152.68164258264005,505.0088
514,512.2206608665874,135.61978184245527,515.1684
515,543.8132656548405,183.20242604613304,507.9945
516,511.5698838228127,152.68164258264005,505.0088
517,512.2081476978492,141.97924208734185,507.8218
518,567.2406065885443,234.5376766351983,503.2555
519,512.2081476978492,141.97924208734185,507.8218
520,511.5698838228127,152.68164258264005,505.0088
521,511.5698838228127,152.68164258264005,505.0088
522,507.9357086236123,153.84140566643327,507.9956
523,510.8087123542791,126.8691858947277,507.2858
524,512.2081476978492,141.97924208734185,507.8218
525,507.9357086236123,153.84140566643327,507.9956
526,512.2206608665874,135.61978184245527,515.1684
527,509.98046214843635,154.567286147736,507.2855
528,512.2081476978492,141.97924208734185,507.8218
529,512.2081476978492,141.97924208734185,507.8218
530,500.3430700007593,261.32875987142324,509.3097
531,509.98046214843635,154.567286147736,507.2855
532,532.557751539629,148.31857605092227,506.8806
533,510.8087123542791,126.8691858947277,507.2858
534,507.9357086236123,153.84140566643327,507.9956
535,510.8087123542791,126.8691858947277,507.2858
536,520.3967757526552,152.02014396246523,504.5681
537,491.5705481941113,69.72644667699933,500.9915
538,511.5698838228127,152.68164258264005,505.0088
539,511.5698838228127,152.68164258264005,505.0088
540,511.5698838228127,152.68164258264005,505.0088
541,511.5698838228127,152.68164258264005,505.0088
542,511.5698838228127,152.68164258264005,505.0088
543,510.8087123542791,126.8691858947277,507.2858
544,496.3840205029119,221.37475480418652,504.9429
545,520.3967757526552,152.02014396246523,504.5681
546,510.8087123542791,126.8691858947277,507.2858
547,485.4296823531622,1.6284497007727623,500.904
548,512.2206608665874,135.61978184245527,515.1684
549,496.3840205029119,221.37475480418652,504.9429
550,510.8087123542791,126.8691858947277,507.2858
551,512.2206608665874,135.61978184245527,515.1684
552,509.98046214843635,154.567286147736,507.2855
553,509.98046214843635,154.567286147736,507.2855
554,509.98046214843635,154.567286147736,507.2855
555,512.2081476978492,141.97924208734185,507.8218
556,511.5698838228127,152.68164258264005,505.0088
557,511.5698838228127,152.68164258264005,505.0088
558,510.8087123542791,126.8691858947277,507.2858
559,512.2206608665874,135.61978184245527,515.1684
560,512.2081476978492,141.97924208734185,507.8218
561,520.3967757526552,152.02014396246523,504.5681
562,507.9357086236123,153.84140566643327,507.9956
563,511.5698838228127,152.68164258264005,505.0088
564,511.5698838228127,152.68164258264005,505.0088
565,509.98046214843635,154.567286147736,507.2855
566,512.2081476978492,141.97924208734185,507.8218
567,507.9357086236123,153.84140566643327,507.9956
568,510.8087123542791,126.8691858947277,507.2858
569,509.98046214843635,154.567286147736,507.2855
570,511.5698838228127,152.68164258264005,505.0088
571,500.3430700007593,261.32875987142324,509.3097
572,511.5698838228127,152.68164258264005,505.0088
573,509.98046214843635,154.567286147736,507.2855
574,511.5698838228127,152.68164258264005,505.0088
575,510.8087123542791,126.8691858947277,507.2858
576,510.8087123542791,126.8691858947277,507.2858
577,512.2206608665874,135.61978184245527,515.1684
578,511.5698838228127,152.68164258264005,505.0088
579,500.3430700007593,261.32875987142324,509.3097
580,74.4834413214121,-533.2808606429026,508.1444
581,509.98046214843635,154.567286147736,507.2855
582,510.8087123542791,126.8691858947277,507.2858
583,61.11462893441785,-558.1464925296605,505.7999
584,509.98046214843635,154.567286147736,507.2855
585,511.5698838228127,152.68164258264005,505.0088
586,509.98046214843635,154.567286147736,507.2855
587,511.5698838228127,152.68164258264005,505.0088
588,512.2206608665874,135.61978184245527,515.1684
589,511.5698838228127,152.68164258264005,505.0088
590,512.2081476978492,141.97924208734185,507.8218
591,496.3840205029119,221.37475480418652,504.9429
592,487.9393337590154,223.8608509749174,505.3596
593,500.3430700007593,261.32875987142324,509.3097
594,512.2081476978492,141.97924208734185,507.8218
595,511.5698838228127,152.68164258264005,505.0088
596,510.8087123542791,126.8691858947277,507.2858
597,511.5698838228127,152.68164258264005,505.0088
598,512.2206608665874,135.61978184245527,515.1684
599,512.2206608665874,135.61978184245527,515.1684
600,512.2081476978492,141.97924208734185,507.8218
601,511.5698838228127,152.68164258264005,505.0088
602,510.8087123542791,126.8691858947277,507.2858
603,444.54096984374337,147.36341163143516,500.2098
604,509.98046214843635,154.567286147736,507.2855
605,509.835468927864,30.994140268303454,497.063
606,511.5698838228127,152.68164258264005,505.0088
607,510.8087123542791,126.8691858947277,507.2858
608,509.98046214843635,154.567286147736,507.2855
609,512.2206608665874,135.61978184245527,515.1684
610,498.98420783143956,117.59608498774469,502.477
611,510.8087123542791,126.8691858947277,507.2858
612,510.8087123542791,126.8691858947277,507.2858
613,512.2081476978492,141.97924208734185,507.8218
614,435.90328226203565,152.01836484484375,505.4416
615,512.2206608665874,135.61978184245527,515.1684
616,509.98046214843635,154.567286147736,507.2855
617,450.9844160840148,239.1186852240935,508.9989
618,512.2206608665874,135.61978184245527,515.1684
619,512.2081476978492,141.97924208734185,507.8218
620,509.98046214843635,154.567286147736,507.2855
621,512.2081476978492,141.97924208734185,507.8218
622,509.98046214843635,154.567286147736,507.2855
623,512.2206608665874,135.61978184245527,515.1684
624,510.8087123542791,126.8691858947277,507.2858
625,512.2081476978492,141.97924208734185,507.8218
626,512.2206608665874,135.61978184245527,515.1684
627,510.8087123542791,126.8691858947277,507.2858
628,511.5698838228127,152.68164258264005,505.0088
629,509.98046214843635,154.567286147736,507.2855
630,510.8087123542791,126.8691858947277,507.2858
631,510.8087123542791,126.8691858947277,507.2858
632,510.8087123542791,126.8691858947277,507.2858
633,512.2081476978492,141.97924208734185,507.8218
634,510.8087123542791,126.8691858947277,507.2858
635,511.5698838228127,152.68164258264005,505.0088
636,510.8087123542791,126.8691858947277,507.2858
637,512.2206608665874,135.61978184245527,515.1684
638,512.2081476978492,141.97924208734185,507.8218
639,510.8087123542791,126.8691858947277,507.2858
640,510.8087123542791,126.8691858947277,507.2858
641,509.835468927864,30.994140268303454,497.063
642,512.2206608665874,135.61978184245527,515.1684
643,512.2081476978492,141.97924208734185,507.8218
644,530.2824105854379,152.92727217357606,504.7382
645,511.5698838228127,152.68164258264005,505.0088
646,511.5698838228127,152.68164258264005,505.0088
647,511.5698838228127,152.68164258264005,505.0088
648,520.3967757526552,152.02014396246523,504.5681
649,512.2081476978492,141.97924208734185,507.8218
650,510.8087123542791,126.8691858947277,507.2858
651,510.8087123542791,126.8691858947277,507.2858
652,511.5698838228127,152.68164258264005,505.0088
653,510.8087123542791,126.8691858947277,507.2858
654,496.9177350491518,157.52885182388127,504.2153
655,511.5698838228127,152.68164258264005,505.0088
656,512.2206608665874,135.61978184245527,515.1684
657,509.98046214843635,154.567286147736,507.2855
658,507.9357086236123,153.84140566643327,507.9956
659,507.9357086236123,153.84140566643327,507.9956
660,511.5698838228127,152.68164258264005,505.0088
661,509.98046214843635,154.567286147736,507.2855
662,512.2081476978492,141.97924208734185,507.8218
663,510.8087123542791,126.8691858947277,507.2858
664,510.8087123542791,126.8691858947277,507.2858
665,62.883521179435775,-557.6683543454856,504.7095
666,507.9357086236123,153.84140566643327,507.9956
667,512.2206608665874,135.61978184245527,515.1684
668,509.98046214843635,154.567286147736,507.2855
669,511.5698838228127,152.68164258264005,505.0088
670,512.2206608665874,135.61978184245527,515.1684
671,512.2081476978492,141.97924208734185,507.8218
672,512.2206608665874,135.61978184245527,515.1684
673,512.2081476978492,141.97924208734185,507.8218
674,510.8087123542791,126.8691858947277,507.2858
675,512.2081476978492,141.97924208734185,507.8218
676,509.98046214843635,154.567286147736,507.2855
677,509.98046214843635,154.567286147736,507.2855
678,496.9177350491518,157.52885182388127,504.2153
679,509.98046214843635,154.567286147736,507.2855
680,511.5698838228127,152.68164258264005,505.0088
681,511.5698838228127,152.68164258264005,505.0088
682,512.2081476978492,141.97924208734185,507.8218
683,511.5698838228127,152.68164258264005,505.0088
684,510.8087123542791,126.8691858947277,507.2858
685,510.8087123542791,126.8691858947277,507.2858
686,510.8087123542791,126.8691858947277,507.2858
687,509.98046214843635,154.567286147736,507.2855
688,510.8087123542791,126.8691858947277,507.2858
689,510.8087123542791,126.8691858947277,507.2858
690,507.9357086236123,153.84140566643327,507.9956
691,512.2081476978492,141.97924208734185,507.8218
692,509.98046214843635,154.567286147736,507.2855
693,509.98046214843635,154.567286147736,507.2855
694,507.9357086236123,153.84140566643327,507.9956
695,510.8087123542791,126.8691858947277,507.2858
696,510.8087123542791,126.8691858947277,507.2858
697,510.8087123542791,126.8691858947277,507.2858
698,510.8087123542791,126.8691858947277,507.2858
699,507.9357086236123,153.84140566643327,507.9956
700,510.8087123542791,126.8691858947277,507.2858
701,509.98046214843635,154.567286147736,507.2855
702,511.5698838228127,152.68164258264005,505.0088
703,509.98046214843635,154.567286147736,507.2855
704,509.98046214843635,154.567286147736,507.2855
705,520.3967757526552,152.02014396246523,504.5681
706,510.8087123542791,126.8691858947277,507.2858
707,512.2081476978492,141.97924208734185,507.8218
708,512.2081476978492,141.97924208734185,507.8218
709,509.98046214843635,154.567286147736,507.2855
710,511.5698838228127,152.68164258264005,505.0088
711,512.2081476978492,141.97924208734185,507.8218
712,509.98046214843635,154.567286147736,507.2855
713,512.2206608665874,135.61978184245527,515.1684
714,509.98046214843635,154.567286147736,507.2855
715,509.98046214843635,154.567286147736,507.2855
716,512.2081476978492,141.97924208734185,507.8218
717,512.2206608665874,135.61978184245527,515.1684
718,510.8087123542791,126.8691858947277,507.2858
719,510.8087123542791,126.8691858947277,507.2858
720,511.5698838228127,152.68164258264005,505.0088
721,512.2081476978492,141.97924208734185,507.8218
722,507.9357086236123,153.84140566643327,507.9956
723,511.5698838228127,152.68164258264005,505.0088
724,512.2081476978492,141.97924208734185,507.8218
725,507.9357086236123,153.84140566643327,507.9956
726,512.2081476978492,141.97924208734185,507.8218
727,512.2081476978492,141.97924208734185,507.8218
728,507.9357086236123,153.84140566643327,507.9956
729,512.2081476978492,141.97924208734185,507.8218
730,510.8087123542791,126.8691858947277,507.2858
731,510.8087123542791,126.8691858947277,507.2858
732,512.2206608665874,135.61978184245527,515.1684
733,509.98046214843635,154.567286147736,507.2855
734,507.9357086236123,153.84140566643327,507.9956
735,511.5698838228127,152.68164258264005,505.0088
736,512.2081476978492,141.97924208734185,507.8218
737,511.5698838228127,152.68164258264005,505.0088
738,512.2081476978492,141.97924208734185,507.8218
739,511.5698838228127,152.68164258264005,505.0088
740,511.5698838228127,152.68164258264005,505.0088
741,511.5698838228127,152.68164258264005,505.0088
742,510.8087123542791,126.8691858947277,507.2858
743,510.8087123542791,126.8691858947277,507.2858
744,510.8087123542791,126.8691858947277,507.2858
745,507.9357086236123,153.84140566643327,507.9956
746,507.9357086236123,153.84140566643327,507.9956
747,511.5698838228127,152.68164258264005,505.0088
748,507.9357086236123,153.84140566643327,507.9956
749,509.98046214843635,154.567286147736,507.2855
750,512.2081476978492,141.97924208734185,507.8218
751,512.2206608665874,135.61978184245527,515.1684
752,512.2081476978492,141.97924208734185,507.8218
753,512.2206608665874,135.61978184245527,515.1684
754,510.8087123542791,126.8691858947277,507.2858
755,512.2081476978492,141.97924208734185,507.8218
756,507.9357086236123,153.84140566643327,507.9956
757,507.9357086236123,153.84140566643327,507.9956
758,512.2081476978492,141.97924208734185,507.8218
759,512.2206608665874,135.61978184245527,515.1684
760,511.5698838228127,152.68164258264005,505.0088
761,512.2081476978492,141.97924208734185,507.8218
762,507.9357086236123,153.84140566643327,507.9956
763,512.2081476978492,141.97924208734185,507.8218
764,510.8087123542791,126.8691858947277,507.2858
765,510.8087123542791,126.8691858947277,507.2858
766,509.98046214843635,154.567286147736,507.2855
767,509.98046214843635,154.567286147736,507.2855
768,510.8087123542791,126.8691858947277,507.2858
769,525.0921329475241,252.0990249849856,504.5477
770,511.5698838228127,152.68164258264005,505.0088
771,510.8087123542791,126.8691858947277,507.2858
772,530.2824105854379,152.92727217357606,504.7382
773,500.3430700007593,261.32875987142324,509.3097
774,509.98046214843635,154.567286147736,507.2855
775,512.2081476978492,141.97924208734185,507.8218
776,507.9357086236123,153.84140566643327,507.9956
777,510.8087123542791,126.8691858947277,507.2858
778,510.8087123542791,126.8691858947277,507.2858
779,511.5698838228127,152.68164258264005,505.0088
780,509.98046214843635,154.567286147736,507.2855
781,507.9357086236123,153.84140566643327,507.9956
782,512.2206608665874,135.61978184245527,515.1684
783,512.2206608665874,135.61978184245527,515.1684
784,512.2206608665874,135.61978184245527,515.1684
785,507.9357086236123,153.84140566643327,507.9956
786,507.9357086236123,153.84140566643327,507.9956
787,512.2206608665874,135.61978184245527,515.1684
788,509.98046214843635,154.567286147736,507.2855
789,507.9357086236123,153.84140566643327,507.9956
790,512.2206608665874,135.61978184245527,515.1684
791,509.98046214843635,154.567286147736,507.2855
792,507.9357086236123,153.84140566643327,507.9956
793,510.8087123542791,126.8691858947277,507.2858
794,507.9357086236123,153.84140566643327,507.9956
795,512.2081476978492,141.97924208734185,507.8218
796,510.8087123542791,126.8691858947277,507.2858
797,509.98046214843635,154.567286147736,507.2855
798,512.2081476978492,141.97924208734185,507.8218
799,512.2206608665874,135.61978184245527,515.1684
800,511.5698838228127,152.68164258264005,505.0088
801,512.2206608665874,135.61978184245527,515.1684
802,512.2081476978492,141.97924208734185,507.8218
803,510.8087123542791,126.8691858947277,507.2858
804,507.9357086236123,153.84140566643327,507.9956
805,520.3967757526552,152.02014396246523,504.5681
806,512.2206608665874,135.61978184245527,515.1684
807,485.4296823531622,1.6284497007727623,500.904
808,485.4296823531622,1.6284497007727623,500.904
809,530.2824105854379,152.92727217357606,504.7382
810,512.2206608665874,135.61978184245527,515.1684
811,507.9357086236123,153.84140566643327,507.9956
812,351.42949263809714,110.59414045698941,506.7718
813,510.8087123542791,126.8691858947277,507.2858
814,507.9357086236123,153.84140566643327,507.9956
815,507.9357086236123,153.84140566643327,507.9956
816,512.2206608665874,135.61978184245527,515.1684
817,510.8087123542791,126.8691858947277,507.2858
818,509.98046214843635,154.567286147736,507.2855
819,512.2206608665874,135.61978184245527,515.1684
820,512.2206608665874,135.61978184245527,515.1684
821,509.98046214843635,154.567286147736,507.2855
822,507.9357086236123,153.84140566643327,507.9956
823,509.98046214843635,154.567286147736,507.2855
824,512.2206608665874,135.61978184245527,515.1684
825,507.9357086236123,153.84140566643327,507.9956
826,509.98046214843635,154.567286147736,507.2855
827,507.9357086236123,153.84140566643327,507.9956
828,512.2081476978492,141.97924208734185,507.8218
829,509.98046214843635,154.567286147736,507.2855
830,512.2206608665874,135.61978184245527,515.1684
831,507.9357086236123,153.84140566643327,507.9956
832,510.8087123542791,126.8691858947277,507.2858
833,512.2206608665874,135.61978184245527,515.1684
834,507.9357086236123,153.84140566643327,507.9956
835,512.2206608665874,135.61978184245527,515.1684
836,510.8087123542791,126.8691858947277,507.2858
837,509.98046214843635,154.567286147736,507.2855
838,510.8087123542791,126.8691858947277,507.2858
839,512.2206608665874,135.61978184245527,515.1684
840,512.2206608665874,135.61978184245527,515.1684
841,509.98046214843635,154.567286147736,507.2855
842,507.9357086236123,153.84140566643327,507.9956
843,507.9357086236123,153.84140566643327,507.9956
844,512.2206608665874,135.61978184245527,515.1684
845,509.98046214843635,154.567286147736,507.2855
846,509.98046214843635,154.567286147736,507.2855
847,509.98046214843635,154.567286147736,507.2855
848,509.98046214843635,154.567286147736,507.2855
849,509.98046214843635,154.567286147736,507.2855
850,509.98046214843635,154.567286147736,507.2855
851,509.98046214843635,154.567286147736,507.2855
852,511.5698838228127,152.68164258264005,505.0088
853,507.9357086236123,153.84140566643327,507.9956
854,510.8087123542791,126.8691858947277,507.2858
855,510.8087123542791,126.8691858947277,507.2858
856,509.98046214843635,154.567286147736,507.2855
857,510.8087123542791,126.8691858947277,507.2858
858,512.2081476978492,141.97924208734185,507.8218
859,510.8087123542791,126.8691858947277,507.2858
860,507.9357086236123,153.84140566643327,507.9956
861,510.8087123542791,126.8691858947277,507.2858
862,510.8087123542791,126.8691858947277,507.2858
863,509.98046214843635,154.567286147736,507.2855
864,510.8087123542791,126.8691858947277,507.2858
865,511.5698838228127,152.68164258264005,505.0088
866,507.9357086236123,153.84140566643327,507.9956
867,509.98046214843635,154.567286147736,507.2855
868,512.2081476978492,141.97924208734185,507.8218
869,509.98046214843635,154.567286147736,507.2855
870,511.5698838228127,152.68164258264005,505.0088
871,512.2081476978492,141.97924208734185,507.8218
872,512.2206608665874,135.61978184245527,515.1684
873,507.9357086236123,153.84140566643327,507.9956
874,510.8087123542791,126.8691858947277,507.2858
875,509.98046214843635,154.567286147736,507.2855
876,509.98046214843635,154.567286147736,507.2855
877,512.2081476978492,141.97924208734185,507.8218
878,509.98046214843635,154.567286147736,507.2855
879,507.9357086236123,153.84140566643327,507.9956
880,510.8087123542791,126.8691858947277,507.2858
881,509.98046214843635,154.567286147736,507.2855
882,507.9357086236123,153.84140566643327,507.9956
883,512.2081476978492,141.97924208734185,507.8218
884,509.98046214843635,154.567286147736,507.2855
885,509.98046214843635,154.567286147736,507.2855
886,509.98046214843635,154.567286147736,507.2855
887,509.98046214843635,154.567286147736,507.2855
888,512.2206608665874,135.61978184245527,515.1684
889,512.2206608665874,135.61978184245527,515.1684
890,509.98046214843635,154.567286147736,507.2855
891,512.2081476978492,141.97924208734185,507.8218
892,507.9357086236123,153.84140566643327,507.9956
893,512.2081476978492,141.97924208734185,507.8218
894,509.98046214843635,154.567286147736,507.2855
895,509.98046214843635,154.567286147736,507.2855
896,509.98046214843635,154.567286147736,507.2855
897,512.2206608665874,135.61978184245527,515.1684
898,512.2206608665874,135.61978184245527,515.1684
899,509.98046214843635,154.567286147736,507.2855
900,509.98046214843635,154.567286147736,507.2855
901,520.3967757526552,152.02014396246523,504.5681
902,401.277660159627,158.8928799899295,508.4955
903,509.98046214843635,154.567286147736,507.2855
904,511.5698838228127,152.68164258264005,505.0088
905,509.98046214843635,154.567286147736,507.2855
906,512.2206608665874,135.61978184245527,515.1684
907,509.98046214843635,154.567286147736,507.2855
908,512.2081476978492,141.97924208734185,507.8218
909,510.8087123542791,126.8691858947277,507.2858
910,509.98046214843635,154.567286147736,507.2855
911,510.8087123542791,126.8691858947277,507.2858
912,507.9357086236123,153.84140566643327,507.9956
913,509.98046214843635,154.567286147736,507.2855
914,511.5698838228127,152.68164258264005,505.0088
915,509.98046214843635,154.567286147736,507.2855
916,509.98046214843635,154.567286147736,507.2855
917,509.98046214843635,154.567286147736,507.2855
918,512.2206608665874,135.61978184245527,515.1684
919,509.98046214843635,154.567286147736,507.2855
920,507.9357086236123,153.84140566643327,507.9956
921,509.98046214843635,154.567286147736,507.2855
922,509.98046214843635,154.567286147736,507.2855
923,509.98046214843635,154.567286147736,507.2855
924,512.2206608665874,135.61978184245527,515.1684
925,509.98046214843635,154.567286147736,507.2855
926,507.9357086236123,153.84140566643327,507.9956
927,511.5698838228127,152.68164258264005,505.0088
928,510.8087123542791,126.8691858947277,507.2858
929,511.5698838228127,152.68164258264005,505.0088
930,512.2206608665874,135.61978184245527,515.1684
931,512.2206608665874,135.61978184245527,515.1684
932,510.8087123542791,126.8691858947277,507.2858
933,512.2081476978492,141.97924208734185,507.8218
934,509.98046214843635,154.567286147736,507.2855
935,512.2081476978492,141.97924208734185,507.8218
936,507.9357086236123,153.84140566643327,507.9956
937,510.8087123542791,126.8691858947277,507.2858
938,510.8087123542791,126.8691858947277,507.2858
939,509.98046214843635,154.567286147736,507.2855
940,507.9357086236123,153.84140566643327,507.9956
941,509.98046214843635,154.567286147736,507.2855
942,509.98046214843635,154.567286147736,507.2855
943,512.2081476978492,141.97924208734185,507.8218
944,507.9357086236123,153.84140566643327,507.9956
945,510.8087123542791,126.8691858947277,507.2858
946,510.8087123542791,126.8691858947277,507.2858
947,509.98046214843635,154.567286147736,507.2855
948,509.98046214843635,154.567286147736,507.2855
949,507.9357086236123,153.84140566643327,507.9956
950,509.98046214843635,154.567286147736,507.2855
951,509.98046214843635,154.567286147736,507.2855
952,512.2081476978492,141.97924208734185,507.8218
953,507.9357086236123,153.84140566643327,507.9956
954,507.9357086236123,153.84140566643327,507.9956
955,507.9357086236123,153.84140566643327,507.9956
956,509.98046214843635,154.567286147736,507.2855
957,507.9357086236123,153.84140566643327,507.9956
958,509.98046214843635,154.567286147736,507.2855
959,512.2081476978492,141.97924208734185,507.8218
960,507.9357086236123,153.84140566643327,507.9956
961,511.5698838228127,152.68164258264005,505.0088
962,512.2206608665874,135.61978184245527,515.1684
963,507.9357086236123,153.84140566643327,507.9956
964,509.98046214843635,154.567286147736,507.2855
965,511.5698838228127,152.68164258264005,505.0088
966,510.8087123542791,126.8691858947277,507.2858
967,512.2081476978492,141.97924208734185,507.8218
968,510.8087123542791,126.8691858947277,507.2858
969,507.9357086236123,153.84140566643327,507.9956
970,509.98046214843635,154.567286147736,507.2855
971,512.2206608665874,135.61978184245527,515.1684
972,507.9357086236123,153.84140566643327,507.9956
973,510.8087123542791,126.8691858947277,507.2858
974,507.9357086236123,153.84140566643327,507.9956
975,509.98046214843635,154.567286147736,507.2855
976,509.98046214843635,154.567286147736,507.2855
977,510.8087123542791,126.8691858947277,507.2858
978,509.98046214843635,154.567286147736,507.2855
979,507.9357086236123,153.84140566643327,507.9956
980,507.9357086236123,153.84140566643327,507.9956
981,509.98046214843635,154.567286147736,507.2855
982,507.9357086236123,153.84140566643327,507.9956
983,509.98046214843635,154.567286147736,507.2855
984,507.9357086236123,153.84140566643327,507.9956
985,507.9357086236123,153.84140566643327,507.9956
986,509.98046214843635,154.567286147736,507.2855
987,509.98046214843635,154.567286147736,507.2855
988,507.9357086236123,153.84140566643327,507.9956
989,510.8087123542791,126.8691858947277,507.2858
990,510.8087123542791,126.8691858947277,507.2858
991,507.9357086236123,153.84140566643327,507.9956
992,509.98046214843635,154.567286147736,507.2855
993,507.9357086236123,153.84140566643327,507.9956
994,512.2081476978492,141.97924208734185,507.8218
995,509.98046214843635,154.567286147736,507.2855
996,512.2206608665874,135.61978184245527,515.1684
997,491.5705481941113,69.72644667699933,500.9915
998,512.2081476978492,141.97924208734185,507.8218
999,512.2081476978492,141.97924208734185,507.8218
1000,509.98046214843635,154.567286147736,507.2855
1001,512.2081476978492,141.97924208734185,507.8218
1002,509.98046214843635,154.567286147736,507.2855
1003,216.5895365908509,-447.39223137963563,506.9553
1004,510.8087123542791,126.8691858947277,507.2858
1005,512.2206608665874,135.61978184245527,515.1684
1006,512.2081476978492,141.97924208734185,507.8218
1007,507.9357086236123,153.84140566643327,507.9956
1008,510.8087123542791,126.8691858947277,507.2858
1009,510.8087123542791,126.8691858947277,507.2858
1010,512.2081476978492,141.97924208734185,507.8218
1011,510.8087123542791,126.8691858947277,507.2858
1012,510.8087123542791,126.8691858947277,507.2858
1013,512.2081476978492,141.97924208734185,507.8218
1014,512.2081476978492,141.97924208734185,507.8218
1015,512.2081476978492,141.97924208734185,507.8218
1016,507.9357086236123,153.84140566643327,507.9956
1017,507.9357086236123,153.84140566643327,507.9956
1018,507.9357086236123,153.84140566643327,507.9956
1019,512.2206608665874,135.61978184245527,515.1684
1020,507.9357086236123,153.84140566643327,507.9956
1021,512.2206608665874,135.61978184245527,515.1684
1022,509.98046214843635,154.567286147736,507.2855
1023,509.98046214843635,154.567286147736,507.2855
1024,367.4080698979087,172.13174795545638,505.8697
1025,511.5698838228127,152.68164258264005,505.0088
1026,512.2206608665874,135.61978184245527,515.1684
1027,510.8087123542791,126.8691858947277,507.2858
1028,510.8087123542791,126.8691858947277,507.2858
1029,509.98046214843635,154.567286147736,507.2855
1030,512.2081476978492,141.97924208734185,507.8218
1031,510.8087123542791,126.8691858947277,507.2858
1032,509.98046214843635,154.567286147736,507.2855
1033,509.98046214843635,154.567286147736,507.2855
1034,509.98046214843635,154.567286147736,507.2855
1035,507.9357086236123,153.84140566643327,507.9956
1036,509.98046214843635,154.567286147736,507.2855
1037,510.8087123542791,126.8691858947277,507.2858
1038,512.2081476978492,141.97924208734185,507.8218
1039,507.9357086236123,153.84140566643327,507.9956
1040,507.9357086236123,153.84140566643327,507.9956
1041,509.98046214843635,154.567286147736,507.2855
1042,509.98046214843635,154.567286147736,507.2855
1043,507.9357086236123,153.84140566643327,507.9956
1044,509.98046214843635,154.567286147736,507.2855
1045,509.98046214843635,154.567286147736,507.2855
1046,509.98046214843635,154.567286147736,507.2855
1047,509.98046214843635,154.567286147736,507.2855
1048,510.8087123542791,126.8691858947277,507.2858
1049,509.98046214843635,154.567286147736,507.2855
1050,507.9357086236123,153.84140566643327,507.9956
1051,509.98046214843635,154.567286147736,507.2855
1052,507.9357086236123,153.84140566643327,507.9956
1053,510.8087123542791,126.8691858947277,507.2858
1054,509.98046214843635,154.567286147736,507.2855
1055,509.98046214843635,154.567286147736,507.2855
1056,507.9357086236123,153.84140566643327,507.9956
1057,511.5698838228127,152.68164258264005,505.0088
1058,512.2206608665874,135.61978184245527,515.1684
1059,509.98046214843635,154.567286147736,507.2855
1060,512.2081476978492,141.97924208734185,507.8218
1061,196.38051230018027,-281.0988842425868,506.6199
1062,409.24725628457963,153.19881018530577,503.9998
1063,266.1663913499797,-35.62818883545697,506.3099
1064,436.969145266572,153.63936448469758,508.0316
1065,509.98046214843635,154.567286147736,507.2855
1066,512.2081476978492,141.97924208734185,507.8218
1067,510.8087123542791,126.8691858947277,507.2858
1068,509.98046214843635,154.567286147736,507.2855
1069,509.98046214843635,154.567286147736,507.2855
1070,512.2206608665874,135.61978184245527,515.1684
1071,507.9357086236123,153.84140566643327,507.9956
1072,512.2081476978492,141.97924208734185,507.8218
1073,512.2206608665874,135.61978184245527,515.1684
1074,507.9357086236123,153.84140566643327,507.9956
1075,509.98046214843635,154.567286147736,507.2855
1076,509.98046214843635,154.567286147736,507.2855
1077,509.98046214843635,154.567286147736,507.2855
1078,510.8087123542791,126.8691858947277,507.2858
1079,512.2081476978492,141.97924208734185,507.8218
1080,509.98046214843635,154.567286147736,507.2855
1081,509.98046214843635,154.567286147736,507.2855
1082,509.98046214843635,154.567286147736,507.2855
1083,507.9357086236123,153.84140566643327,507.9956
1084,510.8087123542791,126.8691858947277,507.2858
1085,510.8087123542791,126.8691858947277,507.2858
1086,507.9357086236123,153.84140566643327,507.9956
1087,509.98046214843635,154.567286147736,507.2855
1088,507.9357086236123,153.84140566643327,507.9956
1089,512.2206608665874,135.61978184245527,515.1684
1090,510.8087123542791,126.8691858947277,507.2858
1091,510.8087123542791,126.8691858947277,507.2858
1092,509.98046214843635,154.567286147736,507.2855
1093,507.9357086236123,153.84140566643327,507.9956
1094,503.11536188749596,260.31899874377996,506.0246
1095,510.8087123542791,126.8691858947277,507.2858
1096,511.5698838228127,152.68164258264005,505.0088
1097,510.8087123542791,126.8691858947277,507.2858
1098,507.9357086236123,153.84140566643327,507.9956
1099,509.98046214843635,154.567286147736,507.2855
1100,510.8087123542791,126.8691858947277,507.2858
1101,509.98046214843635,154.567286147736,507.2855
1102,507.9357086236123,153.84140566643327,507.9956
1103,510.8087123542791,126.8691858947277,507.2858
1104,509.98046214843635,154.567286147736,507.2855
1105,507.9357086236123,153.84140566643327,507.9956
1106,509.98046214843635,154.567286147736,507.2855
1107,509.98046214843635,154.567286147736,507.2855
1108,509.98046214843635,154.567286147736,507.2855
1109,510.8087123542791,126.8691858947277,507.2858
1110,507.9357086236123,153.84140566643327,507.9956
1111,509.98046214843635,154.567286147736,507.2855
1112,509.98046214843635,154.567286147736,507.2855
1113,509.98046214843635,154.567286147736,507.2855
1114,509.98046214843635,154.567286147736,507.2855
1115,509.98046214843635,154.567286147736,507.2855
1116,510.8087123542791,126.8691858947277,507.2858
1117,509.98046214843635,154.567286147736,507.2855
1118,509.98046214843635,154.567286147736,507.2855
1119,510.8087123542791,126.8691858947277,507.2858
1120,510.8087123542791,126.8691858947277,507.2858
1121,507.9357086236123,153.84140566643327,507.9956
1122,509.98046214843635,154.567286147736,507.2855
1123,500.3430700007593,261.32875987142324,509.3097
1124,509.98046214843635,154.567286147736,507.2855
1125,507.9357086236123,153.84140566643327,507.9956
1126,507.9357086236123,153.84140566643327,507.9956
1127,509.98046214843635,154.567286147736,507.2855
1128,509.98046214843635,154.567286147736,507.2855
1129,509.98046214843635,154.567286147736,507.2855
1130,507.9357086236123,153.84140566643327,507.9956
1131,509.98046214843635,154.567286147736,507.2855
1132,507.9357086236123,153.84140566643327,507.9956
1133,509.98046214843635,154.567286147736,507.2855
1134,509.98046214843635,154.567286147736,507.2855
1135,509.98046214843635,154.567286147736,507.2855
1136,509.98046214843635,154.567286147736,507.2855
1137,507.9357086236123,153.84140566643327,507.9956
1138,509.98046214843635,154.567286147736,507.2855
1139,507.9357086236123,153.84140566643327,507.9956
1140,509.98046214843635,154.567286147736,507.2855
1141,510.8087123542791,126.8691858947277,507.2858
1142,509.98046214843635,154.567286147736,507.2855
1143,509.98046214843635,154.567286147736,507.2855
1144,509.98046214843635,154.567286147736,507.2855
1145,509.98046214843635,154.567286147736,507.2855
1146,507.9357086236123,153.84140566643327,507.9956
1147,512.2081476978492,141.97924208734185,507.8218
1148,510.8087123542791,126.8691858947277,507.2858
1149,507.9357086236123,153.84140566643327,507.9956
1150,509.98046214843635,154.567286147736,507.2855
1151,509.98046214843635,154.567286147736,507.2855
1152,507.9357086236123,153.84140566643327,507.9956
1153,509.98046214843635,154.567286147736,507.2855
1154,510.8087123542791,126.8691858947277,507.2858
1155,512.2206608665874,135.61978184245527,515.1684
1156,510.8087123542791,126.8691858947277,507.2858
1157,509.98046214843635,154.567286147736,507.2855
1158,509.98046214843635,154.567286147736,507.2855
1159,507.9357086236123,153.84140566643327,507.9956
1160,510.8087123542791,126.8691858947277,507.2858
1161,509.98046214843635,154.567286147736,507.2855
1162,509.98046214843635,154.567286147736,507.2855
1163,510.8087123542791,126.8691858947277,507.2858
1164,509.98046214843635,154.567286147736,507.2855
1165,507.9357086236123,153.84140566643327,507.9956
1166,509.98046214843635,154.567286147736,507.2855
1167,507.9357086236123,153.84140566643327,507.9956
1168,507.9357086236123,153.84140566643327,507.9956
1169,509.98046214843635,154.567286147736,507.2855
1170,509.98046214843635,154.567286147736,507.2855
1171,510.8087123542791,126.8691858947277,507.2858
1172,509.98046214843635,154.567286147736,507.2855
1173,510.8087123542791,126.8691858947277,507.2858
1174,507.9357086236123,153.84140566643327,507.9956
1175,509.98046214843635,154.567286147736,507.2855
1176,510.8087123542791,126.8691858947277,507.2858
1177,362.72242626943626,147.74569978844374,503.9056
1178,509.98046214843635,154.567286147736,507.2855
1179,510.8087123542791,126.8691858947277,507.2858
1180,509.98046214843635,154.567286147736,507.2855
1181,509.98046214843635,154.567286147736,507.2855
1182,509.98046214843635,154.567286147736,507.2855
1183,507.9357086236123,153.84140566643327,507.9956
1184,509.98046214843635,154.567286147736,507.2855
1185,509.98046214843635,154.567286147736,507.2855
1186,509.98046214843635,154.567286147736,507.2855
1187,512.2081476978492,141.97924208734185,507.8218
1188,507.9357086236123,153.84140566643327,507.9956
1189,509.98046214843635,154.567286147736,507.2855
1190,507.9357086236123,153.84140566643327,507.9956
1191,512.2206608665874,135.61978184245527,515.1684
1192,512.2206608665874,135.61978184245527,515.1684
1193,510.8087123542791,126.8691858947277,507.2858
1194,507.9357086236123,153.84140566643327,507.9956
1195,507.9357086236123,153.84140566643327,507.9956
1196,503.11536188749596,260.31899874377996,506.0246
1197,507.9357086236123,153.84140566643327,507.9956
1198,507.9357086236123,153.84140566643327,507.9956
1199,509.98046214843635,154.567286147736,507.2855
1200,509.98046214843635,154.567286147736,507.2855
1201,509.98046214843635,154.567286147736,507.2855
1202,507.9357086236123,153.84140566643327,507.9956
1203,509.98046214843635,154.567286147736,507.2855
1204,509.98046214843635,154.567286147736,507.2855
1205,507.9357086236123,153.84140566643327,507.9956
1206,509.98046214843635,154.567286147736,507.2855
1207,509.98046214843635,154.567286147736,507.2855
1208,509.98046214843635,154.567286147736,507.2855
1209,509.98046214843635,154.567286147736,507.2855
1210,509.98046214843635,154.567286147736,507.2855
1211,510.8087123542791,126.8691858947277,507.2858
1212,509.98046214843635,154.567286147736,507.2855
1213,509.98046214843635,154.567286147736,507.2855
1214,503.11536188749596,260.31899874377996,506.0246
1215,509.98046214843635,154.567286147736,507.2855
1216,503.11536188749596,260.31899874377996,506.0246
1217,510.8087123542791,126.8691858947277,507.2858
1218,503.11536188749596,260.31899874377996,506.0246
1219,507.9357086236123,153.84140566643327,507.9956
1220,507.9357086236123,153.84140566643327,507.9956
1221,168.55401313945185,-180.1088719908148,503.8719
1222,498.98420783143956,117.59608498774469,502.477
1223,498.98420783143956,117.59608498774469,502.477
1224,507.9357086236123,153.84140566643327,507.9956
1225,509.98046214843635,154.567286147736,507.2855
1226,509.98046214843635,154.567286147736,507.2855
1227,512.2081476978492,141.97924208734185,507.8218
1228,509.98046214843635,154.567286147736,507.2855
1229,509.98046214843635,154.567286147736,507.2855
1230,509.98046214843635,154.567286147736,507.2855
1231,509.98046214843635,154.567286147736,507.2855
1232,509.98046214843635,154.567286147736,507.2855
1233,509.98046214843635,154.567286147736,507.2855
1234,507.9357086236123,153.84140566643327,507.9956
1235,507.9357086236123,153.84140566643327,507.9956
1236,509.98046214843635,154.567286147736,507.2855
1237,509.98046214843635,154.567286147736,507.2855
1238,509.98046214843635,154.567286147736,507.2855
1239,509.98046214843635,154.567286147736,507.2855
1240,510.8087123542791,126.8691858947277,507.2858
1241,507.9357086236123,153.84140566643327,507.9956
1242,509.98046214843635,154.567286147736,507.2855
1243,509.98046214843635,154.567286147736,507.2855
1244,509.98046214843635,154.567286147736,507.2855
1245,509.98046214843635,154.567286147736,507.2855
1246,509.98046214843635,154.567286147736,507.2855
1247,509.98046214843635,154.567286147736,507.2855
1248,509.98046214843635,154.567286147736,507.2855
1249,512.2081476978492,141.97924208734185,507.8218
1250,510.8087123542791,126.8691858947277,507.2858
1251,509.98046214843635,154.567286147736,507.2855
1252,509.98046214843635,154.567286147736,507.2855
1253,509.98046214843635,154.567286147736,507.2855
1254,509.98046214843635,154.567286147736,507.2855
1255,510.8087123542791,126.8691858947277,507.2858
1256,510.8087123542791,126.8691858947277,507.2858
1257,509.98046214843635,154.567286147736,507.2855
1258,509.98046214843635,154.567286147736,507.2855
1259,509.98046214843635,154.567286147736,507.2855
1260,509.98046214843635,154.567286147736,507.2855
1261,509.98046214843635,154.567286147736,507.2855
1262,512.2206608665874,135.61978184245527,515.1684
1263,509.98046214843635,154.567286147736,507.2855
1264,509.98046214843635,154.567286147736,507.2855
1265,509.98046214843635,154.567286147736,507.2855
1266,507.9357086236123,153.84140566643327,507.9956
1267,510.8087123542791,126.8691858947277,507.2858
1268,509.98046214843635,154.567286147736,507.2855
1269,509.98046214843635,154.567286147736,507.2855
1270,509.98046214843635,154.567286147736,507.2855
1271,509.98046214843635,154.567286147736,507.2855
1272,509.98046214843635,154.567286147736,507.2855
1273,509.98046214843635,154.567286147736,507.2855
1274,503.11536188749596,260.31899874377996,506.0246
1275,507.9357086236123,153.84140566643327,507.9956
1276,509.98046214843635,154.567286147736,507.2855
1277,507.9357086236123,153.84140566643327,507.9956
1278,509.98046214843635,154.567286147736,507.2855
1279,507.9357086236123,153.84140566643327,507.9956
1280,510.8087123542791,126.8691858947277,507.2858
1281,510.8087123542791,126.8691858947277,507.2858
1282,510.8087123542791,126.8691858947277,507.2858
1283,512.2206608665874,135.61978184245527,515.1684
1284,507.9357086236123,153.84140566643327,507.9956
1285,509.98046214843635,154.567286147736,507.2855
1286,507.9357086236123,153.84140566643327,507.9956
1287,503.11536188749596,260.31899874377996,506.0246
1288,507.9357086236123,153.84140566643327,507.9956
1289,507.9357086236123,153.84140566643327,507.9956
1290,507.9357086236123,153.84140566643327,507.9956
1291,509.98046214843635,154.567286147736,507.2855
1292,510.8087123542791,126.8691858947277,507.2858
1293,509.98046214843635,154.567286147736,507.2855
1294,509.98046214843635,154.567286147736,507.2855
1295,507.9357086236123,153.84140566643327,507.9956
1296,510.8087123542791,126.8691858947277,507.2858
1297,509.98046214843635,154.567286147736,507.2855
1298,507.9357086236123,153.84140566643327,507.9956
1299,509.98046214843635,154.567286147736,507.2855
1300,503.11536188749596,260.31899874377996,506.0246
1301,510.8087123542791,126.8691858947277,507.2858
1302,510.8087123542791,126.8691858947277,507.2858
1303,507.9357086236123,153.84140566643327,507.9956
1304,507.9357086236123,153.84140566643327,507.9956
1305,509.98046214843635,154.567286147736,507.2855
1306,509.98046214843635,154.567286147736,507.2855
1307,509.98046214843635,154.567286147736,507.2855
1308,510.8087123542791,126.8691858947277,507.2858
1309,507.9357086236123,153.84140566643327,507.9956
1310,509.98046214843635,154.567286147736,507.2855
1311,509.98046214843635,154.567286147736,507.2855
1312,509.98046214843635,154.567286147736,507.2855
1313,512.2081476978492,141.97924208734185,507.8218
1314,510.8087123542791,126.8691858947277,507.2858
1315,509.98046214843635,154.567286147736,507.2855
1316,509.98046214843635,154.567286147736,507.2855
1317,510.8087123542791,126.8691858947277,507.2858
1318,510.8087123542791,126.8691858947277,507.2858
1319,509.98046214843635,154.567286147736,507.2855
1320,507.9357086236123,153.84140566643327,507.9956
1321,509.98046214843635,154.567286147736,507.2855
1322,507.9357086236123,153.84140566643327,507.9956
1323,507.9357086236123,153.84140566643327,507.9956
1324,507.9357086236123,153.84140566643327,507.9956
1325,509.98046214843635,154.567286147736,507.2855
1326,509.98046214843635,154.567286147736,507.2855
1327,509.98046214843635,154.567286147736,507.2855
1328,509.98046214843635,154.567286147736,507.2855
1329,503.11536188749596,260.31899874377996,506.0246
1330,507.9357086236123,153.84140566643327,507.9956
1331,510.8087123542791,126.8691858947277,507.2858
1332,509.98046214843635,154.567286147736,507.2855
1333,509.98046214843635,154.567286147736,507.2855
1334,509.98046214843635,154.567286147736,507.2855
1335,507.9357086236123,153.84140566643327,507.9956
1336,507.9357086236123,153.84140566643327,507.9956
1337,507.9357086236123,153.84140566643327,507.9956
1338,509.98046214843635,154.567286147736,507.2855
1339,507.9357086236123,153.84140566643327,507.9956
1340,507.9357086236123,153.84140566643327,507.9956
1341,509.98046214843635,154.567286147736,507.2855
1342,509.98046214843635,154.567286147736,507.2855
1343,507.9357086236123,153.84140566643327,507.9956
1344,507.9357086236123,153.84140566643327,507.9956
1345,507.9357086236123,153.84140566643327,507.9956
1346,509.98046214843635,154.567286147736,507.2855
1347,509.98046214843635,154.567286147736,507.2855
1348,509.98046214843635,154.567286147736,507.2855
1349,509.98046214843635,154.567286147736,507.2855
1350,503.11536188749596,260.31899874377996,506.0246
1351,509.98046214843635,154.567286147736,507.2855
1352,509.98046214843635,154.567286147736,507.2855
1353,503.11536188749596,260.31899874377996,506.0246
1354,509.98046214843635,154.567286147736,507.2855
1355,509.98046214843635,154.567286147736,507.2855
1356,509.98046214843635,154.567286147736,507.2855
1357,503.11536188749596,260.31899874377996,506.0246
1358,360.067498262506,-2.696143385954201,500.6576
1359,509.98046214843635,154.567286147736,507.2855
1360,507.9357086236123,153.84140566643327,507.9956
1361,507.9357086236123,153.84140566643327,507.9956
1362,503.11536188749596,260.31899874377996,506.0246
1363,509.98046214843635,154.567286147736,507.2855
1364,503.11536188749596,260.31899874377996,506.0246
1365,507.9357086236123,153.84140566643327,507.9956
1366,503.11536188749596,260.31899874377996,506.0246
1367,509.98046214843635,154.567286147736,507.2855
1368,509.98046214843635,154.567286147736,507.2855
1369,509.98046214843635,154.567286147736,507.2855
1370,509.98046214843635,154.567286147736,507.2855
1371,509.98046214843635,154.567286147736,507.2855
1372,509.98046214843635,154.567286147736,507.2855
1373,509.98046214843635,154.567286147736,507.2855
1374,509.98046214843635,154.567286147736,507.2855
1375,509.98046214843635,154.567286147736,507.2855
1376,509.98046214843635,154.567286147736,507.2855
1377,511.5698838228127,152.68164258264005,505.0088
1378,512.2206608665874,135.61978184245527,515.1684
1379,507.9357086236123,153.84140566643327,507.9956
1380,509.98046214843635,154.567286147736,507.2855
1381,503.11536188749596,260.31899874377996,506.0246
1382,509.98046214843635,154.567286147736,507.2855
1383,509.98046214843635,154.567286147736,507.2855
1384,509.98046214843635,154.567286147736,507.2855
1385,509.98046214843635,154.567286147736,507.2855
1386,509.98046214843635,154.567286147736,507.2855
1387,509.98046214843635,154.567286147736,507.2855
1388,509.98046214843635,154.567286147736,507.2855
1389,503.11536188749596,260.31899874377996,506.0246
1390,509.98046214843635,154.567286147736,507.2855
1391,503.11536188749596,260.31899874377996,506.0246
1392,509.98046214843635,154.567286147736,507.2855
1393,509.98046214843635,154.567286147736,507.2855
1394,510.8087123542791,126.8691858947277,507.2858
1395,507.9357086236123,153.84140566643327,507.9956
1396,509.98046214843635,154.567286147736,507.2855
1397,509.98046214843635,154.567286147736,507.2855
1398,509.98046214843635,154.567286147736,507.2855
1399,509.98046214843635,154.567286147736,507.2855
1400,507.9357086236123,153.84140566643327,507.9956
1401,509.98046214843635,154.567286147736,507.2855
1402,509.98046214843635,154.567286147736,507.2855
1403,509.98046214843635,154.567286147736,507.2855
1404,510.8087123542791,126.8691858947277,507.2858
1405,503.11536188749596,260.31899874377996,506.0246
1406,509.98046214843635,154.567286147736,507.2855
1407,503.11536188749596,260.31899874377996,506.0246
1408,503.11536188749596,260.31899874377996,506.0246
1409,510.8087123542791,126.8691858947277,507.2858
1410,509.98046214843635,154.567286147736,507.2855
1411,509.98046214843635,154.567286147736,507.2855
1412,507.9357086236123,153.84140566643327,507.9956
1413,507.9357086236123,153.84140566643327,507.9956
1414,507.9357086236123,153.84140566643327,507.9956
1415,509.98046214843635,154.567286147736,507.2855
1416,509.98046214843635,154.567286147736,507.2855
1417,509.98046214843635,154.567286147736,507.2855
1418,509.98046214843635,154.567286147736,507.2855
1419,507.9357086236123,153.84140566643327,507.9956
1420,509.98046214843635,154.567286147736,507.2855
1421,507.9357086236123,153.84140566643327,507.9956
1422,503.11536188749596,260.31899874377996,506.0246
1423,509.98046214843635,154.567286147736,507.2855
1424,503.11536188749596,260.31899874377996,506.0246
1425,509.98046214843635,154.567286147736,507.2855
1426,503.11536188749596,260.31899874377996,506.0246
1427,509.98046214843635,154.567286147736,507.2855
1428,509.98046214843635,154.567286147736,507.2855
1429,509.98046214843635,154.567286147736,507.2855
1430,509.98046214843635,154.567286147736,507.2855
1431,503.11536188749596,260.31899874377996,506.0246
1432,509.98046214843635,154.567286147736,507.2855
1433,509.98046214843635,154.567286147736,507.2855
1434,510.8087123542791,126.8691858947277,507.2858
1435,509.98046214843635,154.567286147736,507.2855
1436,509.98046214843635,154.567286147736,507.2855
1437,507.9357086236123,153.84140566643327,507.9956
1438,509.98046214843635,154.567286147736,507.2855
1439,509.98046214843635,154.567286147736,507.2855
1440,509.98046214843635,154.567286147736,507.2855
1441,509.98046214843635,154.567286147736,507.2855
1442,509.98046214843635,154.567286147736,507.2855
1443,512.2206608665874,135.61978184245527,515.1684
1444,510.8087123542791,126.8691858947277,507.2858
1445,509.98046214843635,154.567286147736,507.2855
1446,507.9357086236123,153.84140566643327,507.9956
1447,509.98046214843635,154.567286147736,507.2855
1448,509.98046214843635,154.567286147736,507.2855
1449,509.98046214843635,154.567286147736,507.2855
1450,503.11536188749596,260.31899874377996,506.0246
1451,509.98046214843635,154.567286147736,507.2855
1452,509.98046214843635,154.567286147736,507.2855
1453,507.9357086236123,153.84140566643327,507.9956
1454,509.98046214843635,154.567286147736,507.2855
1455,507.9357086236123,153.84140566643327,507.9956
1456,507.9357086236123,153.84140566643327,507.9956
1457,507.9357086236123,153.84140566643327,507.9956
1458,503.11536188749596,260.31899874377996,506.0246
1459,507.9357086236123,153.84140566643327,507.9956
1460,507.9357086236123,153.84140566643327,507.9956
1461,509.98046214843635,154.567286147736,507.2855
1462,509.98046214843635,154.567286147736,507.2855
1463,509.98046214843635,154.567286147736,507.2855
1464,507.9357086236123,153.84140566643327,507.9956
1465,509.98046214843635,154.567286147736,507.2855
1466,509.98046214843635,154.567286147736,507.2855
1467,507.9357086236123,153.84140566643327,507.9956
1468,509.98046214843635,154.567286147736,507.2855
1469,509.98046214843635,154.567286147736,507.2855
1470,510.8087123542791,126.8691858947277,507.2858
1471,510.8087123542791,126.8691858947277,507.2858
1472,507.9357086236123,153.84140566643327,507.9956
1473,510.8087123542791,126.8691858947277,507.2858
1474,507.9357086236123,153.84140566643327,507.9956
1475,507.9357086236123,153.84140566643327,507.9956
1476,507.9357086236123,153.84140566643327,507.9956
1477,510.8087123542791,126.8691858947277,507.2858
1478,510.8087123542791,126.8691858947277,507.2858
1479,509.98046214843635,154.567286147736,507.2855
1480,510.8087123542791,126.8691858947277,507.2858
1481,510.8087123542791,126.8691858947277,507.2858
1482,509.98046214843635,154.567286147736,507.2855
1483,507.9357086236123,153.84140566643327,507.9956
1484,509.98046214843635,154.567286147736,507.2855
1485,507.9357086236123,153.84140566643327,507.9956
1486,509.98046214843635,154.567286147736,507.2855
1487,509.98046214843635,154.567286147736,507.2855
1488,507.9357086236123,153.84140566643327,507.9956
1489,509.98046214843635,154.567286147736,507.2855
1490,509.98046214843635,154.567286147736,507.2855
1491,509.98046214843635,154.567286147736,507.2855
1492,507.9357086236123,153.84140566643327,507.9956
1493,509.98046214843635,154.567286147736,507.2855
1494,509.98046214843635,154.567286147736,507.2855
1495,509.98046214843635,154.567286147736,507.2855
1496,509.98046214843635,154.567286147736,507.2855
1497,509.98046214843635,154.567286147736,507.2855
1498,510.8087123542791,126.8691858947277,507.2858
1499,507.9357086236123,153.84140566643327,507.9956
1500,509.98046214843635,154.567286147736,507.2855
1501,509.98046214843635,154.567286147736,507.2855
1502,509.98046214843635,154.567286147736,507.2855
1503,507.9357086236123,153.84140566643327,507.9956
1504,507.9357086236123,153.84140566643327,507.9956
1505,510.8087123542791,126.8691858947277,507.2858
1506,509.98046214843635,154.567286147736,507.2855
1507,507.9357086236123,153.84140566643327,507.9956
1508,507.9357086236123,153.84140566643327,507.9956
1509,509.98046214843635,154.567286147736,507.2855
1510,503.11536188749596,260.31899874377996,506.0246
1511,509.98046214843635,154.567286147736,507.2855
1512,509.98046214843635,154.567286147736,507.2855
1513,509.98046214843635,154.567286147736,507.2855
1514,509.98046214843635,154.567286147736,507.2855
1515,509.98046214843635,154.567286147736,507.2855
1516,509.98046214843635,154.567286147736,507.2855
1517,507.9357086236123,153.84140566643327,507.9956
1518,509.98046214843635,154.567286147736,507.2855
1519,509.98046214843635,154.567286147736,507.2855
1520,509.98046214843635,154.567286147736,507.2855
1521,507.9357086236123,153.84140566643327,507.9956
1522,509.98046214843635,154.567286147736,507.2855
1523,509.98046214843635,154.567286147736,507.2855
1524,509.98046214843635,154.567286147736,507.2855
1525,509.98046214843635,154.567286147736,507.2855
1526,509.98046214843635,154.567286147736,507.2855
1527,507.9357086236123,153.84140566643327,507.9956
1528,509.98046214843635,154.567286147736,507.2855
1529,507.9357086236123,153.84140566643327,507.9956
1530,509.98046214843635,154.567286147736,507.2855
1531,509.98046214843635,154.567286147736,507.2855
1532,509.98046214843635,154.567286147736,507.2855
1533,507.9357086236123,153.84140566643327,507.9956
1534,509.98046214843635,154.567286147736,507.2855
1535,509.98046214843635,154.567286147736,507.2855
1536,507.9357086236123,153.84140566643327,507.9956
1537,507.9357086236123,153.84140566643327,507.9956
1538,509.98046214843635,154.567286147736,507.2855
1539,509.98046214843635,154.567286147736,507.2855
1540,512.2206608665874,135.61978184245527,515.1684
1541,507.9357086236123,153.84140566643327,507.9956
1542,171.9823585608974,-659.2024433733895,507.6898
1543,512.2206608665874,135.61978184245527,515.1684
1544,512.2206608665874,135.61978184245527,515.1684
1545,512.2081476978492,141.97924208734185,507.8218
1546,507.9357086236123,153.84140566643327,507.9956
1547,509.98046214843635,154.567286147736,507.2855
1548,509.98046214843635,154.567286147736,507.2855
1549,507.9357086236123,153.84140566643327,507.9956
1550,503.11536188749596,260.31899874377996,506.0246
1551,507.9357086236123,153.84140566643327,507.9956
1552,503.11536188749596,260.31899874377996,506.0246
1553,509.98046214843635,154.567286147736,507.2855
1554,509.98046214843635,154.567286147736,507.2855
1555,509.98046214843635,154.567286147736,507.2855
1556,512.2081476978492,141.97924208734185,507.8218
1557,509.98046214843635,154.567286147736,507.2855
1558,503.11536188749596,260.31899874377996,506.0246
1559,507.9357086236123,153.84140566643327,507.9956
1560,509.98046214843635,154.567286147736,507.2855
1561,507.9357086236123,153.84140566643327,507.9956
1562,510.8087123542791,126.8691858947277,507.2858
1563,509.98046214843635,154.567286147736,507.2855
1564,507.9357086236123,153.84140566643327,507.9956
1565,509.98046214843635,154.567286147736,507.2855
1566,509.98046214843635,154.567286147736,507.2855
1567,507.9357086236123,153.84140566643327,507.9956
1568,507.9357086236123,153.84140566643327,507.9956
1569,507.9357086236123,153.84140566643327,507.9956
1570,507.9357086236123,153.84140566643327,507.9956
1571,509.98046214843635,154.567286147736,507.2855
1572,507.9357086236123,153.84140566643327,507.9956
1573,507.9357086236123,153.84140566643327,507.9956
1574,509.98046214843635,154.567286147736,507.2855
1575,509.98046214843635,154.567286147736,507.2855
1576,507.9357086236123,153.84140566643327,507.9956
1577,507.9357086236123,153.84140566643327,507.9956
1578,509.98046214843635,154.567286147736,507.2855
1579,507.9357086236123,153.84140566643327,507.9956
1580,507.9357086236123,153.84140566643327,507.9956
1581,507.9357086236123,153.84140566643327,507.9956
1582,509.98046214843635,154.567286147736,507.2855
1583,509.98046214843635,154.567286147736,507.2855
1584,507.9357086236123,153.84140566643327,507.9956
1585,509.98046214843635,154.567286147736,507.2855
1586,509.98046214843635,154.567286147736,507.2855
1587,509.98046214843635,154.567286147736,507.2855
1588,507.9357086236123,153.84140566643327,507.9956
1589,509.98046214843635,154.567286147736,507.2855
1590,509.98046214843635,154.567286147736,507.2855
1591,509.98046214843635,154.567286147736,507.2855
1592,507.9357086236123,153.84140566643327,507.9956
1593,507.9357086236123,153.84140566643327,507.9956
1594,507.9357086236123,153.84140566643327,507.9956
1595,507.9357086236123,153.84140566643327,507.9956
1596,509.98046214843635,154.567286147736,507.2855
1597,509.98046214843635,154.567286147736,507.2855
1598,509.98046214843635,154.567286147736,507.2855
1599,507.9357086236123,153.84140566643327,507.9956
1600,509.98046214843635,154.567286147736,507.2855
1601,507.9357086236123,153.84140566643327,507.9956
1602,507.9357086236123,153.84140566643327,507.9956
1603,507.9357086236123,153.84140566643327,507.9956
1604,509.98046214843635,154.567286147736,507.2855
1605,507.9357086236123,153.84140566643327,507.9956
1606,507.9357086236123,153.84140566643327,507.9956
1607,509.98046214843635,154.567286147736,507.2855
1608,509.98046214843635,154.567286147736,507.2855
1609,509.98046214843635,154.567286147736,507.2855
1610,509.98046214843635,154.567286147736,507.2855
1611,509.98046214843635,154.567286147736,507.2855
1612,509.98046214843635,154.567286147736,507.2855
1613,507.9357086236123,153.84140566643327,507.9956
1614,507.9357086236123,153.84140566643327,507.9956
1615,509.98046214843635,154.567286147736,507.2855
1616,509.98046214843635,154.567286147736,507.2855
1617,507.9357086236123,153.84140566643327,507.9956
1618,507.9357086236123,153.84140566643327,507.9956
1619,507.9357086236123,153.84140566643327,507.9956
1620,507.9357086236123,153.84140566643327,507.9956
1621,507.9357086236123,153.84140566643327,507.9956
1622,509.98046214843635,154.567286147736,507.2855
1623,512.2206608665874,135.61978184245527,515.1684
1624,507.9357086236123,153.84140566643327,507.9956
1625,509.98046214843635,154.567286147736,507.2855
1626,509.98046214843635,154.567286147736,507.2855
1627,507.9357086236123,153.84140566643327,507.9956
1628,507.9357086236123,153.84140566643327,507.9956
1629,503.11536188749596,260.31899874377996,506.0246
1630,510.8087123542791,126.8691858947277,507.2858
1631,509.98046214843635,154.567286147736,507.2855
1632,507.9357086236123,153.84140566643327,507.9956
1633,509.98046214843635,154.567286147736,507.2855
1634,507.9357086236123,153.84140566643327,507.9956
1635,507.9357086236123,153.84140566643327,507.9956
1636,509.98046214843635,154.567286147736,507.2855
1637,510.8087123542791,126.8691858947277,507.2858
1638,510.8087123542791,126.8691858947277,507.2858
1639,507.9357086236123,153.84140566643327,507.9956
1640,507.9357086236123,153.84140566643327,507.9956
1641,510.8087123542791,126.8691858947277,507.2858
1642,509.98046214843635,154.567286147736,507.2855
1643,507.9357086236123,153.84140566643327,507.9956
1644,509.98046214843635,154.567286147736,507.2855
1645,509.98046214843635,154.567286147736,507.2855
1646,509.98046214843635,154.567286147736,507.2855
1647,509.98046214843635,154.567286147736,507.2855
1648,509.98046214843635,154.567286147736,507.2855
1649,509.98046214843635,154.567286147736,507.2855
1650,507.9357086236123,153.84140566643327,507.9956
1651,509.98046214843635,154.567286147736,507.2855
1652,509.98046214843635,154.567286147736,507.2855
1653,509.98046214843635,154.567286147736,507.2855
1654,509.98046214843635,154.567286147736,507.2855
1655,503.11536188749596,260.31899874377996,506.0246
1656,507.9357086236123,153.84140566643327,507.9956
1657,509.98046214843635,154.567286147736,507.2855
1658,509.98046214843635,154.567286147736,507.2855
1659,507.9357086236123,153.84140566643327,507.9956
1660,509.98046214843635,154.567286147736,507.2855
1661,507.9357086236123,153.84140566643327,507.9956
1662,509.98046214843635,154.567286147736,507.2855
1663,507.9357086236123,153.84140566643327,507.9956
1664,507.9357086236123,153.84140566643327,507.9956
1665,507.9357086236123,153.84140566643327,507.9956
1666,507.9357086236123,153.84140566643327,507.9956
1667,507.9357086236123,153.84140566643327,507.9956
1668,507.9357086236123,153.84140566643327,507.9956
1669,507.9357086236123,153.84140566643327,507.9956
1670,509.98046214843635,154.567286147736,507.2855
1671,509.98046214843635,154.567286147736,507.2855
1672,509.98046214843635,154.567286147736,507.2855
1673,512.2206608665874,135.61978184245527,515.1684
1674,509.835468927864,30.994140268303454,497.063
1675,507.9357086236123,153.84140566643327,507.9956
1676,509.98046214843635,154.567286147736,507.2855
1677,509.98046214843635,154.567286147736,507.2855
1678,507.9357086236123,153.84140566643327,507.9956
1679,507.9357086236123,153.84140566643327,507.9956
1680,507.9357086236123,153.84140566643327,507.9956
1681,507.9357086236123,153.84140566643327,507.9956
1682,509.98046214843635,154.567286147736,507.2855
1683,507.9357086236123,153.84140566643327,507.9956
1684,509.98046214843635,154.567286147736,507.2855
1685,509.98046214843635,154.567286147736,507.2855
1686,509.98046214843635,154.567286147736,507.2855
1687,507.9357086236123,153.84140566643327,507.9956
1688,507.9357086236123,153.84140566643327,507.9956
1689,509.98046214843635,154.567286147736,507.2855
1690,507.9357086236123,153.84140566643327,507.9956
1691,507.9357086236123,153.84140566643327,507.9956
1692,507.9357086236123,153.84140566643327,507.9956
1693,509.98046214843635,154.567286147736,507.2855
1694,507.9357086236123,153.84140566643327,507.9956
1695,507.9357086236123,153.84140566643327,507.9956
1696,507.9357086236123,153.84140566643327,507.9956
1697,509.98046214843635,154.567286147736,507.2855
1698,507.9357086236123,153.84140566643327,507.9956
1699,507.9357086236123,153.84140566643327,507.9956
1700,507.9357086236123,153.84140566643327,507.9956
1701,507.9357086236123,153.84140566643327,507.9956
1702,509.98046214843635,154.567286147736,507.2855
1703,509.98046214843635,154.567286147736,507.2855
1704,507.9357086236123,153.84140566643327,507.9956
1705,507.9357086236123,153.84140566643327,507.9956
1706,507.9357086236123,153.84140566643327,507.9956
1707,507.9357086236123,153.84140566643327,507.9956
1708,509.98046214843635,154.567286147736,507.2855
1709,509.98046214843635,154.567286147736,507.2855
1710,507.9357086236123,153.84140566643327,507.9956
1711,507.9357086236123,153.84140566643327,507.9956
1712,507.9357086236123,153.84140566643327,507.9956
1713,507.9357086236123,153.84140566643327,507.9956
1714,507.9357086236123,153.84140566643327,507.9956
1715,509.98046214843635,154.567286147736,507.2855
1716,507.9357086236123,153.84140566643327,507.9956
1717,507.9357086236123,153.84140566643327,507.9956
1718,509.98046214843635,154.567286147736,507.2855
1719,509.98046214843635,154.567286147736,507.2855
1720,507.9357086236123,153.84140566643327,507.9956
1721,509.98046214843635,154.567286147736,507.2855
1722,509.98046214843635,154.567286147736,507.2855
1723,507.9357086236123,153.84140566643327,507.9956
1724,507.9357086236123,153.84140566643327,507.9956
1725,509.98046214843635,154.567286147736,507.2855
1726,507.9357086236123,153.84140566643327,507.9956
1727,507.9357086236123,153.84140566643327,507.9956
1728,507.9357086236123,153.84140566643327,507.9956
1729,510.8087123542791,126.8691858947277,507.2858
1730,507.9357086236123,153.84140566643327,507.9956
1731,503.11536188749596,260.31899874377996,506.0246
1732,507.9357086236123,153.84140566643327,507.9956
1733,507.9357086236123,153.84140566643327,507.9956
1734,507.9357086236123,153.84140566643327,507.9956
1735,509.98046214843635,154.567286147736,507.2855
1736,507.9357086236123,153.84140566643327,507.9956
1737,507.9357086236123,153.84140566643327,507.9956
1738,509.98046214843635,154.567286147736,507.2855
1739,507.9357086236123,153.84140566643327,507.9956
1740,507.9357086236123,153.84140566643327,507.9956
1741,507.9357086236123,153.84140566643327,507.9956
1742,507.9357086236123,153.84140566643327,507.9956
1743,509.98046214843635,154.567286147736,507.2855
1744,507.9357086236123,153.84140566643327,507.9956
1745,507.9357086236123,153.84140566643327,507.9956
1746,507.9357086236123,153.84140566643327,507.9956
1747,509.98046214843635,154.567286147736,507.2855
1748,507.9357086236123,153.84140566643327,507.9956
1749,507.9357086236123,153.84140566643327,507.9956
1750,507.9357086236123,153.84140566643327,507.9956
1751,507.9357086236123,153.84140566643327,507.9956
1752,507.9357086236123,153.84140566643327,507.9956
1753,507.9357086236123,153.84140566643327,507.9956
1754,507.9357086236123,153.84140566643327,507.9956
1755,507.9357086236123,153.84140566643327,507.9956
1756,507.9357086236123,153.84140566643327,507.9956
1757,507.9357086236123,153.84140566643327,507.9956
1758,507.9357086236123,153.84140566643327,507.9956
1759,509.98046214843635,154.567286147736,507.2855
1760,507.9357086236123,153.84140566643327,507.9956
1761,507.9357086236123,153.84140566643327,507.9956
1762,503.11536188749596,260.31899874377996,506.0246
1763,509.98046214843635,154.567286147736,507.2855
1764,507.9357086236123,153.84140566643327,507.9956
1765,507.9357086236123,153.84140566643327,507.9956
1766,507.9357086236123,153.84140566643327,507.9956
1767,507.9357086236123,153.84140566643327,507.9956
1768,503.11536188749596,260.31899874377996,506.0246
1769,507.9357086236123,153.84140566643327,507.9956
1770,507.9357086236123,153.84140566643327,507.9956
1771,509.98046214843635,154.567286147736,507.2855
1772,507.9357086236123,153.84140566643327,507.9956
1773,507.9357086236123,153.84140566643327,507.9956
1774,507.9357086236123,153.84140566643327,507.9956
1775,507.9357086236123,153.84140566643327,507.9956
1776,509.98046214843635,154.567286147736,507.2855
1777,507.9357086236123,153.84140566643327,507.9956
1778,507.9357086236123,153.84140566643327,507.9956
1779,507.9357086236123,153.84140566643327,507.9956
1780,509.98046214843635,154.567286147736,507.2855
1781,507.9357086236123,153.84140566643327,507.9956
1782,507.9357086236123,153.84140566643327,507.9956
1783,507.9357086236123,153.84140566643327,507.9956
1784,507.9357086236123,153.84140566643327,507.9956
1785,507.9357086236123,153.84140566643327,507.9956
1786,507.9357086236123,153.84140566643327,507.9956
1787,509.98046214843635,154.567286147736,507.2855
1788,507.9357086236123,153.84140566643327,507.9956
1789,507.9357086236123,153.84140566643327,507.9956
1790,507.9357086236123,153.84140566643327,507.9956
1791,507.9357086236123,153.84140566643327,507.9956
1792,509.98046214843635,154.567286147736,507.2855
1793,509.98046214843635,154.567286147736,507.2855
1794,507.9357086236123,153.84140566643327,507.9956
1795,509.98046214843635,154.567286147736,507.2855
1796,507.9357086236123,153.84140566643327,507.9956
1797,507.9357086236123,153.84140566643327,507.9956
1798,507.9357086236123,153.84140566643327,507.9956
1799,507.9357086236123,153.84140566643327,507.9956
1800,509.98046214843635,154.567286147736,507.2855
1801,507.9357086236123,153.84140566643327,507.9956
1802,509.98046214843635,154.567286147736,507.2855
1803,509.98046214843635,154.567286147736,507.2855
1804,509.98046214843635,154.567286147736,507.2855
1805,509.98046214843635,154.567286147736,507.2855
1806,509.98046214843635,154.567286147736,507.2855
1807,507.9357086236123,153.84140566643327,507.9956
1808,507.9357086236123,153.84140566643327,507.9956
1809,507.9357086236123,153.84140566643327,507.9956
1810,507.9357086236123,153.84140566643327,507.9956
1811,507.9357086236123,153.84140566643327,507.9956
1812,507.9357086236123,153.84140566643327,507.9956
1813,509.98046214843635,154.567286147736,507.2855
1814,507.9357086236123,153.84140566643327,507.9956
1815,507.9357086236123,153.84140566643327,507.9956
1816,503.11536188749596,260.31899874377996,506.0246
1817,507.9357086236123,153.84140566643327,507.9956
1818,507.9357086236123,153.84140566643327,507.9956
1819,512.2206608665874,135.61978184245527,515.1684
1820,509.98046214843635,154.567286147736,507.2855
1821,507.9357086236123,153.84140566643327,507.9956
1822,449.31707072700374,192.38790535274893,510.6269
1823,507.9357086236123,153.84140566643327,507.9956
1824,507.9357086236123,153.84140566643327,507.9956
1825,512.2081476978492,141.97924208734185,507.8218
1826,507.9357086236123,153.84140566643327,507.9956
1827,503.11536188749596,260.31899874377996,506.0246
1828,509.98046214843635,154.567286147736,507.2855
1829,510.8087123542791,126.8691858947277,507.2858
1830,509.98046214843635,154.567286147736,507.2855
1831,509.98046214843635,154.567286147736,507.2855
1832,509.98046214843635,154.567286147736,507.2855
1833,507.9357086236123,153.84140566643327,507.9956
1834,507.9357086236123,153.84140566643327,507.9956
1835,507.9357086236123,153.84140566643327,507.9956
1836,507.9357086236123,153.84140566643327,507.9956
1837,509.98046214843635,154.567286147736,507.2855
1838,509.98046214843635,154.567286147736,507.2855
1839,507.9357086236123,153.84140566643327,507.9956
1840,507.9357086236123,153.84140566643327,507.9956
1841,509.98046214843635,154.567286147736,507.2855
1842,507.9357086236123,153.84140566643327,507.9956
1843,507.9357086236123,153.84140566643327,507.9956
1844,507.9357086236123,153.84140566643327,507.9956
1845,507.9357086236123,153.84140566643327,507.9956
1846,507.9357086236123,153.84140566643327,507.9956
1847,507.9357086236123,153.84140566643327,507.9956
1848,503.11536188749596,260.31899874377996,506.0246
1849,509.98046214843635,154.567286147736,507.2855
1850,507.9357086236123,153.84140566643327,507.9956
1851,507.9357086236123,153.84140566643327,507.9956
1852,507.9357086236123,153.84140566643327,507.9956
1853,509.98046214843635,154.567286147736,507.2855
1854,507.9357086236123,153.84140566643327,507.9956
1855,507.9357086236123,153.84140566643327,507.9956
1856,507.9357086236123,153.84140566643327,507.9956
1857,507.9357086236123,153.84140566643327,507.9956
1858,507.9357086236123,153.84140566643327,507.9956
1859,503.11536188749596,260.31899874377996,506.0246
1860,507.9357086236123,153.84140566643327,507.9956
1861,507.9357086236123,153.84140566643327,507.9956
1862,507.9357086236123,153.84140566643327,507.9956
1863,510.8087123542791,126.8691858947277,507.2858
1864,507.9357086236123,153.84140566643327,507.9956
1865,507.9357086236123,153.84140566643327,507.9956
1866,509.98046214843635,154.567286147736,507.2855
1867,509.98046214843635,154.567286147736,507.2855
1868,507.9357086236123,153.84140566643327,507.9956
1869,509.98046214843635,154.567286147736,507.2855
1870,509.98046214843635,154.567286147736,507.2855
1871,507.9357086236123,153.84140566643327,507.9956
1872,509.98046214843635,154.567286147736,507.2855
1873,509.98046214843635,154.567286147736,507.2855
1874,509.98046214843635,154.567286147736,507.2855
1875,509.98046214843635,154.567286147736,507.2855
1876,509.98046214843635,154.567286147736,507.2855
1877,507.9357086236123,153.84140566643327,507.9956
1878,507.9357086236123,153.84140566643327,507.9956
1879,507.9357086236123,153.84140566643327,507.9956
1880,507.9357086236123,153.84140566643327,507.9956
1881,509.98046214843635,154.567286147736,507.2855
1882,507.9357086236123,153.84140566643327,507.9956
1883,507.9357086236123,153.84140566643327,507.9956
1884,509.98046214843635,154.567286147736,507.2855
1885,509.98046214843635,154.567286147736,507.2855
1886,507.9357086236123,153.84140566643327,507.9956
1887,507.9357086236123,153.84140566643327,507.9956
1888,509.98046214843635,154.567286147736,507.2855
1889,507.9357086236123,153.84140566643327,507.9956
1890,509.98046214843635,154.567286147736,507.2855
1891,509.98046214843635,154.567286147736,507.2855
1892,509.98046214843635,154.567286147736,507.2855
1893,509.98046214843635,154.567286147736,507.2855
1894,509.98046214843635,154.567286147736,507.2855
1895,510.8087123542791,126.8691858947277,507.2858
1896,507.9357086236123,153.84140566643327,507.9956
1897,507.9357086236123,153.84140566643327,507.9956
1898,509.98046214843635,154.567286147736,507.2855
1899,509.98046214843635,154.567286147736,507.2855
1900,507.9357086236123,153.84140566643327,507.9956
1901,509.98046214843635,154.567286147736,507.2855
1902,507.9357086236123,153.84140566643327,507.9956
1903,509.98046214843635,154.567286147736,507.2855
1904,509.98046214843635,154.567286147736,507.2855
1905,507.9357086236123,153.84140566643327,507.9956
1906,509.98046214843635,154.567286147736,507.2855
1907,507.9357086236123,153.84140566643327,507.9956
1908,507.9357086236123,153.84140566643327,507.9956
1909,507.9357086236123,153.84140566643327,507.9956
1910,509.98046214843635,154.567286147736,507.2855
1911,509.98046214843635,154.567286147736,507.2855
1912,509.98046214843635,154.567286147736,507.2855
1913,507.9357086236123,153.84140566643327,507.9956
1914,507.9357086236123,153.84140566643327,507.9956
1915,507.9357086236123,153.84140566643327,507.9956
1916,509.98046214843635,154.567286147736,507.2855
1917,507.9357086236123,153.84140566643327,507.9956
1918,509.98046214843635,154.567286147736,507.2855
1919,507.9357086236123,153.84140566643327,507.9956
1920,507.9357086236123,153.84140566643327,507.9956
1921,507.9357086236123,153.84140566643327,507.9956
1922,507.9357086236123,153.84140566643327,507.9956
1923,507.9357086236123,153.84140566643327,507.9956
1924,507.9357086236123,153.84140566643327,507.9956
1925,507.9357086236123,153.84140566643327,507.9956
1926,507.9357086236123,153.84140566643327,507.9956
1927,509.98046214843635,154.567286147736,507.2855
1928,507.9357086236123,153.84140566643327,507.9956
1929,507.9357086236123,153.84140566643327,507.9956
1930,507.9357086236123,153.84140566643327,507.9956
1931,507.9357086236123,153.84140566643327,507.9956
1932,509.98046214843635,154.567286147736,507.2855
1933,507.9357086236123,153.84140566643327,507.9956
1934,509.98046214843635,154.567286147736,507.2855
1935,507.9357086236123,153.84140566643327,507.9956
1936,507.9357086236123,153.84140566643327,507.9956
1937,507.9357086236123,153.84140566643327,507.9956
1938,509.98046214843635,154.567286147736,507.2855
1939,507.9357086236123,153.84140566643327,507.9956
1940,507.9357086236123,153.84140566643327,507.9956
1941,509.98046214843635,154.567286147736,507.2855
1942,509.98046214843635,154.567286147736,507.2855
1943,507.9357086236123,153.84140566643327,507.9956
1944,509.98046214843635,154.567286147736,507.2855
1945,509.98046214843635,154.567286147736,507.2855
1946,507.9357086236123,153.84140566643327,507.9956
1947,509.98046214843635,154.567286147736,507.2855
1948,509.98046214843635,154.567286147736,507.2855
1949,507.9357086236123,153.84140566643327,507.9956
1950,509.98046214843635,154.567286147736,507.2855
1951,507.9357086236123,153.84140566643327,507.9956
1952,509.98046214843635,154.567286147736,507.2855
1953,507.9357086236123,153.84140566643327,507.9956
1954,507.9357086236123,153.84140566643327,507.9956
1955,507.9357086236123,153.84140566643327,507.9956
1956,503.11536188749596,260.31899874377996,506.0246
1957,507.9357086236123,153.84140566643327,507.9956
1958,507.9357086236123,153.84140566643327,507.9956
1959,509.98046214843635,154.567286147736,507.2855
1960,507.9357086236123,153.84140566643327,507.9956
1961,509.98046214843635,154.567286147736,507.2855
1962,507.9357086236123,153.84140566643327,507.9956
1963,509.98046214843635,154.567286147736,507.2855
1964,509.98046214843635,154.567286147736,507.2855
1965,507.9357086236123,153.84140566643327,507.9956
1966,509.98046214843635,154.567286147736,507.2855
1967,509.98046214843635,154.567286147736,507.2855
1968,509.98046214843635,154.567286147736,507.2855
1969,509.98046214843635,154.567286147736,507.2855
1970,507.9357086236123,153.84140566643327,507.9956
1971,507.9357086236123,153.84140566643327,507.9956
1972,509.98046214843635,154.567286147736,507.2855
1973,507.9357086236123,153.84140566643327,507.9956
1974,507.9357086236123,153.84140566643327,507.9956
1975,509.98046214843635,154.567286147736,507.2855
1976,507.9357086236123,153.84140566643327,507.9956
1977,509.98046214843635,154.567286147736,507.2855
1978,507.9357086236123,153.84140566643327,507.9956
1979,507.9357086236123,153.84140566643327,507.9956
1980,507.9357086236123,153.84140566643327,507.9956
1981,509.98046214843635,154.567286147736,507.2855
1982,507.9357086236123,153.84140566643327,507.9956
1983,509.98046214843635,154.567286147736,507.2855
1984,507.9357086236123,153.84140566643327,507.9956
1985,507.9357086236123,153.84140566643327,507.9956
1986,507.9357086236123,153.84140566643327,507.9956
1987,507.9357086236123,153.84140566643327,507.9956
1988,507.9357086236123,153.84140566643327,507.9956
1989,507.9357086236123,153.84140566643327,507.9956
1990,507.9357086236123,153.84140566643327,507.9956
1991,507.9357086236123,153.84140566643327,507.9956
1992,507.9357086236123,153.84140566643327,507.9956
1993,509.98046214843635,154.567286147736,507.2855
1994,507.9357086236123,153.84140566643327,507.9956
1995,509.98046214843635,154.567286147736,507.2855
1996,507.9357086236123,153.84140566643327,507.9956
1997,507.9357086236123,153.84140566643327,507.9956
1998,507.9357086236123,153.84140566643327,507.9956
1999,509.98046214843635,154.567286147736,507.2855
2000,507.9357086236123,153.84140566643327,507.9956
2001,507.9357086236123,153.84140566643327,507.9956
2002,507.9357086236123,153.84140566643327,507.9956
2003,507.9357086236123,153.84140566643327,507.9956
2004,507.9357086236123,153.84140566643327,507.9956
2005,507.9357086236123,153.84140566643327,507.9956
2006,509.98046214843635,154.567286147736,507.2855
2007,509.98046214843635,154.567286147736,507.2855
2008,507.9357086236123,153.84140566643327,507.9956
2009,507.9357086236123,153.84140566643327,507.9956
2010,507.9357086236123,153.84140566643327,507.9956
2011,509.98046214843635,154.567286147736,507.2855
2012,509.98046214843635,154.567286147736,507.2855
2013,507.9357086236123,153.84140566643327,507.9956
2014,507.9357086236123,153.84140566643327,507.9956
2015,507.9357086236123,153.84140566643327,507.9956
2016,509.98046214843635,154.567286147736,507.2855
2017,509.98046214843635,154.567286147736,507.2855
2018,507.9357086236123,153.84140566643327,507.9956
2019,507.9357086236123,153.84140566643327,507.9956
2020,512.2206608665874,135.61978184245527,515.1684
2021,507.9357086236123,153.84140566643327,507.9956
2022,507.9357086236123,153.84140566643327,507.9956
2023,507.9357086236123,153.84140566643327,507.9956
2024,507.9357086236123,153.84140566643327,507.9956
2025,509.98046214843635,154.567286147736,507.2855
2026,509.98046214843635,154.567286147736,507.2855
2027,507.9357086236123,153.84140566643327,507.9956
2028,507.9357086236123,153.84140566643327,507.9956
2029,507.9357086236123,153.84140566643327,507.9956
2030,507.9357086236123,153.84140566643327,507.9956
2031,507.9357086236123,153.84140566643327,507.9956
2032,507.9357086236123,153.84140566643327,507.9956
2033,507.9357086236123,153.84140566643327,507.9956
2034,507.9357086236123,153.84140566643327,507.9956
2035,507.9357086236123,153.84140566643327,507.9956
2036,507.9357086236123,153.84140566643327,507.9956
2037,507.9357086236123,153.84140566643327,507.9956
2038,509.98046214843635,154.567286147736,507.2855
2039,507.9357086236123,153.84140566643327,507.9956
2040,507.9357086236123,153.84140566643327,507.9956
2041,507.9357086236123,153.84140566643327,507.9956
2042,507.9357086236123,153.84140566643327,507.9956
2043,509.98046214843635,154.567286147736,507.2855
2044,507.9357086236123,153.84140566643327,507.9956
2045,507.9357086236123,153.84140566643327,507.9956
2046,507.9357086236123,153.84140566643327,507.9956
2047,507.9357086236123,153.84140566643327,507.9956
2048,507.9357086236123,153.84140566643327,507.9956
2049,509.98046214843635,154.567286147736,507.2855
2050,507.9357086236123,153.84140566643327,507.9956
2051,507.9357086236123,153.84140566643327,507.9956
2052,512.2206608665874,135.61978184245527,515.1684
2053,507.9357086236123,153.84140566643327,507.9956
2054,507.9357086236123,153.84140566643327,507.9956
2055,509.98046214843635,154.567286147736,507.2855
2056,509.98046214843635,154.567286147736,507.2855
2057,509.98046214843635,154.567286147736,507.2855
2058,509.98046214843635,154.567286147736,507.2855
2059,507.9357086236123,153.84140566643327,507.9956
2060,507.9357086236123,153.84140566643327,507.9956
2061,507.9357086236123,153.84140566643327,507.9956
2062,507.9357086236123,153.84140566643327,507.9956
2063,507.9357086236123,153.84140566643327,507.9956
2064,509.98046214843635,154.567286147736,507.2855
2065,507.9357086236123,153.84140566643327,507.9956
2066,509.98046214843635,154.567286147736,507.2855
2067,507.9357086236123,153.84140566643327,507.9956
2068,509.98046214843635,154.567286147736,507.2855
2069,503.11536188749596,260.31899874377996,506.0246
2070,509.98046214843635,154.567286147736,507.2855
2071,507.9357086236123,153.84140566643327,507.9956
2072,507.9357086236123,153.84140566643327,507.9956
2073,507.9357086236123,153.84140566643327,507.9956
2074,509.98046214843635,154.567286147736,507.2855
2075,503.11536188749596,260.31899874377996,506.0246
2076,503.11536188749596,260.31899874377996,506.0246
2077,507.9357086236123,153.84140566643327,507.9956
2078,507.9357086236123,153.84140566643327,507.9956
2079,507.9357086236123,153.84140566643327,507.9956
2080,509.98046214843635,154.567286147736,507.2855
2081,509.98046214843635,154.567286147736,507.2855
2082,509.98046214843635,154.567286147736,507.2855
2083,507.9357086236123,153.84140566643327,507.9956
2084,507.9357086236123,153.84140566643327,507.9956
2085,509.98046214843635,154.567286147736,507.2855
2086,507.9357086236123,153.84140566643327,507.9956
2087,507.9357086236123,153.84140566643327,507.9956
2088,507.9357086236123,153.84140566643327,507.9956
2089,507.9357086236123,153.84140566643327,507.9956
2090,507.9357086236123,153.84140566643327,507.9956
2091,509.98046214843635,154.567286147736,507.2855
2092,509.98046214843635,154.567286147736,507.2855
2093,509.98046214843635,154.567286147736,507.2855
2094,509.98046214843635,154.567286147736,507.2855
2095,509.98046214843635,154.567286147736,507.2855
2096,507.9357086236123,153.84140566643327,507.9956
2097,509.98046214843635,154.567286147736,507.2855
2098,509.98046214843635,154.567286147736,507.2855
2099,507.9357086236123,153.84140566643327,507.9956
2100,507.9357086236123,153.84140566643327,507.9956
2101,507.9357086236123,153.84140566643327,507.9956
2102,507.9357086236123,153.84140566643327,507.9956
2103,507.9357086236123,153.84140566643327,507.9956
2104,507.9357086236123,153.84140566643327,507.9956
2105,507.9357086236123,153.84140566643327,507.9956
2106,509.98046214843635,154.567286147736,507.2855
2107,507.9357086236123,153.84140566643327,507.9956
2108,509.98046214843635,154.567286147736,507.2855
2109,507.9357086236123,153.84140566643327,507.9956
2110,507.9357086236123,153.84140566643327,507.9956
2111,507.9357086236123,153.84140566643327,507.9956
2112,507.9357086236123,153.84140566643327,507.9956
2113,507.9357086236123,153.84140566643327,507.9956
2114,507.9357086236123,153.84140566643327,507.9956
2115,507.9357086236123,153.84140566643327,507.9956
2116,507.9357086236123,153.84140566643327,507.9956
2117,507.9357086236123,153.84140566643327,507.9956
2118,507.9357086236123,153.84140566643327,507.9956
2119,507.9357086236123,153.84140566643327,507.9956
2120,509.98046214843635,154.567286147736,507.2855
2121,507.9357086236123,153.84140566643327,507.9956
2122,507.9357086236123,153.84140566643327,507.9956
2123,507.9357086236123,153.84140566643327,507.9956
2124,509.98046214843635,154.567286147736,507.2855
2125,507.9357086236123,153.84140566643327,507.9956
2126,509.98046214843635,154.567286147736,507.2855
2127,507.9357086236123,153.84140566643327,507.9956
2128,509.98046214843635,154.567286147736,507.2855
2129,507.9357086236123,153.84140566643327,507.9956
2130,509.98046214843635,154.567286147736,507.2855
2131,507.9357086236123,153.84140566643327,507.9956
2132,507.9357086236123,153.84140566643327,507.9956
2133,507.9357086236123,153.84140566643327,507.9956
2134,509.98046214843635,154.567286147736,507.2855
2135,507.9357086236123,153.84140566643327,507.9956
2136,509.98046214843635,154.567286147736,507.2855
2137,507.9357086236123,153.84140566643327,507.9956
2138,507.9357086236123,153.84140566643327,507.9956
2139,507.9357086236123,153.84140566643327,507.9956
2140,503.11536188749596,260.31899874377996,506.0246
2141,507.9357086236123,153.84140566643327,507.9956
2142,507.9357086236123,153.84140566643327,507.9956
2143,507.9357086236123,153.84140566643327,507.9956
2144,507.9357086236123,153.84140566643327,507.9956
2145,507.9357086236123,153.84140566643327,507.9956
2146,507.9357086236123,153.84140566643327,507.9956
2147,507.9357086236123,153.84140566643327,507.9956
2148,507.9357086236123,153.84140566643327,507.9956
2149,507.9357086236123,153.84140566643327,507.9956
2150,507.9357086236123,153.84140566643327,507.9956
2151,507.9357086236123,153.84140566643327,507.9956
2152,507.9357086236123,153.84140566643327,507.9956
2153,507.9357086236123,153.84140566643327,507.9956
2154,509.98046214843635,154.567286147736,507.2855
2155,507.9357086236123,153.84140566643327,507.9956
2156,503.11536188749596,260.31899874377996,506.0246
2157,507.9357086236123,153.84140566643327,507.9956
2158,507.9357086236123,153.84140566643327,507.9956
2159,509.98046214843635,154.567286147736,507.2855
2160,509.98046214843635,154.567286147736,507.2855
2161,507.9357086236123,153.84140566643327,507.9956
2162,507.9357086236123,153.84140566643327,507.9956
2163,507.9357086236123,153.84140566643327,507.9956
2164,507.9357086236123,153.84140566643327,507.9956
2165,507.9357086236123,153.84140566643327,507.9956
2166,507.9357086236123,153.84140566643327,507.9956
2167,507.9357086236123,153.84140566643327,507.9956
2168,507.9357086236123,153.84140566643327,507.9956
2169,507.9357086236123,153.84140566643327,507.9956
2170,507.9357086236123,153.84140566643327,507.9956
2171,509.98046214843635,154.567286147736,507.2855
2172,509.98046214843635,154.567286147736,507.2855
2173,507.9357086236123,153.84140566643327,507.9956
2174,509.98046214843635,154.567286147736,507.2855
2175,507.9357086236123,153.84140566643327,507.9956
2176,507.9357086236123,153.84140566643327,507.9956
2177,507.9357086236123,153.84140566643327,507.9956
2178,507.9357086236123,153.84140566643327,507.9956
2179,503.11536188749596,260.31899874377996,506.0246
2180,509.98046214843635,154.567286147736,507.2855
2181,507.9357086236123,153.84140566643327,507.9956
2182,507.9357086236123,153.84140566643327,507.9956
2183,507.9357086236123,153.84140566643327,507.9956
2184,509.98046214843635,154.567286147736,507.2855
2185,507.9357086236123,153.84140566643327,507.9956
2186,507.9357086236123,153.84140566643327,507.9956
2187,507.9357086236123,153.84140566643327,507.9956
2188,509.98046214843635,154.567286147736,507.2855
2189,509.98046214843635,154.567286147736,507.2855
2190,507.9357086236123,153.84140566643327,507.9956
2191,509.98046214843635,154.567286147736,507.2855
2192,507.9357086236123,153.84140566643327,507.9956
2193,507.9357086236123,153.84140566643327,507.9956
2194,509.98046214843635,154.567286147736,507.2855
2195,507.9357086236123,153.84140566643327,507.9956
2196,507.9357086236123,153.84140566643327,507.9956
2197,507.9357086236123,153.84140566643327,507.9956
2198,507.9357086236123,153.84140566643327,507.9956
2199,507.9357086236123,153.84140566643327,507.9956
2200,507.9357086236123,153.84140566643327,507.9956
2201,507.9357086236123,153.84140566643327,507.9956
2202,509.98046214843635,154.567286147736,507.2855
2203,507.9357086236123,153.84140566643327,507.9956
2204,507.9357086236123,153.84140566643327,507.9956
2205,509.98046214843635,154.567286147736,507.2855
2206,509.98046214843635,154.567286147736,507.2855
2207,507.9357086236123,153.84140566643327,507.9956
2208,507.9357086236123,153.84140566643327,507.9956
2209,507.9357086236123,153.84140566643327,507.9956
2210,507.9357086236123,153.84140566643327,507.9956
2211,507.9357086236123,153.84140566643327,507.9956
2212,507.9357086236123,153.84140566643327,507.9956
2213,509.98046214843635,154.567286147736,507.2855
2214,507.9357086236123,153.84140566643327,507.9956
2215,509.98046214843635,154.567286147736,507.2855
2216,507.9357086236123,153.84140566643327,507.9956
2217,509.98046214843635,154.567286147736,507.2855
2218,507.9357086236123,153.84140566643327,507.9956
2219,509.98046214843635,154.567286147736,507.2855
2220,509.98046214843635,154.567286147736,507.2855
2221,509.98046214843635,154.567286147736,507.2855
2222,507.9357086236123,153.84140566643327,507.9956
2223,507.9357086236123,153.84140566643327,507.9956
2224,509.98046214843635,154.567286147736,507.2855
2225,507.9357086236123,153.84140566643327,507.9956
2226,507.9357086236123,153.84140566643327,507.9956
2227,507.9357086236123,153.84140566643327,507.9956
2228,507.9357086236123,153.84140566643327,507.9956
2229,509.98046214843635,154.567286147736,507.2855
2230,509.98046214843635,154.567286147736,507.2855
2231,507.9357086236123,153.84140566643327,507.9956
2232,507.9357086236123,153.84140566643327,507.9956
2233,507.9357086236123,153.84140566643327,507.9956
2234,507.9357086236123,153.84140566643327,507.9956
2235,509.98046214843635,154.567286147736,507.2855
2236,507.9357086236123,153.84140566643327,507.9956
2237,507.9357086236123,153.84140566643327,507.9956
2238,507.9357086236123,153.84140566643327,507.9956
2239,507.9357086236123,153.84140566643327,507.9956
2240,507.9357086236123,153.84140566643327,507.9956
2241,507.9357086236123,153.84140566643327,507.9956
2242,507.9357086236123,153.84140566643327,507.9956
2243,509.98046214843635,154.567286147736,507.2855
2244,507.9357086236123,153.84140566643327,507.9956
2245,507.9357086236123,153.84140566643327,507.9956
2246,507.9357086236123,153.84140566643327,507.9956
2247,507.9357086236123,153.84140566643327,507.9956
2248,509.98046214843635,154.567286147736,507.2855
2249,507.9357086236123,153.84140566643327,507.9956
2250,507.9357086236123,153.84140566643327,507.9956
2251,507.9357086236123,153.84140566643327,507.9956
2252,507.9357086236123,153.84140566643327,507.9956
2253,507.9357086236123,153.84140566643327,507.9956
2254,507.9357086236123,153.84140566643327,507.9956
2255,507.9357086236123,153.84140566643327,507.9956
2256,507.9357086236123,153.84140566643327,507.9956
2257,507.9357086236123,153.84140566643327,507.9956
2258,509.98046214843635,154.567286147736,507.2855
2259,507.9357086236123,153.84140566643327,507.9956
2260,507.9357086236123,153.84140566643327,507.9956
2261,507.9357086236123,153.84140566643327,507.9956
2262,509.98046214843635,154.567286147736,507.2855
2263,507.9357086236123,153.84140566643327,507.9956
2264,507.9357086236123,153.84140566643327,507.9956
2265,507.9357086236123,153.84140566643327,507.9956
2266,507.9357086236123,153.84140566643327,507.9956
2267,509.98046214843635,154.567286147736,507.2855
2268,507.9357086236123,153.84140566643327,507.9956
2269,507.9357086236123,153.84140566643327,507.9956
2270,507.9357086236123,153.84140566643327,507.9956
2271,507.9357086236123,153.84140566643327,507.9956
2272,509.98046214843635,154.567286147736,507.2855
2273,507.9357086236123,153.84140566643327,507.9956
2274,507.9357086236123,153.84140566643327,507.9956
2275,507.9357086236123,153.84140566643327,507.9956
2276,509.98046214843635,154.567286147736,507.2855
2277,509.98046214843635,154.567286147736,507.2855
2278,507.9357086236123,153.84140566643327,507.9956
2279,509.98046214843635,154.567286147736,507.2855
2280,507.9357086236123,153.84140566643327,507.9956
2281,507.9357086236123,153.84140566643327,507.9956
2282,507.9357086236123,153.84140566643327,507.9956
2283,507.9357086236123,153.84140566643327,507.9956
2284,507.9357086236123,153.84140566643327,507.9956
2285,507.9357086236123,153.84140566643327,507.9956
2286,509.98046214843635,154.567286147736,507.2855
2287,507.9357086236123,153.84140566643327,507.9956
2288,507.9357086236123,153.84140566643327,507.9956
2289,507.9357086236123,153.84140566643327,507.9956
2290,509.98046214843635,154.567286147736,507.2855
2291,507.9357086236123,153.84140566643327,507.9956
2292,507.9357086236123,153.84140566643327,507.9956
2293,507.9357086236123,153.84140566643327,507.9956
2294,507.9357086236123,153.84140566643327,507.9956
2295,507.9357086236123,153.84140566643327,507.9956
2296,507.9357086236123,153.84140566643327,507.9956
2297,507.9357086236123,153.84140566643327,507.9956
2298,507.9357086236123,153.84140566643327,507.9956
2299,507.9357086236123,153.84140566643327,507.9956
2300,507.9357086236123,153.84140566643327,507.9956
2301,507.9357086236123,153.84140566643327,507.9956
2302,507.9357086236123,153.84140566643327,507.9956
2303,509.98046214843635,154.567286147736,507.2855
2304,507.9357086236123,153.84140566643327,507.9956
2305,507.9357086236123,153.84140566643327,507.9956
2306,509.98046214843635,154.567286147736,507.2855
2307,507.9357086236123,153.84140566643327,507.9956
2308,507.9357086236123,153.84140566643327,507.9956
2309,507.9357086236123,153.84140566643327,507.9956
2310,507.9357086236123,153.84140566643327,507.9956
2311,507.9357086236123,153.84140566643327,507.9956
2312,509.98046214843635,154.567286147736,507.2855
2313,509.98046214843635,154.567286147736,507.2855
2314,507.9357086236123,153.84140566643327,507.9956
2315,507.9357086236123,153.84140566643327,507.9956
2316,507.9357086236123,153.84140566643327,507.9956
2317,507.9357086236123,153.84140566643327,507.9956
2318,507.9357086236123,153.84140566643327,507.9956
2319,507.9357086236123,153.84140566643327,507.9956
2320,507.9357086236123,153.84140566643327,507.9956
2321,507.9357086236123,153.84140566643327,507.9956
2322,509.98046214843635,154.567286147736,507.2855
2323,509.98046214843635,154.567286147736,507.2855
2324,507.9357086236123,153.84140566643327,507.9956
2325,507.9357086236123,153.84140566643327,507.9956
2326,507.9357086236123,153.84140566643327,507.9956
2327,507.9357086236123,153.84140566643327,507.9956
2328,507.9357086236123,153.84140566643327,507.9956
2329,507.9357086236123,153.84140566643327,507.9956
2330,507.9357086236123,153.84140566643327,507.9956
2331,509.98046214843635,154.567286147736,507.2855
2332,507.9357086236123,153.84140566643327,507.9956
2333,507.9357086236123,153.84140566643327,507.9956
2334,507.9357086236123,153.84140566643327,507.9956
2335,507.9357086236123,153.84140566643327,507.9956
2336,507.9357086236123,153.84140566643327,507.9956
2337,510.8087123542791,126.8691858947277,507.2858
2338,507.9357086236123,153.84140566643327,507.9956
2339,507.9357086236123,153.84140566643327,507.9956
2340,503.11536188749596,260.31899874377996,506.0246
2341,507.9357086236123,153.84140566643327,507.9956
2342,507.9357086236123,153.84140566643327,507.9956
2343,507.9357086236123,153.84140566643327,507.9956
2344,507.9357086236123,153.84140566643327,507.9956
2345,507.9357086236123,153.84140566643327,507.9956
2346,507.9357086236123,153.84140566643327,507.9956
2347,507.9357086236123,153.84140566643327,507.9956
2348,507.9357086236123,153.84140566643327,507.9956
2349,507.9357086236123,153.84140566643327,507.9956
2350,507.9357086236123,153.84140566643327,507.9956
2351,509.98046214843635,154.567286147736,507.2855
2352,507.9357086236123,153.84140566643327,507.9956
2353,507.9357086236123,153.84140566643327,507.9956
2354,507.9357086236123,153.84140566643327,507.9956
2355,507.9357086236123,153.84140566643327,507.9956
2356,507.9357086236123,153.84140566643327,507.9956
2357,507.9357086236123,153.84140566643327,507.9956
2358,507.9357086236123,153.84140566643327,507.9956
2359,509.98046214843635,154.567286147736,507.2855
2360,507.9357086236123,153.84140566643327,507.9956
2361,507.9357086236123,153.84140566643327,507.9956
2362,507.9357086236123,153.84140566643327,507.9956
2363,509.98046214843635,154.567286147736,507.2855
2364,507.9357086236123,153.84140566643327,507.9956
2365,507.9357086236123,153.84140566643327,507.9956
2366,507.9357086236123,153.84140566643327,507.9956
2367,509.98046214843635,154.567286147736,507.2855
2368,507.9357086236123,153.84140566643327,507.9956
2369,507.9357086236123,153.84140566643327,507.9956
2370,507.9357086236123,153.84140566643327,507.9956
2371,503.11536188749596,260.31899874377996,506.0246
2372,507.9357086236123,153.84140566643327,507.9956
2373,507.9357086236123,153.84140566643327,507.9956
2374,507.9357086236123,153.84140566643327,507.9956
2375,509.98046214843635,154.567286147736,507.2855
2376,507.9357086236123,153.84140566643327,507.9956
2377,507.9357086236123,153.84140566643327,507.9956
2378,509.98046214843635,154.567286147736,507.2855
2379,507.9357086236123,153.84140566643327,507.9956
2380,507.9357086236123,153.84140566643327,507.9956
2381,507.9357086236123,153.84140566643327,507.9956
2382,507.9357086236123,153.84140566643327,507.9956
2383,509.98046214843635,154.567286147736,507.2855
2384,507.9357086236123,153.84140566643327,507.9956
2385,507.9357086236123,153.84140566643327,507.9956
2386,507.9357086236123,153.84140566643327,507.9956
2387,507.9357086236123,153.84140566643327,507.9956
2388,507.9357086236123,153.84140566643327,507.9956
2389,507.9357086236123,153.84140566643327,507.9956
2390,507.9357086236123,153.84140566643327,507.9956
2391,509.98046214843635,154.567286147736,507.2855
2392,507.9357086236123,153.84140566643327,507.9956
2393,507.9357086236123,153.84140566643327,507.9956
2394,507.9357086236123,153.84140566643327,507.9956
2395,509.98046214843635,154.567286147736,507.2855
2396,509.98046214843635,154.567286147736,507.2855
2397,507.9357086236123,153.84140566643327,507.9956
2398,507.9357086236123,153.84140566643327,507.9956
2399,507.9357086236123,153.84140566643327,507.9956
2400,507.9357086236123,153.84140566643327,507.9956
2401,507.9357086236123,153.84140566643327,507.9956
2402,507.9357086236123,153.84140566643327,507.9956
2403,507.9357086236123,153.84140566643327,507.9956
2404,507.9357086236123,153.84140566643327,507.9956
2405,507.9357086236123,153.84140566643327,507.9956
2406,507.9357086236123,153.84140566643327,507.9956
2407,482.3590956524713,-6.565504441969097,495.8879
2408,507.9357086236123,153.84140566643327,507.9956
2409,509.98046214843635,154.567286147736,507.2855
2410,507.9357086236123,153.84140566643327,507.9956
2411,507.9357086236123,153.84140566643327,507.9956
2412,509.98046214843635,154.567286147736,507.2855
2413,509.98046214843635,154.567286147736,507.2855
2414,507.9357086236123,153.84140566643327,507.9956
2415,507.9357086236123,153.84140566643327,507.9956
2416,507.9357086236123,153.84140566643327,507.9956
2417,507.9357086236123,153.84140566643327,507.9956
2418,509.98046214843635,154.567286147736,507.2855
2419,507.9357086236123,153.84140566643327,507.9956
2420,507.9357086236123,153.84140566643327,507.9956
2421,507.9357086236123,153.84140566643327,507.9956
2422,507.9357086236123,153.84140566643327,507.9956
2423,509.98046214843635,154.567286147736,507.2855
2424,507.9357086236123,153.84140566643327,507.9956
2425,507.9357086236123,153.84140566643327,507.9956
2426,507.9357086236123,153.84140566643327,507.9956
2427,507.9357086236123,153.84140566643327,507.9956
2428,509.98046214843635,154.567286147736,507.2855
2429,507.9357086236123,153.84140566643327,507.9956
2430,507.9357086236123,153.84140566643327,507.9956
2431,507.9357086236123,153.84140566643327,507.9956
2432,507.9357086236123,153.84140566643327,507.9956
2433,509.98046214843635,154.567286147736,507.2855
2434,509.98046214843635,154.567286147736,507.2855
2435,507.9357086236123,153.84140566643327,507.9956
2436,507.9357086236123,153.84140566643327,507.9956
2437,507.9357086236123,153.84140566643327,507.9956
2438,507.9357086236123,153.84140566643327,507.9956
2439,507.9357086236123,153.84140566643327,507.9956
2440,507.9357086236123,153.84140566643327,507.9956
2441,509.98046214843635,154.567286147736,507.2855
2442,509.98046214843635,154.567286147736,507.2855
2443,509.98046214843635,154.567286147736,507.2855
2444,507.9357086236123,153.84140566643327,507.9956
2445,507.9357086236123,153.84140566643327,507.9956
2446,509.98046214843635,154.567286147736,507.2855
2447,507.9357086236123,153.84140566643327,507.9956
2448,507.9357086236123,153.84140566643327,507.9956
2449,507.9357086236123,153.84140566643327,507.9956
2450,509.98046214843635,154.567286147736,507.2855
2451,509.98046214843635,154.567286147736,507.2855
2452,509.98046214843635,154.567286147736,507.2855
2453,507.9357086236123,153.84140566643327,507.9956
2454,509.98046214843635,154.567286147736,507.2855
2455,507.9357086236123,153.84140566643327,507.9956
2456,507.9357086236123,153.84140566643327,507.9956
2457,509.98046214843635,154.567286147736,507.2855
2458,507.9357086236123,153.84140566643327,507.9956
2459,509.98046214843635,154.567286147736,507.2855
2460,509.98046214843635,154.567286147736,507.2855
2461,507.9357086236123,153.84140566643327,507.9956
2462,507.9357086236123,153.84140566643327,507.9956
2463,503.11536188749596,260.31899874377996,506.0246
2464,507.9357086236123,153.84140566643327,507.9956
2465,507.9357086236123,153.84140566643327,507.9956
2466,503.11536188749596,260.31899874377996,506.0246
2467,509.98046214843635,154.567286147736,507.2855
2468,507.9357086236123,153.84140566643327,507.9956
2469,507.9357086236123,153.84140566643327,507.9956
2470,509.98046214843635,154.567286147736,507.2855
2471,507.9357086236123,153.84140566643327,507.9956
2472,507.9357086236123,153.84140566643327,507.9956
2473,507.9357086236123,153.84140566643327,507.9956
2474,507.9357086236123,153.84140566643327,507.9956
2475,507.9357086236123,153.84140566643327,507.9956
2476,507.9357086236123,153.84140566643327,507.9956
2477,507.9357086236123,153.84140566643327,507.9956
2478,507.9357086236123,153.84140566643327,507.9956
2479,507.9357086236123,153.84140566643327,507.9956
2480,509.98046214843635,154.567286147736,507.2855
2481,507.9357086236123,153.84140566643327,507.9956
2482,509.98046214843635,154.567286147736,507.2855
2483,507.9357086236123,153.84140566643327,507.9956
2484,503.11536188749596,260.31899874377996,506.0246
2485,507.9357086236123,153.84140566643327,507.9956
2486,507.9357086236123,153.84140566643327,507.9956
2487,507.9357086236123,153.84140566643327,507.9956
2488,507.9357086236123,153.84140566643327,507.9956
2489,507.9357086236123,153.84140566643327,507.9956
2490,509.98046214843635,154.567286147736,507.2855
2491,509.98046214843635,154.567286147736,507.2855
2492,507.9357086236123,153.84140566643327,507.9956
2493,507.9357086236123,153.84140566643327,507.9956
2494,507.9357086236123,153.84140566643327,507.9956
2495,507.9357086236123,153.84140566643327,507.9956
2496,507.9357086236123,153.84140566643327,507.9956
2497,507.9357086236123,153.84140566643327,507.9956
2498,509.98046214843635,154.567286147736,507.2855
2499,503.11536188749596,260.31899874377996,506.0246
2500,503.11536188749596,260.31899874377996,506.0246
2501,507.9357086236123,153.84140566643327,507.9956
2502,507.9357086236123,153.84140566643327,507.9956
2503,503.11536188749596,260.31899874377996,506.0246
2504,507.9357086236123,153.84140566643327,507.9956
2505,507.9357086236123,153.84140566643327,507.9956
2506,507.9357086236123,153.84140566643327,507.9956
2507,509.98046214843635,154.567286147736,507.2855
2508,507.9357086236123,153.84140566643327,507.9956
2509,507.9357086236123,153.84140566643327,507.9956
2510,507.9357086236123,153.84140566643327,507.9956
2511,507.9357086236123,153.84140566643327,507.9956
2512,507.9357086236123,153.84140566643327,507.9956
2513,509.98046214843635,154.567286147736,507.2855
2514,507.9357086236123,153.84140566643327,507.9956
2515,507.9357086236123,153.84140566643327,507.9956
2516,507.9357086236123,153.84140566643327,507.9956
2517,509.98046214843635,154.567286147736,507.2855
2518,507.9357086236123,153.84140566643327,507.9956
2519,507.9357086236123,153.84140566643327,507.9956
2520,507.9357086236123,153.84140566643327,507.9956
2521,507.9357086236123,153.84140566643327,507.9956
2522,507.9357086236123,153.84140566643327,507.9956
2523,509.98046214843635,154.567286147736,507.2855
2524,507.9357086236123,153.84140566643327,507.9956
2525,507.9357086236123,153.84140566643327,507.9956
2526,507.9357086236123,153.84140566643327,507.9956
2527,482.3590956524713,-6.565504441969097,495.8879
2528,507.9357086236123,153.84140566643327,507.9956
2529,507.9357086236123,153.84140566643327,507.9956
2530,507.9357086236123,153.84140566643327,507.9956
2531,507.9357086236123,153.84140566643327,507.9956
2532,509.98046214843635,154.567286147736,507.2855
2533,509.98046214843635,154.567286147736,507.2855
2534,509.98046214843635,154.567286147736,507.2855
2535,507.9357086236123,153.84140566643327,507.9956
2536,507.9357086236123,153.84140566643327,507.9956
2537,507.9357086236123,153.84140566643327,507.9956
2538,507.9357086236123,153.84140566643327,507.9956
2539,507.9357086236123,153.84140566643327,507.9956
2540,507.9357086236123,153.84140566643327,507.9956
2541,507.9357086236123,153.84140566643327,507.9956
2542,507.9357086236123,153.84140566643327,507.9956
2543,482.3590956524713,-6.565504441969097,495.8879
2544,482.3590956524713,-6.565504441969097,495.8879
2545,507.9357086236123,153.84140566643327,507.9956
2546,507.9357086236123,153.84140566643327,507.9956
2547,507.9357086236123,153.84140566643327,507.9956
2548,507.9357086236123,153.84140566643327,507.9956
2549,507.9357086236123,153.84140566643327,507.9956
2550,507.9357086236123,153.84140566643327,507.9956
2551,507.9357086236123,153.84140566643327,507.9956
2552,507.9357086236123,153.84140566643327,507.9956
2553,507.9357086236123,153.84140566643327,507.9956
2554,507.9357086236123,153.84140566643327,507.9956
2555,507.9357086236123,153.84140566643327,507.9956
2556,507.9357086236123,153.84140566643327,507.9956
2557,507.9357086236123,153.84140566643327,507.9956
2558,507.9357086236123,153.84140566643327,507.9956
2559,507.9357086236123,153.84140566643327,507.9956
2560,509.98046214843635,154.567286147736,507.2855
2561,509.98046214843635,154.567286147736,507.2855
2562,507.9357086236123,153.84140566643327,507.9956
2563,507.9357086236123,153.84140566643327,507.9956
2564,507.9357086236123,153.84140566643327,507.9956
2565,509.98046214843635,154.567286147736,507.2855
2566,509.98046214843635,154.567286147736,507.2855
2567,509.98046214843635,154.567286147736,507.2855
2568,507.9357086236123,153.84140566643327,507.9956
2569,509.98046214843635,154.567286147736,507.2855
2570,471.7890099196229,-17.714686152525246,499.6711
2571,507.9357086236123,153.84140566643327,507.9956
2572,507.9357086236123,153.84140566643327,507.9956
2573,507.9357086236123,153.84140566643327,507.9956
2574,507.9357086236123,153.84140566643327,507.9956
2575,507.9357086236123,153.84140566643327,507.9956
2576,507.9357086236123,153.84140566643327,507.9956
2577,507.9357086236123,153.84140566643327,507.9956
2578,507.9357086236123,153.84140566643327,507.9956
2579,507.9357086236123,153.84140566643327,507.9956
2580,507.9357086236123,153.84140566643327,507.9956
2581,507.9357086236123,153.84140566643327,507.9956
2582,507.9357086236123,153.84140566643327,507.9956
2583,507.9357086236123,153.84140566643327,507.9956
2584,507.9357086236123,153.84140566643327,507.9956
2585,507.9357086236123,153.84140566643327,507.9956
2586,507.9357086236123,153.84140566643327,507.9956
2587,507.9357086236123,153.84140566643327,507.9956
2588,507.9357086236123,153.84140566643327,507.9956
2589,507.9357086236123,153.84140566643327,507.9956
2590,507.9357086236123,153.84140566643327,507.9956
2591,507.9357086236123,153.84140566643327,507.9956
2592,507.9357086236123,153.84140566643327,507.9956
2593,507.9357086236123,153.84140566643327,507.9956
2594,509.98046214843635,154.567286147736,507.2855
2595,507.9357086236123,153.84140566643327,507.9956
2596,507.9357086236123,153.84140566643327,507.9956
2597,507.9357086236123,153.84140566643327,507.9956
2598,507.9357086236123,153.84140566643327,507.9956
2599,507.9357086236123,153.84140566643327,507.9956
2600,507.9357086236123,153.84140566643327,507.9956
2601,507.9357086236123,153.84140566643327,507.9956
2602,507.9357086236123,153.84140566643327,507.9956
2603,507.9357086236123,153.84140566643327,507.9956
2604,507.9357086236123,153.84140566643327,507.9956
2605,507.9357086236123,153.84140566643327,507.9956
2606,507.9357086236123,153.84140566643327,507.9956
2607,507.9357086236123,153.84140566643327,507.9956
2608,507.9357086236123,153.84140566643327,507.9956
2609,507.9357086236123,153.84140566643327,507.9956
2610,507.9357086236123,153.84140566643327,507.9956
2611,507.9357086236123,153.84140566643327,507.9956
2612,507.9357086236123,153.84140566643327,507.9956
2613,507.9357086236123,153.84140566643327,507.9956
2614,507.9357086236123,153.84140566643327,507.9956
2615,507.9357086236123,153.84140566643327,507.9956
2616,509.98046214843635,154.567286147736,507.2855
2617,507.9357086236123,153.84140566643327,507.9956
2618,507.9357086236123,153.84140566643327,507.9956
2619,507.9357086236123,153.84140566643327,507.9956
2620,509.98046214843635,154.567286147736,507.2855
2621,507.9357086236123,153.84140566643327,507.9956
2622,507.9357086236123,153.84140566643327,507.9956
2623,507.9357086236123,153.84140566643327,507.9956
2624,509.98046214843635,154.567286147736,507.2855
2625,509.98046214843635,154.567286147736,507.2855
2626,507.9357086236123,153.84140566643327,507.9956
2627,507.9357086236123,153.84140566643327,507.9956
2628,507.9357086236123,153.84140566643327,507.9956
2629,507.9357086236123,153.84140566643327,507.9956
2630,507.9357086236123,153.84140566643327,507.9956
2631,507.9357086236123,153.84140566643327,507.9956
2632,507.9357086236123,153.84140566643327,507.9956
2633,507.9357086236123,153.84140566643327,507.9956
2634,507.9357086236123,153.84140566643327,507.9956
2635,507.9357086236123,153.84140566643327,507.9956
2636,507.9357086236123,153.84140566643327,507.9956
2637,507.9357086236123,153.84140566643327,507.9956
2638,507.9357086236123,153.84140566643327,507.9956
2639,507.9357086236123,153.84140566643327,507.9956
2640,507.9357086236123,153.84140566643327,507.9956
2641,509.98046214843635,154.567286147736,507.2855
2642,507.9357086236123,153.84140566643327,507.9956
2643,509.98046214843635,154.567286147736,507.2855
2644,507.9357086236123,153.84140566643327,507.9956
2645,509.98046214843635,154.567286147736,507.2855
2646,507.9357086236123,153.84140566643327,507.9956
2647,507.9357086236123,153.84140566643327,507.9956
2648,507.9357086236123,153.84140566643327,507.9956
2649,507.9357086236123,153.84140566643327,507.9956
2650,507.9357086236123,153.84140566643327,507.9956
2651,507.9357086236123,153.84140566643327,507.9956
2652,507.9357086236123,153.84140566643327,507.9956
2653,507.9357086236123,153.84140566643327,507.9956
2654,507.9357086236123,153.84140566643327,507.9956
2655,507.9357086236123,153.84140566643327,507.9956
2656,507.9357086236123,153.84140566643327,507.9956
2657,509.98046214843635,154.567286147736,507.2855
2658,507.9357086236123,153.84140566643327,507.9956
2659,507.9357086236123,153.84140566643327,507.9956
2660,507.9357086236123,153.84140566643327,507.9956
2661,507.9357086236123,153.84140566643327,507.9956
2662,507.9357086236123,153.84140566643327,507.9956
2663,507.9357086236123,153.84140566643327,507.9956
2664,507.9357086236123,153.84140566643327,507.9956
2665,507.9357086236123,153.84140566643327,507.9956
2666,509.98046214843635,154.567286147736,507.2855
2667,507.9357086236123,153.84140566643327,507.9956
2668,507.9357086236123,153.84140566643327,507.9956
2669,509.98046214843635,154.567286147736,507.2855
2670,507.9357086236123,153.84140566643327,507.9956
2671,507.9357086236123,153.84140566643327,507.9956
2672,507.9357086236123,153.84140566643327,507.9956
2673,507.9357086236123,153.84140566643327,507.9956
2674,507.9357086236123,153.84140566643327,507.9956
2675,509.98046214843635,154.567286147736,507.2855
2676,507.9357086236123,153.84140566643327,507.9956
2677,507.9357086236123,153.84140566643327,507.9956
2678,507.9357086236123,153.84140566643327,507.9956
2679,507.9357086236123,153.84140566643327,507.9956
2680,507.9357086236123,153.84140566643327,507.9956
2681,507.9357086236123,153.84140566643327,507.9956
2682,507.9357086236123,153.84140566643327,507.9956
2683,507.9357086236123,153.84140566643327,507.9956
2684,507.9357086236123,153.84140566643327,507.9956
2685,509.98046214843635,154.567286147736,507.2855
2686,507.9357086236123,153.84140566643327,507.9956
2687,507.9357086236123,153.84140566643327,507.9956
2688,507.9357086236123,153.84140566643327,507.9956
2689,507.9357086236123,153.84140566643327,507.9956
2690,507.9357086236123,153.84140566643327,507.9956
2691,507.9357086236123,153.84140566643327,507.9956
2692,507.9357086236123,153.84140566643327,507.9956
2693,507.9357086236123,153.84140566643327,507.9956
2694,507.9357086236123,153.84140566643327,507.9956
2695,507.9357086236123,153.84140566643327,507.9956
2696,507.9357086236123,153.84140566643327,507.9956
2697,507.9357086236123,153.84140566643327,507.9956
2698,507.9357086236123,153.84140566643327,507.9956
2699,507.9357086236123,153.84140566643327,507.9956
2700,509.98046214843635,154.567286147736,507.2855
2701,509.98046214843635,154.567286147736,507.2855
2702,507.9357086236123,153.84140566643327,507.9956
2703,507.9357086236123,153.84140566643327,507.9956
2704,507.9357086236123,153.84140566643327,507.9956
2705,507.9357086236123,153.84140566643327,507.9956
2706,507.9357086236123,153.84140566643327,507.9956
2707,507.9357086236123,153.84140566643327,507.9956
2708,507.9357086236123,153.84140566643327,507.9956
2709,507.9357086236123,153.84140566643327,507.9956
2710,507.9357086236123,153.84140566643327,507.9956
2711,509.98046214843635,154.567286147736,507.2855
2712,507.9357086236123,153.84140566643327,507.9956
2713,507.9357086236123,153.84140566643327,507.9956
2714,507.9357086236123,153.84140566643327,507.9956
2715,509.98046214843635,154.567286147736,507.2855
2716,509.98046214843635,154.567286147736,507.2855
2717,507.9357086236123,153.84140566643327,507.9956
2718,507.9357086236123,153.84140566643327,507.9956
2719,509.98046214843635,154.567286147736,507.2855
2720,507.9357086236123,153.84140566643327,507.9956
2721,507.9357086236123,153.84140566643327,507.9956
2722,507.9357086236123,153.84140566643327,507.9956
2723,507.9357086236123,153.84140566643327,507.9956
2724,507.9357086236123,153.84140566643327,507.9956
2725,507.9357086236123,153.84140566643327,507.9956
2726,507.9357086236123,153.84140566643327,507.9956
2727,507.9357086236123,153.84140566643327,507.9956
2728,507.9357086236123,153.84140566643327,507.9956
2729,507.9357086236123,153.84140566643327,507.9956
2730,507.9357086236123,153.84140566643327,507.9956
2731,507.9357086236123,153.84140566643327,507.9956
2732,507.9357086236123,153.84140566643327,507.9956
2733,507.9357086236123,153.84140566643327,507.9956
2734,507.9357086236123,153.84140566643327,507.9956
2735,507.9357086236123,153.84140566643327,507.9956
2736,507.9357086236123,153.84140566643327,507.9956
2737,507.9357086236123,153.84140566643327,507.9956
2738,507.9357086236123,153.84140566643327,507.9956
2739,507.9357086236123,153.84140566643327,507.9956
2740,507.9357086236123,153.84140566643327,507.9956
2741,507.9357086236123,153.84140566643327,507.9956
2742,507.9357086236123,153.84140566643327,507.9956
2743,507.9357086236123,153.84140566643327,507.9956
2744,507.9357086236123,153.84140566643327,507.9956
2745,507.9357086236123,153.84140566643327,507.9956
2746,507.9357086236123,153.84140566643327,507.9956
2747,507.9357086236123,153.84140566643327,507.9956
2748,507.9357086236123,153.84140566643327,507.9956
2749,507.9357086236123,153.84140566643327,507.9956
2750,507.9357086236123,153.84140566643327,507.9956
2751,507.9357086236123,153.84140566643327,507.9956
2752,509.98046214843635,154.567286147736,507.2855
2753,507.9357086236123,153.84140566643327,507.9956
2754,507.9357086236123,153.84140566643327,507.9956
2755,507.9357086236123,153.84140566643327,507.9956
2756,507.9357086236123,153.84140566643327,507.9956
2757,507.9357086236123,153.84140566643327,507.9956
2758,507.9357086236123,153.84140566643327,507.9956
2759,507.9357086236123,153.84140566643327,507.9956
2760,507.9357086236123,153.84140566643327,507.9956
2761,507.9357086236123,153.84140566643327,507.9956
2762,507.9357086236123,153.84140566643327,507.9956
2763,507.9357086236123,153.84140566643327,507.9956
2764,509.98046214843635,154.567286147736,507.2855
2765,507.9357086236123,153.84140566643327,507.9956
2766,507.9357086236123,153.84140566643327,507.9956
2767,507.9357086236123,153.84140566643327,507.9956
2768,507.9357086236123,153.84140566643327,507.9956
2769,507.9357086236123,153.84140566643327,507.9956
2770,507.9357086236123,153.84140566643327,507.9956
2771,509.98046214843635,154.567286147736,507.2855
2772,507.9357086236123,153.84140566643327,507.9956
2773,507.9357086236123,153.84140566643327,507.9956
2774,507.9357086236123,153.84140566643327,507.9956
2775,507.9357086236123,153.84140566643327,507.9956
2776,507.9357086236123,153.84140566643327,507.9956
2777,507.9357086236123,153.84140566643327,507.9956
2778,507.9357086236123,153.84140566643327,507.9956
2779,507.9357086236123,153.84140566643327,507.9956
2780,507.9357086236123,153.84140566643327,507.9956
2781,507.9357086236123,153.84140566643327,507.9956
2782,507.9357086236123,153.84140566643327,507.9956
2783,509.98046214843635,154.567286147736,507.2855
2784,507.9357086236123,153.84140566643327,507.9956
2785,507.9357086236123,153.84140566643327,507.9956
2786,507.9357086236123,153.84140566643327,507.9956
2787,507.9357086236123,153.84140566643327,507.9956
2788,507.9357086236123,153.84140566643327,507.9956
2789,507.9357086236123,153.84140566643327,507.9956
2790,507.9357086236123,153.84140566643327,507.9956
2791,507.9357086236123,153.84140566643327,507.9956
2792,509.98046214843635,154.567286147736,507.2855
2793,507.9357086236123,153.84140566643327,507.9956
2794,507.9357086236123,153.84140566643327,507.9956
2795,507.9357086236123,153.84140566643327,507.9956
2796,509.98046214843635,154.567286147736,507.2855
2797,507.9357086236123,153.84140566643327,507.9956
2798,507.9357086236123,153.84140566643327,507.9956
2799,509.98046214843635,154.567286147736,507.2855
2800,507.9357086236123,153.84140566643327,507.9956
2801,507.9357086236123,153.84140566643327,507.9956
2802,507.9357086236123,153.84140566643327,507.9956
2803,507.9357086236123,153.84140566643327,507.9956
2804,507.9357086236123,153.84140566643327,507.9956
2805,507.9357086236123,153.84140566643327,507.9956
2806,507.9357086236123,153.84140566643327,507.9956
2807,507.9357086236123,153.84140566643327,507.9956
2808,507.9357086236123,153.84140566643327,507.9956
2809,507.9357086236123,153.84140566643327,507.9956
2810,507.9357086236123,153.84140566643327,507.9956
2811,507.9357086236123,153.84140566643327,507.9956
2812,507.9357086236123,153.84140566643327,507.9956
2813,507.9357086236123,153.84140566643327,507.9956
2814,507.9357086236123,153.84140566643327,507.9956
2815,507.9357086236123,153.84140566643327,507.9956
2816,507.9357086236123,153.84140566643327,507.9956
2817,507.9357086236123,153.84140566643327,507.9956
2818,507.9357086236123,153.84140566643327,507.9956
2819,507.9357086236123,153.84140566643327,507.9956
2820,507.9357086236123,153.84140566643327,507.9956
2821,507.9357086236123,153.84140566643327,507.9956
2822,507.9357086236123,153.84140566643327,507.9956
2823,507.9357086236123,153.84140566643327,507.9956
2824,507.9357086236123,153.84140566643327,507.9956
2825,507.9357086236123,153.84140566643327,507.9956
2826,507.9357086236123,153.84140566643327,507.9956
2827,507.9357086236123,153.84140566643327,507.9956
2828,507.9357086236123,153.84140566643327,507.9956
2829,507.9357086236123,153.84140566643327,507.9956
2830,507.9357086236123,153.84140566643327,507.9956
2831,507.9357086236123,153.84140566643327,507.9956
2832,507.9357086236123,153.84140566643327,507.9956
2833,507.9357086236123,153.84140566643327,507.9956
2834,507.9357086236123,153.84140566643327,507.9956
2835,507.9357086236123,153.84140566643327,507.9956
2836,507.9357086236123,153.84140566643327,507.9956
2837,507.9357086236123,153.84140566643327,507.9956
2838,507.9357086236123,153.84140566643327,507.9956
2839,507.9357086236123,153.84140566643327,507.9956
2840,507.9357086236123,153.84140566643327,507.9956
2841,507.9357086236123,153.84140566643327,507.9956
2842,507.9357086236123,153.84140566643327,507.9956
2843,507.9357086236123,153.84140566643327,507.9956
2844,507.9357086236123,153.84140566643327,507.9956
2845,507.9357086236123,153.84140566643327,507.9956
2846,507.9357086236123,153.84140566643327,507.9956
2847,507.9357086236123,153.84140566643327,507.9956
2848,507.9357086236123,153.84140566643327,507.9956
2849,507.9357086236123,153.84140566643327,507.9956
2850,507.9357086236123,153.84140566643327,507.9956
2851,509.98046214843635,154.567286147736,507.2855
2852,507.9357086236123,153.84140566643327,507.9956
2853,509.98046214843635,154.567286147736,507.2855
2854,507.9357086236123,153.84140566643327,507.9956
2855,507.9357086236123,153.84140566643327,507.9956
2856,507.9357086236123,153.84140566643327,507.9956
2857,507.9357086236123,153.84140566643327,507.9956
2858,507.9357086236123,153.84140566643327,507.9956
2859,507.9357086236123,153.84140566643327,507.9956
2860,507.9357086236123,153.84140566643327,507.9956
2861,507.9357086236123,153.84140566643327,507.9956
2862,507.9357086236123,153.84140566643327,507.9956
2863,507.9357086236123,153.84140566643327,507.9956
2864,507.9357086236123,153.84140566643327,507.9956
2865,507.9357086236123,153.84140566643327,507.9956
2866,509.98046214843635,154.567286147736,507.2855
2867,509.98046214843635,154.567286147736,507.2855
2868,507.9357086236123,153.84140566643327,507.9956
2869,507.9357086236123,153.84140566643327,507.9956
2870,507.9357086236123,153.84140566643327,507.9956
2871,507.9357086236123,153.84140566643327,507.9956
2872,507.9357086236123,153.84140566643327,507.9956
2873,507.9357086236123,153.84140566643327,507.9956
2874,507.9357086236123,153.84140566643327,507.9956
2875,507.9357086236123,153.84140566643327,507.9956
2876,507.9357086236123,153.84140566643327,507.9956
2877,507.9357086236123,153.84140566643327,507.9956
2878,509.98046214843635,154.567286147736,507.2855
2879,507.9357086236123,153.84140566643327,507.9956
2880,507.9357086236123,153.84140566643327,507.9956
2881,509.98046214843635,154.567286147736,507.2855
2882,507.9357086236123,153.84140566643327,507.9956
2883,507.9357086236123,153.84140566643327,507.9956
2884,507.9357086236123,153.84140566643327,507.9956
2885,507.9357086236123,153.84140566643327,507.9956
2886,507.9357086236123,153.84140566643327,507.9956
2887,507.9357086236123,153.84140566643327,507.9956
2888,507.9357086236123,153.84140566643327,507.9956
2889,509.98046214843635,154.567286147736,507.2855
2890,507.9357086236123,153.84140566643327,507.9956
2891,507.9357086236123,153.84140566643327,507.9956
2892,507.9357086236123,153.84140566643327,507.9956
2893,507.9357086236123,153.84140566643327,507.9956
2894,507.9357086236123,153.84140566643327,507.9956
2895,507.9357086236123,153.84140566643327,507.9956
2896,507.9357086236123,153.84140566643327,507.9956
2897,507.9357086236123,153.84140566643327,507.9956
2898,507.9357086236123,153.84140566643327,507.9956
2899,509.98046214843635,154.567286147736,507.2855
2900,507.9357086236123,153.84140566643327,507.9956
2901,507.9357086236123,153.84140566643327,507.9956
2902,507.9357086236123,153.84140566643327,507.9956
2903,507.9357086236123,153.84140566643327,507.9956
2904,507.9357086236123,153.84140566643327,507.9956
2905,507.9357086236123,153.84140566643327,507.9956
2906,507.9357086236123,153.84140566643327,507.9956
2907,507.9357086236123,153.84140566643327,507.9956
2908,507.9357086236123,153.84140566643327,507.9956
2909,507.9357086236123,153.84140566643327,507.9956
2910,507.9357086236123,153.84140566643327,507.9956
2911,507.9357086236123,153.84140566643327,507.9956
2912,507.9357086236123,153.84140566643327,507.9956
2913,507.9357086236123,153.84140566643327,507.9956
2914,507.9357086236123,153.84140566643327,507.9956
2915,509.98046214843635,154.567286147736,507.2855
2916,509.98046214843635,154.567286147736,507.2855
2917,507.9357086236123,153.84140566643327,507.9956
2918,507.9357086236123,153.84140566643327,507.9956
2919,507.9357086236123,153.84140566643327,507.9956
2920,507.9357086236123,153.84140566643327,507.9956
2921,507.9357086236123,153.84140566643327,507.9956
2922,507.9357086236123,153.84140566643327,507.9956
2923,507.9357086236123,153.84140566643327,507.9956
2924,507.9357086236123,153.84140566643327,507.9956
2925,509.98046214843635,154.567286147736,507.2855
2926,507.9357086236123,153.84140566643327,507.9956
2927,507.9357086236123,153.84140566643327,507.9956
2928,507.9357086236123,153.84140566643327,507.9956
2929,507.9357086236123,153.84140566643327,507.9956
2930,507.9357086236123,153.84140566643327,507.9956
2931,507.9357086236123,153.84140566643327,507.9956
2932,509.98046214843635,154.567286147736,507.2855
2933,507.9357086236123,153.84140566643327,507.9956
2934,507.9357086236123,153.84140566643327,507.9956
2935,507.9357086236123,153.84140566643327,507.9956
2936,507.9357086236123,153.84140566643327,507.9956
2937,507.9357086236123,153.84140566643327,507.9956
2938,507.9357086236123,153.84140566643327,507.9956
2939,507.9357086236123,153.84140566643327,507.9956
2940,507.9357086236123,153.84140566643327,507.9956
2941,507.9357086236123,153.84140566643327,507.9956
2942,507.9357086236123,153.84140566643327,507.9956
2943,507.9357086236123,153.84140566643327,507.9956
2944,507.9357086236123,153.84140566643327,507.9956
2945,509.98046214843635,154.567286147736,507.2855
2946,507.9357086236123,153.84140566643327,507.9956
2947,507.9357086236123,153.84140566643327,507.9956
2948,507.9357086236123,153.84140566643327,507.9956
2949,507.9357086236123,153.84140566643327,507.9956
2950,507.9357086236123,153.84140566643327,507.9956
2951,507.9357086236123,153.84140566643327,507.9956
2952,507.9357086236123,153.84140566643327,507.9956
2953,507.9357086236123,153.84140566643327,507.9956
2954,507.9357086236123,153.84140566643327,507.9956
2955,507.9357086236123,153.84140566643327,507.9956
2956,507.9357086236123,153.84140566643327,507.9956
2957,507.9357086236123,153.84140566643327,507.9956
2958,507.9357086236123,153.84140566643327,507.9956
2959,507.9357086236123,153.84140566643327,507.9956
2960,507.9357086236123,153.84140566643327,507.9956
2961,507.9357086236123,153.84140566643327,507.9956
2962,507.9357086236123,153.84140566643327,507.9956
2963,507.9357086236123,153.84140566643327,507.9956
2964,507.9357086236123,153.84140566643327,507.9956
2965,507.9357086236123,153.84140566643327,507.9956
2966,507.9357086236123,153.84140566643327,507.9956
2967,507.9357086236123,153.84140566643327,507.9956
2968,507.9357086236123,153.84140566643327,507.9956
2969,507.9357086236123,153.84140566643327,507.9956
2970,507.9357086236123,153.84140566643327,507.9956
2971,507.9357086236123,153.84140566643327,507.9956
2972,507.9357086236123,153.84140566643327,507.9956
2973,507.9357086236123,153.84140566643327,507.9956
2974,507.9357086236123,153.84140566643327,507.9956
2975,507.9357086236123,153.84140566643327,507.9956
2976,507.9357086236123,153.84140566643327,507.9956
2977,507.9357086236123,153.84140566643327,507.9956
2978,507.9357086236123,153.84140566643327,507.9956
2979,507.9357086236123,153.84140566643327,507.9956
2980,507.9357086236123,153.84140566643327,507.9956
2981,507.9357086236123,153.84140566643327,507.9956
2982,509.98046214843635,154.567286147736,507.2855
2983,507.9357086236123,153.84140566643327,507.9956
2984,507.9357086236123,153.84140566643327,507.9956
2985,507.9357086236123,153.84140566643327,507.9956
2986,507.9357086236123,153.84140566643327,507.9956
2987,507.9357086236123,153.84140566643327,507.9956
2988,507.9357086236123,153.84140566643327,507.9956
2989,507.9357086236123,153.84140566643327,507.9956
2990,507.9357086236123,153.84140566643327,507.9956
2991,507.9357086236123,153.84140566643327,507.9956
2992,507.9357086236123,153.84140566643327,507.9956
2993,507.9357086236123,153.84140566643327,507.9956
2994,507.9357086236123,153.84140566643327,507.9956
2995,507.9357086236123,153.84140566643327,507.9956
2996,507.9357086236123,153.84140566643327,507.9956
2997,507.9357086236123,153.84140566643327,507.9956
2998,509.98046214843635,154.567286147736,507.2855
2999,507.9357086236123,153.84140566643327,507.9956
3000,507.9357086236123,153.84140566643327,507.9956
3001,507.9357086236123,153.84140566643327,507.9956
3002,507.9357086236123,153.84140566643327,507.9956
3003,507.9357086236123,153.84140566643327,507.9956
3004,507.9357086236123,153.84140566643327,507.9956
3005,509.98046214843635,154.567286147736,507.2855
3006,509.98046214843635,154.567286147736,507.2855
3007,507.9357086236123,153.84140566643327,507.9956
3008,507.9357086236123,153.84140566643327,507.9956
3009,509.98046214843635,154.567286147736,507.2855
3010,507.9357086236123,153.84140566643327,507.9956
3011,507.9357086236123,153.84140566643327,507.9956
3012,507.9357086236123,153.84140566643327,507.9956
3013,507.9357086236123,153.84140566643327,507.9956
3014,507.9357086236123,153.84140566643327,507.9956
3015,507.9357086236123,153.84140566643327,507.9956
3016,507.9357086236123,153.84140566643327,507.9956
3017,507.9357086236123,153.84140566643327,507.9956
3018,507.9357086236123,153.84140566643327,507.9956
3019,507.9357086236123,153.84140566643327,507.9956
3020,507.9357086236123,153.84140566643327,507.9956
3021,507.9357086236123,153.84140566643327,507.9956
3022,507.9357086236123,153.84140566643327,507.9956
3023,507.9357086236123,153.84140566643327,507.9956
3024,507.9357086236123,153.84140566643327,507.9956
3025,507.9357086236123,153.84140566643327,507.9956
3026,507.9357086236123,153.84140566643327,507.9956
3027,507.9357086236123,153.84140566643327,507.9956
3028,507.9357086236123,153.84140566643327,507.9956
3029,507.9357086236123,153.84140566643327,507.9956
3030,507.9357086236123,153.84140566643327,507.9956
3031,507.9357086236123,153.84140566643327,507.9956
3032,507.9357086236123,153.84140566643327,507.9956
3033,507.9357086236123,153.84140566643327,507.9956
3034,507.9357086236123,153.84140566643327,507.9956
3035,509.98046214843635,154.567286147736,507.2855
3036,507.9357086236123,153.84140566643327,507.9956
3037,507.9357086236123,153.84140566643327,507.9956
3038,507.9357086236123,153.84140566643327,507.9956
3039,507.9357086236123,153.84140566643327,507.9956
3040,507.9357086236123,153.84140566643327,507.9956
3041,507.9357086236123,153.84140566643327,507.9956
3042,507.9357086236123,153.84140566643327,507.9956
3043,507.9357086236123,153.84140566643327,507.9956
3044,507.9357086236123,153.84140566643327,507.9956
3045,507.9357086236123,153.84140566643327,507.9956
3046,507.9357086236123,153.84140566643327,507.9956
3047,507.9357086236123,153.84140566643327,507.9956
3048,507.9357086236123,153.84140566643327,507.9956
3049,507.9357086236123,153.84140566643327,507.9956
3050,507.9357086236123,153.84140566643327,507.9956
3051,507.9357086236123,153.84140566643327,507.9956
3052,507.9357086236123,153.84140566643327,507.9956
3053,507.9357086236123,153.84140566643327,507.9956
3054,507.9357086236123,153.84140566643327,507.9956
3055,507.9357086236123,153.84140566643327,507.9956
3056,507.9357086236123,153.84140566643327,507.9956
3057,507.9357086236123,153.84140566643327,507.9956
3058,507.9357086236123,153.84140566643327,507.9956
3059,507.9357086236123,153.84140566643327,507.9956
3060,507.9357086236123,153.84140566643327,507.9956
3061,507.9357086236123,153.84140566643327,507.9956
3062,507.9357086236123,153.84140566643327,507.9956
3063,507.9357086236123,153.84140566643327,507.9956
3064,507.9357086236123,153.84140566643327,507.9956
3065,507.9357086236123,153.84140566643327,507.9956
3066,507.9357086236123,153.84140566643327,507.9956
3067,509.98046214843635,154.567286147736,507.2855
3068,507.9357086236123,153.84140566643327,507.9956
3069,507.9357086236123,153.84140566643327,507.9956
3070,507.9357086236123,153.84140566643327,507.9956
3071,507.9357086236123,153.84140566643327,507.9956
3072,509.98046214843635,154.567286147736,507.2855
3073,509.98046214843635,154.567286147736,507.2855
3074,507.9357086236123,153.84140566643327,507.9956
3075,507.9357086236123,153.84140566643327,507.9956
3076,507.9357086236123,153.84140566643327,507.9956
3077,507.9357086236123,153.84140566643327,507.9956
3078,507.9357086236123,153.84140566643327,507.9956
3079,509.98046214843635,154.567286147736,507.2855
3080,507.9357086236123,153.84140566643327,507.9956
3081,507.9357086236123,153.84140566643327,507.9956
3082,507.9357086236123,153.84140566643327,507.9956
3083,507.9357086236123,153.84140566643327,507.9956
3084,507.9357086236123,153.84140566643327,507.9956
3085,507.9357086236123,153.84140566643327,507.9956
3086,507.9357086236123,153.84140566643327,507.9956
3087,507.9357086236123,153.84140566643327,507.9956
3088,509.98046214843635,154.567286147736,507.2855
3089,507.9357086236123,153.84140566643327,507.9956
3090,507.9357086236123,153.84140566643327,507.9956
3091,507.9357086236123,153.84140566643327,507.9956
3092,507.9357086236123,153.84140566643327,507.9956
3093,507.9357086236123,153.84140566643327,507.9956
3094,507.9357086236123,153.84140566643327,507.9956
3095,507.9357086236123,153.84140566643327,507.9956
3096,507.9357086236123,153.84140566643327,507.9956
3097,507.9357086236123,153.84140566643327,507.9956
3098,507.9357086236123,153.84140566643327,507.9956
3099,507.9357086236123,153.84140566643327,507.9956
3100,509.98046214843635,154.567286147736,507.2855
3101,507.9357086236123,153.84140566643327,507.9956
3102,507.9357086236123,153.84140566643327,507.9956
3103,503.11536188749596,260.31899874377996,506.0246
3104,507.9357086236123,153.84140566643327,507.9956
3105,507.9357086236123,153.84140566643327,507.9956
3106,509.98046214843635,154.567286147736,507.2855
3107,507.9357086236123,153.84140566643327,507.9956
3108,507.9357086236123,153.84140566643327,507.9956
3109,507.9357086236123,153.84140566643327,507.9956
3110,507.9357086236123,153.84140566643327,507.9956
3111,507.9357086236123,153.84140566643327,507.9956
3112,507.9357086236123,153.84140566643327,507.9956
3113,507.9357086236123,153.84140566643327,507.9956
3114,507.9357086236123,153.84140566643327,507.9956
3115,507.9357086236123,153.84140566643327,507.9956
3116,507.9357086236123,153.84140566643327,507.9956
3117,507.9357086236123,153.84140566643327,507.9956
3118,507.9357086236123,153.84140566643327,507.9956
3119,507.9357086236123,153.84140566643327,507.9956
3120,507.9357086236123,153.84140566643327,507.9956
3121,507.9357086236123,153.84140566643327,507.9956
3122,509.98046214843635,154.567286147736,507.2855
3123,509.98046214843635,154.567286147736,507.2855
3124,507.9357086236123,153.84140566643327,507.9956
3125,507.9357086236123,153.84140566643327,507.9956
3126,507.9357086236123,153.84140566643327,507.9956
3127,509.98046214843635,154.567286147736,507.2855
3128,507.9357086236123,153.84140566643327,507.9956
3129,507.9357086236123,153.84140566643327,507.9956
3130,507.9357086236123,153.84140566643327,507.9956
3131,507.9357086236123,153.84140566643327,507.9956
3132,507.9357086236123,153.84140566643327,507.9956
3133,507.9357086236123,153.84140566643327,507.9956
3134,507.9357086236123,153.84140566643327,507.9956
3135,507.9357086236123,153.84140566643327,507.9956
3136,507.9357086236123,153.84140566643327,507.9956
3137,507.9357086236123,153.84140566643327,507.9956
3138,507.9357086236123,153.84140566643327,507.9956
3139,507.9357086236123,153.84140566643327,507.9956
3140,507.9357086236123,153.84140566643327,507.9956
3141,507.9357086236123,153.84140566643327,507.9956
3142,507.9357086236123,153.84140566643327,507.9956
3143,507.9357086236123,153.84140566643327,507.9956
3144,507.9357086236123,153.84140566643327,507.9956
3145,507.9357086236123,153.84140566643327,507.9956
3146,507.9357086236123,153.84140566643327,507.9956
3147,507.9357086236123,153.84140566643327,507.9956
3148,507.9357086236123,153.84140566643327,507.9956
3149,507.9357086236123,153.84140566643327,507.9956
3150,509.98046214843635,154.567286147736,507.2855
3151,507.9357086236123,153.84140566643327,507.9956
3152,509.98046214843635,154.567286147736,507.2855
3153,507.9357086236123,153.84140566643327,507.9956
3154,507.9357086236123,153.84140566643327,507.9956
3155,507.9357086236123,153.84140566643327,507.9956
3156,507.9357086236123,153.84140566643327,507.9956
3157,507.9357086236123,153.84140566643327,507.9956
3158,507.9357086236123,153.84140566643327,507.9956
3159,507.9357086236123,153.84140566643327,507.9956
3160,507.9357086236123,153.84140566643327,507.9956
3161,507.9357086236123,153.84140566643327,507.9956
3162,507.9357086236123,153.84140566643327,507.9956
3163,507.9357086236123,153.84140566643327,507.9956
3164,507.9357086236123,153.84140566643327,507.9956
3165,507.9357086236123,153.84140566643327,507.9956
3166,507.9357086236123,153.84140566643327,507.9956
3167,507.9357086236123,153.84140566643327,507.9956
3168,507.9357086236123,153.84140566643327,507.9956
3169,507.9357086236123,153.84140566643327,507.9956
3170,507.9357086236123,153.84140566643327,507.9956
3171,507.9357086236123,153.84140566643327,507.9956
3172,507.9357086236123,153.84140566643327,507.9956
3173,507.9357086236123,153.84140566643327,507.9956
3174,507.9357086236123,153.84140566643327,507.9956
3175,507.9357086236123,153.84140566643327,507.9956
3176,507.9357086236123,153.84140566643327,507.9956
3177,507.9357086236123,153.84140566643327,507.9956
3178,507.9357086236123,153.84140566643327,507.9956
3179,507.9357086236123,153.84140566643327,507.9956
3180,507.9357086236123,153.84140566643327,507.9956
3181,507.9357086236123,153.84140566643327,507.9956
3182,507.9357086236123,153.84140566643327,507.9956
3183,507.9357086236123,153.84140566643327,507.9956
3184,507.9357086236123,153.84140566643327,507.9956
3185,507.9357086236123,153.84140566643327,507.9956
3186,507.9357086236123,153.84140566643327,507.9956
3187,507.9357086236123,153.84140566643327,507.9956
3188,507.9357086236123,153.84140566643327,507.9956
3189,507.9357086236123,153.84140566643327,507.9956
3190,507.9357086236123,153.84140566643327,507.9956
3191,507.9357086236123,153.84140566643327,507.9956
3192,509.98046214843635,154.567286147736,507.2855
3193,507.9357086236123,153.84140566643327,507.9956
3194,507.9357086236123,153.84140566643327,507.9956
3195,507.9357086236123,153.84140566643327,507.9956
3196,507.9357086236123,153.84140566643327,507.9956
3197,507.9357086236123,153.84140566643327,507.9956
3198,507.9357086236123,153.84140566643327,507.9956
3199,507.9357086236123,153.84140566643327,507.9956
3200,507.9357086236123,153.84140566643327,507.9956
3201,507.9357086236123,153.84140566643327,507.9956
3202,509.98046214843635,154.567286147736,507.2855
3203,507.9357086236123,153.84140566643327,507.9956
3204,507.9357086236123,153.84140566643327,507.9956
3205,507.9357086236123,153.84140566643327,507.9956
3206,507.9357086236123,153.84140566643327,507.9956
3207,507.9357086236123,153.84140566643327,507.9956
3208,507.9357086236123,153.84140566643327,507.9956
3209,507.9357086236123,153.84140566643327,507.9956
3210,507.9357086236123,153.84140566643327,507.9956
3211,507.9357086236123,153.84140566643327,507.9956
3212,507.9357086236123,153.84140566643327,507.9956
3213,507.9357086236123,153.84140566643327,507.9956
3214,507.9357086236123,153.84140566643327,507.9956
3215,507.9357086236123,153.84140566643327,507.9956
3216,507.9357086236123,153.84140566643327,507.9956
3217,507.9357086236123,153.84140566643327,507.9956
3218,507.9357086236123,153.84140566643327,507.9956
3219,507.9357086236123,153.84140566643327,507.9956
3220,509.98046214843635,154.567286147736,507.2855
3221,507.9357086236123,153.84140566643327,507.9956
3222,507.9357086236123,153.84140566643327,507.9956
3223,507.9357086236123,153.84140566643327,507.9956
3224,507.9357086236123,153.84140566643327,507.9956
3225,507.9357086236123,153.84140566643327,507.9956
3226,507.9357086236123,153.84140566643327,507.9956
3227,509.98046214843635,154.567286147736,507.2855
3228,507.9357086236123,153.84140566643327,507.9956
3229,507.9357086236123,153.84140566643327,507.9956
3230,507.9357086236123,153.84140566643327,507.9956
3231,509.98046214843635,154.567286147736,507.2855
3232,507.9357086236123,153.84140566643327,507.9956
3233,507.9357086236123,153.84140566643327,507.9956
3234,507.9357086236123,153.84140566643327,507.9956
3235,509.98046214843635,154.567286147736,507.2855
3236,507.9357086236123,153.84140566643327,507.9956
3237,507.9357086236123,153.84140566643327,507.9956
3238,507.9357086236123,153.84140566643327,507.9956
3239,507.9357086236123,153.84140566643327,507.9956
3240,503.11536188749596,260.31899874377996,506.0246
3241,507.9357086236123,153.84140566643327,507.9956
3242,507.9357086236123,153.84140566643327,507.9956
3243,507.9357086236123,153.84140566643327,507.9956
3244,507.9357086236123,153.84140566643327,507.9956
3245,507.9357086236123,153.84140566643327,507.9956
3246,507.9357086236123,153.84140566643327,507.9956
3247,507.9357086236123,153.84140566643327,507.9956
3248,507.9357086236123,153.84140566643327,507.9956
3249,507.9357086236123,153.84140566643327,507.9956
3250,507.9357086236123,153.84140566643327,507.9956
3251,507.9357086236123,153.84140566643327,507.9956
3252,507.9357086236123,153.84140566643327,507.9956
3253,509.98046214843635,154.567286147736,507.2855
3254,507.9357086236123,153.84140566643327,507.9956
3255,507.9357086236123,153.84140566643327,507.9956
3256,507.9357086236123,153.84140566643327,507.9956
3257,507.9357086236123,153.84140566643327,507.9956
3258,507.9357086236123,153.84140566643327,507.9956
3259,507.9357086236123,153.84140566643327,507.9956
3260,507.9357086236123,153.84140566643327,507.9956
3261,507.9357086236123,153.84140566643327,507.9956
3262,507.9357086236123,153.84140566643327,507.9956
3263,507.9357086236123,153.84140566643327,507.9956
3264,507.9357086236123,153.84140566643327,507.9956
3265,509.98046214843635,154.567286147736,507.2855
3266,507.9357086236123,153.84140566643327,507.9956
3267,507.9357086236123,153.84140566643327,507.9956
3268,359.46610387112014,134.1267675627023,512.8392
3269,507.9357086236123,153.84140566643327,507.9956
3270,507.9357086236123,153.84140566643327,507.9956
3271,509.98046214843635,154.567286147736,507.2855
3272,509.98046214843635,154.567286147736,507.2855
3273,509.98046214843635,154.567286147736,507.2855
3274,507.9357086236123,153.84140566643327,507.9956
3275,507.9357086236123,153.84140566643327,507.9956
3276,507.9357086236123,153.84140566643327,507.9956
3277,507.9357086236123,153.84140566643327,507.9956
3278,507.9357086236123,153.84140566643327,507.9956
3279,507.9357086236123,153.84140566643327,507.9956
3280,507.9357086236123,153.84140566643327,507.9956
3281,507.9357086236123,153.84140566643327,507.9956
3282,507.9357086236123,153.84140566643327,507.9956
3283,507.9357086236123,153.84140566643327,507.9956
3284,507.9357086236123,153.84140566643327,507.9956
3285,507.9357086236123,153.84140566643327,507.9956
3286,507.9357086236123,153.84140566643327,507.9956
3287,507.9357086236123,153.84140566643327,507.9956
3288,507.9357086236123,153.84140566643327,507.9956
3289,507.9357086236123,153.84140566643327,507.9956
3290,509.98046214843635,154.567286147736,507.2855
3291,507.9357086236123,153.84140566643327,507.9956
3292,509.98046214843635,154.567286147736,507.2855
3293,509.98046214843635,154.567286147736,507.2855
3294,509.98046214843635,154.567286147736,507.2855
3295,507.9357086236123,153.84140566643327,507.9956
3296,507.9357086236123,153.84140566643327,507.9956
3297,509.98046214843635,154.567286147736,507.2855
3298,507.9357086236123,153.84140566643327,507.9956
3299,507.9357086236123,153.84140566643327,507.9956
3300,507.9357086236123,153.84140566643327,507.9956
3301,507.9357086236123,153.84140566643327,507.9956
3302,507.9357086236123,153.84140566643327,507.9956
3303,507.9357086236123,153.84140566643327,507.9956
3304,507.9357086236123,153.84140566643327,507.9956
3305,507.9357086236123,153.84140566643327,507.9956
3306,507.9357086236123,153.84140566643327,507.9956
3307,507.9357086236123,153.84140566643327,507.9956
3308,507.9357086236123,153.84140566643327,507.9956
3309,507.9357086236123,153.84140566643327,507.9956
3310,507.9357086236123,153.84140566643327,507.9956
3311,507.9357086236123,153.84140566643327,507.9956
3312,507.9357086236123,153.84140566643327,507.9956
3313,507.9357086236123,153.84140566643327,507.9956
3314,507.9357086236123,153.84140566643327,507.9956
3315,507.9357086236123,153.84140566643327,507.9956
3316,507.9357086236123,153.84140566643327,507.9956
3317,507.9357086236123,153.84140566643327,507.9956
3318,507.9357086236123,153.84140566643327,507.9956
3319,507.9357086236123,153.84140566643327,507.9956
3320,507.9357086236123,153.84140566643327,507.9956
3321,507.9357086236123,153.84140566643327,507.9956
3322,507.9357086236123,153.84140566643327,507.9956
3323,507.9357086236123,153.84140566643327,507.9956
3324,507.9357086236123,153.84140566643327,507.9956
3325,507.9357086236123,153.84140566643327,507.9956
3326,507.9357086236123,153.84140566643327,507.9956
3327,507.9357086236123,153.84140566643327,507.9956
3328,509.98046214843635,154.567286147736,507.2855
3329,509.98046214843635,154.567286147736,507.2855
3330,498.98420783143956,117.59608498774469,502.477
3331,507.9357086236123,153.84140566643327,507.9956
3332,507.9357086236123,153.84140566643327,507.9956
3333,507.9357086236123,153.84140566643327,507.9956
3334,507.9357086236123,153.84140566643327,507.9956
3335,507.9357086236123,153.84140566643327,507.9956
3336,507.9357086236123,153.84140566643327,507.9956
3337,507.9357086236123,153.84140566643327,507.9956
3338,507.9357086236123,153.84140566643327,507.9956
3339,507.9357086236123,153.84140566643327,507.9956
3340,507.9357086236123,153.84140566643327,507.9956
3341,507.9357086236123,153.84140566643327,507.9956
3342,507.9357086236123,153.84140566643327,507.9956
3343,507.9357086236123,153.84140566643327,507.9956
3344,507.9357086236123,153.84140566643327,507.9956
3345,507.9357086236123,153.84140566643327,507.9956
3346,507.9357086236123,153.84140566643327,507.9956
3347,507.9357086236123,153.84140566643327,507.9956
3348,507.9357086236123,153.84140566643327,507.9956
3349,507.9357086236123,153.84140566643327,507.9956
3350,507.9357086236123,153.84140566643327,507.9956
3351,507.9357086236123,153.84140566643327,507.9956
3352,507.9357086236123,153.84140566643327,507.9956
3353,507.9357086236123,153.84140566643327,507.9956
3354,507.9357086236123,153.84140566643327,507.9956
3355,507.9357086236123,153.84140566643327,507.9956
3356,507.9357086236123,153.84140566643327,507.9956
3357,507.9357086236123,153.84140566643327,507.9956
3358,507.9357086236123,153.84140566643327,507.9956
3359,507.9357086236123,153.84140566643327,507.9956
3360,509.98046214843635,154.567286147736,507.2855
3361,507.9357086236123,153.84140566643327,507.9956
3362,507.9357086236123,153.84140566643327,507.9956
3363,507.9357086236123,153.84140566643327,507.9956
3364,507.9357086236123,153.84140566643327,507.9956
3365,507.9357086236123,153.84140566643327,507.9956
3366,507.9357086236123,153.84140566643327,507.9956
3367,507.9357086236123,153.84140566643327,507.9956
3368,507.9357086236123,153.84140566643327,507.9956
3369,507.9357086236123,153.84140566643327,507.9956
3370,507.9357086236123,153.84140566643327,507.9956
3371,507.9357086236123,153.84140566643327,507.9956
3372,507.9357086236123,153.84140566643327,507.9956
3373,507.9357086236123,153.84140566643327,507.9956
3374,507.9357086236123,153.84140566643327,507.9956
3375,507.9357086236123,153.84140566643327,507.9956
3376,507.9357086236123,153.84140566643327,507.9956
3377,507.9357086236123,153.84140566643327,507.9956
3378,507.9357086236123,153.84140566643327,507.9956
3379,507.9357086236123,153.84140566643327,507.9956
3380,507.9357086236123,153.84140566643327,507.9956
3381,507.9357086236123,153.84140566643327,507.9956
3382,509.98046214843635,154.567286147736,507.2855
3383,507.9357086236123,153.84140566643327,507.9956
3384,507.9357086236123,153.84140566643327,507.9956
3385,507.9357086236123,153.84140566643327,507.9956
3386,507.9357086236123,153.84140566643327,507.9956
3387,507.9357086236123,153.84140566643327,507.9956
3388,507.9357086236123,153.84140566643327,507.9956
3389,507.9357086236123,153.84140566643327,507.9956
3390,507.9357086236123,153.84140566643327,507.9956
3391,507.9357086236123,153.84140566643327,507.9956
3392,507.9357086236123,153.84140566643327,507.9956
3393,507.9357086236123,153.84140566643327,507.9956
3394,507.9357086236123,153.84140566643327,507.9956
3395,507.9357086236123,153.84140566643327,507.9956
3396,507.9357086236123,153.84140566643327,507.9956
3397,507.9357086236123,153.84140566643327,507.9956
3398,507.9357086236123,153.84140566643327,507.9956
3399,507.9357086236123,153.84140566643327,507.9956
3400,507.9357086236123,153.84140566643327,507.9956
3401,507.9357086236123,153.84140566643327,507.9956
3402,507.9357086236123,153.84140566643327,507.9956
3403,507.9357086236123,153.84140566643327,507.9956
3404,507.9357086236123,153.84140566643327,507.9956
3405,507.9357086236123,153.84140566643327,507.9956
3406,507.9357086236123,153.84140566643327,507.9956
3407,507.9357086236123,153.84140566643327,507.9956
3408,507.9357086236123,153.84140566643327,507.9956
3409,507.9357086236123,153.84140566643327,507.9956
3410,507.9357086236123,153.84140566643327,507.9956
3411,507.9357086236123,153.84140566643327,507.9956
3412,507.9357086236123,153.84140566643327,507.9956
3413,507.9357086236123,153.84140566643327,507.9956
3414,507.9357086236123,153.84140566643327,507.9956
3415,507.9357086236123,153.84140566643327,507.9956
3416,507.9357086236123,153.84140566643327,507.9956
3417,507.9357086236123,153.84140566643327,507.9956
3418,507.9357086236123,153.84140566643327,507.9956
3419,507.9357086236123,153.84140566643327,507.9956
3420,509.98046214843635,154.567286147736,507.2855
3421,507.9357086236123,153.84140566643327,507.9956
3422,507.9357086236123,153.84140566643327,507.9956
3423,507.9357086236123,153.84140566643327,507.9956
3424,507.9357086236123,153.84140566643327,507.9956
3425,507.9357086236123,153.84140566643327,507.9956
3426,507.9357086236123,153.84140566643327,507.9956
3427,507.9357086236123,153.84140566643327,507.9956
3428,507.9357086236123,153.84140566643327,507.9956
3429,507.9357086236123,153.84140566643327,507.9956
3430,507.9357086236123,153.84140566643327,507.9956
3431,507.9357086236123,153.84140566643327,507.9956
3432,507.9357086236123,153.84140566643327,507.9956
3433,507.9357086236123,153.84140566643327,507.9956
3434,507.9357086236123,153.84140566643327,507.9956
3435,507.9357086236123,153.84140566643327,507.9956
3436,507.9357086236123,153.84140566643327,507.9956
3437,507.9357086236123,153.84140566643327,507.9956
3438,507.9357086236123,153.84140566643327,507.9956
3439,507.9357086236123,153.84140566643327,507.9956
3440,507.9357086236123,153.84140566643327,507.9956
3441,507.9357086236123,153.84140566643327,507.9956
3442,507.9357086236123,153.84140566643327,507.9956
3443,507.9357086236123,153.84140566643327,507.9956
3444,507.9357086236123,153.84140566643327,507.9956
3445,507.9357086236123,153.84140566643327,507.9956
3446,507.9357086236123,153.84140566643327,507.9956
3447,507.9357086236123,153.84140566643327,507.9956
3448,507.9357086236123,153.84140566643327,507.9956
3449,507.9357086236123,153.84140566643327,507.9956
3450,507.9357086236123,153.84140566643327,507.9956
3451,507.9357086236123,153.84140566643327,507.9956
3452,507.9357086236123,153.84140566643327,507.9956
3453,507.9357086236123,153.84140566643327,507.9956
3454,507.9357086236123,153.84140566643327,507.9956
3455,507.9357086236123,153.84140566643327,507.9956
3456,507.9357086236123,153.84140566643327,507.9956
3457,507.9357086236123,153.84140566643327,507.9956
3458,507.9357086236123,153.84140566643327,507.9956
3459,509.98046214843635,154.567286147736,507.2855
3460,507.9357086236123,153.84140566643327,507.9956
3461,507.9357086236123,153.84140566643327,507.9956
3462,507.9357086236123,153.84140566643327,507.9956
3463,507.9357086236123,153.84140566643327,507.9956
3464,507.9357086236123,153.84140566643327,507.9956
3465,507.9357086236123,153.84140566643327,507.9956
3466,507.9357086236123,153.84140566643327,507.9956
3467,507.9357086236123,153.84140566643327,507.9956
3468,507.9357086236123,153.84140566643327,507.9956
3469,507.9357086236123,153.84140566643327,507.9956
3470,507.9357086236123,153.84140566643327,507.9956
3471,507.9357086236123,153.84140566643327,507.9956
3472,507.9357086236123,153.84140566643327,507.9956
3473,507.9357086236123,153.84140566643327,507.9956
3474,507.9357086236123,153.84140566643327,507.9956
3475,507.9357086236123,153.84140566643327,507.9956
3476,507.9357086236123,153.84140566643327,507.9956
3477,507.9357086236123,153.84140566643327,507.9956
3478,507.9357086236123,153.84140566643327,507.9956
3479,507.9357086236123,153.84140566643327,507.9956
3480,507.9357086236123,153.84140566643327,507.9956
3481,507.9357086236123,153.84140566643327,507.9956
3482,507.9357086236123,153.84140566643327,507.9956
3483,507.9357086236123,153.84140566643327,507.9956
3484,507.9357086236123,153.84140566643327,507.9956
3485,507.9357086236123,153.84140566643327,507.9956
3486,507.9357086236123,153.84140566643327,507.9956
3487,507.9357086236123,153.84140566643327,507.9956
3488,507.9357086236123,153.84140566643327,507.9956
3489,507.9357086236123,153.84140566643327,507.9956
3490,507.9357086236123,153.84140566643327,507.9956
3491,507.9357086236123,153.84140566643327,507.9956
3492,507.9357086236123,153.84140566643327,507.9956
3493,507.9357086236123,153.84140566643327,507.9956
3494,507.9357086236123,153.84140566643327,507.9956
3495,507.9357086236123,153.84140566643327,507.9956
3496,507.9357086236123,153.84140566643327,507.9956
3497,507.9357086236123,153.84140566643327,507.9956
3498,507.9357086236123,153.84140566643327,507.9956
3499,507.9357086236123,153.84140566643327,507.9956
3500,507.9357086236123,153.84140566643327,507.9956
