,x,y,z
0,555.1966248133685,238.92620680574328,504.3787
1,408.7236840117257,251.96270000562072,510.9016
2,371.4712108139647,188.1163522452116,509.3732
3,118.93198594730347,-220.0237364443019,502.65
4,84.17358195909765,-522.378086890094,507.4267
5,393.2722658595303,89.77411358710378,501.6748
6,72.70257979782764,-129.65851062815636,503.6747
7,-29.543296164134517,-240.57800743822008,500.9966
8,-49.43042452458758,-222.46335313469172,514.026
9,73.8289686969947,-442.6151861352846,508.3839
10,235.17557740793563,-341.6058259671554,501.5407
11,108.27370196708944,-116.22227166593075,509.1428
12,101.50504681444727,-183.84579989034683,502.1665
13,160.47907268663403,-188.88337484840304,504.0608
14,416.75448658538517,257.707808281295,507.953
15,324.80766138457693,71.23247076291591,512.5726
16,1.1427484386367723,-455.04955880716443,506.5733
17,101.50504681444727,-183.84579989034683,502.1665
18,546.144635124132,243.68468249682337,507.8572
19,239.78881513047963,7.153392021544278,505.8609
20,74.4834413214121,-533.2808606429026,508.1444
21,74.4834413214121,-533.2808606429026,508.1444
22,589.3169109089067,216.18506518844515,507.4711
23,185.1651463562157,-638.0878611411899,508.661
24,170.68856528983451,-19.529943330213428,514.331
25,496.9177350491518,157.52885182388127,504.2153
26,148.00265448878054,-183.13948971685022,504.7148
27,73.8289686969947,-442.6151861352846,508.3839
28,434.5332739155274,139.40341161191463,505.6576
29,321.69129018322565,-139.36071275826544,502.3357
30,490.2052874614019,157.76436267793179,505.615
31,61.11462893441785,-558.1464925296605,505.7999
32,383.3712369115092,166.46914631593972,508.3614
33,307.34887901332695,-122.92988322582096,503.1197
34,343.34937375970185,-26.350417741574347,500.1218
35,459.75508192298,269.0966150574386,510.5836
36,116.78768841677811,-441.05278622172773,508.4744
37,437.80563173396513,265.97982126288116,513.9626
38,509.45259571657516,24.78434839565307,497.2514
39,154.89552438887767,-668.4726532129571,512.2372
40,407.98655953630805,250.56386782880872,514.1268
41,192.91901498229709,-101.04472015425563,507.5441
42,162.64590191212483,-192.59116967674345,502.748
43,431.00337260367814,57.49444877170026,504.4062
44,278.36852705164347,41.25898872781545,506.3978
45,52.15481581387576,-230.27713182382286,505.5092
46,361.61800735490397,0.14755566976964474,500.7092
47,403.8399478184292,82.67120406311005,501.2206
48,75.04434578062501,-402.6366069894284,505.7492
49,52.15481581387576,-230.27713182382286,505.5092
50,176.02238310407847,-652.9770842092112,508.3357
51,204.80289951059967,-234.65365294273943,498.5903
52,52.15481581387576,-230.27713182382286,505.5092
53,165.9522822861327,-74.20359920151532,504.6611
54,165.9522822861327,-74.20359920151532,504.6611
55,-53.41417777445167,-227.93981446698308,505.4361
56,430.18662563804537,59.00091763865203,504.0787
57,166.83855662611313,-215.00384148024023,503.4118
58,525.3134662624216,251.67770740855485,512.1791
59,97.97449500020593,-610.1525821099058,510.1101
60,209.14949748001527,-230.70856813993305,501.5256
61,460.51279724459164,-31.446147643961012,499.3171
62,149.56751308543608,-196.9507891656831,507.1365
63,323.6696619899012,-166.23207873106003,495.245
64,145.1085433360422,-670.9007056290284,512.4472
65,498.51125457847957,9.716768665239215,499.4455
66,129.33547033078503,-395.9654673645273,505.0221
67,149.70839065813925,-200.1890078196302,508.7639
68,193.116187392734,-88.73888881783932,507.9969
69,132.17246549308766,-153.95582524407655,504.949
70,349.41726203949656,56.7134156068787,503.7814
71,349.41726203949656,56.7134156068787,503.7814
72,141.86799800896551,-507.3052809983492,507.8265
73,196.27661173930392,-435.1484468113631,508.4886
74,114.63636089314241,-516.3683346901089,518.3085
75,204.80289951059967,-234.65365294273943,498.5903
76,517.4822376711527,251.20468419138342,510.1945
77,367.45003016258124,168.83559674583375,509.0165
78,70.03941225132439,-567.8799404324964,504.818
79,428.4982615177287,68.82632374670357,503.4661
80,155.4983979818644,-26.287370217964053,506.7947
81,122.31977291905787,-54.66020128503442,506.0394
82,253.2833361274097,-221.35940990317613,500.9025
83,129.33547033078503,-395.9654673645273,505.0221
84,136.8375994527014,-163.4644370060414,505.3639
85,443.28639336687047,267.6857738289982,507.4359
86,253.2833361274097,-221.35940990317613,500.9025
87,124.9913016478531,-269.457887372002,507.4866
88,-49.19365288421977,-221.6341725671664,513.8843
89,216.1644506494049,-455.15474920812994,506.1374
90,77.90241973707452,-446.25237218663096,507.4514
91,500.3430700007593,261.32875987142324,509.3097
92,59.62202560110018,-339.5114695224911,502.3952
93,129.33547033078503,-395.9654673645273,505.0221
94,-26.859501301078126,-389.38984418381006,507.0206
95,183.08444524859078,-132.21788425464183,507.3051
96,14.862952834926546,-473.4715558895841,507.9551
97,175.2875390171539,-435.1036352561787,508.9116
98,565.1630962491035,236.38240046892315,510.3904
99,77.39333802415058,-544.0813350621611,507.3393
100,124.9913016478531,-269.457887372002,507.4866
101,49.91580171196256,-541.2583182649687,506.5779
102,222.16925704083405,-293.61109336372465,506.0074
103,50.87387650902383,-537.4978170413524,507.1512
104,66.98692712036427,-120.5613200943917,508.7423
105,233.7110608414514,-418.00185553822666,502.5179
106,348.36627522378694,-143.89034928940237,497.9991
107,75.77583750174381,-227.87331990059465,502.0665
108,343.34937375970185,-26.350417741574347,500.1218
109,503.9850473710103,259.91969776153564,505.9931
110,480.63383262592833,-8.949857254512608,496.0033
111,362.09505323390476,46.57377263624221,503.0726
112,48.17585610714741,-236.04581342451274,514.8582
113,408.7236840117257,251.96270000562072,510.9016
114,196.38051230018027,-281.0988842425868,506.6199
115,7.6882577032083645,-462.65695971343666,508.6302
116,362.09505323390476,46.57377263624221,503.0726
117,192.97745544754434,-90.28794534131885,507.4796
118,503.9850473710103,259.91969776153564,505.9931
119,169.9774642098928,-489.68533292319626,510.5418
120,88.8365108348662,-82.4532620050013,508.3147
121,509.54694268933963,31.70122880768031,497.1377
122,348.36627522378694,-143.89034928940237,497.9991
123,408.8406633096747,77.75572113506496,501.7681
124,65.68421818560455,-118.01506746932864,508.7629
125,257.2276350695174,-51.33491700422019,506.6359
126,192.97745544754434,-90.28794534131885,507.4796
127,108.10661583871115,-228.32521608192474,510.7416
128,583.1897042195778,223.3028748324141,504.0883
129,520.3967757526552,152.02014396246523,504.5681
130,471.4080974307144,-19.535169491544366,497.5648
131,59.353340803529136,-312.22267779614776,502.574
132,295.04605697770603,-65.68517826125026,498.0766
133,348.36627522378694,-143.89034928940237,497.9991
134,263.93164728744887,32.14567492995411,505.4302
135,480.63383262592833,-8.949857254512608,496.0033
136,348.32816477282904,105.99901011399925,507.3095
137,507.93184984859545,34.142402227036655,499.3869
138,116.55277568346355,-264.69629822298884,504.4696
139,195.20035993342753,-88.84852701518685,506.1961
140,148.88205140200444,-212.6874287687242,504.8464
141,400.564347704174,37.96739650890231,501.0529
142,204.3252404422965,-41.63805222976953,508.6496
143,361.51626877870876,144.19357785675675,504.5008
144,152.87395591672976,-437.3976977877319,507.7534
145,110.00793958827853,-637.145595333539,503.8307
146,7.945600320701487,-322.7655135700479,511.4199
147,-10.25291145814117,-431.401733757928,503.4852
148,414.25109381438233,71.50278563052416,500.668
149,141.3867128372658,-97.87544235493988,504.6816
150,220.79063839057926,-235.9889928167686,501.8022
151,256.8768280223012,-73.50118084996939,505.6816
152,-33.726576642366126,-185.334255178459,514.3745
153,443.16841360658873,78.58545767795295,503.5445
154,370.14687673107255,175.82152920681983,509.8263
155,151.45984346431214,-52.07036024797708,504.7027
156,151.45984346431214,-52.07036024797708,504.7027
157,158.42142259166576,-24.213584835641086,506.0236
158,92.86434196308255,-90.74139825161546,506.8336
159,210.1355249354383,-230.97788225207478,501.4278
160,195.24347738269717,7.0347470343112946,510.8618
161,91.37837595143355,-602.5649739019573,507.8552
162,315.8664969545789,62.42416464909911,506.3158
163,158.42142259166576,-24.213584835641086,506.0236
164,92.86434196308255,-90.74139825161546,506.8336
165,158.42142259166576,-24.213584835641086,506.0236
166,89.31579807889648,-520.4507452277467,506.1633
167,257.49060339236166,30.850031645037234,505.3031
168,158.42142259166576,-24.213584835641086,506.0236
169,158.42142259166576,-24.213584835641086,506.0236
170,158.42142259166576,-24.213584835641086,506.0236
171,100.92591246776283,-184.18772429134697,507.5226
172,407.52234636363573,-97.58533479273319,495.0723
173,88.15863919339608,-158.8469564821571,506.0335
174,241.7796611271333,24.709291820414364,505.1137
175,241.7796611271333,24.709291820414364,505.1137
176,403.8117030306021,-99.49521885160357,496.866
177,158.42142259166576,-24.213584835641086,506.0236
178,452.595438130782,269.1680022003129,507.1999
179,126.30253124528099,-219.97369872778654,502.7857
180,447.9902331465855,171.69119365513325,505.3939
181,108.81541371508501,-119.09666052088141,506.9532
182,447.9902331465855,171.69119365513325,505.3939
183,447.9902331465855,171.69119365513325,505.3939
184,88.15863919339608,-158.8469564821571,506.0335
185,447.9902331465855,171.69119365513325,505.3939
186,4.590645741904154,-462.63305280543864,505.1317
187,126.14949820842594,-141.7565186470747,505.9183
188,417.7425995442318,-83.25141918752342,499.0468
189,204.3252404422965,-41.63805222976953,508.6496
190,60.42525228951126,-99.03309273626655,507.2416
191,60.42525228951126,-99.03309273626655,507.2416
192,88.15863919339608,-158.8469564821571,506.0335
193,434.5332739155274,139.40341161191463,505.6576
194,163.57806170848198,-249.90915209893137,506.0631
195,166.60845723561943,-215.34587707556784,503.4465
196,359.7221677961061,-134.09485461656004,499.8051
197,479.4843851638725,107.21703934017569,507.2608
198,93.08860187209211,-398.48736830148846,500.5086
199,417.2240985390963,54.62094947695732,503.3053
200,490.0083893367555,75.07759132701904,499.8356
201,374.52291617251467,30.662890582345426,502.096
202,166.05188537191134,-482.875422029756,503.8425
203,108.80074863426853,-119.08998882584274,506.9212
204,108.80074863426853,-119.08998882584274,506.9212
205,394.3465939491289,25.15674020536244,502.3169
206,114.08259343437385,-62.53068938758224,510.4892
207,441.3517600953346,167.93135960120708,503.7082
208,202.2113860991085,-580.8200276307762,507.5879
209,509.45259571657516,24.78434839565307,497.2514
210,543.8132656548405,183.20242604613304,507.9945
211,154.64426268497482,-474.644106390886,506.5745
212,84.58294319338165,-530.9819055348635,507.5991
213,508.72631443315186,153.83517875056714,507.6918
214,46.39922354812734,-107.93669290374964,506.7905
215,155.0804605933372,-318.31582619063556,505.7815
216,42.81902546377387,-107.9697177959606,509.3082
217,63.43837219499983,-354.80455256346613,504.2585
218,320.91117040847894,9.681519874371588,505.7304
219,43.25394572701771,-398.6895206775516,506.88
220,480.63383262592833,-8.949857254512608,496.0033
221,64.40857077925466,-530.4408310214058,507.8513
222,274.71859554725233,-77.63440746907145,503.4076
223,98.32486982375849,-610.9035926451907,509.7398
224,166.83855662611313,-215.00384148024023,503.4118
225,266.01222486572806,-24.102278714068234,509.1976
226,232.92803846288007,-409.9840341573581,502.4879
227,-44.02639964048285,-208.35894385911524,514.2842
228,497.37839060730767,8.777171535417438,500.2455
229,403.8117030306021,-99.49521885160357,496.866
230,50.80400958226528,-103.20457040984184,509.3284
231,-11.562702784431167,-144.60310877021402,508.7585
232,114.75552117137704,-642.7879594955593,503.8427
233,230.95816300343722,-459.02600057888776,503.1373
234,221.9153200709261,-344.0322104599327,504.5221
235,238.14573228312656,-97.63915313594043,501.449
236,55.728809280321,-180.03236988186836,505.657
237,479.4843851638725,107.21703934017569,507.2608
238,251.4882898083888,28.70708301756531,505.0832
239,486.34842514328193,263.2561015356332,510.303
240,221.9153200709261,-344.0322104599327,504.5221
241,359.7221677961061,-134.09485461656004,499.8051
242,59.29575962643139,-326.73005748540163,510.8979
243,327.82114768226165,-147.8555603735149,501.2581
244,221.9153200709261,-344.0322104599327,504.5221
245,405.37515737314243,-91.68889022246003,500.0209
246,327.82114768226165,-147.8555603735149,501.2581
247,405.37515737314243,-91.68889022246003,500.0209
248,327.82114768226165,-147.8555603735149,501.2581
249,118.26579970191233,-55.57188848871738,504.9042
250,327.82114768226165,-147.8555603735149,501.2581
251,437.80563173396513,265.97982126288116,513.9626
252,-11.562702784431167,-144.60310877021402,508.7585
253,309.9060595402261,-172.80948103126138,500.5575
254,315.15721430582926,-49.97066644765437,499.1566
255,428.4982615177287,68.82632374670357,503.4661
256,405.37515737314243,-91.68889022246003,500.0209
257,440.31001640239265,144.85251899063587,500.9399
258,405.37515737314243,-91.68889022246003,500.0209
259,373.7899802385364,-125.07839159946889,495.4633
260,238.55051864532288,10.432641603052616,504.7589
261,202.04598042485304,-496.8820909662172,504.2235
262,315.15721430582926,-49.97066644765437,499.1566
263,486.34842514328193,263.2561015356332,510.303
264,159.25481154525187,-468.8923264192417,505.2407
265,542.5294926925562,180.48181977681816,503.7461
266,123.48500723903999,-440.1305354991928,509.1786
267,8.792730762856081,-127.69547539297491,510.0921
268,394.36629978741985,-105.9057175675407,499.2923
269,143.57534564705566,-268.21561765205115,507.2339
270,309.9060595402261,-172.80948103126138,500.5575
271,10.2424815853592,-237.10750258434564,512.8215
272,309.9060595402261,-172.80948103126138,500.5575
273,444.2236994758714,72.1827426077798,504.9434
274,164.18578352371696,-213.06182208750397,503.7265
275,164.25940606975928,-133.20207055099308,505.2436
276,588.2583675277419,217.0284787081182,508.0308
277,171.11522217665333,-219.7503081196919,506.3873
278,407.52234636363573,-97.58533479273319,495.0723
279,459.14305018645246,95.39412757009268,505.3023
280,459.14305018645246,95.39412757009268,505.3023
281,407.52234636363573,-97.58533479273319,495.0723
282,100.70515964506194,-401.30382459796965,516.2428
283,56.20437318657059,-291.97930781543255,503.4399
284,68.59841206064448,-567.862705219537,507.3266
285,255.90576467267238,-39.371121261268854,506.6528
286,434.1500398974167,62.80233859550208,504.6349
287,165.33760048041586,-73.37931121140718,504.7161
288,164.7468679305166,-204.8757627811283,507.6424
289,349.49470486538485,104.24457656033337,512.1426
290,78.06762018997688,-89.07792214956135,508.1046
291,403.8399478184292,82.67120406311005,501.2206
292,113.1997680971399,-640.9410117641091,503.8444
293,235.4860437012976,-334.04334780946374,501.4447
294,434.1500398974167,62.80233859550208,504.6349
295,459.14305018645246,95.39412757009268,505.3023
296,55.12784901156556,-280.4618485085666,503.6224
297,154.427530031302,-56.40607282798737,505.1501
298,139.18594377639238,-671.8642096696422,507.7209
299,51.428600661223754,-171.4868173794821,508.1781
300,407.52234636363573,-97.58533479273319,495.0723
301,162.37172035698313,-199.00233556237072,503.4747
302,233.05980168120004,-304.5333262272179,500.9975
303,434.1500398974167,62.80233859550208,504.6349
304,90.0544971828349,-85.1927714124322,508.0296
305,470.76367018267047,171.5971227483824,495.1328
306,-27.06517796195112,-301.0021089427173,504.5425
307,252.28962165454868,-38.20290736109018,504.5045
308,459.14305018645246,95.39412757009268,505.3023
309,452.31356692605186,202.05941768269986,511.3349
310,407.52234636363573,-97.58533479273319,495.0723
311,72.0176751546096,-446.44674091693014,504.2597
312,205.9467285060091,-22.187835660763085,522.9027
313,446.5557155677816,243.1740753930062,508.3799
314,116.2256764533231,-130.3841687189415,505.8561
315,70.0876200189814,-275.38735683541745,508.8862
316,470.76367018267047,171.5971227483824,495.1328
317,470.76367018267047,171.5971227483824,495.1328
318,367.93965198204387,171.7105415724218,512.9385
319,73.84172704163939,-549.5694718612358,507.2844
320,373.7899802385364,-125.07839159946889,495.4633
321,414.16317808337044,255.5468460759148,514.1225
322,256.3002667062683,-48.7745426222682,513.8938
323,357.9455960384803,128.70712683722377,512.764
324,434.3757329697255,265.08492449391633,513.9861
325,320.91117040847894,9.681519874371588,505.7304
326,158.15778045507614,-436.2680685278028,507.1909
327,194.56935522390995,-88.1677916739136,503.0679
328,129.20346745604184,-302.00041699409485,509.0378
329,159.68598524213303,-375.35615488141775,504.7741
330,152.03074716078117,-406.6376228388399,507.564
331,500.42638687905855,157.14967712387443,507.2885
332,246.92888033553027,24.93568469118327,505.5687
333,458.9233546118485,175.13167588133365,496.865
334,447.9902331465855,171.69119365513325,505.3939
335,241.7489660838619,-230.67687758617103,500.1793
336,403.7998979007825,-99.44940654281527,496.8904
337,407.52234636363573,-97.58533479273319,495.0723
338,121.29769510950428,-139.2790956813842,506.702
339,-24.607534380396828,-239.58281284570694,501.1754
340,-24.607534380396828,-239.58281284570694,501.1754
341,42.81902546377387,-107.9697177959606,509.3082
342,407.52234636363573,-97.58533479273319,495.0723
343,264.5956143796211,-79.5972203137353,505.1542
344,470.76367018267047,171.5971227483824,495.1328
345,426.6493841558695,-76.47542274836451,495.0026
346,264.5956143796211,-79.5972203137353,505.1542
347,156.6000134976348,-421.03069414477795,505.2864
348,407.52234636363573,-97.58533479273319,495.0723
349,74.65348530653864,-577.5304369209334,509.4953
350,164.18578352371696,-213.06182208750397,503.7265
351,147.95216641644947,-437.37256773468107,508.0703
352,233.4058595735114,-416.76103135198355,502.5293
353,366.5993496446172,39.79399556852877,500.3654
354,77.90241973707452,-446.25237218663096,507.4514
355,118.3640982756624,-517.6619764659554,505.8559
356,212.14907457714435,-552.1411881260574,506.2317
357,498.7015317310579,10.42830500099808,500.5072
358,403.8399478184292,82.67120406311005,501.2206
359,422.3365739292931,-73.49706663843244,499.8376
360,498.7015317310579,10.42830500099808,500.5072
361,498.7015317310579,10.42830500099808,500.5072
362,274.71859554725233,-77.63440746907145,503.4076
363,498.7015317310579,10.42830500099808,500.5072
364,407.52234636363573,-97.58533479273319,495.0723
365,403.7998979007825,-99.44940654281527,496.8904
366,437.7852476867847,265.9653659230098,514.0036
367,149.3385898777051,-197.60461533349007,506.7374
368,149.3385898777051,-197.60461533349007,506.7374
369,403.7998979007825,-99.44940654281527,496.8904
370,34.8075523028383,-112.61110522970557,508.7311
371,163.99223753996193,-669.9098476395011,509.9225
372,470.76367018267047,171.5971227483824,495.1328
373,265.7118415677687,-62.49577418062836,516.5779
374,502.0157753233798,156.6210564430803,507.226
375,327.3264672635123,12.225437405519187,505.5383
376,327.3264672635123,12.225437405519187,505.5383
377,378.41198737558443,21.410249542444944,501.9584
378,465.7641454297118,-26.186071639880538,497.1934
379,-16.61186806403566,-324.51894636824727,510.0529
380,60.78447685146239,-98.88297958578914,507.142
381,123.03785821434576,-442.3078433582559,502.8368
382,40.20569848828018,-110.4462512023747,507.6271
383,358.29964408488013,-17.882479296065867,502.7669
384,451.73845993878786,119.35707904119045,507.0641
385,366.5993496446172,39.79399556852877,500.3654
386,-41.359030751278624,-247.3498896677047,500.7798
387,169.02359890763182,-210.37246159091592,503.8476
388,154.7911817203276,-322.63941852375865,505.4136
389,483.2120849331841,86.16961884498596,512.4693
390,366.5993496446172,39.79399556852877,500.3654
391,147.60056557436474,-666.1841504266486,508.5855
392,509.45259571657516,24.78434839565307,497.2514
393,470.76367018267047,171.5971227483824,495.1328
394,105.1329191266559,-310.2481894828379,506.4616
395,-21.265995183843188,-324.6444854410365,510.3278
396,502.0157753233798,156.6210564430803,507.226
397,502.0157753233798,156.6210564430803,507.226
398,384.2373617255362,-109.24512360617518,500.2461
399,168.5886917982716,-665.1639369744807,507.7409
400,220.72687743697315,15.73964186757803,508.158
401,391.04091960180085,93.85207632742822,501.3143
402,195.74631368054543,-600.865248253569,508.0082
403,426.6493841558695,-76.47542274836451,495.0026
404,502.0157753233798,156.6210564430803,507.226
405,155.13450331287459,-311.88831465132535,506.6477
406,320.127137408359,66.42707081418484,506.5007
407,60.81286956265103,-107.94992510043085,507.0096
408,257.49750161671545,-68.5098629835993,505.6576
409,292.8819537924137,-66.11238917056471,508.119
410,257.780173259438,-75.06580466311425,511.6322
411,257.49750161671545,-68.5098629835993,505.6576
412,384.2373617255362,-109.24512360617518,500.2461
413,171.130728785065,-660.6668805563822,507.5308
414,546.0300152772106,202.67299128696322,509.2597
415,257.780173259438,-75.06580466311425,511.6322
416,294.35536779637914,-67.27326420415193,503.242
417,263.942049336154,-212.90603799466044,502.1982
418,486.43574355426244,-1.7998010823503137,496.0981
419,403.7998979007825,-99.44940654281527,496.8904
420,373.7899802385364,-125.07839159946889,495.4633
421,348.36627522378694,-143.89034928940237,497.9991
422,384.2373617255362,-109.24512360617518,500.2461
423,295.8779260229785,-186.20101963263005,498.5424
424,257.6976832988439,-63.339632478542626,512.9694
425,507.93610262847506,34.18209881614894,499.3297
426,-18.351124372333288,-153.43976958934218,503.1484
427,207.43366693612188,-32.87911666370928,518.1794
428,25.440295148990117,-500.51916582044214,505.9
429,470.76367018267047,171.5971227483824,495.1328
430,378.53780772862956,-119.50530187599361,499.5377
431,475.4413397248136,265.4479759298265,510.5637
432,366.5993496446172,39.79399556852877,500.3654
433,403.7998979007825,-99.44940654281527,496.8904
434,539.8755944727454,182.22424427699298,502.3201
435,407.52234636363573,-97.58533479273319,495.0723
436,129.09375429409556,-147.3153754202649,508.6238
437,364.95350549486466,2.8896225597709417,516.0343
438,119.59071356197819,-649.9415739066899,504.5008
439,197.35075081605464,7.878271748311818,511.2085
440,470.76367018267047,171.5971227483824,495.1328
441,453.14207813015673,80.2225805837661,502.5606
442,124.24796103721019,-143.53241281956434,505.379
443,470.76367018267047,171.5971227483824,495.1328
444,407.52234636363573,-97.58533479273319,495.0723
445,348.36627522378694,-143.89034928940237,497.9991
446,143.00111904426012,-395.35589677654207,504.9545
447,407.52234636363573,-97.58533479273319,495.0723
448,407.52234636363573,-97.58533479273319,495.0723
449,-30.97323375218548,-339.6523534953594,506.0097
450,407.52234636363573,-97.58533479273319,495.0723
451,163.22975805366877,-259.1015254901722,506.0856
452,147.94151304312982,-200.18389285169542,504.8495
453,268.40522730338853,-75.61722030490637,502.9636
454,382.74997243192047,98.28653000108898,502.4818
455,175.7270226929104,-496.1192937679589,502.7077
456,204.18255183903966,-41.1601364351809,508.6393
457,268.40522730338853,-75.61722030490637,502.9636
458,46.73578986839857,-107.36003601364791,508.2255
459,509.2428863258101,31.18383881356567,497.5521
460,470.76367018267047,171.5971227483824,495.1328
461,429.81683882453945,56.199472655542195,504.3298
462,470.76367018267047,171.5971227483824,495.1328
463,470.76367018267047,171.5971227483824,495.1328
464,345.0496026930632,-145.90019758790731,500.0316
465,204.49740531411953,-22.374865528196096,513.5899
466,470.76367018267047,171.5971227483824,495.1328
467,470.76367018267047,171.5971227483824,495.1328
468,470.76367018267047,171.5971227483824,495.1328
469,470.76367018267047,171.5971227483824,495.1328
470,113.78892406669911,-62.459191049449146,510.4404
471,470.76367018267047,171.5971227483824,495.1328
472,119.8576544696698,-135.23315707966685,506.2477
473,470.76367018267047,171.5971227483824,495.1328
474,373.5784218858462,-123.45327774714679,497.5922
475,-28.774430766236037,-369.72780127916485,506.7764
476,470.76367018267047,171.5971227483824,495.1328
477,140.8403522677254,-302.2195821944624,509.493
478,56.10035979235545,-300.6500658048317,508.9683
479,221.72415238956455,-388.47582188714296,508.6384
480,470.76367018267047,171.5971227483824,495.1328
481,180.43766794900876,-140.63344988785684,503.9289
482,186.59573834494222,-432.00074082799256,507.83
483,480.63383262592833,-8.949857254512608,496.0033
484,235.17557740793563,-341.6058259671554,501.5407
485,480.63383262592833,-8.949857254512608,496.0033
486,175.7270226929104,-496.1192937679589,502.7077
487,46.73678810684942,-402.4452405208722,506.2567
488,470.76367018267047,171.5971227483824,495.1328
489,574.6979604199296,231.7976112542674,510.1167
490,470.76367018267047,171.5971227483824,495.1328
491,256.5215592843015,-57.88185189384967,503.8392
492,148.9985831960803,-439.8125180089846,502.7224
493,256.5215592843015,-57.88185189384967,503.8392
494,470.76367018267047,171.5971227483824,495.1328
495,156.06392433145083,-402.16814276296645,505.1202
496,486.43574355426244,-1.7998010823503137,496.0981
497,108.80662631220184,-119.09821724984795,507.0298
498,108.80662631220184,-119.09821724984795,507.0298
499,470.76367018267047,171.5971227483824,495.1328
500,470.76367018267047,171.5971227483824,495.1328
501,470.76367018267047,171.5971227483824,495.1328
502,486.43574355426244,-1.7998010823503137,496.0981
503,426.6493841558695,-76.47542274836451,495.0026
504,470.76367018267047,171.5971227483824,495.1328
505,117.14723796746694,-642.043843046762,506.7902
506,470.76367018267047,171.5971227483824,495.1328
507,232.92803846288007,-409.9840341573581,502.4879
508,470.76367018267047,171.5971227483824,495.1328
509,470.76367018267047,171.5971227483824,495.1328
510,426.6493841558695,-76.47542274836451,495.0026
511,426.6493841558695,-76.47542274836451,495.0026
512,470.76367018267047,171.5971227483824,495.1328
513,470.76367018267047,171.5971227483824,495.1328
514,305.61642846406903,54.86246485821903,506.5463
515,512.2206608665874,135.61978184245527,515.1684
516,109.32634880265687,-120.07450870610774,511.1455
517,109.32634880265687,-120.07450870610774,511.1455
518,159.68598524213303,-375.35615488141775,504.7741
519,159.68598524213303,-375.35615488141775,504.7741
520,159.68598524213303,-375.35615488141775,504.7741
521,470.76367018267047,171.5971227483824,495.1328
522,426.6493841558695,-76.47542274836451,495.0026
523,470.76367018267047,171.5971227483824,495.1328
524,486.43574355426244,-1.7998010823503137,496.0981
525,18.198852194589563,-124.2487662518397,507.1049
526,486.43574355426244,-1.7998010823503137,496.0981
527,426.6493841558695,-76.47542274836451,495.0026
528,486.43574355426244,-1.7998010823503137,496.0981
529,56.64265293534845,-248.77051605004817,522.0089
530,486.43574355426244,-1.7998010823503137,496.0981
531,135.397119989153,-671.0326940082014,507.706
532,470.76367018267047,171.5971227483824,495.1328
533,470.76367018267047,171.5971227483824,495.1328
534,426.6493841558695,-76.47542274836451,495.0026
535,470.76367018267047,171.5971227483824,495.1328
536,169.02359890763182,-210.37246159091592,503.8476
537,273.6324988458073,37.9373738784343,506.2334
538,169.02359890763182,-210.37246159091592,503.8476
539,470.76367018267047,171.5971227483824,495.1328
540,486.43574355426244,-1.7998010823503137,496.0981
541,155.81572382338345,-255.0166686642915,507.7957
542,486.43574355426244,-1.7998010823503137,496.0981
543,470.76367018267047,171.5971227483824,495.1328
544,470.76367018267047,171.5971227483824,495.1328
545,407.52234636363573,-97.58533479273319,495.0723
546,486.43574355426244,-1.7998010823503137,496.0981
547,135.397119989153,-671.0326940082014,507.706
548,145.2420078351861,-670.6763142682612,512.5838
549,-21.265995183843188,-324.6444854410365,510.3278
550,426.6493841558695,-76.47542274836451,495.0026
551,486.43574355426244,-1.7998010823503137,496.0981
552,426.6493841558695,-76.47542274836451,495.0026
553,486.43574355426244,-1.7998010823503137,496.0981
554,403.7998979007825,-99.44940654281527,496.8904
555,373.7899802385364,-125.07839159946889,495.4633
556,470.76367018267047,171.5971227483824,495.1328
557,486.43574355426244,-1.7998010823503137,496.0981
558,73.84172704163939,-549.5694718612358,507.2844
559,73.84172704163939,-549.5694718612358,507.2844
560,470.76367018267047,171.5971227483824,495.1328
561,486.43574355426244,-1.7998010823503137,496.0981
562,470.76367018267047,171.5971227483824,495.1328
563,486.43574355426244,-1.7998010823503137,496.0981
564,470.76367018267047,171.5971227483824,495.1328
565,486.43574355426244,-1.7998010823503137,496.0981
566,109.19649107439909,-119.59792724996805,514.7329
567,109.19649107439909,-119.59792724996805,514.7329
568,470.76367018267047,171.5971227483824,495.1328
569,426.6493841558695,-76.47542274836451,495.0026
570,470.76367018267047,171.5971227483824,495.1328
571,102.01293562212959,-444.15812693722546,508.007
572,486.43574355426244,-1.7998010823503137,496.0981
573,470.76367018267047,171.5971227483824,495.1328
574,178.7832979343366,-491.3769413428381,510.0711
575,373.7899802385364,-125.07839159946889,495.4633
576,373.7899802385364,-125.07839159946889,495.4633
577,426.6493841558695,-76.47542274836451,495.0026
578,536.2859274721704,158.48624014202505,507.6903
579,470.76367018267047,171.5971227483824,495.1328
580,486.43574355426244,-1.7998010823503137,496.0981
581,373.7899802385364,-125.07839159946889,495.4633
582,470.76367018267047,171.5971227483824,495.1328
583,108.80662631220184,-119.10222026705742,507.0325
584,426.6493841558695,-76.47542274836451,495.0026
585,470.76367018267047,171.5971227483824,495.1328
586,426.6493841558695,-76.47542274836451,495.0026
587,486.43574355426244,-1.7998010823503137,496.0981
588,426.6493841558695,-76.47542274836451,495.0026
589,470.76367018267047,171.5971227483824,495.1328
590,243.13813736778684,25.327646808698773,505.141
591,243.13813736778684,25.327646808698773,505.141
592,243.13813736778684,25.327646808698773,505.141
593,486.43574355426244,-1.7998010823503137,496.0981
594,426.6493841558695,-76.47542274836451,495.0026
595,403.7998979007825,-99.44940654281527,496.8904
596,426.6493841558695,-76.47542274836451,495.0026
597,426.6493841558695,-76.47542274836451,495.0026
598,235.4860437012976,-334.04334780946374,501.4447
599,470.76367018267047,171.5971227483824,495.1328
600,470.76367018267047,171.5971227483824,495.1328
601,28.251975356368348,-207.95386074110866,507.2542
602,486.43574355426244,-1.7998010823503137,496.0981
603,486.43574355426244,-1.7998010823503137,496.0981
604,470.76367018267047,171.5971227483824,495.1328
605,486.43574355426244,-1.7998010823503137,496.0981
606,498.500255899271,9.637375488877296,499.6207
607,-11.716104626771994,-146.2874895175919,507.1696
608,486.43574355426244,-1.7998010823503137,496.0981
609,373.7899802385364,-125.07839159946889,495.4633
610,444.2236994758714,72.1827426077798,504.9434
611,444.2236994758714,72.1827426077798,504.9434
612,348.36627522378694,-143.89034928940237,497.9991
613,486.43574355426244,-1.7998010823503137,496.0981
614,232.92803846288007,-409.9840341573581,502.4879
615,368.9650410125032,159.46864731889218,509.3141
616,486.43574355426244,-1.7998010823503137,496.0981
617,470.76367018267047,171.5971227483824,495.1328
618,221.4259582577506,-343.5360586978495,503.3381
619,460.51279724459164,-31.446147643961012,499.3171
620,373.7899802385364,-125.07839159946889,495.4633
621,203.23711152549367,-22.623830969445407,514.128
622,470.76367018267047,171.5971227483824,495.1328
623,470.76367018267047,171.5971227483824,495.1328
624,203.23711152549367,-22.623830969445407,514.128
625,203.23711152549367,-22.623830969445407,514.128
626,486.43574355426244,-1.7998010823503137,496.0981
627,486.43574355426244,-1.7998010823503137,496.0981
628,373.7899802385364,-125.07839159946889,495.4633
629,426.6493841558695,-76.47542274836451,495.0026
630,470.76367018267047,171.5971227483824,495.1328
631,193.1091481395997,-88.62780508585274,507.6592
632,122.31977291905787,-54.66020128503442,506.0394
633,470.76367018267047,171.5971227483824,495.1328
634,345.68738231342286,12.33207334112376,504.8262
635,486.43574355426244,-1.7998010823503137,496.0981
636,176.26314246235415,-89.83237972669303,504.1813
637,470.76367018267047,171.5971227483824,495.1328
638,486.43574355426244,-1.7998010823503137,496.0981
639,176.26314246235415,-89.83237972669303,504.1813
640,176.26314246235415,-89.83237972669303,504.1813
641,176.26314246235415,-89.83237972669303,504.1813
642,426.6493841558695,-76.47542274836451,495.0026
643,486.43574355426244,-1.7998010823503137,496.0981
644,126.51380556216463,-398.9663960458711,513.9712
645,486.43574355426244,-1.7998010823503137,496.0981
646,470.76367018267047,171.5971227483824,495.1328
647,195.42715460946783,-601.7823840081692,508.0436
648,194.71865812304895,-51.93392407335341,507.0668
649,-11.50591527193319,-423.58028261736035,506.9763
650,362.34780102735385,1.2289263308048248,500.7429
651,470.76367018267047,171.5971227483824,495.1328
652,486.43574355426244,-1.7998010823503137,496.0981
653,193.1091481395997,-88.62780508585274,507.6592
654,486.43574355426244,-1.7998010823503137,496.0981
655,362.34780102735385,1.2289263308048248,500.7429
656,362.34780102735385,1.2289263308048248,500.7429
657,362.34780102735385,1.2289263308048248,500.7429
658,486.43574355426244,-1.7998010823503137,496.0981
659,470.76367018267047,171.5971227483824,495.1328
660,470.76367018267047,171.5971227483824,495.1328
661,348.36627522378694,-143.89034928940237,497.9991
662,348.36627522378694,-143.89034928940237,497.9991
663,470.76367018267047,171.5971227483824,495.1328
664,486.43574355426244,-1.7998010823503137,496.0981
665,373.7899802385364,-125.07839159946889,495.4633
666,162.8147366484627,-437.17964453529567,507.772
667,486.43574355426244,-1.7998010823503137,496.0981
668,470.76367018267047,171.5971227483824,495.1328
669,486.43574355426244,-1.7998010823503137,496.0981
670,373.7899802385364,-125.07839159946889,495.4633
671,486.43574355426244,-1.7998010823503137,496.0981
672,486.43574355426244,-1.7998010823503137,496.0981
673,470.76367018267047,171.5971227483824,495.1328
674,407.52234636363573,-97.58533479273319,495.0723
675,348.36627522378694,-143.89034928940237,497.9991
676,407.52234636363573,-97.58533479273319,495.0723
677,470.76367018267047,171.5971227483824,495.1328
678,139.7636470401194,-506.0295416051522,505.1951
679,139.7636470401194,-506.0295416051522,505.1951
680,139.7636470401194,-506.0295416051522,505.1951
681,205.2719726698706,-234.8387924944982,498.5889
682,426.6493841558695,-76.47542274836451,495.0026
683,470.76367018267047,171.5971227483824,495.1328
684,426.6493841558695,-76.47542274836451,495.0026
685,426.6493841558695,-76.47542274836451,495.0026
686,426.6493841558695,-76.47542274836451,495.0026
687,486.43574355426244,-1.7998010823503137,496.0981
688,470.76367018267047,171.5971227483824,495.1328
689,48.94289837463293,-105.32350093126297,507.618
690,470.76367018267047,171.5971227483824,495.1328
691,470.76367018267047,171.5971227483824,495.1328
692,470.76367018267047,171.5971227483824,495.1328
693,375.5044254019158,211.02751090563834,508.5803
694,375.5044254019158,211.02751090563834,508.5803
695,348.36627522378694,-143.89034928940237,497.9991
696,348.36627522378694,-143.89034928940237,497.9991
697,486.43574355426244,-1.7998010823503137,496.0981
698,486.43574355426244,-1.7998010823503137,496.0981
699,470.76367018267047,171.5971227483824,495.1328
700,363.2410870054737,150.87639294750988,513.1013
701,470.76367018267047,171.5971227483824,495.1328
702,426.6493841558695,-76.47542274836451,495.0026
703,251.74382228625473,-81.45261886063963,508.5526
704,470.76367018267047,171.5971227483824,495.1328
705,470.76367018267047,171.5971227483824,495.1328
706,233.7110608414514,-418.00185553822666,502.5179
707,348.36627522378694,-143.89034928940237,497.9991
708,470.76367018267047,171.5971227483824,495.1328
709,486.43574355426244,-1.7998010823503137,496.0981
710,233.7110608414514,-418.00185553822666,502.5179
711,480.63383262592833,-8.949857254512608,496.0033
712,470.76367018267047,171.5971227483824,495.1328
713,470.76367018267047,171.5971227483824,495.1328
714,486.43574355426244,-1.7998010823503137,496.0981
715,233.7110608414514,-418.00185553822666,502.5179
716,407.52234636363573,-97.58533479273319,495.0723
717,470.76367018267047,171.5971227483824,495.1328
718,555.1687565883622,231.68697230145335,508.9009
719,348.36627522378694,-143.89034928940237,497.9991
720,486.43574355426244,-1.7998010823503137,496.0981
721,486.43574355426244,-1.7998010823503137,496.0981
722,486.43574355426244,-1.7998010823503137,496.0981
723,486.43574355426244,-1.7998010823503137,496.0981
724,486.43574355426244,-1.7998010823503137,496.0981
725,486.43574355426244,-1.7998010823503137,496.0981
726,470.76367018267047,171.5971227483824,495.1328
727,470.76367018267047,171.5971227483824,495.1328
728,486.43574355426244,-1.7998010823503137,496.0981
729,486.43574355426244,-1.7998010823503137,496.0981
730,373.7899802385364,-125.07839159946889,495.4633
731,486.43574355426244,-1.7998010823503137,496.0981
732,348.36627522378694,-143.89034928940237,497.9991
733,486.43574355426244,-1.7998010823503137,496.0981
734,486.43574355426244,-1.7998010823503137,496.0981
735,486.43574355426244,-1.7998010823503137,496.0981
736,373.7899802385364,-125.07839159946889,495.4633
737,373.7899802385364,-125.07839159946889,495.4633
738,470.76367018267047,171.5971227483824,495.1328
739,407.52234636363573,-97.58533479273319,495.0723
740,232.92803846288007,-409.9840341573581,502.4879
741,232.92803846288007,-409.9840341573581,502.4879
742,90.32373467308935,-85.53714210074395,508.0219
743,232.92803846288007,-409.9840341573581,502.4879
744,486.43574355426244,-1.7998010823503137,496.0981
745,480.63383262592833,-8.949857254512608,496.0033
746,470.76367018267047,171.5971227483824,495.1328
747,486.43574355426244,-1.7998010823503137,496.0981
748,486.43574355426244,-1.7998010823503137,496.0981
749,480.63383262592833,-8.949857254512608,496.0033
750,486.43574355426244,-1.7998010823503137,496.0981
751,486.43574355426244,-1.7998010823503137,496.0981
752,486.43574355426244,-1.7998010823503137,496.0981
753,486.43574355426244,-1.7998010823503137,496.0981
754,486.43574355426244,-1.7998010823503137,496.0981
755,470.76367018267047,171.5971227483824,495.1328
756,480.63383262592833,-8.949857254512608,496.0033
757,486.43574355426244,-1.7998010823503137,496.0981
758,470.76367018267047,171.5971227483824,495.1328
759,486.43574355426244,-1.7998010823503137,496.0981
760,486.43574355426244,-1.7998010823503137,496.0981
761,480.63383262592833,-8.949857254512608,496.0033
762,470.76367018267047,171.5971227483824,495.1328
763,470.76367018267047,171.5971227483824,495.1328
764,470.76367018267047,171.5971227483824,495.1328
765,486.43574355426244,-1.7998010823503137,496.0981
766,486.43574355426244,-1.7998010823503137,496.0981
767,486.43574355426244,-1.7998010823503137,496.0981
768,470.76367018267047,171.5971227483824,495.1328
769,470.76367018267047,171.5971227483824,495.1328
770,470.76367018267047,171.5971227483824,495.1328
771,407.52234636363573,-97.58533479273319,495.0723
772,486.43574355426244,-1.7998010823503137,496.0981
773,407.52234636363573,-97.58533479273319,495.0723
774,426.6493841558695,-76.47542274836451,495.0026
775,407.52234636363573,-97.58533479273319,495.0723
776,486.43574355426244,-1.7998010823503137,496.0981
777,486.43574355426244,-1.7998010823503137,496.0981
778,486.43574355426244,-1.7998010823503137,496.0981
779,486.43574355426244,-1.7998010823503137,496.0981
780,486.43574355426244,-1.7998010823503137,496.0981
781,128.83982599235605,-79.18668864388019,505.3083
782,470.76367018267047,171.5971227483824,495.1328
783,470.76367018267047,171.5971227483824,495.1328
784,426.6493841558695,-76.47542274836451,495.0026
785,407.52234636363573,-97.58533479273319,495.0723
786,426.6493841558695,-76.47542274836451,495.0026
787,498.500255899271,9.637375488877296,499.6207
788,470.76367018267047,171.5971227483824,495.1328
789,480.63383262592833,-8.949857254512608,496.0033
790,486.43574355426244,-1.7998010823503137,496.0981
791,84.09927900740877,-447.4062419394031,503.7853
792,486.43574355426244,-1.7998010823503137,496.0981
793,470.76367018267047,171.5971227483824,495.1328
794,486.43574355426244,-1.7998010823503137,496.0981
795,470.76367018267047,171.5971227483824,495.1328
796,373.7899802385364,-125.07839159946889,495.4633
797,407.52234636363573,-97.58533479273319,495.0723
798,470.76367018267047,171.5971227483824,495.1328
799,257.7677352929022,-53.44584149122238,507.2765
800,486.43574355426244,-1.7998010823503137,496.0981
801,345.1240610226523,-148.96795441955328,496.3242
802,95.8441730805207,-618.1543914219365,501.8885
803,470.76367018267047,171.5971227483824,495.1328
804,586.6646177271614,219.5421512182802,508.0705
805,486.43574355426244,-1.7998010823503137,496.0981
806,486.43574355426244,-1.7998010823503137,496.0981
807,470.76367018267047,171.5971227483824,495.1328
808,486.43574355426244,-1.7998010823503137,496.0981
809,470.76367018267047,171.5971227483824,495.1328
810,145.62909129972104,-437.46430354751647,508.0232
811,486.43574355426244,-1.7998010823503137,496.0981
812,470.76367018267047,171.5971227483824,495.1328
813,407.52234636363573,-97.58533479273319,495.0723
814,470.76367018267047,171.5971227483824,495.1328
815,470.76367018267047,171.5971227483824,495.1328
816,486.43574355426244,-1.7998010823503137,496.0981
817,470.76367018267047,171.5971227483824,495.1328
818,486.43574355426244,-1.7998010823503137,496.0981
819,407.52234636363573,-97.58533479273319,495.0723
820,470.76367018267047,171.5971227483824,495.1328
821,373.7899802385364,-125.07839159946889,495.4633
822,486.43574355426244,-1.7998010823503137,496.0981
823,373.7899802385364,-125.07839159946889,495.4633
824,407.52234636363573,-97.58533479273319,495.0723
825,407.52234636363573,-97.58533479273319,495.0723
826,486.43574355426244,-1.7998010823503137,496.0981
827,486.43574355426244,-1.7998010823503137,496.0981
828,470.76367018267047,171.5971227483824,495.1328
829,470.76367018267047,171.5971227483824,495.1328
830,486.43574355426244,-1.7998010823503137,496.0981
831,407.52234636363573,-97.58533479273319,495.0723
832,470.76367018267047,171.5971227483824,495.1328
833,486.43574355426244,-1.7998010823503137,496.0981
834,373.7899802385364,-125.07839159946889,495.4633
835,470.76367018267047,171.5971227483824,495.1328
836,470.76367018267047,171.5971227483824,495.1328
837,470.76367018267047,171.5971227483824,495.1328
838,470.76367018267047,171.5971227483824,495.1328
839,470.76367018267047,171.5971227483824,495.1328
840,470.76367018267047,171.5971227483824,495.1328
841,470.76367018267047,171.5971227483824,495.1328
842,480.63383262592833,-8.949857254512608,496.0033
843,470.76367018267047,171.5971227483824,495.1328
844,407.52234636363573,-97.58533479273319,495.0723
845,486.43574355426244,-1.7998010823503137,496.0981
846,470.76367018267047,171.5971227483824,495.1328
847,470.76367018267047,171.5971227483824,495.1328
848,426.6493841558695,-76.47542274836451,495.0026
849,470.76367018267047,171.5971227483824,495.1328
850,470.76367018267047,171.5971227483824,495.1328
851,85.70256781659555,-595.1173601038754,510.2144
852,444.54096984374337,147.36341163143516,500.2098
853,486.43574355426244,-1.7998010823503137,496.0981
854,160.8309420621954,-287.9907457958907,504.5755
855,470.76367018267047,171.5971227483824,495.1328
856,470.76367018267047,171.5971227483824,495.1328
857,426.6493841558695,-76.47542274836451,495.0026
858,470.76367018267047,171.5971227483824,495.1328
859,470.76367018267047,171.5971227483824,495.1328
860,426.6493841558695,-76.47542274836451,495.0026
861,470.76367018267047,171.5971227483824,495.1328
862,486.43574355426244,-1.7998010823503137,496.0981
863,426.6493841558695,-76.47542274836451,495.0026
864,393.40799418720417,-107.53828147985041,497.1067
865,486.43574355426244,-1.7998010823503137,496.0981
866,110.00793958827853,-637.145595333539,503.8307
867,470.76367018267047,171.5971227483824,495.1328
868,426.6493841558695,-76.47542274836451,495.0026
869,477.91383509512525,97.05382304359227,499.3305
870,461.34518814703915,114.07999021280557,514.1351
871,414.22382872737944,-87.14101772196591,499.0871
872,470.76367018267047,171.5971227483824,495.1328
873,510.20230419398285,134.28777781594545,506.2031
874,443.3859252255643,-55.894909750670195,495.081
875,444.26332035684027,180.0417102575302,506.4167
876,470.76367018267047,171.5971227483824,495.1328
877,470.76367018267047,171.5971227483824,495.1328
878,373.7899802385364,-125.07839159946889,495.4633
879,470.76367018267047,171.5971227483824,495.1328
880,373.7899802385364,-125.07839159946889,495.4633
881,486.43574355426244,-1.7998010823503137,496.0981
882,470.76367018267047,171.5971227483824,495.1328
883,470.76367018267047,171.5971227483824,495.1328
884,256.9109063062351,-216.83377638924867,499.1137
885,480.63383262592833,-8.949857254512608,496.0033
886,161.99601113016251,-286.3120359890163,502.3293
887,371.27554640488233,34.634106191806495,502.2011
888,470.76367018267047,171.5971227483824,495.1328
889,470.76367018267047,171.5971227483824,495.1328
890,373.7899802385364,-125.07839159946889,495.4633
891,373.7899802385364,-125.07839159946889,495.4633
892,486.43574355426244,-1.7998010823503137,496.0981
893,486.43574355426244,-1.7998010823503137,496.0981
894,373.7899802385364,-125.07839159946889,495.4633
895,470.76367018267047,171.5971227483824,495.1328
896,373.7899802385364,-125.07839159946889,495.4633
897,470.76367018267047,171.5971227483824,495.1328
898,480.63383262592833,-8.949857254512608,496.0033
899,470.76367018267047,171.5971227483824,495.1328
900,373.7899802385364,-125.07839159946889,495.4633
901,470.76367018267047,171.5971227483824,495.1328
902,486.43574355426244,-1.7998010823503137,496.0981
903,470.76367018267047,171.5971227483824,495.1328
904,470.76367018267047,171.5971227483824,495.1328
905,470.76367018267047,171.5971227483824,495.1328
906,486.43574355426244,-1.7998010823503137,496.0981
907,53.8612194203306,-541.9966525770724,510.8166
908,470.76367018267047,171.5971227483824,495.1328
909,407.52234636363573,-97.58533479273319,495.0723
910,470.76367018267047,171.5971227483824,495.1328
911,407.52234636363573,-97.58533479273319,495.0723
912,407.52234636363573,-97.58533479273319,495.0723
913,407.52234636363573,-97.58533479273319,495.0723
914,407.52234636363573,-97.58533479273319,495.0723
915,486.43574355426244,-1.7998010823503137,496.0981
916,486.43574355426244,-1.7998010823503137,496.0981
917,480.63383262592833,-8.949857254512608,496.0033
918,470.76367018267047,171.5971227483824,495.1328
919,407.52234636363573,-97.58533479273319,495.0723
920,486.43574355426244,-1.7998010823503137,496.0981
921,470.76367018267047,171.5971227483824,495.1328
922,480.63383262592833,-8.949857254512608,496.0033
923,407.52234636363573,-97.58533479273319,495.0723
924,470.76367018267047,171.5971227483824,495.1328
925,345.1240610226523,-148.96795441955328,496.3242
926,407.52234636363573,-97.58533479273319,495.0723
927,470.76367018267047,171.5971227483824,495.1328
928,480.63383262592833,-8.949857254512608,496.0033
929,470.76367018267047,171.5971227483824,495.1328
930,407.52234636363573,-97.58533479273319,495.0723
931,205.2719726698706,-234.8387924944982,498.5889
932,407.52234636363573,-97.58533479273319,495.0723
933,480.63383262592833,-8.949857254512608,496.0033
934,373.7899802385364,-125.07839159946889,495.4633
935,480.63383262592833,-8.949857254512608,496.0033
936,470.76367018267047,171.5971227483824,495.1328
937,480.63383262592833,-8.949857254512608,496.0033
938,480.63383262592833,-8.949857254512608,496.0033
939,480.63383262592833,-8.949857254512608,496.0033
940,470.76367018267047,171.5971227483824,495.1328
941,480.63383262592833,-8.949857254512608,496.0033
942,470.76367018267047,171.5971227483824,495.1328
943,470.76367018267047,171.5971227483824,495.1328
944,470.76367018267047,171.5971227483824,495.1328
945,480.63383262592833,-8.949857254512608,496.0033
946,470.76367018267047,171.5971227483824,495.1328
947,486.43574355426244,-1.7998010823503137,496.0981
948,470.76367018267047,171.5971227483824,495.1328
949,486.43574355426244,-1.7998010823503137,496.0981
950,480.63383262592833,-8.949857254512608,496.0033
951,407.52234636363573,-97.58533479273319,495.0723
952,407.52234636363573,-97.58533479273319,495.0723
953,470.76367018267047,171.5971227483824,495.1328
954,470.76367018267047,171.5971227483824,495.1328
955,486.43574355426244,-1.7998010823503137,496.0981
956,470.76367018267047,171.5971227483824,495.1328
957,373.7899802385364,-125.07839159946889,495.4633
958,373.7899802385364,-125.07839159946889,495.4633
959,373.7899802385364,-125.07839159946889,495.4633
960,480.63383262592833,-8.949857254512608,496.0033
961,486.43574355426244,-1.7998010823503137,496.0981
962,119.8576544696698,-135.23315707966685,506.2477
963,470.76367018267047,171.5971227483824,495.1328
964,470.76367018267047,171.5971227483824,495.1328
965,470.76367018267047,171.5971227483824,495.1328
966,407.52234636363573,-97.58533479273319,495.0723
967,470.76367018267047,171.5971227483824,495.1328
968,470.76367018267047,171.5971227483824,495.1328
969,486.43574355426244,-1.7998010823503137,496.0981
970,470.76367018267047,171.5971227483824,495.1328
971,373.7899802385364,-125.07839159946889,495.4633
972,373.7899802385364,-125.07839159946889,495.4633
973,373.7899802385364,-125.07839159946889,495.4633
974,426.6493841558695,-76.47542274836451,495.0026
975,426.6493841558695,-76.47542274836451,495.0026
976,486.43574355426244,-1.7998010823503137,496.0981
977,426.6493841558695,-76.47542274836451,495.0026
978,470.76367018267047,171.5971227483824,495.1328
979,470.76367018267047,171.5971227483824,495.1328
980,426.6493841558695,-76.47542274836451,495.0026
981,426.6493841558695,-76.47542274836451,495.0026
982,426.6493841558695,-76.47542274836451,495.0026
983,426.6493841558695,-76.47542274836451,495.0026
984,426.6493841558695,-76.47542274836451,495.0026
985,426.6493841558695,-76.47542274836451,495.0026
986,426.6493841558695,-76.47542274836451,495.0026
987,486.43574355426244,-1.7998010823503137,496.0981
988,486.43574355426244,-1.7998010823503137,496.0981
989,426.6493841558695,-76.47542274836451,495.0026
990,470.76367018267047,171.5971227483824,495.1328
991,470.76367018267047,171.5971227483824,495.1328
992,470.76367018267047,171.5971227483824,495.1328
993,407.52234636363573,-97.58533479273319,495.0723
994,373.7899802385364,-125.07839159946889,495.4633
995,470.76367018267047,171.5971227483824,495.1328
996,486.43574355426244,-1.7998010823503137,496.0981
997,470.76367018267047,171.5971227483824,495.1328
998,486.43574355426244,-1.7998010823503137,496.0981
999,470.76367018267047,171.5971227483824,495.1328
1000,470.76367018267047,171.5971227483824,495.1328
1001,470.76367018267047,171.5971227483824,495.1328
1002,470.76367018267047,171.5971227483824,495.1328
1003,393.40799418720417,-107.53828147985041,497.1067
1004,470.76367018267047,171.5971227483824,495.1328
1005,486.43574355426244,-1.7998010823503137,496.0981
1006,407.52234636363573,-97.58533479273319,495.0723
1007,470.76367018267047,171.5971227483824,495.1328
1008,426.6493841558695,-76.47542274836451,495.0026
1009,486.43574355426244,-1.7998010823503137,496.0981
1010,470.76367018267047,171.5971227483824,495.1328
1011,426.6493841558695,-76.47542274836451,495.0026
1012,407.52234636363573,-97.58533479273319,495.0723
1013,407.52234636363573,-97.58533479273319,495.0723
1014,407.52234636363573,-97.58533479273319,495.0723
1015,470.76367018267047,171.5971227483824,495.1328
1016,426.6493841558695,-76.47542274836451,495.0026
1017,486.43574355426244,-1.7998010823503137,496.0981
1018,486.43574355426244,-1.7998010823503137,496.0981
1019,407.52234636363573,-97.58533479273319,495.0723
1020,486.43574355426244,-1.7998010823503137,496.0981
1021,486.43574355426244,-1.7998010823503137,496.0981
1022,486.43574355426244,-1.7998010823503137,496.0981
1023,486.43574355426244,-1.7998010823503137,496.0981
1024,373.7899802385364,-125.07839159946889,495.4633
1025,470.76367018267047,171.5971227483824,495.1328
1026,426.6493841558695,-76.47542274836451,495.0026
1027,426.6493841558695,-76.47542274836451,495.0026
1028,426.6493841558695,-76.47542274836451,495.0026
1029,426.6493841558695,-76.47542274836451,495.0026
1030,426.6493841558695,-76.47542274836451,495.0026
1031,426.6493841558695,-76.47542274836451,495.0026
1032,175.7270226929104,-496.1192937679589,502.7077
1033,470.76367018267047,171.5971227483824,495.1328
1034,426.6493841558695,-76.47542274836451,495.0026
1035,486.43574355426244,-1.7998010823503137,496.0981
1036,407.52234636363573,-97.58533479273319,495.0723
1037,486.43574355426244,-1.7998010823503137,496.0981
1038,486.43574355426244,-1.7998010823503137,496.0981
1039,426.6493841558695,-76.47542274836451,495.0026
1040,426.6493841558695,-76.47542274836451,495.0026
1041,470.76367018267047,171.5971227483824,495.1328
1042,407.52234636363573,-97.58533479273319,495.0723
1043,443.3859252255643,-55.894909750670195,495.081
1044,407.52234636363573,-97.58533479273319,495.0723
1045,426.6493841558695,-76.47542274836451,495.0026
1046,470.76367018267047,171.5971227483824,495.1328
1047,407.52234636363573,-97.58533479273319,495.0723
1048,486.43574355426244,-1.7998010823503137,496.0981
1049,426.6493841558695,-76.47542274836451,495.0026
1050,470.76367018267047,171.5971227483824,495.1328
1051,407.52234636363573,-97.58533479273319,495.0723
1052,486.43574355426244,-1.7998010823503137,496.0981
1053,426.6493841558695,-76.47542274836451,495.0026
1054,470.76367018267047,171.5971227483824,495.1328
1055,426.6493841558695,-76.47542274836451,495.0026
1056,486.43574355426244,-1.7998010823503137,496.0981
1057,426.6493841558695,-76.47542274836451,495.0026
1058,470.76367018267047,171.5971227483824,495.1328
1059,253.2251876287628,-17.467611025087535,511.9052
1060,443.3859252255643,-55.894909750670195,495.081
1061,407.52234636363573,-97.58533479273319,495.0723
1062,374.16902137058787,28.59811198990792,502.3169
1063,407.52234636363573,-97.58533479273319,495.0723
1064,443.3859252255643,-55.894909750670195,495.081
1065,486.43574355426244,-1.7998010823503137,496.0981
1066,486.43574355426244,-1.7998010823503137,496.0981
1067,443.3859252255643,-55.894909750670195,495.081
1068,407.52234636363573,-97.58533479273319,495.0723
1069,486.43574355426244,-1.7998010823503137,496.0981
1070,407.52234636363573,-97.58533479273319,495.0723
1071,480.63383262592833,-8.949857254512608,496.0033
1072,407.52234636363573,-97.58533479273319,495.0723
1073,443.3859252255643,-55.894909750670195,495.081
1074,407.52234636363573,-97.58533479273319,495.0723
1075,426.6493841558695,-76.47542274836451,495.0026
1076,470.76367018267047,171.5971227483824,495.1328
1077,407.52234636363573,-97.58533479273319,495.0723
1078,470.76367018267047,171.5971227483824,495.1328
1079,486.43574355426244,-1.7998010823503137,496.0981
1080,470.76367018267047,171.5971227483824,495.1328
1081,407.52234636363573,-97.58533479273319,495.0723
1082,486.43574355426244,-1.7998010823503137,496.0981
1083,426.6493841558695,-76.47542274836451,495.0026
1084,470.76367018267047,171.5971227483824,495.1328
1085,426.6493841558695,-76.47542274836451,495.0026
1086,426.6493841558695,-76.47542274836451,495.0026
1087,426.6493841558695,-76.47542274836451,495.0026
1088,470.76367018267047,171.5971227483824,495.1328
1089,426.6493841558695,-76.47542274836451,495.0026
1090,407.52234636363573,-97.58533479273319,495.0723
1091,486.43574355426244,-1.7998010823503137,496.0981
1092,407.52234636363573,-97.58533479273319,495.0723
1093,426.6493841558695,-76.47542274836451,495.0026
1094,94.34209300763905,-78.18337682075799,506.1162
1095,470.76367018267047,171.5971227483824,495.1328
1096,407.52234636363573,-97.58533479273319,495.0723
1097,486.43574355426244,-1.7998010823503137,496.0981
1098,470.76367018267047,171.5971227483824,495.1328
1099,486.43574355426244,-1.7998010823503137,496.0981
1100,426.6493841558695,-76.47542274836451,495.0026
1101,426.6493841558695,-76.47542274836451,495.0026
1102,470.76367018267047,171.5971227483824,495.1328
1103,426.6493841558695,-76.47542274836451,495.0026
1104,470.76367018267047,171.5971227483824,495.1328
1105,426.6493841558695,-76.47542274836451,495.0026
1106,426.6493841558695,-76.47542274836451,495.0026
1107,426.6493841558695,-76.47542274836451,495.0026
1108,470.76367018267047,171.5971227483824,495.1328
1109,426.6493841558695,-76.47542274836451,495.0026
1110,426.6493841558695,-76.47542274836451,495.0026
1111,426.6493841558695,-76.47542274836451,495.0026
1112,486.43574355426244,-1.7998010823503137,496.0981
1113,426.6493841558695,-76.47542274836451,495.0026
1114,486.43574355426244,-1.7998010823503137,496.0981
1115,426.6493841558695,-76.47542274836451,495.0026
1116,470.76367018267047,171.5971227483824,495.1328
1117,470.76367018267047,171.5971227483824,495.1328
1118,426.6493841558695,-76.47542274836451,495.0026
1119,426.6493841558695,-76.47542274836451,495.0026
1120,426.6493841558695,-76.47542274836451,495.0026
1121,486.43574355426244,-1.7998010823503137,496.0981
1122,470.76367018267047,171.5971227483824,495.1328
1123,426.6493841558695,-76.47542274836451,495.0026
1124,426.6493841558695,-76.47542274836451,495.0026
1125,470.76367018267047,171.5971227483824,495.1328
1126,443.3859252255643,-55.894909750670195,495.081
1127,443.3859252255643,-55.894909750670195,495.081
1128,443.3859252255643,-55.894909750670195,495.081
1129,470.76367018267047,171.5971227483824,495.1328
1130,426.6493841558695,-76.47542274836451,495.0026
1131,407.52234636363573,-97.58533479273319,495.0723
1132,426.6493841558695,-76.47542274836451,495.0026
1133,470.76367018267047,171.5971227483824,495.1328
1134,443.3859252255643,-55.894909750670195,495.081
1135,470.76367018267047,171.5971227483824,495.1328
1136,486.43574355426244,-1.7998010823503137,496.0981
1137,470.76367018267047,171.5971227483824,495.1328
1138,486.43574355426244,-1.7998010823503137,496.0981
1139,426.6493841558695,-76.47542274836451,495.0026
1140,426.6493841558695,-76.47542274836451,495.0026
1141,426.6493841558695,-76.47542274836451,495.0026
1142,426.6493841558695,-76.47542274836451,495.0026
1143,426.6493841558695,-76.47542274836451,495.0026
1144,426.6493841558695,-76.47542274836451,495.0026
1145,407.52234636363573,-97.58533479273319,495.0723
1146,426.6493841558695,-76.47542274836451,495.0026
1147,426.6493841558695,-76.47542274836451,495.0026
1148,486.43574355426244,-1.7998010823503137,496.0981
1149,443.3859252255643,-55.894909750670195,495.081
1150,426.6493841558695,-76.47542274836451,495.0026
1151,470.76367018267047,171.5971227483824,495.1328
1152,407.52234636363573,-97.58533479273319,495.0723
1153,470.76367018267047,171.5971227483824,495.1328
1154,407.52234636363573,-97.58533479273319,495.0723
1155,407.52234636363573,-97.58533479273319,495.0723
1156,486.43574355426244,-1.7998010823503137,496.0981
1157,486.43574355426244,-1.7998010823503137,496.0981
1158,373.7899802385364,-125.07839159946889,495.4633
1159,373.7899802385364,-125.07839159946889,495.4633
1160,426.6493841558695,-76.47542274836451,495.0026
1161,426.6493841558695,-76.47542274836451,495.0026
1162,426.6493841558695,-76.47542274836451,495.0026
1163,426.6493841558695,-76.47542274836451,495.0026
1164,470.76367018267047,171.5971227483824,495.1328
1165,426.6493841558695,-76.47542274836451,495.0026
1166,426.6493841558695,-76.47542274836451,495.0026
1167,426.6493841558695,-76.47542274836451,495.0026
1168,426.6493841558695,-76.47542274836451,495.0026
1169,426.6493841558695,-76.47542274836451,495.0026
1170,426.6493841558695,-76.47542274836451,495.0026
1171,426.6493841558695,-76.47542274836451,495.0026
1172,426.6493841558695,-76.47542274836451,495.0026
1173,486.43574355426244,-1.7998010823503137,496.0981
1174,426.6493841558695,-76.47542274836451,495.0026
1175,426.6493841558695,-76.47542274836451,495.0026
1176,426.6493841558695,-76.47542274836451,495.0026
1177,426.6493841558695,-76.47542274836451,495.0026
1178,426.6493841558695,-76.47542274836451,495.0026
1179,426.6493841558695,-76.47542274836451,495.0026
1180,470.76367018267047,171.5971227483824,495.1328
1181,426.6493841558695,-76.47542274836451,495.0026
1182,426.6493841558695,-76.47542274836451,495.0026
1183,426.6493841558695,-76.47542274836451,495.0026
1184,470.76367018267047,171.5971227483824,495.1328
1185,426.6493841558695,-76.47542274836451,495.0026
1186,470.76367018267047,171.5971227483824,495.1328
1187,426.6493841558695,-76.47542274836451,495.0026
1188,486.43574355426244,-1.7998010823503137,496.0981
1189,470.76367018267047,171.5971227483824,495.1328
1190,373.7899802385364,-125.07839159946889,495.4633
1191,470.76367018267047,171.5971227483824,495.1328
1192,486.43574355426244,-1.7998010823503137,496.0981
1193,426.6493841558695,-76.47542274836451,495.0026
1194,426.6493841558695,-76.47542274836451,495.0026
1195,426.6493841558695,-76.47542274836451,495.0026
1196,426.6493841558695,-76.47542274836451,495.0026
1197,426.6493841558695,-76.47542274836451,495.0026
1198,470.76367018267047,171.5971227483824,495.1328
1199,470.76367018267047,171.5971227483824,495.1328
1200,426.6493841558695,-76.47542274836451,495.0026
1201,426.6493841558695,-76.47542274836451,495.0026
1202,486.43574355426244,-1.7998010823503137,496.0981
1203,486.43574355426244,-1.7998010823503137,496.0981
1204,426.6493841558695,-76.47542274836451,495.0026
1205,373.7899802385364,-125.07839159946889,495.4633
1206,407.52234636363573,-97.58533479273319,495.0723
1207,407.52234636363573,-97.58533479273319,495.0723
1208,470.76367018267047,171.5971227483824,495.1328
1209,470.76367018267047,171.5971227483824,495.1328
1210,470.76367018267047,171.5971227483824,495.1328
1211,426.6493841558695,-76.47542274836451,495.0026
1212,407.52234636363573,-97.58533479273319,495.0723
1213,486.43574355426244,-1.7998010823503137,496.0981
1214,407.52234636363573,-97.58533479273319,495.0723
1215,407.52234636363573,-97.58533479273319,495.0723
1216,373.7899802385364,-125.07839159946889,495.4633
1217,373.7899802385364,-125.07839159946889,495.4633
1218,426.6493841558695,-76.47542274836451,495.0026
1219,470.76367018267047,171.5971227483824,495.1328
1220,193.02260730939452,-91.75371686462313,503.0678
1221,345.1240610226523,-148.96795441955328,496.3242
1222,345.1240610226523,-148.96795441955328,496.3242
1223,426.6493841558695,-76.47542274836451,495.0026
1224,470.76367018267047,171.5971227483824,495.1328
1225,426.6493841558695,-76.47542274836451,495.0026
1226,486.43574355426244,-1.7998010823503137,496.0981
1227,345.1240610226523,-148.96795441955328,496.3242
1228,486.43574355426244,-1.7998010823503137,496.0981
1229,345.1240610226523,-148.96795441955328,496.3242
1230,373.7899802385364,-125.07839159946889,495.4633
1231,426.6493841558695,-76.47542274836451,495.0026
1232,373.7899802385364,-125.07839159946889,495.4633
1233,470.76367018267047,171.5971227483824,495.1328
1234,373.7899802385364,-125.07839159946889,495.4633
1235,426.6493841558695,-76.47542274836451,495.0026
1236,426.6493841558695,-76.47542274836451,495.0026
1237,486.43574355426244,-1.7998010823503137,496.0981
1238,470.76367018267047,171.5971227483824,495.1328
1239,486.43574355426244,-1.7998010823503137,496.0981
1240,426.6493841558695,-76.47542274836451,495.0026
1241,426.6493841558695,-76.47542274836451,495.0026
1242,426.6493841558695,-76.47542274836451,495.0026
1243,426.6493841558695,-76.47542274836451,495.0026
1244,426.6493841558695,-76.47542274836451,495.0026
1245,426.6493841558695,-76.47542274836451,495.0026
1246,426.6493841558695,-76.47542274836451,495.0026
1247,426.6493841558695,-76.47542274836451,495.0026
1248,373.7899802385364,-125.07839159946889,495.4633
1249,373.7899802385364,-125.07839159946889,495.4633
1250,426.6493841558695,-76.47542274836451,495.0026
1251,470.76367018267047,171.5971227483824,495.1328
1252,486.43574355426244,-1.7998010823503137,496.0981
1253,470.76367018267047,171.5971227483824,495.1328
1254,426.6493841558695,-76.47542274836451,495.0026
1255,426.6493841558695,-76.47542274836451,495.0026
1256,470.76367018267047,171.5971227483824,495.1328
1257,-1.6813583039911464,-446.3562282472849,507.9092
1258,433.1302200113423,-67.31040330976248,496.6896
1259,426.6493841558695,-76.47542274836451,495.0026
1260,426.6493841558695,-76.47542274836451,495.0026
1261,486.43574355426244,-1.7998010823503137,496.0981
1262,486.43574355426244,-1.7998010823503137,496.0981
1263,407.52234636363573,-97.58533479273319,495.0723
1264,443.3859252255643,-55.894909750670195,495.081
1265,470.76367018267047,171.5971227483824,495.1328
1266,470.76367018267047,171.5971227483824,495.1328
1267,486.43574355426244,-1.7998010823503137,496.0981
1268,426.6493841558695,-76.47542274836451,495.0026
1269,426.6493841558695,-76.47542274836451,495.0026
1270,486.43574355426244,-1.7998010823503137,496.0981
1271,486.43574355426244,-1.7998010823503137,496.0981
1272,470.76367018267047,171.5971227483824,495.1328
1273,470.76367018267047,171.5971227483824,495.1328
1274,426.6493841558695,-76.47542274836451,495.0026
1275,426.6493841558695,-76.47542274836451,495.0026
1276,426.6493841558695,-76.47542274836451,495.0026
1277,426.6493841558695,-76.47542274836451,495.0026
1278,426.6493841558695,-76.47542274836451,495.0026
1279,426.6493841558695,-76.47542274836451,495.0026
1280,426.6493841558695,-76.47542274836451,495.0026
1281,426.6493841558695,-76.47542274836451,495.0026
1282,426.6493841558695,-76.47542274836451,495.0026
1283,426.6493841558695,-76.47542274836451,495.0026
1284,470.76367018267047,171.5971227483824,495.1328
1285,486.43574355426244,-1.7998010823503137,496.0981
1286,373.7899802385364,-125.07839159946889,495.4633
1287,426.6493841558695,-76.47542274836451,495.0026
1288,426.6493841558695,-76.47542274836451,495.0026
1289,426.6493841558695,-76.47542274836451,495.0026
1290,373.7899802385364,-125.07839159946889,495.4633
1291,373.7899802385364,-125.07839159946889,495.4633
1292,470.76367018267047,171.5971227483824,495.1328
1293,443.3859252255643,-55.894909750670195,495.081
1294,426.6493841558695,-76.47542274836451,495.0026
1295,443.3859252255643,-55.894909750670195,495.081
1296,486.43574355426244,-1.7998010823503137,496.0981
1297,480.63383262592833,-8.949857254512608,496.0033
1298,480.63383262592833,-8.949857254512608,496.0033
1299,407.52234636363573,-97.58533479273319,495.0723
1300,373.7899802385364,-125.07839159946889,495.4633
1301,373.7899802385364,-125.07839159946889,495.4633
1302,486.43574355426244,-1.7998010823503137,496.0981
1303,407.52234636363573,-97.58533479273319,495.0723
1304,486.43574355426244,-1.7998010823503137,496.0981
1305,407.52234636363573,-97.58533479273319,495.0723
1306,470.76367018267047,171.5971227483824,495.1328
1307,407.52234636363573,-97.58533479273319,495.0723
1308,407.52234636363573,-97.58533479273319,495.0723
1309,407.52234636363573,-97.58533479273319,495.0723
1310,407.52234636363573,-97.58533479273319,495.0723
1311,486.43574355426244,-1.7998010823503137,496.0981
1312,407.52234636363573,-97.58533479273319,495.0723
1313,407.52234636363573,-97.58533479273319,495.0723
1314,470.76367018267047,171.5971227483824,495.1328
1315,407.52234636363573,-97.58533479273319,495.0723
1316,470.76367018267047,171.5971227483824,495.1328
1317,407.52234636363573,-97.58533479273319,495.0723
1318,407.52234636363573,-97.58533479273319,495.0723
1319,407.52234636363573,-97.58533479273319,495.0723
1320,426.6493841558695,-76.47542274836451,495.0026
1321,470.76367018267047,171.5971227483824,495.1328
1322,486.43574355426244,-1.7998010823503137,496.0981
1323,426.6493841558695,-76.47542274836451,495.0026
1324,426.6493841558695,-76.47542274836451,495.0026
1325,426.6493841558695,-76.47542274836451,495.0026
1326,426.6493841558695,-76.47542274836451,495.0026
1327,486.43574355426244,-1.7998010823503137,496.0981
1328,486.43574355426244,-1.7998010823503137,496.0981
1329,426.6493841558695,-76.47542274836451,495.0026
1330,407.52234636363573,-97.58533479273319,495.0723
1331,407.52234636363573,-97.58533479273319,495.0723
1332,426.6493841558695,-76.47542274836451,495.0026
1333,486.43574355426244,-1.7998010823503137,496.0981
1334,470.76367018267047,171.5971227483824,495.1328
1335,486.43574355426244,-1.7998010823503137,496.0981
1336,486.43574355426244,-1.7998010823503137,496.0981
1337,443.3859252255643,-55.894909750670195,495.081
1338,470.76367018267047,171.5971227483824,495.1328
1339,426.6493841558695,-76.47542274836451,495.0026
1340,426.6493841558695,-76.47542274836451,495.0026
1341,486.43574355426244,-1.7998010823503137,496.0981
1342,426.6493841558695,-76.47542274836451,495.0026
1343,486.43574355426244,-1.7998010823503137,496.0981
1344,426.6493841558695,-76.47542274836451,495.0026
1345,486.43574355426244,-1.7998010823503137,496.0981
1346,443.3859252255643,-55.894909750670195,495.081
1347,486.43574355426244,-1.7998010823503137,496.0981
1348,486.43574355426244,-1.7998010823503137,496.0981
1349,373.7899802385364,-125.07839159946889,495.4633
1350,373.7899802385364,-125.07839159946889,495.4633
1351,486.43574355426244,-1.7998010823503137,496.0981
1352,373.7899802385364,-125.07839159946889,495.4633
1353,486.43574355426244,-1.7998010823503137,496.0981
1354,426.6493841558695,-76.47542274836451,495.0026
1355,426.6493841558695,-76.47542274836451,495.0026
1356,426.6493841558695,-76.47542274836451,495.0026
1357,426.6493841558695,-76.47542274836451,495.0026
1358,426.6493841558695,-76.47542274836451,495.0026
1359,426.6493841558695,-76.47542274836451,495.0026
1360,373.7899802385364,-125.07839159946889,495.4633
1361,426.6493841558695,-76.47542274836451,495.0026
1362,470.76367018267047,171.5971227483824,495.1328
1363,426.6493841558695,-76.47542274836451,495.0026
1364,426.6493841558695,-76.47542274836451,495.0026
1365,426.6493841558695,-76.47542274836451,495.0026
1366,426.6493841558695,-76.47542274836451,495.0026
1367,373.7899802385364,-125.07839159946889,495.4633
1368,373.7899802385364,-125.07839159946889,495.4633
1369,426.6493841558695,-76.47542274836451,495.0026
1370,470.76367018267047,171.5971227483824,495.1328
1371,373.7899802385364,-125.07839159946889,495.4633
1372,470.76367018267047,171.5971227483824,495.1328
1373,407.52234636363573,-97.58533479273319,495.0723
1374,486.43574355426244,-1.7998010823503137,496.0981
1375,486.43574355426244,-1.7998010823503137,496.0981
1376,470.76367018267047,171.5971227483824,495.1328
1377,470.76367018267047,171.5971227483824,495.1328
1378,426.6493841558695,-76.47542274836451,495.0026
1379,426.6493841558695,-76.47542274836451,495.0026
1380,426.6493841558695,-76.47542274836451,495.0026
1381,426.6493841558695,-76.47542274836451,495.0026
1382,470.76367018267047,171.5971227483824,495.1328
1383,470.76367018267047,171.5971227483824,495.1328
1384,486.43574355426244,-1.7998010823503137,496.0981
1385,443.3859252255643,-55.894909750670195,495.081
1386,443.3859252255643,-55.894909750670195,495.081
1387,426.6493841558695,-76.47542274836451,495.0026
1388,443.3859252255643,-55.894909750670195,495.081
1389,443.3859252255643,-55.894909750670195,495.081
1390,443.3859252255643,-55.894909750670195,495.081
1391,407.52234636363573,-97.58533479273319,495.0723
1392,113.58123875607271,-641.3774518510327,503.818
1393,470.76367018267047,171.5971227483824,495.1328
1394,407.52234636363573,-97.58533479273319,495.0723
1395,407.52234636363573,-97.58533479273319,495.0723
1396,407.52234636363573,-97.58533479273319,495.0723
1397,407.52234636363573,-97.58533479273319,495.0723
1398,470.76367018267047,171.5971227483824,495.1328
1399,486.43574355426244,-1.7998010823503137,496.0981
1400,407.52234636363573,-97.58533479273319,495.0723
1401,426.6493841558695,-76.47542274836451,495.0026
1402,407.52234636363573,-97.58533479273319,495.0723
1403,407.52234636363573,-97.58533479273319,495.0723
1404,407.52234636363573,-97.58533479273319,495.0723
1405,486.43574355426244,-1.7998010823503137,496.0981
1406,426.6493841558695,-76.47542274836451,495.0026
1407,470.76367018267047,171.5971227483824,495.1328
1408,426.6493841558695,-76.47542274836451,495.0026
1409,470.76367018267047,171.5971227483824,495.1328
1410,407.52234636363573,-97.58533479273319,495.0723
1411,443.3859252255643,-55.894909750670195,495.081
1412,486.43574355426244,-1.7998010823503137,496.0981
1413,470.76367018267047,171.5971227483824,495.1328
1414,470.76367018267047,171.5971227483824,495.1328
1415,407.52234636363573,-97.58533479273319,495.0723
1416,443.3859252255643,-55.894909750670195,495.081
1417,486.43574355426244,-1.7998010823503137,496.0981
1418,486.43574355426244,-1.7998010823503137,496.0981
1419,443.3859252255643,-55.894909750670195,495.081
1420,407.52234636363573,-97.58533479273319,495.0723
1421,443.3859252255643,-55.894909750670195,495.081
1422,443.3859252255643,-55.894909750670195,495.081
1423,443.3859252255643,-55.894909750670195,495.081
1424,470.76367018267047,171.5971227483824,495.1328
1425,470.76367018267047,171.5971227483824,495.1328
1426,443.3859252255643,-55.894909750670195,495.081
1427,407.52234636363573,-97.58533479273319,495.0723
1428,443.3859252255643,-55.894909750670195,495.081
1429,443.3859252255643,-55.894909750670195,495.081
1430,373.7899802385364,-125.07839159946889,495.4633
1431,443.3859252255643,-55.894909750670195,495.081
1432,443.3859252255643,-55.894909750670195,495.081
1433,470.76367018267047,171.5971227483824,495.1328
1434,407.52234636363573,-97.58533479273319,495.0723
1435,486.43574355426244,-1.7998010823503137,496.0981
1436,470.76367018267047,171.5971227483824,495.1328
1437,443.3859252255643,-55.894909750670195,495.081
1438,443.3859252255643,-55.894909750670195,495.081
1439,407.52234636363573,-97.58533479273319,495.0723
1440,470.76367018267047,171.5971227483824,495.1328
1441,373.7899802385364,-125.07839159946889,495.4633
1442,470.76367018267047,171.5971227483824,495.1328
1443,407.52234636363573,-97.58533479273319,495.0723
1444,470.76367018267047,171.5971227483824,495.1328
1445,443.3859252255643,-55.894909750670195,495.081
1446,443.3859252255643,-55.894909750670195,495.081
1447,426.6493841558695,-76.47542274836451,495.0026
1448,470.76367018267047,171.5971227483824,495.1328
1449,443.3859252255643,-55.894909750670195,495.081
1450,373.7899802385364,-125.07839159946889,495.4633
1451,373.7899802385364,-125.07839159946889,495.4633
1452,373.7899802385364,-125.07839159946889,495.4633
1453,373.7899802385364,-125.07839159946889,495.4633
1454,443.3859252255643,-55.894909750670195,495.081
1455,373.7899802385364,-125.07839159946889,495.4633
1456,373.7899802385364,-125.07839159946889,495.4633
1457,373.7899802385364,-125.07839159946889,495.4633
1458,470.76367018267047,171.5971227483824,495.1328
1459,443.3859252255643,-55.894909750670195,495.081
1460,486.43574355426244,-1.7998010823503137,496.0981
1461,373.7899802385364,-125.07839159946889,495.4633
1462,470.76367018267047,171.5971227483824,495.1328
1463,470.76367018267047,171.5971227483824,495.1328
1464,470.76367018267047,171.5971227483824,495.1328
1465,443.3859252255643,-55.894909750670195,495.081
1466,407.52234636363573,-97.58533479273319,495.0723
1467,470.76367018267047,171.5971227483824,495.1328
1468,443.3859252255643,-55.894909750670195,495.081
1469,486.43574355426244,-1.7998010823503137,496.0981
1470,470.76367018267047,171.5971227483824,495.1328
1471,486.43574355426244,-1.7998010823503137,496.0981
1472,486.43574355426244,-1.7998010823503137,496.0981
1473,407.52234636363573,-97.58533479273319,495.0723
1474,443.3859252255643,-55.894909750670195,495.081
1475,443.3859252255643,-55.894909750670195,495.081
1476,373.7899802385364,-125.07839159946889,495.4633
1477,470.76367018267047,171.5971227483824,495.1328
1478,443.3859252255643,-55.894909750670195,495.081
1479,443.3859252255643,-55.894909750670195,495.081
1480,407.52234636363573,-97.58533479273319,495.0723
1481,486.43574355426244,-1.7998010823503137,496.0981
1482,470.76367018267047,171.5971227483824,495.1328
1483,486.43574355426244,-1.7998010823503137,496.0981
1484,407.52234636363573,-97.58533479273319,495.0723
1485,470.76367018267047,171.5971227483824,495.1328
1486,443.3859252255643,-55.894909750670195,495.081
1487,486.43574355426244,-1.7998010823503137,496.0981
1488,486.43574355426244,-1.7998010823503137,496.0981
1489,407.52234636363573,-97.58533479273319,495.0723
1490,470.76367018267047,171.5971227483824,495.1328
1491,486.43574355426244,-1.7998010823503137,496.0981
1492,407.52234636363573,-97.58533479273319,495.0723
1493,443.3859252255643,-55.894909750670195,495.081
1494,486.43574355426244,-1.7998010823503137,496.0981
1495,443.3859252255643,-55.894909750670195,495.081
1496,443.3859252255643,-55.894909750670195,495.081
1497,426.6493841558695,-76.47542274836451,495.0026
1498,443.3859252255643,-55.894909750670195,495.081
1499,443.3859252255643,-55.894909750670195,495.081
1500,470.76367018267047,171.5971227483824,495.1328
1501,470.76367018267047,171.5971227483824,495.1328
1502,443.3859252255643,-55.894909750670195,495.081
1503,443.3859252255643,-55.894909750670195,495.081
1504,443.3859252255643,-55.894909750670195,495.081
1505,486.43574355426244,-1.7998010823503137,496.0981
1506,426.6493841558695,-76.47542274836451,495.0026
1507,373.7899802385364,-125.07839159946889,495.4633
1508,373.7899802385364,-125.07839159946889,495.4633
1509,407.52234636363573,-97.58533479273319,495.0723
1510,443.3859252255643,-55.894909750670195,495.081
1511,426.6493841558695,-76.47542274836451,495.0026
1512,373.7899802385364,-125.07839159946889,495.4633
1513,373.7899802385364,-125.07839159946889,495.4633
1514,373.7899802385364,-125.07839159946889,495.4633
1515,373.7899802385364,-125.07839159946889,495.4633
1516,470.76367018267047,171.5971227483824,495.1328
1517,373.7899802385364,-125.07839159946889,495.4633
1518,443.3859252255643,-55.894909750670195,495.081
1519,373.7899802385364,-125.07839159946889,495.4633
1520,373.7899802385364,-125.07839159946889,495.4633
1521,443.3859252255643,-55.894909750670195,495.081
1522,486.43574355426244,-1.7998010823503137,496.0981
1523,443.3859252255643,-55.894909750670195,495.081
1524,443.3859252255643,-55.894909750670195,495.081
1525,373.7899802385364,-125.07839159946889,495.4633
1526,486.43574355426244,-1.7998010823503137,496.0981
1527,443.3859252255643,-55.894909750670195,495.081
1528,373.7899802385364,-125.07839159946889,495.4633
1529,426.6493841558695,-76.47542274836451,495.0026
1530,486.43574355426244,-1.7998010823503137,496.0981
1531,486.43574355426244,-1.7998010823503137,496.0981
1532,470.76367018267047,171.5971227483824,495.1328
1533,486.43574355426244,-1.7998010823503137,496.0981
1534,443.3859252255643,-55.894909750670195,495.081
1535,373.7899802385364,-125.07839159946889,495.4633
1536,443.3859252255643,-55.894909750670195,495.081
1537,407.52234636363573,-97.58533479273319,495.0723
1538,373.7899802385364,-125.07839159946889,495.4633
1539,373.7899802385364,-125.07839159946889,495.4633
1540,373.7899802385364,-125.07839159946889,495.4633
1541,373.7899802385364,-125.07839159946889,495.4633
1542,373.7899802385364,-125.07839159946889,495.4633
1543,443.3859252255643,-55.894909750670195,495.081
1544,373.7899802385364,-125.07839159946889,495.4633
1545,373.7899802385364,-125.07839159946889,495.4633
1546,443.3859252255643,-55.894909750670195,495.081
1547,443.3859252255643,-55.894909750670195,495.081
1548,373.7899802385364,-125.07839159946889,495.4633
1549,486.43574355426244,-1.7998010823503137,496.0981
1550,443.3859252255643,-55.894909750670195,495.081
1551,373.7899802385364,-125.07839159946889,495.4633
1552,373.7899802385364,-125.07839159946889,495.4633
1553,443.3859252255643,-55.894909750670195,495.081
1554,470.76367018267047,171.5971227483824,495.1328
1555,443.3859252255643,-55.894909750670195,495.081
1556,470.76367018267047,171.5971227483824,495.1328
1557,443.3859252255643,-55.894909750670195,495.081
1558,426.6493841558695,-76.47542274836451,495.0026
1559,373.7899802385364,-125.07839159946889,495.4633
1560,443.3859252255643,-55.894909750670195,495.081
1561,373.7899802385364,-125.07839159946889,495.4633
1562,426.6493841558695,-76.47542274836451,495.0026
1563,443.3859252255643,-55.894909750670195,495.081
1564,443.3859252255643,-55.894909750670195,495.081
1565,443.3859252255643,-55.894909750670195,495.081
1566,443.3859252255643,-55.894909750670195,495.081
1567,470.76367018267047,171.5971227483824,495.1328
1568,373.7899802385364,-125.07839159946889,495.4633
1569,407.52234636363573,-97.58533479273319,495.0723
1570,205.2719726698706,-234.8387924944982,498.5889
1571,373.7899802385364,-125.07839159946889,495.4633
1572,443.3859252255643,-55.894909750670195,495.081
1573,373.7899802385364,-125.07839159946889,495.4633
1574,426.6493841558695,-76.47542274836451,495.0026
1575,443.3859252255643,-55.894909750670195,495.081
1576,486.43574355426244,-1.7998010823503137,496.0981
1577,443.3859252255643,-55.894909750670195,495.081
1578,373.7899802385364,-125.07839159946889,495.4633
1579,443.3859252255643,-55.894909750670195,495.081
1580,426.6493841558695,-76.47542274836451,495.0026
1581,373.7899802385364,-125.07839159946889,495.4633
1582,373.7899802385364,-125.07839159946889,495.4633
1583,373.7899802385364,-125.07839159946889,495.4633
1584,426.6493841558695,-76.47542274836451,495.0026
1585,373.7899802385364,-125.07839159946889,495.4633
1586,373.7899802385364,-125.07839159946889,495.4633
1587,407.52234636363573,-97.58533479273319,495.0723
1588,443.3859252255643,-55.894909750670195,495.081
1589,443.3859252255643,-55.894909750670195,495.081
1590,373.7899802385364,-125.07839159946889,495.4633
1591,373.7899802385364,-125.07839159946889,495.4633
1592,373.7899802385364,-125.07839159946889,495.4633
1593,407.52234636363573,-97.58533479273319,495.0723
1594,486.43574355426244,-1.7998010823503137,496.0981
1595,426.6493841558695,-76.47542274836451,495.0026
1596,373.7899802385364,-125.07839159946889,495.4633
1597,443.3859252255643,-55.894909750670195,495.081
1598,470.76367018267047,171.5971227483824,495.1328
1599,443.3859252255643,-55.894909750670195,495.081
1600,443.3859252255643,-55.894909750670195,495.081
1601,373.7899802385364,-125.07839159946889,495.4633
1602,373.7899802385364,-125.07839159946889,495.4633
1603,470.76367018267047,171.5971227483824,495.1328
1604,407.52234636363573,-97.58533479273319,495.0723
1605,426.6493841558695,-76.47542274836451,495.0026
1606,443.3859252255643,-55.894909750670195,495.081
1607,443.3859252255643,-55.894909750670195,495.081
1608,443.3859252255643,-55.894909750670195,495.081
1609,470.76367018267047,171.5971227483824,495.1328
1610,470.76367018267047,171.5971227483824,495.1328
1611,470.76367018267047,171.5971227483824,495.1328
1612,426.6493841558695,-76.47542274836451,495.0026
1613,470.76367018267047,171.5971227483824,495.1328
1614,486.43574355426244,-1.7998010823503137,496.0981
1615,470.76367018267047,171.5971227483824,495.1328
1616,443.3859252255643,-55.894909750670195,495.081
1617,443.3859252255643,-55.894909750670195,495.081
1618,443.3859252255643,-55.894909750670195,495.081
1619,443.3859252255643,-55.894909750670195,495.081
1620,426.6493841558695,-76.47542274836451,495.0026
1621,470.76367018267047,171.5971227483824,495.1328
1622,426.6493841558695,-76.47542274836451,495.0026
1623,373.7899802385364,-125.07839159946889,495.4633
1624,426.6493841558695,-76.47542274836451,495.0026
1625,373.7899802385364,-125.07839159946889,495.4633
1626,373.7899802385364,-125.07839159946889,495.4633
1627,443.3859252255643,-55.894909750670195,495.081
1628,373.7899802385364,-125.07839159946889,495.4633
1629,407.52234636363573,-97.58533479273319,495.0723
1630,373.7899802385364,-125.07839159946889,495.4633
1631,373.7899802385364,-125.07839159946889,495.4633
1632,426.6493841558695,-76.47542274836451,495.0026
1633,443.3859252255643,-55.894909750670195,495.081
1634,426.6493841558695,-76.47542274836451,495.0026
1635,373.7899802385364,-125.07839159946889,495.4633
1636,470.76367018267047,171.5971227483824,495.1328
1637,443.3859252255643,-55.894909750670195,495.081
1638,486.43574355426244,-1.7998010823503137,496.0981
1639,443.3859252255643,-55.894909750670195,495.081
1640,426.6493841558695,-76.47542274836451,495.0026
1641,443.3859252255643,-55.894909750670195,495.081
1642,426.6493841558695,-76.47542274836451,495.0026
1643,486.43574355426244,-1.7998010823503137,496.0981
1644,426.6493841558695,-76.47542274836451,495.0026
1645,426.6493841558695,-76.47542274836451,495.0026
1646,486.43574355426244,-1.7998010823503137,496.0981
1647,470.76367018267047,171.5971227483824,495.1328
1648,443.3859252255643,-55.894909750670195,495.081
1649,426.6493841558695,-76.47542274836451,495.0026
1650,443.3859252255643,-55.894909750670195,495.081
1651,443.3859252255643,-55.894909750670195,495.081
1652,443.3859252255643,-55.894909750670195,495.081
1653,443.3859252255643,-55.894909750670195,495.081
1654,443.3859252255643,-55.894909750670195,495.081
1655,443.3859252255643,-55.894909750670195,495.081
1656,373.7899802385364,-125.07839159946889,495.4633
1657,443.3859252255643,-55.894909750670195,495.081
1658,443.3859252255643,-55.894909750670195,495.081
1659,426.6493841558695,-76.47542274836451,495.0026
1660,470.76367018267047,171.5971227483824,495.1328
1661,443.3859252255643,-55.894909750670195,495.081
1662,486.43574355426244,-1.7998010823503137,496.0981
1663,443.3859252255643,-55.894909750670195,495.081
1664,433.1302200113423,-67.31040330976248,496.6896
1665,373.7899802385364,-125.07839159946889,495.4633
1666,486.43574355426244,-1.7998010823503137,496.0981
1667,426.6493841558695,-76.47542274836451,495.0026
1668,470.76367018267047,171.5971227483824,495.1328
1669,373.7899802385364,-125.07839159946889,495.4633
1670,373.7899802385364,-125.07839159946889,495.4633
1671,486.43574355426244,-1.7998010823503137,496.0981
1672,407.52234636363573,-97.58533479273319,495.0723
1673,443.3859252255643,-55.894909750670195,495.081
1674,470.76367018267047,171.5971227483824,495.1328
1675,443.3859252255643,-55.894909750670195,495.081
1676,470.76367018267047,171.5971227483824,495.1328
1677,470.76367018267047,171.5971227483824,495.1328
1678,470.76367018267047,171.5971227483824,495.1328
1679,373.7899802385364,-125.07839159946889,495.4633
1680,373.7899802385364,-125.07839159946889,495.4633
1681,470.76367018267047,171.5971227483824,495.1328
1682,443.3859252255643,-55.894909750670195,495.081
1683,443.3859252255643,-55.894909750670195,495.081
1684,470.76367018267047,171.5971227483824,495.1328
1685,373.7899802385364,-125.07839159946889,495.4633
1686,470.76367018267047,171.5971227483824,495.1328
1687,373.7899802385364,-125.07839159946889,495.4633
1688,443.3859252255643,-55.894909750670195,495.081
1689,426.6493841558695,-76.47542274836451,495.0026
1690,486.43574355426244,-1.7998010823503137,496.0981
1691,373.7899802385364,-125.07839159946889,495.4633
1692,470.76367018267047,171.5971227483824,495.1328
1693,443.3859252255643,-55.894909750670195,495.081
1694,426.6493841558695,-76.47542274836451,495.0026
1695,443.3859252255643,-55.894909750670195,495.081
1696,443.3859252255643,-55.894909750670195,495.081
1697,470.76367018267047,171.5971227483824,495.1328
1698,443.3859252255643,-55.894909750670195,495.081
1699,443.3859252255643,-55.894909750670195,495.081
1700,443.3859252255643,-55.894909750670195,495.081
1701,426.6493841558695,-76.47542274836451,495.0026
1702,153.4039018752519,-116.210818589665,504.325
1703,373.7899802385364,-125.07839159946889,495.4633
1704,486.43574355426244,-1.7998010823503137,496.0981
1705,426.6493841558695,-76.47542274836451,495.0026
1706,426.6493841558695,-76.47542274836451,495.0026
1707,426.6493841558695,-76.47542274836451,495.0026
1708,486.43574355426244,-1.7998010823503137,496.0981
1709,426.6493841558695,-76.47542274836451,495.0026
1710,407.52234636363573,-97.58533479273319,495.0723
1711,426.6493841558695,-76.47542274836451,495.0026
1712,426.6493841558695,-76.47542274836451,495.0026
1713,426.6493841558695,-76.47542274836451,495.0026
1714,426.6493841558695,-76.47542274836451,495.0026
1715,426.6493841558695,-76.47542274836451,495.0026
1716,443.3859252255643,-55.894909750670195,495.081
1717,443.3859252255643,-55.894909750670195,495.081
1718,470.76367018267047,171.5971227483824,495.1328
1719,443.3859252255643,-55.894909750670195,495.081
1720,426.6493841558695,-76.47542274836451,495.0026
1721,470.76367018267047,171.5971227483824,495.1328
1722,426.6493841558695,-76.47542274836451,495.0026
1723,373.7899802385364,-125.07839159946889,495.4633
1724,426.6493841558695,-76.47542274836451,495.0026
1725,373.7899802385364,-125.07839159946889,495.4633
1726,486.43574355426244,-1.7998010823503137,496.0981
1727,373.7899802385364,-125.07839159946889,495.4633
1728,426.6493841558695,-76.47542274836451,495.0026
1729,470.76367018267047,171.5971227483824,495.1328
1730,486.43574355426244,-1.7998010823503137,496.0981
1731,426.6493841558695,-76.47542274836451,495.0026
1732,198.83437293383759,-590.3865719493479,507.8438
1733,426.6493841558695,-76.47542274836451,495.0026
1734,426.6493841558695,-76.47542274836451,495.0026
1735,486.43574355426244,-1.7998010823503137,496.0981
1736,470.76367018267047,171.5971227483824,495.1328
1737,443.3859252255643,-55.894909750670195,495.081
1738,426.6493841558695,-76.47542274836451,495.0026
1739,443.3859252255643,-55.894909750670195,495.081
1740,443.3859252255643,-55.894909750670195,495.081
1741,443.3859252255643,-55.894909750670195,495.081
1742,443.3859252255643,-55.894909750670195,495.081
1743,426.6493841558695,-76.47542274836451,495.0026
1744,426.6493841558695,-76.47542274836451,495.0026
1745,470.76367018267047,171.5971227483824,495.1328
1746,443.3859252255643,-55.894909750670195,495.081
1747,443.3859252255643,-55.894909750670195,495.081
1748,470.76367018267047,171.5971227483824,495.1328
1749,443.3859252255643,-55.894909750670195,495.081
1750,443.3859252255643,-55.894909750670195,495.081
1751,486.43574355426244,-1.7998010823503137,496.0981
1752,443.3859252255643,-55.894909750670195,495.081
1753,407.52234636363573,-97.58533479273319,495.0723
1754,407.52234636363573,-97.58533479273319,495.0723
1755,443.3859252255643,-55.894909750670195,495.081
1756,443.3859252255643,-55.894909750670195,495.081
1757,470.76367018267047,171.5971227483824,495.1328
1758,443.3859252255643,-55.894909750670195,495.081
1759,373.7899802385364,-125.07839159946889,495.4633
1760,443.3859252255643,-55.894909750670195,495.081
1761,443.3859252255643,-55.894909750670195,495.081
1762,443.3859252255643,-55.894909750670195,495.081
1763,443.3859252255643,-55.894909750670195,495.081
1764,486.43574355426244,-1.7998010823503137,496.0981
1765,443.3859252255643,-55.894909750670195,495.081
1766,470.76367018267047,171.5971227483824,495.1328
1767,426.6493841558695,-76.47542274836451,495.0026
1768,486.43574355426244,-1.7998010823503137,496.0981
1769,426.6493841558695,-76.47542274836451,495.0026
1770,470.76367018267047,171.5971227483824,495.1328
1771,426.6493841558695,-76.47542274836451,495.0026
1772,407.52234636363573,-97.58533479273319,495.0723
1773,470.76367018267047,171.5971227483824,495.1328
1774,443.3859252255643,-55.894909750670195,495.081
1775,470.76367018267047,171.5971227483824,495.1328
1776,443.3859252255643,-55.894909750670195,495.081
1777,443.3859252255643,-55.894909750670195,495.081
1778,443.3859252255643,-55.894909750670195,495.081
1779,470.76367018267047,171.5971227483824,495.1328
1780,407.52234636363573,-97.58533479273319,495.0723
1781,443.3859252255643,-55.894909750670195,495.081
1782,443.3859252255643,-55.894909750670195,495.081
1783,443.3859252255643,-55.894909750670195,495.081
1784,443.3859252255643,-55.894909750670195,495.081
1785,486.43574355426244,-1.7998010823503137,496.0981
1786,443.3859252255643,-55.894909750670195,495.081
1787,486.43574355426244,-1.7998010823503137,496.0981
1788,470.76367018267047,171.5971227483824,495.1328
1789,407.52234636363573,-97.58533479273319,495.0723
1790,407.52234636363573,-97.58533479273319,495.0723
1791,407.52234636363573,-97.58533479273319,495.0723
1792,426.6493841558695,-76.47542274836451,495.0026
1793,486.43574355426244,-1.7998010823503137,496.0981
1794,443.3859252255643,-55.894909750670195,495.081
1795,407.52234636363573,-97.58533479273319,495.0723
1796,486.43574355426244,-1.7998010823503137,496.0981
1797,470.76367018267047,171.5971227483824,495.1328
1798,470.76367018267047,171.5971227483824,495.1328
1799,470.76367018267047,171.5971227483824,495.1328
1800,443.3859252255643,-55.894909750670195,495.081
1801,443.3859252255643,-55.894909750670195,495.081
1802,470.76367018267047,171.5971227483824,495.1328
1803,470.76367018267047,171.5971227483824,495.1328
1804,486.43574355426244,-1.7998010823503137,496.0981
1805,407.52234636363573,-97.58533479273319,495.0723
1806,443.3859252255643,-55.894909750670195,495.081
1807,470.76367018267047,171.5971227483824,495.1328
1808,486.43574355426244,-1.7998010823503137,496.0981
1809,443.3859252255643,-55.894909750670195,495.081
1810,486.43574355426244,-1.7998010823503137,496.0981
1811,443.3859252255643,-55.894909750670195,495.081
1812,407.52234636363573,-97.58533479273319,495.0723
1813,407.52234636363573,-97.58533479273319,495.0723
1814,443.3859252255643,-55.894909750670195,495.081
1815,443.3859252255643,-55.894909750670195,495.081
1816,426.6493841558695,-76.47542274836451,495.0026
1817,486.43574355426244,-1.7998010823503137,496.0981
1818,486.43574355426244,-1.7998010823503137,496.0981
1819,407.52234636363573,-97.58533479273319,495.0723
1820,470.76367018267047,171.5971227483824,495.1328
1821,443.3859252255643,-55.894909750670195,495.081
1822,443.3859252255643,-55.894909750670195,495.081
1823,426.6493841558695,-76.47542274836451,495.0026
1824,470.76367018267047,171.5971227483824,495.1328
1825,407.52234636363573,-97.58533479273319,495.0723
1826,443.3859252255643,-55.894909750670195,495.081
1827,373.7899802385364,-125.07839159946889,495.4633
1828,373.7899802385364,-125.07839159946889,495.4633
1829,470.76367018267047,171.5971227483824,495.1328
1830,470.76367018267047,171.5971227483824,495.1328
1831,470.76367018267047,171.5971227483824,495.1328
1832,443.3859252255643,-55.894909750670195,495.081
1833,470.76367018267047,171.5971227483824,495.1328
1834,407.52234636363573,-97.58533479273319,495.0723
1835,407.52234636363573,-97.58533479273319,495.0723
1836,407.52234636363573,-97.58533479273319,495.0723
1837,426.6493841558695,-76.47542274836451,495.0026
1838,407.52234636363573,-97.58533479273319,495.0723
1839,407.52234636363573,-97.58533479273319,495.0723
1840,407.52234636363573,-97.58533479273319,495.0723
1841,407.52234636363573,-97.58533479273319,495.0723
1842,470.76367018267047,171.5971227483824,495.1328
1843,470.76367018267047,171.5971227483824,495.1328
1844,470.76367018267047,171.5971227483824,495.1328
1845,443.3859252255643,-55.894909750670195,495.081
1846,426.6493841558695,-76.47542274836451,495.0026
1847,443.3859252255643,-55.894909750670195,495.081
1848,486.43574355426244,-1.7998010823503137,496.0981
1849,426.6493841558695,-76.47542274836451,495.0026
1850,443.3859252255643,-55.894909750670195,495.081
1851,426.6493841558695,-76.47542274836451,495.0026
1852,426.6493841558695,-76.47542274836451,495.0026
1853,426.6493841558695,-76.47542274836451,495.0026
1854,470.76367018267047,171.5971227483824,495.1328
1855,443.3859252255643,-55.894909750670195,495.081
1856,426.6493841558695,-76.47542274836451,495.0026
1857,486.43574355426244,-1.7998010823503137,496.0981
1858,443.3859252255643,-55.894909750670195,495.081
1859,373.7899802385364,-125.07839159946889,495.4633
1860,426.6493841558695,-76.47542274836451,495.0026
1861,470.76367018267047,171.5971227483824,495.1328
1862,443.3859252255643,-55.894909750670195,495.081
1863,470.76367018267047,171.5971227483824,495.1328
1864,443.3859252255643,-55.894909750670195,495.081
1865,486.43574355426244,-1.7998010823503137,496.0981
1866,426.6493841558695,-76.47542274836451,495.0026
1867,486.43574355426244,-1.7998010823503137,496.0981
1868,443.3859252255643,-55.894909750670195,495.081
1869,470.76367018267047,171.5971227483824,495.1328
1870,470.76367018267047,171.5971227483824,495.1328
1871,426.6493841558695,-76.47542274836451,495.0026
1872,426.6493841558695,-76.47542274836451,495.0026
1873,443.3859252255643,-55.894909750670195,495.081
1874,443.3859252255643,-55.894909750670195,495.081
1875,426.6493841558695,-76.47542274836451,495.0026
1876,470.76367018267047,171.5971227483824,495.1328
1877,426.6493841558695,-76.47542274836451,495.0026
1878,470.76367018267047,171.5971227483824,495.1328
1879,470.76367018267047,171.5971227483824,495.1328
1880,426.6493841558695,-76.47542274836451,495.0026
1881,470.76367018267047,171.5971227483824,495.1328
1882,443.3859252255643,-55.894909750670195,495.081
1883,407.52234636363573,-97.58533479273319,495.0723
1884,470.76367018267047,171.5971227483824,495.1328
1885,443.3859252255643,-55.894909750670195,495.081
1886,443.3859252255643,-55.894909750670195,495.081
1887,407.52234636363573,-97.58533479273319,495.0723
1888,426.6493841558695,-76.47542274836451,495.0026
1889,373.7899802385364,-125.07839159946889,495.4633
1890,426.6493841558695,-76.47542274836451,495.0026
1891,470.76367018267047,171.5971227483824,495.1328
1892,480.63383262592833,-8.949857254512608,496.0033
1893,486.43574355426244,-1.7998010823503137,496.0981
1894,426.6493841558695,-76.47542274836451,495.0026
1895,426.6493841558695,-76.47542274836451,495.0026
1896,407.52234636363573,-97.58533479273319,495.0723
1897,426.6493841558695,-76.47542274836451,495.0026
1898,426.6493841558695,-76.47542274836451,495.0026
1899,426.6493841558695,-76.47542274836451,495.0026
1900,426.6493841558695,-76.47542274836451,495.0026
1901,426.6493841558695,-76.47542274836451,495.0026
1902,426.6493841558695,-76.47542274836451,495.0026
1903,470.76367018267047,171.5971227483824,495.1328
1904,426.6493841558695,-76.47542274836451,495.0026
1905,426.6493841558695,-76.47542274836451,495.0026
1906,426.6493841558695,-76.47542274836451,495.0026
1907,426.6493841558695,-76.47542274836451,495.0026
1908,486.43574355426244,-1.7998010823503137,496.0981
1909,407.52234636363573,-97.58533479273319,495.0723
1910,426.6493841558695,-76.47542274836451,495.0026
1911,426.6493841558695,-76.47542274836451,495.0026
1912,486.43574355426244,-1.7998010823503137,496.0981
1913,486.43574355426244,-1.7998010823503137,496.0981
1914,426.6493841558695,-76.47542274836451,495.0026
1915,426.6493841558695,-76.47542274836451,495.0026
1916,443.3859252255643,-55.894909750670195,495.081
1917,486.43574355426244,-1.7998010823503137,496.0981
1918,426.6493841558695,-76.47542274836451,495.0026
1919,426.6493841558695,-76.47542274836451,495.0026
1920,443.3859252255643,-55.894909750670195,495.081
1921,470.76367018267047,171.5971227483824,495.1328
1922,486.43574355426244,-1.7998010823503137,496.0981
1923,470.76367018267047,171.5971227483824,495.1328
1924,426.6493841558695,-76.47542274836451,495.0026
1925,426.6493841558695,-76.47542274836451,495.0026
1926,443.3859252255643,-55.894909750670195,495.081
1927,426.6493841558695,-76.47542274836451,495.0026
1928,426.6493841558695,-76.47542274836451,495.0026
1929,426.6493841558695,-76.47542274836451,495.0026
1930,426.6493841558695,-76.47542274836451,495.0026
1931,470.76367018267047,171.5971227483824,495.1328
1932,426.6493841558695,-76.47542274836451,495.0026
1933,426.6493841558695,-76.47542274836451,495.0026
1934,426.6493841558695,-76.47542274836451,495.0026
1935,486.43574355426244,-1.7998010823503137,496.0981
1936,426.6493841558695,-76.47542274836451,495.0026
1937,426.6493841558695,-76.47542274836451,495.0026
1938,470.76367018267047,171.5971227483824,495.1328
1939,426.6493841558695,-76.47542274836451,495.0026
1940,486.43574355426244,-1.7998010823503137,496.0981
1941,486.43574355426244,-1.7998010823503137,496.0981
1942,426.6493841558695,-76.47542274836451,495.0026
1943,426.6493841558695,-76.47542274836451,495.0026
1944,486.43574355426244,-1.7998010823503137,496.0981
1945,486.43574355426244,-1.7998010823503137,496.0981
1946,426.6493841558695,-76.47542274836451,495.0026
1947,426.6493841558695,-76.47542274836451,495.0026
1948,470.76367018267047,171.5971227483824,495.1328
1949,426.6493841558695,-76.47542274836451,495.0026
1950,426.6493841558695,-76.47542274836451,495.0026
1951,426.6493841558695,-76.47542274836451,495.0026
1952,426.6493841558695,-76.47542274836451,495.0026
1953,470.76367018267047,171.5971227483824,495.1328
1954,443.3859252255643,-55.894909750670195,495.081
1955,426.6493841558695,-76.47542274836451,495.0026
1956,426.6493841558695,-76.47542274836451,495.0026
1957,426.6493841558695,-76.47542274836451,495.0026
1958,486.43574355426244,-1.7998010823503137,496.0981
1959,443.3859252255643,-55.894909750670195,495.081
1960,426.6493841558695,-76.47542274836451,495.0026
1961,426.6493841558695,-76.47542274836451,495.0026
1962,426.6493841558695,-76.47542274836451,495.0026
1963,426.6493841558695,-76.47542274836451,495.0026
1964,426.6493841558695,-76.47542274836451,495.0026
1965,426.6493841558695,-76.47542274836451,495.0026
1966,426.6493841558695,-76.47542274836451,495.0026
1967,486.43574355426244,-1.7998010823503137,496.0981
1968,486.43574355426244,-1.7998010823503137,496.0981
1969,426.6493841558695,-76.47542274836451,495.0026
1970,486.43574355426244,-1.7998010823503137,496.0981
1971,426.6493841558695,-76.47542274836451,495.0026
1972,426.6493841558695,-76.47542274836451,495.0026
1973,426.6493841558695,-76.47542274836451,495.0026
1974,486.43574355426244,-1.7998010823503137,496.0981
1975,373.7899802385364,-125.07839159946889,495.4633
1976,426.6493841558695,-76.47542274836451,495.0026
1977,426.6493841558695,-76.47542274836451,495.0026
1978,426.6493841558695,-76.47542274836451,495.0026
1979,426.6493841558695,-76.47542274836451,495.0026
1980,486.43574355426244,-1.7998010823503137,496.0981
1981,426.6493841558695,-76.47542274836451,495.0026
1982,426.6493841558695,-76.47542274836451,495.0026
1983,426.6493841558695,-76.47542274836451,495.0026
1984,486.43574355426244,-1.7998010823503137,496.0981
1985,426.6493841558695,-76.47542274836451,495.0026
1986,470.76367018267047,171.5971227483824,495.1328
1987,373.7899802385364,-125.07839159946889,495.4633
1988,426.6493841558695,-76.47542274836451,495.0026
1989,373.7899802385364,-125.07839159946889,495.4633
1990,373.7899802385364,-125.07839159946889,495.4633
1991,373.7899802385364,-125.07839159946889,495.4633
1992,426.6493841558695,-76.47542274836451,495.0026
1993,486.43574355426244,-1.7998010823503137,496.0981
1994,426.6493841558695,-76.47542274836451,495.0026
1995,426.6493841558695,-76.47542274836451,495.0026
1996,426.6493841558695,-76.47542274836451,495.0026
1997,426.6493841558695,-76.47542274836451,495.0026
1998,426.6493841558695,-76.47542274836451,495.0026
1999,426.6493841558695,-76.47542274836451,495.0026
2000,426.6493841558695,-76.47542274836451,495.0026
2001,426.6493841558695,-76.47542274836451,495.0026
2002,426.6493841558695,-76.47542274836451,495.0026
2003,426.6493841558695,-76.47542274836451,495.0026
2004,426.6493841558695,-76.47542274836451,495.0026
2005,486.43574355426244,-1.7998010823503137,496.0981
2006,426.6493841558695,-76.47542274836451,495.0026
2007,470.76367018267047,171.5971227483824,495.1328
2008,426.6493841558695,-76.47542274836451,495.0026
2009,426.6493841558695,-76.47542274836451,495.0026
2010,486.43574355426244,-1.7998010823503137,496.0981
2011,470.76367018267047,171.5971227483824,495.1328
2012,486.43574355426244,-1.7998010823503137,496.0981
2013,486.43574355426244,-1.7998010823503137,496.0981
2014,426.6493841558695,-76.47542274836451,495.0026
2015,486.43574355426244,-1.7998010823503137,496.0981
2016,426.6493841558695,-76.47542274836451,495.0026
2017,470.76367018267047,171.5971227483824,495.1328
2018,373.7899802385364,-125.07839159946889,495.4633
2019,470.76367018267047,171.5971227483824,495.1328
2020,470.76367018267047,171.5971227483824,495.1328
2021,426.6493841558695,-76.47542274836451,495.0026
2022,443.3859252255643,-55.894909750670195,495.081
2023,426.6493841558695,-76.47542274836451,495.0026
2024,443.3859252255643,-55.894909750670195,495.081
2025,470.76367018267047,171.5971227483824,495.1328
2026,426.6493841558695,-76.47542274836451,495.0026
2027,426.6493841558695,-76.47542274836451,495.0026
2028,426.6493841558695,-76.47542274836451,495.0026
2029,426.6493841558695,-76.47542274836451,495.0026
2030,426.6493841558695,-76.47542274836451,495.0026
2031,373.7899802385364,-125.07839159946889,495.4633
2032,470.76367018267047,171.5971227483824,495.1328
2033,470.76367018267047,171.5971227483824,495.1328
2034,426.6493841558695,-76.47542274836451,495.0026
2035,426.6493841558695,-76.47542274836451,495.0026
2036,426.6493841558695,-76.47542274836451,495.0026
2037,470.76367018267047,171.5971227483824,495.1328
2038,373.7899802385364,-125.07839159946889,495.4633
2039,426.6493841558695,-76.47542274836451,495.0026
2040,426.6493841558695,-76.47542274836451,495.0026
2041,426.6493841558695,-76.47542274836451,495.0026
2042,470.76367018267047,171.5971227483824,495.1328
2043,486.43574355426244,-1.7998010823503137,496.0981
2044,470.76367018267047,171.5971227483824,495.1328
2045,426.6493841558695,-76.47542274836451,495.0026
2046,426.6493841558695,-76.47542274836451,495.0026
2047,470.76367018267047,171.5971227483824,495.1328
2048,426.6493841558695,-76.47542274836451,495.0026
2049,486.43574355426244,-1.7998010823503137,496.0981
2050,443.3859252255643,-55.894909750670195,495.081
2051,367.1644823306706,171.69519667234272,505.9564
2052,426.6493841558695,-76.47542274836451,495.0026
2053,426.6493841558695,-76.47542274836451,495.0026
2054,443.3859252255643,-55.894909750670195,495.081
2055,443.3859252255643,-55.894909750670195,495.081
2056,407.52234636363573,-97.58533479273319,495.0723
2057,426.6493841558695,-76.47542274836451,495.0026
2058,426.6493841558695,-76.47542274836451,495.0026
2059,426.6493841558695,-76.47542274836451,495.0026
2060,426.6493841558695,-76.47542274836451,495.0026
2061,426.6493841558695,-76.47542274836451,495.0026
2062,470.76367018267047,171.5971227483824,495.1328
2063,426.6493841558695,-76.47542274836451,495.0026
2064,426.6493841558695,-76.47542274836451,495.0026
2065,426.6493841558695,-76.47542274836451,495.0026
2066,470.76367018267047,171.5971227483824,495.1328
2067,426.6493841558695,-76.47542274836451,495.0026
2068,470.76367018267047,171.5971227483824,495.1328
2069,426.6493841558695,-76.47542274836451,495.0026
2070,426.6493841558695,-76.47542274836451,495.0026
2071,426.6493841558695,-76.47542274836451,495.0026
2072,486.43574355426244,-1.7998010823503137,496.0981
2073,470.76367018267047,171.5971227483824,495.1328
2074,426.6493841558695,-76.47542274836451,495.0026
2075,426.6493841558695,-76.47542274836451,495.0026
2076,426.6493841558695,-76.47542274836451,495.0026
2077,426.6493841558695,-76.47542274836451,495.0026
2078,470.76367018267047,171.5971227483824,495.1328
2079,426.6493841558695,-76.47542274836451,495.0026
2080,426.6493841558695,-76.47542274836451,495.0026
2081,426.6493841558695,-76.47542274836451,495.0026
2082,407.52234636363573,-97.58533479273319,495.0723
2083,373.7899802385364,-125.07839159946889,495.4633
2084,373.7899802385364,-125.07839159946889,495.4633
2085,426.6493841558695,-76.47542274836451,495.0026
2086,470.76367018267047,171.5971227483824,495.1328
2087,407.52234636363573,-97.58533479273319,495.0723
2088,407.52234636363573,-97.58533479273319,495.0723
2089,373.7899802385364,-125.07839159946889,495.4633
2090,407.52234636363573,-97.58533479273319,495.0723
2091,407.52234636363573,-97.58533479273319,495.0723
2092,486.43574355426244,-1.7998010823503137,496.0981
2093,470.76367018267047,171.5971227483824,495.1328
2094,373.7899802385364,-125.07839159946889,495.4633
2095,443.3859252255643,-55.894909750670195,495.081
2096,426.6493841558695,-76.47542274836451,495.0026
2097,426.6493841558695,-76.47542274836451,495.0026
2098,426.6493841558695,-76.47542274836451,495.0026
2099,443.3859252255643,-55.894909750670195,495.081
2100,470.76367018267047,171.5971227483824,495.1328
2101,426.6493841558695,-76.47542274836451,495.0026
2102,426.6493841558695,-76.47542274836451,495.0026
2103,486.43574355426244,-1.7998010823503137,496.0981
2104,470.76367018267047,171.5971227483824,495.1328
2105,426.6493841558695,-76.47542274836451,495.0026
2106,426.6493841558695,-76.47542274836451,495.0026
2107,426.6493841558695,-76.47542274836451,495.0026
2108,426.6493841558695,-76.47542274836451,495.0026
2109,426.6493841558695,-76.47542274836451,495.0026
2110,486.43574355426244,-1.7998010823503137,496.0981
2111,426.6493841558695,-76.47542274836451,495.0026
2112,426.6493841558695,-76.47542274836451,495.0026
2113,426.6493841558695,-76.47542274836451,495.0026
2114,426.6493841558695,-76.47542274836451,495.0026
2115,407.52234636363573,-97.58533479273319,495.0723
2116,470.76367018267047,171.5971227483824,495.1328
2117,407.52234636363573,-97.58533479273319,495.0723
2118,426.6493841558695,-76.47542274836451,495.0026
2119,486.43574355426244,-1.7998010823503137,496.0981
2120,470.76367018267047,171.5971227483824,495.1328
2121,426.6493841558695,-76.47542274836451,495.0026
2122,426.6493841558695,-76.47542274836451,495.0026
2123,407.52234636363573,-97.58533479273319,495.0723
2124,426.6493841558695,-76.47542274836451,495.0026
2125,426.6493841558695,-76.47542274836451,495.0026
2126,426.6493841558695,-76.47542274836451,495.0026
2127,426.6493841558695,-76.47542274836451,495.0026
2128,486.43574355426244,-1.7998010823503137,496.0981
2129,426.6493841558695,-76.47542274836451,495.0026
2130,426.6493841558695,-76.47542274836451,495.0026
2131,426.6493841558695,-76.47542274836451,495.0026
2132,426.6493841558695,-76.47542274836451,495.0026
2133,426.6493841558695,-76.47542274836451,495.0026
2134,373.7899802385364,-125.07839159946889,495.4633
2135,486.43574355426244,-1.7998010823503137,496.0981
2136,486.43574355426244,-1.7998010823503137,496.0981
2137,426.6493841558695,-76.47542274836451,495.0026
2138,426.6493841558695,-76.47542274836451,495.0026
2139,470.76367018267047,171.5971227483824,495.1328
2140,426.6493841558695,-76.47542274836451,495.0026
2141,426.6493841558695,-76.47542274836451,495.0026
2142,470.76367018267047,171.5971227483824,495.1328
2143,426.6493841558695,-76.47542274836451,495.0026
2144,426.6493841558695,-76.47542274836451,495.0026
2145,407.52234636363573,-97.58533479273319,495.0723
2146,426.6493841558695,-76.47542274836451,495.0026
2147,407.52234636363573,-97.58533479273319,495.0723
2148,373.7899802385364,-125.07839159946889,495.4633
2149,470.76367018267047,171.5971227483824,495.1328
2150,470.76367018267047,171.5971227483824,495.1328
2151,373.7899802385364,-125.07839159946889,495.4633
2152,407.52234636363573,-97.58533479273319,495.0723
2153,373.7899802385364,-125.07839159946889,495.4633
2154,407.52234636363573,-97.58533479273319,495.0723
2155,407.52234636363573,-97.58533479273319,495.0723
2156,407.52234636363573,-97.58533479273319,495.0723
2157,426.6493841558695,-76.47542274836451,495.0026
2158,407.52234636363573,-97.58533479273319,495.0723
2159,373.7899802385364,-125.07839159946889,495.4633
2160,407.52234636363573,-97.58533479273319,495.0723
2161,407.52234636363573,-97.58533479273319,495.0723
2162,407.52234636363573,-97.58533479273319,495.0723
2163,373.7899802385364,-125.07839159946889,495.4633
2164,426.6493841558695,-76.47542274836451,495.0026
2165,407.52234636363573,-97.58533479273319,495.0723
2166,407.52234636363573,-97.58533479273319,495.0723
2167,426.6493841558695,-76.47542274836451,495.0026
2168,407.52234636363573,-97.58533479273319,495.0723
2169,407.52234636363573,-97.58533479273319,495.0723
2170,486.43574355426244,-1.7998010823503137,496.0981
2171,407.52234636363573,-97.58533479273319,495.0723
2172,426.6493841558695,-76.47542274836451,495.0026
2173,426.6493841558695,-76.47542274836451,495.0026
2174,407.52234636363573,-97.58533479273319,495.0723
2175,486.43574355426244,-1.7998010823503137,496.0981
2176,470.76367018267047,171.5971227483824,495.1328
2177,407.52234636363573,-97.58533479273319,495.0723
2178,407.52234636363573,-97.58533479273319,495.0723
2179,470.76367018267047,171.5971227483824,495.1328
2180,373.7899802385364,-125.07839159946889,495.4633
2181,407.52234636363573,-97.58533479273319,495.0723
2182,407.52234636363573,-97.58533479273319,495.0723
2183,373.7899802385364,-125.07839159946889,495.4633
2184,373.7899802385364,-125.07839159946889,495.4633
2185,470.76367018267047,171.5971227483824,495.1328
2186,486.43574355426244,-1.7998010823503137,496.0981
2187,486.43574355426244,-1.7998010823503137,496.0981
2188,470.76367018267047,171.5971227483824,495.1328
2189,407.52234636363573,-97.58533479273319,495.0723
2190,407.52234636363573,-97.58533479273319,495.0723
2191,407.52234636363573,-97.58533479273319,495.0723
2192,407.52234636363573,-97.58533479273319,495.0723
2193,407.52234636363573,-97.58533479273319,495.0723
2194,373.7899802385364,-125.07839159946889,495.4633
2195,373.7899802385364,-125.07839159946889,495.4633
2196,443.3859252255643,-55.894909750670195,495.081
2197,407.52234636363573,-97.58533479273319,495.0723
2198,407.52234636363573,-97.58533479273319,495.0723
2199,486.43574355426244,-1.7998010823503137,496.0981
2200,407.52234636363573,-97.58533479273319,495.0723
2201,407.52234636363573,-97.58533479273319,495.0723
2202,470.76367018267047,171.5971227483824,495.1328
2203,407.52234636363573,-97.58533479273319,495.0723
2204,407.52234636363573,-97.58533479273319,495.0723
2205,470.76367018267047,171.5971227483824,495.1328
2206,407.52234636363573,-97.58533479273319,495.0723
2207,470.76367018267047,171.5971227483824,495.1328
2208,407.52234636363573,-97.58533479273319,495.0723
2209,407.52234636363573,-97.58533479273319,495.0723
2210,486.43574355426244,-1.7998010823503137,496.0981
2211,407.52234636363573,-97.58533479273319,495.0723
2212,407.52234636363573,-97.58533479273319,495.0723
2213,407.52234636363573,-97.58533479273319,495.0723
2214,407.52234636363573,-97.58533479273319,495.0723
2215,407.52234636363573,-97.58533479273319,495.0723
2216,407.52234636363573,-97.58533479273319,495.0723
2217,443.3859252255643,-55.894909750670195,495.081
2218,443.3859252255643,-55.894909750670195,495.081
2219,443.3859252255643,-55.894909750670195,495.081
2220,443.3859252255643,-55.894909750670195,495.081
2221,470.76367018267047,171.5971227483824,495.1328
2222,443.3859252255643,-55.894909750670195,495.081
2223,443.3859252255643,-55.894909750670195,495.081
2224,426.6493841558695,-76.47542274836451,495.0026
2225,407.52234636363573,-97.58533479273319,495.0723
2226,426.6493841558695,-76.47542274836451,495.0026
2227,426.6493841558695,-76.47542274836451,495.0026
2228,426.6493841558695,-76.47542274836451,495.0026
2229,443.3859252255643,-55.894909750670195,495.081
2230,470.76367018267047,171.5971227483824,495.1328
2231,407.52234636363573,-97.58533479273319,495.0723
2232,443.3859252255643,-55.894909750670195,495.081
2233,426.6493841558695,-76.47542274836451,495.0026
2234,470.76367018267047,171.5971227483824,495.1328
2235,407.52234636363573,-97.58533479273319,495.0723
2236,443.3859252255643,-55.894909750670195,495.081
2237,443.3859252255643,-55.894909750670195,495.081
2238,426.6493841558695,-76.47542274836451,495.0026
2239,426.6493841558695,-76.47542274836451,495.0026
2240,470.76367018267047,171.5971227483824,495.1328
2241,426.6493841558695,-76.47542274836451,495.0026
2242,470.76367018267047,171.5971227483824,495.1328
2243,407.52234636363573,-97.58533479273319,495.0723
2244,470.76367018267047,171.5971227483824,495.1328
2245,470.76367018267047,171.5971227483824,495.1328
2246,443.3859252255643,-55.894909750670195,495.081
2247,443.3859252255643,-55.894909750670195,495.081
2248,407.52234636363573,-97.58533479273319,495.0723
2249,470.76367018267047,171.5971227483824,495.1328
2250,470.76367018267047,171.5971227483824,495.1328
2251,373.7899802385364,-125.07839159946889,495.4633
2252,426.6493841558695,-76.47542274836451,495.0026
2253,486.43574355426244,-1.7998010823503137,496.0981
2254,426.6493841558695,-76.47542274836451,495.0026
2255,486.43574355426244,-1.7998010823503137,496.0981
2256,470.76367018267047,171.5971227483824,495.1328
2257,470.76367018267047,171.5971227483824,495.1328
2258,426.6493841558695,-76.47542274836451,495.0026
2259,486.43574355426244,-1.7998010823503137,496.0981
2260,426.6493841558695,-76.47542274836451,495.0026
2261,470.76367018267047,171.5971227483824,495.1328
2262,470.76367018267047,171.5971227483824,495.1328
2263,407.52234636363573,-97.58533479273319,495.0723
2264,470.76367018267047,171.5971227483824,495.1328
2265,470.76367018267047,171.5971227483824,495.1328
2266,407.52234636363573,-97.58533479273319,495.0723
2267,486.43574355426244,-1.7998010823503137,496.0981
2268,443.3859252255643,-55.894909750670195,495.081
2269,470.76367018267047,171.5971227483824,495.1328
2270,486.43574355426244,-1.7998010823503137,496.0981
2271,470.76367018267047,171.5971227483824,495.1328
2272,407.52234636363573,-97.58533479273319,495.0723
2273,407.52234636363573,-97.58533479273319,495.0723
2274,443.3859252255643,-55.894909750670195,495.081
2275,443.3859252255643,-55.894909750670195,495.081
2276,470.76367018267047,171.5971227483824,495.1328
2277,486.43574355426244,-1.7998010823503137,496.0981
2278,407.52234636363573,-97.58533479273319,495.0723
2279,426.6493841558695,-76.47542274836451,495.0026
2280,426.6493841558695,-76.47542274836451,495.0026
2281,426.6493841558695,-76.47542274836451,495.0026
2282,486.43574355426244,-1.7998010823503137,496.0981
2283,426.6493841558695,-76.47542274836451,495.0026
2284,426.6493841558695,-76.47542274836451,495.0026
2285,373.7899802385364,-125.07839159946889,495.4633
2286,426.6493841558695,-76.47542274836451,495.0026
2287,373.7899802385364,-125.07839159946889,495.4633
2288,426.6493841558695,-76.47542274836451,495.0026
2289,486.43574355426244,-1.7998010823503137,496.0981
2290,373.7899802385364,-125.07839159946889,495.4633
2291,443.3859252255643,-55.894909750670195,495.081
2292,470.76367018267047,171.5971227483824,495.1328
2293,407.52234636363573,-97.58533479273319,495.0723
2294,470.76367018267047,171.5971227483824,495.1328
2295,443.3859252255643,-55.894909750670195,495.081
2296,486.43574355426244,-1.7998010823503137,496.0981
2297,443.3859252255643,-55.894909750670195,495.081
2298,426.6493841558695,-76.47542274836451,495.0026
2299,486.43574355426244,-1.7998010823503137,496.0981
2300,470.76367018267047,171.5971227483824,495.1328
2301,426.6493841558695,-76.47542274836451,495.0026
2302,426.6493841558695,-76.47542274836451,495.0026
2303,470.76367018267047,171.5971227483824,495.1328
2304,470.76367018267047,171.5971227483824,495.1328
2305,486.43574355426244,-1.7998010823503137,496.0981
2306,373.7899802385364,-125.07839159946889,495.4633
2307,486.43574355426244,-1.7998010823503137,496.0981
2308,470.76367018267047,171.5971227483824,495.1328
2309,426.6493841558695,-76.47542274836451,495.0026
2310,407.52234636363573,-97.58533479273319,495.0723
2311,443.3859252255643,-55.894909750670195,495.081
2312,426.6493841558695,-76.47542274836451,495.0026
2313,486.43574355426244,-1.7998010823503137,496.0981
2314,373.7899802385364,-125.07839159946889,495.4633
2315,373.7899802385364,-125.07839159946889,495.4633
2316,426.6493841558695,-76.47542274836451,495.0026
2317,373.7899802385364,-125.07839159946889,495.4633
2318,470.76367018267047,171.5971227483824,495.1328
2319,373.7899802385364,-125.07839159946889,495.4633
2320,470.76367018267047,171.5971227483824,495.1328
2321,470.76367018267047,171.5971227483824,495.1328
2322,373.7899802385364,-125.07839159946889,495.4633
2323,407.52234636363573,-97.58533479273319,495.0723
2324,426.6493841558695,-76.47542274836451,495.0026
2325,407.52234636363573,-97.58533479273319,495.0723
2326,486.43574355426244,-1.7998010823503137,496.0981
2327,373.7899802385364,-125.07839159946889,495.4633
2328,470.76367018267047,171.5971227483824,495.1328
2329,407.52234636363573,-97.58533479273319,495.0723
2330,373.7899802385364,-125.07839159946889,495.4633
2331,470.76367018267047,171.5971227483824,495.1328
2332,373.7899802385364,-125.07839159946889,495.4633
2333,407.52234636363573,-97.58533479273319,495.0723
2334,486.43574355426244,-1.7998010823503137,496.0981
2335,407.52234636363573,-97.58533479273319,495.0723
2336,470.76367018267047,171.5971227483824,495.1328
2337,470.76367018267047,171.5971227483824,495.1328
2338,443.3859252255643,-55.894909750670195,495.081
2339,486.43574355426244,-1.7998010823503137,496.0981
2340,426.6493841558695,-76.47542274836451,495.0026
2341,470.76367018267047,171.5971227483824,495.1328
2342,486.43574355426244,-1.7998010823503137,496.0981
2343,373.7899802385364,-125.07839159946889,495.4633
2344,426.6493841558695,-76.47542274836451,495.0026
2345,470.76367018267047,171.5971227483824,495.1328
2346,426.6493841558695,-76.47542274836451,495.0026
2347,470.76367018267047,171.5971227483824,495.1328
2348,486.43574355426244,-1.7998010823503137,496.0981
2349,443.3859252255643,-55.894909750670195,495.081
2350,426.6493841558695,-76.47542274836451,495.0026
2351,373.7899802385364,-125.07839159946889,495.4633
2352,470.76367018267047,171.5971227483824,495.1328
2353,426.6493841558695,-76.47542274836451,495.0026
2354,373.7899802385364,-125.07839159946889,495.4633
2355,426.6493841558695,-76.47542274836451,495.0026
2356,470.76367018267047,171.5971227483824,495.1328
2357,373.7899802385364,-125.07839159946889,495.4633
2358,407.52234636363573,-97.58533479273319,495.0723
2359,426.6493841558695,-76.47542274836451,495.0026
2360,373.7899802385364,-125.07839159946889,495.4633
2361,470.76367018267047,171.5971227483824,495.1328
2362,373.7899802385364,-125.07839159946889,495.4633
2363,486.43574355426244,-1.7998010823503137,496.0981
2364,426.6493841558695,-76.47542274836451,495.0026
2365,426.6493841558695,-76.47542274836451,495.0026
2366,373.7899802385364,-125.07839159946889,495.4633
2367,426.6493841558695,-76.47542274836451,495.0026
2368,470.76367018267047,171.5971227483824,495.1328
2369,470.76367018267047,171.5971227483824,495.1328
2370,470.76367018267047,171.5971227483824,495.1328
2371,443.3859252255643,-55.894909750670195,495.081
2372,470.76367018267047,171.5971227483824,495.1328
2373,426.6493841558695,-76.47542274836451,495.0026
2374,426.6493841558695,-76.47542274836451,495.0026
2375,426.6493841558695,-76.47542274836451,495.0026
2376,426.6493841558695,-76.47542274836451,495.0026
2377,426.6493841558695,-76.47542274836451,495.0026
2378,470.76367018267047,171.5971227483824,495.1328
2379,426.6493841558695,-76.47542274836451,495.0026
2380,426.6493841558695,-76.47542274836451,495.0026
2381,426.6493841558695,-76.47542274836451,495.0026
2382,426.6493841558695,-76.47542274836451,495.0026
2383,426.6493841558695,-76.47542274836451,495.0026
2384,426.6493841558695,-76.47542274836451,495.0026
2385,426.6493841558695,-76.47542274836451,495.0026
2386,426.6493841558695,-76.47542274836451,495.0026
2387,470.76367018267047,171.5971227483824,495.1328
2388,426.6493841558695,-76.47542274836451,495.0026
2389,470.76367018267047,171.5971227483824,495.1328
2390,426.6493841558695,-76.47542274836451,495.0026
2391,426.6493841558695,-76.47542274836451,495.0026
2392,426.6493841558695,-76.47542274836451,495.0026
2393,426.6493841558695,-76.47542274836451,495.0026
2394,426.6493841558695,-76.47542274836451,495.0026
2395,426.6493841558695,-76.47542274836451,495.0026
2396,426.6493841558695,-76.47542274836451,495.0026
2397,426.6493841558695,-76.47542274836451,495.0026
2398,426.6493841558695,-76.47542274836451,495.0026
2399,426.6493841558695,-76.47542274836451,495.0026
2400,486.43574355426244,-1.7998010823503137,496.0981
2401,373.7899802385364,-125.07839159946889,495.4633
2402,407.52234636363573,-97.58533479273319,495.0723
2403,470.76367018267047,171.5971227483824,495.1328
2404,426.6493841558695,-76.47542274836451,495.0026
2405,426.6493841558695,-76.47542274836451,495.0026
2406,373.7899802385364,-125.07839159946889,495.4633
2407,426.6493841558695,-76.47542274836451,495.0026
2408,373.7899802385364,-125.07839159946889,495.4633
2409,470.76367018267047,171.5971227483824,495.1328
2410,373.7899802385364,-125.07839159946889,495.4633
2411,373.7899802385364,-125.07839159946889,495.4633
2412,373.7899802385364,-125.07839159946889,495.4633
2413,470.76367018267047,171.5971227483824,495.1328
2414,470.76367018267047,171.5971227483824,495.1328
2415,373.7899802385364,-125.07839159946889,495.4633
2416,470.76367018267047,171.5971227483824,495.1328
2417,373.7899802385364,-125.07839159946889,495.4633
2418,373.7899802385364,-125.07839159946889,495.4633
2419,426.6493841558695,-76.47542274836451,495.0026
2420,407.52234636363573,-97.58533479273319,495.0723
2421,373.7899802385364,-125.07839159946889,495.4633
2422,426.6493841558695,-76.47542274836451,495.0026
2423,426.6493841558695,-76.47542274836451,495.0026
2424,373.7899802385364,-125.07839159946889,495.4633
2425,373.7899802385364,-125.07839159946889,495.4633
2426,373.7899802385364,-125.07839159946889,495.4633
2427,426.6493841558695,-76.47542274836451,495.0026
2428,470.76367018267047,171.5971227483824,495.1328
2429,373.7899802385364,-125.07839159946889,495.4633
2430,407.52234636363573,-97.58533479273319,495.0723
2431,407.52234636363573,-97.58533479273319,495.0723
2432,373.7899802385364,-125.07839159946889,495.4633
2433,373.7899802385364,-125.07839159946889,495.4633
2434,470.76367018267047,171.5971227483824,495.1328
2435,407.52234636363573,-97.58533479273319,495.0723
2436,407.52234636363573,-97.58533479273319,495.0723
2437,486.43574355426244,-1.7998010823503137,496.0981
2438,373.7899802385364,-125.07839159946889,495.4633
2439,407.52234636363573,-97.58533479273319,495.0723
2440,407.52234636363573,-97.58533479273319,495.0723
2441,470.76367018267047,171.5971227483824,495.1328
2442,407.52234636363573,-97.58533479273319,495.0723
2443,407.52234636363573,-97.58533479273319,495.0723
2444,407.52234636363573,-97.58533479273319,495.0723
2445,407.52234636363573,-97.58533479273319,495.0723
2446,407.52234636363573,-97.58533479273319,495.0723
2447,407.52234636363573,-97.58533479273319,495.0723
2448,470.76367018267047,171.5971227483824,495.1328
2449,407.52234636363573,-97.58533479273319,495.0723
2450,470.76367018267047,171.5971227483824,495.1328
2451,470.76367018267047,171.5971227483824,495.1328
2452,407.52234636363573,-97.58533479273319,495.0723
2453,407.52234636363573,-97.58533479273319,495.0723
2454,407.52234636363573,-97.58533479273319,495.0723
2455,407.52234636363573,-97.58533479273319,495.0723
2456,470.76367018267047,171.5971227483824,495.1328
2457,407.52234636363573,-97.58533479273319,495.0723
2458,426.6493841558695,-76.47542274836451,495.0026
2459,426.6493841558695,-76.47542274836451,495.0026
2460,486.43574355426244,-1.7998010823503137,496.0981
2461,470.76367018267047,171.5971227483824,495.1328
2462,470.76367018267047,171.5971227483824,495.1328
2463,426.6493841558695,-76.47542274836451,495.0026
2464,470.76367018267047,171.5971227483824,495.1328
2465,407.52234636363573,-97.58533479273319,495.0723
2466,470.76367018267047,171.5971227483824,495.1328
2467,407.52234636363573,-97.58533479273319,495.0723
2468,407.52234636363573,-97.58533479273319,495.0723
2469,426.6493841558695,-76.47542274836451,495.0026
2470,407.52234636363573,-97.58533479273319,495.0723
2471,407.52234636363573,-97.58533479273319,495.0723
2472,407.52234636363573,-97.58533479273319,495.0723
2473,407.52234636363573,-97.58533479273319,495.0723
2474,407.52234636363573,-97.58533479273319,495.0723
2475,407.52234636363573,-97.58533479273319,495.0723
2476,443.3859252255643,-55.894909750670195,495.081
2477,426.6493841558695,-76.47542274836451,495.0026
2478,407.52234636363573,-97.58533479273319,495.0723
2479,470.76367018267047,171.5971227483824,495.1328
2480,407.52234636363573,-97.58533479273319,495.0723
2481,486.43574355426244,-1.7998010823503137,496.0981
2482,407.52234636363573,-97.58533479273319,495.0723
2483,407.52234636363573,-97.58533479273319,495.0723
2484,407.52234636363573,-97.58533479273319,495.0723
2485,426.6493841558695,-76.47542274836451,495.0026
2486,407.52234636363573,-97.58533479273319,495.0723
2487,407.52234636363573,-97.58533479273319,495.0723
2488,443.3859252255643,-55.894909750670195,495.081
2489,443.3859252255643,-55.894909750670195,495.081
2490,470.76367018267047,171.5971227483824,495.1328
2491,407.52234636363573,-97.58533479273319,495.0723
2492,407.52234636363573,-97.58533479273319,495.0723
2493,407.52234636363573,-97.58533479273319,495.0723
2494,407.52234636363573,-97.58533479273319,495.0723
2495,470.76367018267047,171.5971227483824,495.1328
2496,470.76367018267047,171.5971227483824,495.1328
2497,407.52234636363573,-97.58533479273319,495.0723
2498,470.76367018267047,171.5971227483824,495.1328
2499,407.52234636363573,-97.58533479273319,495.0723
2500,407.52234636363573,-97.58533479273319,495.0723
2501,407.52234636363573,-97.58533479273319,495.0723
2502,443.3859252255643,-55.894909750670195,495.081
2503,443.3859252255643,-55.894909750670195,495.081
2504,443.3859252255643,-55.894909750670195,495.081
2505,443.3859252255643,-55.894909750670195,495.081
2506,443.3859252255643,-55.894909750670195,495.081
2507,470.76367018267047,171.5971227483824,495.1328
2508,470.76367018267047,171.5971227483824,495.1328
2509,470.76367018267047,171.5971227483824,495.1328
2510,426.6493841558695,-76.47542274836451,495.0026
2511,426.6493841558695,-76.47542274836451,495.0026
2512,426.6493841558695,-76.47542274836451,495.0026
2513,443.3859252255643,-55.894909750670195,495.081
2514,443.3859252255643,-55.894909750670195,495.081
2515,426.6493841558695,-76.47542274836451,495.0026
2516,470.76367018267047,171.5971227483824,495.1328
2517,443.3859252255643,-55.894909750670195,495.081
2518,443.3859252255643,-55.894909750670195,495.081
2519,443.3859252255643,-55.894909750670195,495.081
2520,443.3859252255643,-55.894909750670195,495.081
2521,443.3859252255643,-55.894909750670195,495.081
2522,470.76367018267047,171.5971227483824,495.1328
2523,426.6493841558695,-76.47542274836451,495.0026
2524,426.6493841558695,-76.47542274836451,495.0026
2525,443.3859252255643,-55.894909750670195,495.081
2526,443.3859252255643,-55.894909750670195,495.081
2527,426.6493841558695,-76.47542274836451,495.0026
2528,426.6493841558695,-76.47542274836451,495.0026
2529,426.6493841558695,-76.47542274836451,495.0026
2530,470.76367018267047,171.5971227483824,495.1328
2531,426.6493841558695,-76.47542274836451,495.0026
2532,470.76367018267047,171.5971227483824,495.1328
2533,470.76367018267047,171.5971227483824,495.1328
2534,426.6493841558695,-76.47542274836451,495.0026
2535,426.6493841558695,-76.47542274836451,495.0026
2536,443.3859252255643,-55.894909750670195,495.081
2537,470.76367018267047,171.5971227483824,495.1328
2538,426.6493841558695,-76.47542274836451,495.0026
2539,426.6493841558695,-76.47542274836451,495.0026
2540,426.6493841558695,-76.47542274836451,495.0026
2541,470.76367018267047,171.5971227483824,495.1328
2542,373.7899802385364,-125.07839159946889,495.4633
2543,426.6493841558695,-76.47542274836451,495.0026
2544,470.76367018267047,171.5971227483824,495.1328
2545,426.6493841558695,-76.47542274836451,495.0026
2546,426.6493841558695,-76.47542274836451,495.0026
2547,426.6493841558695,-76.47542274836451,495.0026
2548,373.7899802385364,-125.07839159946889,495.4633
2549,470.76367018267047,171.5971227483824,495.1328
2550,470.76367018267047,171.5971227483824,495.1328
2551,426.6493841558695,-76.47542274836451,495.0026
2552,486.43574355426244,-1.7998010823503137,496.0981
2553,470.76367018267047,171.5971227483824,495.1328
2554,426.6493841558695,-76.47542274836451,495.0026
2555,373.7899802385364,-125.07839159946889,495.4633
2556,426.6493841558695,-76.47542274836451,495.0026
2557,426.6493841558695,-76.47542274836451,495.0026
2558,486.43574355426244,-1.7998010823503137,496.0981
2559,426.6493841558695,-76.47542274836451,495.0026
2560,486.43574355426244,-1.7998010823503137,496.0981
2561,373.7899802385364,-125.07839159946889,495.4633
2562,486.43574355426244,-1.7998010823503137,496.0981
2563,470.76367018267047,171.5971227483824,495.1328
2564,373.7899802385364,-125.07839159946889,495.4633
2565,407.52234636363573,-97.58533479273319,495.0723
2566,470.76367018267047,171.5971227483824,495.1328
2567,443.3859252255643,-55.894909750670195,495.081
2568,373.7899802385364,-125.07839159946889,495.4633
2569,443.3859252255643,-55.894909750670195,495.081
2570,443.3859252255643,-55.894909750670195,495.081
2571,443.3859252255643,-55.894909750670195,495.081
2572,443.3859252255643,-55.894909750670195,495.081
2573,443.3859252255643,-55.894909750670195,495.081
2574,443.3859252255643,-55.894909750670195,495.081
2575,443.3859252255643,-55.894909750670195,495.081
2576,443.3859252255643,-55.894909750670195,495.081
2577,443.3859252255643,-55.894909750670195,495.081
2578,486.43574355426244,-1.7998010823503137,496.0981
2579,443.3859252255643,-55.894909750670195,495.081
2580,470.76367018267047,171.5971227483824,495.1328
2581,426.6493841558695,-76.47542274836451,495.0026
2582,443.3859252255643,-55.894909750670195,495.081
2583,470.76367018267047,171.5971227483824,495.1328
2584,426.6493841558695,-76.47542274836451,495.0026
2585,443.3859252255643,-55.894909750670195,495.081
2586,443.3859252255643,-55.894909750670195,495.081
2587,426.6493841558695,-76.47542274836451,495.0026
2588,443.3859252255643,-55.894909750670195,495.081
2589,443.3859252255643,-55.894909750670195,495.081
2590,470.76367018267047,171.5971227483824,495.1328
2591,443.3859252255643,-55.894909750670195,495.081
2592,426.6493841558695,-76.47542274836451,495.0026
2593,470.76367018267047,171.5971227483824,495.1328
2594,443.3859252255643,-55.894909750670195,495.081
2595,486.43574355426244,-1.7998010823503137,496.0981
2596,407.52234636363573,-97.58533479273319,495.0723
2597,470.76367018267047,171.5971227483824,495.1328
2598,470.76367018267047,171.5971227483824,495.1328
2599,426.6493841558695,-76.47542274836451,495.0026
2600,443.3859252255643,-55.894909750670195,495.081
2601,443.3859252255643,-55.894909750670195,495.081
2602,443.3859252255643,-55.894909750670195,495.081
2603,443.3859252255643,-55.894909750670195,495.081
2604,407.52234636363573,-97.58533479273319,495.0723
2605,443.3859252255643,-55.894909750670195,495.081
2606,443.3859252255643,-55.894909750670195,495.081
2607,470.76367018267047,171.5971227483824,495.1328
2608,443.3859252255643,-55.894909750670195,495.081
2609,443.3859252255643,-55.894909750670195,495.081
2610,407.52234636363573,-97.58533479273319,495.0723
2611,470.76367018267047,171.5971227483824,495.1328
2612,443.3859252255643,-55.894909750670195,495.081
2613,407.52234636363573,-97.58533479273319,495.0723
2614,443.3859252255643,-55.894909750670195,495.081
2615,443.3859252255643,-55.894909750670195,495.081
2616,407.52234636363573,-97.58533479273319,495.0723
2617,407.52234636363573,-97.58533479273319,495.0723
2618,443.3859252255643,-55.894909750670195,495.081
2619,443.3859252255643,-55.894909750670195,495.081
2620,443.3859252255643,-55.894909750670195,495.081
2621,443.3859252255643,-55.894909750670195,495.081
2622,407.52234636363573,-97.58533479273319,495.0723
2623,443.3859252255643,-55.894909750670195,495.081
2624,486.43574355426244,-1.7998010823503137,496.0981
2625,443.3859252255643,-55.894909750670195,495.081
2626,443.3859252255643,-55.894909750670195,495.081
2627,443.3859252255643,-55.894909750670195,495.081
2628,443.3859252255643,-55.894909750670195,495.081
2629,426.6493841558695,-76.47542274836451,495.0026
2630,32.19041817460675,-217.98753494769335,508.5479
2631,407.52234636363573,-97.58533479273319,495.0723
2632,443.3859252255643,-55.894909750670195,495.081
2633,443.3859252255643,-55.894909750670195,495.081
2634,443.3859252255643,-55.894909750670195,495.081
2635,443.3859252255643,-55.894909750670195,495.081
2636,407.52234636363573,-97.58533479273319,495.0723
2637,470.76367018267047,171.5971227483824,495.1328
2638,443.3859252255643,-55.894909750670195,495.081
2639,443.3859252255643,-55.894909750670195,495.081
2640,443.3859252255643,-55.894909750670195,495.081
2641,470.76367018267047,171.5971227483824,495.1328
2642,426.6493841558695,-76.47542274836451,495.0026
2643,426.6493841558695,-76.47542274836451,495.0026
2644,470.76367018267047,171.5971227483824,495.1328
2645,486.43574355426244,-1.7998010823503137,496.0981
2646,443.3859252255643,-55.894909750670195,495.081
2647,470.76367018267047,171.5971227483824,495.1328
2648,426.6493841558695,-76.47542274836451,495.0026
2649,407.52234636363573,-97.58533479273319,495.0723
2650,426.6493841558695,-76.47542274836451,495.0026
2651,426.6493841558695,-76.47542274836451,495.0026
2652,443.3859252255643,-55.894909750670195,495.081
2653,426.6493841558695,-76.47542274836451,495.0026
2654,443.3859252255643,-55.894909750670195,495.081
2655,426.6493841558695,-76.47542274836451,495.0026
2656,443.3859252255643,-55.894909750670195,495.081
2657,443.3859252255643,-55.894909750670195,495.081
2658,426.6493841558695,-76.47542274836451,495.0026
2659,443.3859252255643,-55.894909750670195,495.081
2660,470.76367018267047,171.5971227483824,495.1328
2661,470.76367018267047,171.5971227483824,495.1328
2662,407.52234636363573,-97.58533479273319,495.0723
2663,407.52234636363573,-97.58533479273319,495.0723
2664,426.6493841558695,-76.47542274836451,495.0026
2665,426.6493841558695,-76.47542274836451,495.0026
2666,443.3859252255643,-55.894909750670195,495.081
2667,443.3859252255643,-55.894909750670195,495.081
2668,443.3859252255643,-55.894909750670195,495.081
2669,443.3859252255643,-55.894909750670195,495.081
2670,470.76367018267047,171.5971227483824,495.1328
2671,443.3859252255643,-55.894909750670195,495.081
2672,443.3859252255643,-55.894909750670195,495.081
2673,426.6493841558695,-76.47542274836451,495.0026
2674,443.3859252255643,-55.894909750670195,495.081
2675,443.3859252255643,-55.894909750670195,495.081
2676,407.52234636363573,-97.58533479273319,495.0723
2677,470.76367018267047,171.5971227483824,495.1328
2678,470.76367018267047,171.5971227483824,495.1328
2679,426.6493841558695,-76.47542274836451,495.0026
2680,470.76367018267047,171.5971227483824,495.1328
2681,470.76367018267047,171.5971227483824,495.1328
2682,443.3859252255643,-55.894909750670195,495.081
2683,407.52234636363573,-97.58533479273319,495.0723
2684,470.76367018267047,171.5971227483824,495.1328
2685,470.76367018267047,171.5971227483824,495.1328
2686,426.6493841558695,-76.47542274836451,495.0026
2687,426.6493841558695,-76.47542274836451,495.0026
2688,426.6493841558695,-76.47542274836451,495.0026
2689,470.76367018267047,171.5971227483824,495.1328
2690,443.3859252255643,-55.894909750670195,495.081
2691,443.3859252255643,-55.894909750670195,495.081
2692,426.6493841558695,-76.47542274836451,495.0026
2693,426.6493841558695,-76.47542274836451,495.0026
2694,426.6493841558695,-76.47542274836451,495.0026
2695,137.18022972752806,-164.7263882290572,506.1441
2696,373.7899802385364,-125.07839159946889,495.4633
2697,426.6493841558695,-76.47542274836451,495.0026
2698,443.3859252255643,-55.894909750670195,495.081
2699,443.3859252255643,-55.894909750670195,495.081
2700,443.3859252255643,-55.894909750670195,495.081
2701,443.3859252255643,-55.894909750670195,495.081
2702,443.3859252255643,-55.894909750670195,495.081
2703,443.3859252255643,-55.894909750670195,495.081
2704,470.76367018267047,171.5971227483824,495.1328
2705,443.3859252255643,-55.894909750670195,495.081
2706,443.3859252255643,-55.894909750670195,495.081
2707,443.3859252255643,-55.894909750670195,495.081
2708,443.3859252255643,-55.894909750670195,495.081
2709,443.3859252255643,-55.894909750670195,495.081
2710,443.3859252255643,-55.894909750670195,495.081
2711,443.3859252255643,-55.894909750670195,495.081
2712,443.3859252255643,-55.894909750670195,495.081
2713,443.3859252255643,-55.894909750670195,495.081
2714,443.3859252255643,-55.894909750670195,495.081
2715,443.3859252255643,-55.894909750670195,495.081
2716,443.3859252255643,-55.894909750670195,495.081
2717,443.3859252255643,-55.894909750670195,495.081
2718,443.3859252255643,-55.894909750670195,495.081
2719,443.3859252255643,-55.894909750670195,495.081
2720,470.76367018267047,171.5971227483824,495.1328
2721,470.76367018267047,171.5971227483824,495.1328
2722,443.3859252255643,-55.894909750670195,495.081
2723,443.3859252255643,-55.894909750670195,495.081
2724,486.43574355426244,-1.7998010823503137,496.0981
2725,443.3859252255643,-55.894909750670195,495.081
2726,443.3859252255643,-55.894909750670195,495.081
2727,443.3859252255643,-55.894909750670195,495.081
2728,443.3859252255643,-55.894909750670195,495.081
2729,443.3859252255643,-55.894909750670195,495.081
2730,443.3859252255643,-55.894909750670195,495.081
2731,443.3859252255643,-55.894909750670195,495.081
2732,443.3859252255643,-55.894909750670195,495.081
2733,470.76367018267047,171.5971227483824,495.1328
2734,443.3859252255643,-55.894909750670195,495.081
2735,470.76367018267047,171.5971227483824,495.1328
2736,443.3859252255643,-55.894909750670195,495.081
2737,443.3859252255643,-55.894909750670195,495.081
2738,470.76367018267047,171.5971227483824,495.1328
2739,407.52234636363573,-97.58533479273319,495.0723
2740,470.76367018267047,171.5971227483824,495.1328
2741,470.76367018267047,171.5971227483824,495.1328
2742,443.3859252255643,-55.894909750670195,495.081
2743,443.3859252255643,-55.894909750670195,495.081
2744,443.3859252255643,-55.894909750670195,495.081
2745,407.52234636363573,-97.58533479273319,495.0723
2746,443.3859252255643,-55.894909750670195,495.081
2747,407.52234636363573,-97.58533479273319,495.0723
2748,426.6493841558695,-76.47542274836451,495.0026
2749,373.7899802385364,-125.07839159946889,495.4633
2750,426.6493841558695,-76.47542274836451,495.0026
2751,407.52234636363573,-97.58533479273319,495.0723
2752,426.6493841558695,-76.47542274836451,495.0026
2753,407.52234636363573,-97.58533479273319,495.0723
2754,407.52234636363573,-97.58533479273319,495.0723
2755,426.6493841558695,-76.47542274836451,495.0026
2756,426.6493841558695,-76.47542274836451,495.0026
2757,407.52234636363573,-97.58533479273319,495.0723
2758,470.76367018267047,171.5971227483824,495.1328
2759,373.7899802385364,-125.07839159946889,495.4633
2760,443.3859252255643,-55.894909750670195,495.081
2761,426.6493841558695,-76.47542274836451,495.0026
2762,426.6493841558695,-76.47542274836451,495.0026
2763,426.6493841558695,-76.47542274836451,495.0026
2764,470.76367018267047,171.5971227483824,495.1328
2765,426.6493841558695,-76.47542274836451,495.0026
2766,426.6493841558695,-76.47542274836451,495.0026
2767,426.6493841558695,-76.47542274836451,495.0026
2768,426.6493841558695,-76.47542274836451,495.0026
2769,426.6493841558695,-76.47542274836451,495.0026
2770,470.76367018267047,171.5971227483824,495.1328
2771,470.76367018267047,171.5971227483824,495.1328
2772,470.76367018267047,171.5971227483824,495.1328
2773,470.76367018267047,171.5971227483824,495.1328
2774,470.76367018267047,171.5971227483824,495.1328
2775,426.6493841558695,-76.47542274836451,495.0026
2776,470.76367018267047,171.5971227483824,495.1328
2777,426.6493841558695,-76.47542274836451,495.0026
2778,470.76367018267047,171.5971227483824,495.1328
2779,426.6493841558695,-76.47542274836451,495.0026
2780,426.6493841558695,-76.47542274836451,495.0026
2781,426.6493841558695,-76.47542274836451,495.0026
2782,426.6493841558695,-76.47542274836451,495.0026
2783,407.52234636363573,-97.58533479273319,495.0723
2784,426.6493841558695,-76.47542274836451,495.0026
2785,426.6493841558695,-76.47542274836451,495.0026
2786,426.6493841558695,-76.47542274836451,495.0026
2787,470.76367018267047,171.5971227483824,495.1328
2788,407.52234636363573,-97.58533479273319,495.0723
2789,426.6493841558695,-76.47542274836451,495.0026
2790,426.6493841558695,-76.47542274836451,495.0026
2791,426.6493841558695,-76.47542274836451,495.0026
2792,426.6493841558695,-76.47542274836451,495.0026
2793,426.6493841558695,-76.47542274836451,495.0026
2794,426.6493841558695,-76.47542274836451,495.0026
2795,443.3859252255643,-55.894909750670195,495.081
2796,426.6493841558695,-76.47542274836451,495.0026
2797,426.6493841558695,-76.47542274836451,495.0026
2798,373.7899802385364,-125.07839159946889,495.4633
2799,426.6493841558695,-76.47542274836451,495.0026
2800,426.6493841558695,-76.47542274836451,495.0026
2801,426.6493841558695,-76.47542274836451,495.0026
2802,426.6493841558695,-76.47542274836451,495.0026
2803,426.6493841558695,-76.47542274836451,495.0026
2804,426.6493841558695,-76.47542274836451,495.0026
2805,426.6493841558695,-76.47542274836451,495.0026
2806,470.76367018267047,171.5971227483824,495.1328
2807,470.76367018267047,171.5971227483824,495.1328
2808,426.6493841558695,-76.47542274836451,495.0026
2809,426.6493841558695,-76.47542274836451,495.0026
2810,426.6493841558695,-76.47542274836451,495.0026
2811,486.43574355426244,-1.7998010823503137,496.0981
2812,426.6493841558695,-76.47542274836451,495.0026
2813,426.6493841558695,-76.47542274836451,495.0026
2814,470.76367018267047,171.5971227483824,495.1328
2815,426.6493841558695,-76.47542274836451,495.0026
2816,470.76367018267047,171.5971227483824,495.1328
2817,470.76367018267047,171.5971227483824,495.1328
2818,426.6493841558695,-76.47542274836451,495.0026
2819,426.6493841558695,-76.47542274836451,495.0026
2820,426.6493841558695,-76.47542274836451,495.0026
2821,426.6493841558695,-76.47542274836451,495.0026
2822,443.3859252255643,-55.894909750670195,495.081
2823,426.6493841558695,-76.47542274836451,495.0026
2824,443.3859252255643,-55.894909750670195,495.081
2825,426.6493841558695,-76.47542274836451,495.0026
2826,426.6493841558695,-76.47542274836451,495.0026
2827,426.6493841558695,-76.47542274836451,495.0026
2828,426.6493841558695,-76.47542274836451,495.0026
2829,470.76367018267047,171.5971227483824,495.1328
2830,470.76367018267047,171.5971227483824,495.1328
2831,426.6493841558695,-76.47542274836451,495.0026
2832,426.6493841558695,-76.47542274836451,495.0026
2833,426.6493841558695,-76.47542274836451,495.0026
2834,470.76367018267047,171.5971227483824,495.1328
2835,426.6493841558695,-76.47542274836451,495.0026
2836,426.6493841558695,-76.47542274836451,495.0026
2837,426.6493841558695,-76.47542274836451,495.0026
2838,426.6493841558695,-76.47542274836451,495.0026
2839,373.7899802385364,-125.07839159946889,495.4633
2840,426.6493841558695,-76.47542274836451,495.0026
2841,426.6493841558695,-76.47542274836451,495.0026
2842,426.6493841558695,-76.47542274836451,495.0026
2843,470.76367018267047,171.5971227483824,495.1328
2844,426.6493841558695,-76.47542274836451,495.0026
2845,426.6493841558695,-76.47542274836451,495.0026
2846,470.76367018267047,171.5971227483824,495.1328
2847,373.7899802385364,-125.07839159946889,495.4633
2848,407.52234636363573,-97.58533479273319,495.0723
2849,470.76367018267047,171.5971227483824,495.1328
2850,426.6493841558695,-76.47542274836451,495.0026
2851,470.76367018267047,171.5971227483824,495.1328
2852,470.76367018267047,171.5971227483824,495.1328
2853,426.6493841558695,-76.47542274836451,495.0026
2854,407.52234636363573,-97.58533479273319,495.0723
2855,426.6493841558695,-76.47542274836451,495.0026
2856,470.76367018267047,171.5971227483824,495.1328
2857,470.76367018267047,171.5971227483824,495.1328
2858,373.7899802385364,-125.07839159946889,495.4633
2859,426.6493841558695,-76.47542274836451,495.0026
2860,426.6493841558695,-76.47542274836451,495.0026
2861,426.6493841558695,-76.47542274836451,495.0026
2862,426.6493841558695,-76.47542274836451,495.0026
2863,470.76367018267047,171.5971227483824,495.1328
2864,426.6493841558695,-76.47542274836451,495.0026
2865,470.76367018267047,171.5971227483824,495.1328
2866,443.3859252255643,-55.894909750670195,495.081
2867,373.7899802385364,-125.07839159946889,495.4633
2868,470.76367018267047,171.5971227483824,495.1328
2869,426.6493841558695,-76.47542274836451,495.0026
2870,426.6493841558695,-76.47542274836451,495.0026
2871,426.6493841558695,-76.47542274836451,495.0026
2872,426.6493841558695,-76.47542274836451,495.0026
2873,470.76367018267047,171.5971227483824,495.1328
2874,426.6493841558695,-76.47542274836451,495.0026
2875,426.6493841558695,-76.47542274836451,495.0026
2876,407.52234636363573,-97.58533479273319,495.0723
2877,426.6493841558695,-76.47542274836451,495.0026
2878,470.76367018267047,171.5971227483824,495.1328
2879,470.76367018267047,171.5971227483824,495.1328
2880,426.6493841558695,-76.47542274836451,495.0026
2881,426.6493841558695,-76.47542274836451,495.0026
2882,470.76367018267047,171.5971227483824,495.1328
2883,407.52234636363573,-97.58533479273319,495.0723
2884,470.76367018267047,171.5971227483824,495.1328
2885,407.52234636363573,-97.58533479273319,495.0723
2886,407.52234636363573,-97.58533479273319,495.0723
2887,407.52234636363573,-97.58533479273319,495.0723
2888,407.52234636363573,-97.58533479273319,495.0723
2889,426.6493841558695,-76.47542274836451,495.0026
2890,470.76367018267047,171.5971227483824,495.1328
2891,407.52234636363573,-97.58533479273319,495.0723
2892,443.3859252255643,-55.894909750670195,495.081
2893,407.52234636363573,-97.58533479273319,495.0723
2894,407.52234636363573,-97.58533479273319,495.0723
2895,407.52234636363573,-97.58533479273319,495.0723
2896,407.52234636363573,-97.58533479273319,495.0723
2897,407.52234636363573,-97.58533479273319,495.0723
2898,407.52234636363573,-97.58533479273319,495.0723
2899,426.6493841558695,-76.47542274836451,495.0026
2900,470.76367018267047,171.5971227483824,495.1328
2901,426.6493841558695,-76.47542274836451,495.0026
2902,407.52234636363573,-97.58533479273319,495.0723
2903,426.6493841558695,-76.47542274836451,495.0026
2904,407.52234636363573,-97.58533479273319,495.0723
2905,443.3859252255643,-55.894909750670195,495.081
2906,426.6493841558695,-76.47542274836451,495.0026
2907,407.52234636363573,-97.58533479273319,495.0723
2908,470.76367018267047,171.5971227483824,495.1328
2909,407.52234636363573,-97.58533479273319,495.0723
2910,470.76367018267047,171.5971227483824,495.1328
2911,407.52234636363573,-97.58533479273319,495.0723
2912,470.76367018267047,171.5971227483824,495.1328
2913,407.52234636363573,-97.58533479273319,495.0723
2914,470.76367018267047,171.5971227483824,495.1328
2915,470.76367018267047,171.5971227483824,495.1328
2916,486.43574355426244,-1.7998010823503137,496.0981
2917,315.15721430582926,-49.97066644765437,499.1566
2918,315.15721430582926,-49.97066644765437,499.1566
2919,407.52234636363573,-97.58533479273319,495.0723
2920,426.6493841558695,-76.47542274836451,495.0026
2921,426.6493841558695,-76.47542274836451,495.0026
2922,407.52234636363573,-97.58533479273319,495.0723
2923,426.6493841558695,-76.47542274836451,495.0026
2924,407.52234636363573,-97.58533479273319,495.0723
2925,426.6493841558695,-76.47542274836451,495.0026
2926,426.6493841558695,-76.47542274836451,495.0026
2927,407.52234636363573,-97.58533479273319,495.0723
2928,407.52234636363573,-97.58533479273319,495.0723
2929,407.52234636363573,-97.58533479273319,495.0723
2930,470.76367018267047,171.5971227483824,495.1328
2931,407.52234636363573,-97.58533479273319,495.0723
2932,470.76367018267047,171.5971227483824,495.1328
2933,426.6493841558695,-76.47542274836451,495.0026
2934,426.6493841558695,-76.47542274836451,495.0026
2935,407.52234636363573,-97.58533479273319,495.0723
2936,407.52234636363573,-97.58533479273319,495.0723
2937,470.76367018267047,171.5971227483824,495.1328
2938,470.76367018267047,171.5971227483824,495.1328
2939,470.76367018267047,171.5971227483824,495.1328
2940,470.76367018267047,171.5971227483824,495.1328
2941,486.43574355426244,-1.7998010823503137,496.0981
2942,426.6493841558695,-76.47542274836451,495.0026
2943,407.52234636363573,-97.58533479273319,495.0723
2944,426.6493841558695,-76.47542274836451,495.0026
2945,426.6493841558695,-76.47542274836451,495.0026
2946,373.7899802385364,-125.07839159946889,495.4633
2947,407.52234636363573,-97.58533479273319,495.0723
2948,407.52234636363573,-97.58533479273319,495.0723
2949,407.52234636363573,-97.58533479273319,495.0723
2950,426.6493841558695,-76.47542274836451,495.0026
2951,470.76367018267047,171.5971227483824,495.1328
2952,486.43574355426244,-1.7998010823503137,496.0981
2953,407.52234636363573,-97.58533479273319,495.0723
2954,470.76367018267047,171.5971227483824,495.1328
2955,470.76367018267047,171.5971227483824,495.1328
2956,407.52234636363573,-97.58533479273319,495.0723
2957,407.52234636363573,-97.58533479273319,495.0723
2958,407.52234636363573,-97.58533479273319,495.0723
2959,407.52234636363573,-97.58533479273319,495.0723
2960,407.52234636363573,-97.58533479273319,495.0723
2961,470.76367018267047,171.5971227483824,495.1328
2962,470.76367018267047,171.5971227483824,495.1328
2963,407.52234636363573,-97.58533479273319,495.0723
2964,426.6493841558695,-76.47542274836451,495.0026
2965,426.6493841558695,-76.47542274836451,495.0026
2966,470.76367018267047,171.5971227483824,495.1328
2967,407.52234636363573,-97.58533479273319,495.0723
2968,407.52234636363573,-97.58533479273319,495.0723
2969,426.6493841558695,-76.47542274836451,495.0026
2970,407.52234636363573,-97.58533479273319,495.0723
2971,407.52234636363573,-97.58533479273319,495.0723
2972,407.52234636363573,-97.58533479273319,495.0723
2973,470.76367018267047,171.5971227483824,495.1328
2974,407.52234636363573,-97.58533479273319,495.0723
2975,407.52234636363573,-97.58533479273319,495.0723
2976,407.52234636363573,-97.58533479273319,495.0723
2977,407.52234636363573,-97.58533479273319,495.0723
2978,407.52234636363573,-97.58533479273319,495.0723
2979,407.52234636363573,-97.58533479273319,495.0723
2980,407.52234636363573,-97.58533479273319,495.0723
2981,407.52234636363573,-97.58533479273319,495.0723
2982,470.76367018267047,171.5971227483824,495.1328
2983,426.6493841558695,-76.47542274836451,495.0026
2984,407.52234636363573,-97.58533479273319,495.0723
2985,486.43574355426244,-1.7998010823503137,496.0981
2986,407.52234636363573,-97.58533479273319,495.0723
2987,426.6493841558695,-76.47542274836451,495.0026
2988,443.3859252255643,-55.894909750670195,495.081
2989,443.3859252255643,-55.894909750670195,495.081
2990,426.6493841558695,-76.47542274836451,495.0026
2991,426.6493841558695,-76.47542274836451,495.0026
2992,426.6493841558695,-76.47542274836451,495.0026
2993,426.6493841558695,-76.47542274836451,495.0026
2994,126.57942482212093,-655.1689586024731,509.6127
2995,126.57942482212093,-655.1689586024731,509.6127
2996,407.52234636363573,-97.58533479273319,495.0723
2997,443.3859252255643,-55.894909750670195,495.081
2998,443.3859252255643,-55.894909750670195,495.081
2999,470.76367018267047,171.5971227483824,495.1328
3000,407.52234636363573,-97.58533479273319,495.0723
3001,443.3859252255643,-55.894909750670195,495.081
3002,443.3859252255643,-55.894909750670195,495.081
3003,407.52234636363573,-97.58533479273319,495.0723
3004,407.52234636363573,-97.58533479273319,495.0723
3005,470.76367018267047,171.5971227483824,495.1328
3006,407.52234636363573,-97.58533479273319,495.0723
3007,407.52234636363573,-97.58533479273319,495.0723
3008,470.76367018267047,171.5971227483824,495.1328
3009,373.7899802385364,-125.07839159946889,495.4633
3010,407.52234636363573,-97.58533479273319,495.0723
3011,407.52234636363573,-97.58533479273319,495.0723
3012,407.52234636363573,-97.58533479273319,495.0723
3013,470.76367018267047,171.5971227483824,495.1328
3014,373.7899802385364,-125.07839159946889,495.4633
3015,470.76367018267047,171.5971227483824,495.1328
3016,373.7899802385364,-125.07839159946889,495.4633
3017,373.7899802385364,-125.07839159946889,495.4633
3018,470.76367018267047,171.5971227483824,495.1328
3019,486.43574355426244,-1.7998010823503137,496.0981
3020,407.52234636363573,-97.58533479273319,495.0723
3021,407.52234636363573,-97.58533479273319,495.0723
3022,443.3859252255643,-55.894909750670195,495.081
3023,443.3859252255643,-55.894909750670195,495.081
3024,407.52234636363573,-97.58533479273319,495.0723
3025,373.7899802385364,-125.07839159946889,495.4633
3026,407.52234636363573,-97.58533479273319,495.0723
3027,486.43574355426244,-1.7998010823503137,496.0981
3028,443.3859252255643,-55.894909750670195,495.081
3029,407.52234636363573,-97.58533479273319,495.0723
3030,407.52234636363573,-97.58533479273319,495.0723
3031,470.76367018267047,171.5971227483824,495.1328
3032,407.52234636363573,-97.58533479273319,495.0723
3033,470.76367018267047,171.5971227483824,495.1328
3034,407.52234636363573,-97.58533479273319,495.0723
3035,470.76367018267047,171.5971227483824,495.1328
3036,426.6493841558695,-76.47542274836451,495.0026
3037,443.3859252255643,-55.894909750670195,495.081
3038,426.6493841558695,-76.47542274836451,495.0026
3039,407.52234636363573,-97.58533479273319,495.0723
3040,470.76367018267047,171.5971227483824,495.1328
3041,426.6493841558695,-76.47542274836451,495.0026
3042,426.6493841558695,-76.47542274836451,495.0026
3043,373.7899802385364,-125.07839159946889,495.4633
3044,426.6493841558695,-76.47542274836451,495.0026
3045,373.7899802385364,-125.07839159946889,495.4633
3046,426.6493841558695,-76.47542274836451,495.0026
3047,470.76367018267047,171.5971227483824,495.1328
3048,407.52234636363573,-97.58533479273319,495.0723
3049,426.6493841558695,-76.47542274836451,495.0026
3050,407.52234636363573,-97.58533479273319,495.0723
3051,470.76367018267047,171.5971227483824,495.1328
3052,373.7899802385364,-125.07839159946889,495.4633
3053,373.7899802385364,-125.07839159946889,495.4633
3054,470.76367018267047,171.5971227483824,495.1328
3055,470.76367018267047,171.5971227483824,495.1328
3056,373.7899802385364,-125.07839159946889,495.4633
3057,470.76367018267047,171.5971227483824,495.1328
3058,373.7899802385364,-125.07839159946889,495.4633
3059,470.76367018267047,171.5971227483824,495.1328
3060,373.7899802385364,-125.07839159946889,495.4633
3061,373.7899802385364,-125.07839159946889,495.4633
3062,373.7899802385364,-125.07839159946889,495.4633
3063,426.6493841558695,-76.47542274836451,495.0026
3064,470.76367018267047,171.5971227483824,495.1328
3065,373.7899802385364,-125.07839159946889,495.4633
3066,426.6493841558695,-76.47542274836451,495.0026
3067,470.76367018267047,171.5971227483824,495.1328
3068,426.6493841558695,-76.47542274836451,495.0026
3069,470.76367018267047,171.5971227483824,495.1328
3070,373.7899802385364,-125.07839159946889,495.4633
3071,373.7899802385364,-125.07839159946889,495.4633
3072,470.76367018267047,171.5971227483824,495.1328
3073,373.7899802385364,-125.07839159946889,495.4633
3074,373.7899802385364,-125.07839159946889,495.4633
3075,373.7899802385364,-125.07839159946889,495.4633
3076,373.7899802385364,-125.07839159946889,495.4633
3077,373.7899802385364,-125.07839159946889,495.4633
3078,373.7899802385364,-125.07839159946889,495.4633
3079,426.6493841558695,-76.47542274836451,495.0026
3080,426.6493841558695,-76.47542274836451,495.0026
3081,426.6493841558695,-76.47542274836451,495.0026
3082,373.7899802385364,-125.07839159946889,495.4633
3083,470.76367018267047,171.5971227483824,495.1328
3084,426.6493841558695,-76.47542274836451,495.0026
3085,443.3859252255643,-55.894909750670195,495.081
3086,373.7899802385364,-125.07839159946889,495.4633
3087,426.6493841558695,-76.47542274836451,495.0026
3088,426.6493841558695,-76.47542274836451,495.0026
3089,426.6493841558695,-76.47542274836451,495.0026
3090,426.6493841558695,-76.47542274836451,495.0026
3091,470.76367018267047,171.5971227483824,495.1328
3092,426.6493841558695,-76.47542274836451,495.0026
3093,426.6493841558695,-76.47542274836451,495.0026
3094,426.6493841558695,-76.47542274836451,495.0026
3095,426.6493841558695,-76.47542274836451,495.0026
3096,426.6493841558695,-76.47542274836451,495.0026
3097,426.6493841558695,-76.47542274836451,495.0026
3098,373.7899802385364,-125.07839159946889,495.4633
3099,373.7899802385364,-125.07839159946889,495.4633
3100,426.6493841558695,-76.47542274836451,495.0026
3101,426.6493841558695,-76.47542274836451,495.0026
3102,373.7899802385364,-125.07839159946889,495.4633
3103,443.3859252255643,-55.894909750670195,495.081
3104,470.76367018267047,171.5971227483824,495.1328
3105,470.76367018267047,171.5971227483824,495.1328
3106,373.7899802385364,-125.07839159946889,495.4633
3107,470.76367018267047,171.5971227483824,495.1328
3108,407.52234636363573,-97.58533479273319,495.0723
3109,407.52234636363573,-97.58533479273319,495.0723
3110,470.76367018267047,171.5971227483824,495.1328
3111,373.7899802385364,-125.07839159946889,495.4633
3112,470.76367018267047,171.5971227483824,495.1328
3113,407.52234636363573,-97.58533479273319,495.0723
3114,426.6493841558695,-76.47542274836451,495.0026
3115,443.3859252255643,-55.894909750670195,495.081
3116,443.3859252255643,-55.894909750670195,495.081
3117,426.6493841558695,-76.47542274836451,495.0026
3118,373.7899802385364,-125.07839159946889,495.4633
3119,470.76367018267047,171.5971227483824,495.1328
3120,407.52234636363573,-97.58533479273319,495.0723
3121,373.7899802385364,-125.07839159946889,495.4633
3122,470.76367018267047,171.5971227483824,495.1328
3123,407.52234636363573,-97.58533479273319,495.0723
3124,373.7899802385364,-125.07839159946889,495.4633
3125,407.52234636363573,-97.58533479273319,495.0723
3126,373.7899802385364,-125.07839159946889,495.4633
3127,470.76367018267047,171.5971227483824,495.1328
3128,470.76367018267047,171.5971227483824,495.1328
3129,426.6493841558695,-76.47542274836451,495.0026
3130,407.52234636363573,-97.58533479273319,495.0723
3131,373.7899802385364,-125.07839159946889,495.4633
3132,426.6493841558695,-76.47542274836451,495.0026
3133,470.76367018267047,171.5971227483824,495.1328
3134,486.43574355426244,-1.7998010823503137,496.0981
3135,470.76367018267047,171.5971227483824,495.1328
3136,426.6493841558695,-76.47542274836451,495.0026
3137,470.76367018267047,171.5971227483824,495.1328
3138,407.52234636363573,-97.58533479273319,495.0723
3139,407.52234636363573,-97.58533479273319,495.0723
3140,426.6493841558695,-76.47542274836451,495.0026
3141,426.6493841558695,-76.47542274836451,495.0026
3142,470.76367018267047,171.5971227483824,495.1328
3143,470.76367018267047,171.5971227483824,495.1328
3144,373.7899802385364,-125.07839159946889,495.4633
3145,373.7899802385364,-125.07839159946889,495.4633
3146,470.76367018267047,171.5971227483824,495.1328
3147,470.76367018267047,171.5971227483824,495.1328
3148,470.76367018267047,171.5971227483824,495.1328
3149,470.76367018267047,171.5971227483824,495.1328
3150,470.76367018267047,171.5971227483824,495.1328
3151,373.7899802385364,-125.07839159946889,495.4633
3152,426.6493841558695,-76.47542274836451,495.0026
3153,373.7899802385364,-125.07839159946889,495.4633
3154,373.7899802385364,-125.07839159946889,495.4633
3155,373.7899802385364,-125.07839159946889,495.4633
3156,373.7899802385364,-125.07839159946889,495.4633
3157,470.76367018267047,171.5971227483824,495.1328
3158,407.52234636363573,-97.58533479273319,495.0723
3159,373.7899802385364,-125.07839159946889,495.4633
3160,407.52234636363573,-97.58533479273319,495.0723
3161,470.76367018267047,171.5971227483824,495.1328
3162,443.3859252255643,-55.894909750670195,495.081
3163,426.6493841558695,-76.47542274836451,495.0026
3164,407.52234636363573,-97.58533479273319,495.0723
3165,426.6493841558695,-76.47542274836451,495.0026
3166,470.76367018267047,171.5971227483824,495.1328
3167,470.76367018267047,171.5971227483824,495.1328
3168,470.76367018267047,171.5971227483824,495.1328
3169,470.76367018267047,171.5971227483824,495.1328
3170,443.3859252255643,-55.894909750670195,495.081
3171,407.52234636363573,-97.58533479273319,495.0723
3172,407.52234636363573,-97.58533479273319,495.0723
3173,470.76367018267047,171.5971227483824,495.1328
3174,407.52234636363573,-97.58533479273319,495.0723
3175,407.52234636363573,-97.58533479273319,495.0723
3176,426.6493841558695,-76.47542274836451,495.0026
3177,407.52234636363573,-97.58533479273319,495.0723
3178,407.52234636363573,-97.58533479273319,495.0723
3179,407.52234636363573,-97.58533479273319,495.0723
3180,407.52234636363573,-97.58533479273319,495.0723
3181,470.76367018267047,171.5971227483824,495.1328
3182,407.52234636363573,-97.58533479273319,495.0723
3183,470.76367018267047,171.5971227483824,495.1328
3184,407.52234636363573,-97.58533479273319,495.0723
3185,373.7899802385364,-125.07839159946889,495.4633
3186,407.52234636363573,-97.58533479273319,495.0723
3187,407.52234636363573,-97.58533479273319,495.0723
3188,373.7899802385364,-125.07839159946889,495.4633
3189,407.52234636363573,-97.58533479273319,495.0723
3190,407.52234636363573,-97.58533479273319,495.0723
3191,407.52234636363573,-97.58533479273319,495.0723
3192,407.52234636363573,-97.58533479273319,495.0723
3193,470.76367018267047,171.5971227483824,495.1328
3194,407.52234636363573,-97.58533479273319,495.0723
3195,407.52234636363573,-97.58533479273319,495.0723
3196,407.52234636363573,-97.58533479273319,495.0723
3197,373.7899802385364,-125.07839159946889,495.4633
3198,407.52234636363573,-97.58533479273319,495.0723
3199,407.52234636363573,-97.58533479273319,495.0723
3200,407.52234636363573,-97.58533479273319,495.0723
3201,470.76367018267047,171.5971227483824,495.1328
3202,443.3859252255643,-55.894909750670195,495.081
3203,373.7899802385364,-125.07839159946889,495.4633
3204,407.52234636363573,-97.58533479273319,495.0723
3205,407.52234636363573,-97.58533479273319,495.0723
3206,407.52234636363573,-97.58533479273319,495.0723
3207,407.52234636363573,-97.58533479273319,495.0723
3208,407.52234636363573,-97.58533479273319,495.0723
3209,407.52234636363573,-97.58533479273319,495.0723
3210,407.52234636363573,-97.58533479273319,495.0723
3211,407.52234636363573,-97.58533479273319,495.0723
3212,407.52234636363573,-97.58533479273319,495.0723
3213,407.52234636363573,-97.58533479273319,495.0723
3214,407.52234636363573,-97.58533479273319,495.0723
3215,407.52234636363573,-97.58533479273319,495.0723
3216,373.7899802385364,-125.07839159946889,495.4633
3217,407.52234636363573,-97.58533479273319,495.0723
3218,470.76367018267047,171.5971227483824,495.1328
3219,407.52234636363573,-97.58533479273319,495.0723
3220,407.52234636363573,-97.58533479273319,495.0723
3221,407.52234636363573,-97.58533479273319,495.0723
3222,407.52234636363573,-97.58533479273319,495.0723
3223,407.52234636363573,-97.58533479273319,495.0723
3224,407.52234636363573,-97.58533479273319,495.0723
3225,407.52234636363573,-97.58533479273319,495.0723
3226,407.52234636363573,-97.58533479273319,495.0723
3227,407.52234636363573,-97.58533479273319,495.0723
3228,407.52234636363573,-97.58533479273319,495.0723
3229,407.52234636363573,-97.58533479273319,495.0723
3230,407.52234636363573,-97.58533479273319,495.0723
3231,470.76367018267047,171.5971227483824,495.1328
3232,407.52234636363573,-97.58533479273319,495.0723
3233,407.52234636363573,-97.58533479273319,495.0723
3234,407.52234636363573,-97.58533479273319,495.0723
3235,407.52234636363573,-97.58533479273319,495.0723
3236,407.52234636363573,-97.58533479273319,495.0723
3237,407.52234636363573,-97.58533479273319,495.0723
3238,470.76367018267047,171.5971227483824,495.1328
3239,373.7899802385364,-125.07839159946889,495.4633
3240,373.7899802385364,-125.07839159946889,495.4633
3241,470.76367018267047,171.5971227483824,495.1328
3242,470.76367018267047,171.5971227483824,495.1328
3243,426.6493841558695,-76.47542274836451,495.0026
3244,373.7899802385364,-125.07839159946889,495.4633
3245,426.6493841558695,-76.47542274836451,495.0026
3246,407.52234636363573,-97.58533479273319,495.0723
3247,407.52234636363573,-97.58533479273319,495.0723
3248,407.52234636363573,-97.58533479273319,495.0723
3249,470.76367018267047,171.5971227483824,495.1328
3250,407.52234636363573,-97.58533479273319,495.0723
3251,426.6493841558695,-76.47542274836451,495.0026
3252,470.76367018267047,171.5971227483824,495.1328
3253,443.3859252255643,-55.894909750670195,495.081
3254,470.76367018267047,171.5971227483824,495.1328
3255,443.3859252255643,-55.894909750670195,495.081
3256,407.52234636363573,-97.58533479273319,495.0723
3257,373.7899802385364,-125.07839159946889,495.4633
3258,426.6493841558695,-76.47542274836451,495.0026
3259,407.52234636363573,-97.58533479273319,495.0723
3260,407.52234636363573,-97.58533479273319,495.0723
3261,407.52234636363573,-97.58533479273319,495.0723
3262,470.76367018267047,171.5971227483824,495.1328
3263,426.6493841558695,-76.47542274836451,495.0026
3264,426.6493841558695,-76.47542274836451,495.0026
3265,407.52234636363573,-97.58533479273319,495.0723
3266,407.52234636363573,-97.58533479273319,495.0723
3267,470.76367018267047,171.5971227483824,495.1328
3268,443.3859252255643,-55.894909750670195,495.081
3269,407.52234636363573,-97.58533479273319,495.0723
3270,407.52234636363573,-97.58533479273319,495.0723
3271,470.76367018267047,171.5971227483824,495.1328
3272,407.52234636363573,-97.58533479273319,495.0723
3273,407.52234636363573,-97.58533479273319,495.0723
3274,407.52234636363573,-97.58533479273319,495.0723
3275,407.52234636363573,-97.58533479273319,495.0723
3276,407.52234636363573,-97.58533479273319,495.0723
3277,407.52234636363573,-97.58533479273319,495.0723
3278,407.52234636363573,-97.58533479273319,495.0723
3279,426.6493841558695,-76.47542274836451,495.0026
3280,426.6493841558695,-76.47542274836451,495.0026
3281,407.52234636363573,-97.58533479273319,495.0723
3282,470.76367018267047,171.5971227483824,495.1328
3283,407.52234636363573,-97.58533479273319,495.0723
3284,470.76367018267047,171.5971227483824,495.1328
3285,470.76367018267047,171.5971227483824,495.1328
3286,426.6493841558695,-76.47542274836451,495.0026
3287,373.7899802385364,-125.07839159946889,495.4633
3288,470.76367018267047,171.5971227483824,495.1328
3289,407.52234636363573,-97.58533479273319,495.0723
3290,407.52234636363573,-97.58533479273319,495.0723
3291,443.3859252255643,-55.894909750670195,495.081
3292,470.76367018267047,171.5971227483824,495.1328
3293,407.52234636363573,-97.58533479273319,495.0723
3294,443.3859252255643,-55.894909750670195,495.081
3295,407.52234636363573,-97.58533479273319,495.0723
3296,443.3859252255643,-55.894909750670195,495.081
3297,407.52234636363573,-97.58533479273319,495.0723
3298,407.52234636363573,-97.58533479273319,495.0723
3299,470.76367018267047,171.5971227483824,495.1328
3300,407.52234636363573,-97.58533479273319,495.0723
3301,407.52234636363573,-97.58533479273319,495.0723
3302,426.6493841558695,-76.47542274836451,495.0026
3303,407.52234636363573,-97.58533479273319,495.0723
3304,443.3859252255643,-55.894909750670195,495.081
3305,426.6493841558695,-76.47542274836451,495.0026
3306,407.52234636363573,-97.58533479273319,495.0723
3307,407.52234636363573,-97.58533479273319,495.0723
3308,407.52234636363573,-97.58533479273319,495.0723
3309,443.3859252255643,-55.894909750670195,495.081
3310,407.52234636363573,-97.58533479273319,495.0723
3311,407.52234636363573,-97.58533479273319,495.0723
3312,407.52234636363573,-97.58533479273319,495.0723
3313,470.76367018267047,171.5971227483824,495.1328
3314,470.76367018267047,171.5971227483824,495.1328
3315,407.52234636363573,-97.58533479273319,495.0723
3316,407.52234636363573,-97.58533479273319,495.0723
3317,470.76367018267047,171.5971227483824,495.1328
3318,407.52234636363573,-97.58533479273319,495.0723
3319,407.52234636363573,-97.58533479273319,495.0723
3320,407.52234636363573,-97.58533479273319,495.0723
3321,407.52234636363573,-97.58533479273319,495.0723
3322,407.52234636363573,-97.58533479273319,495.0723
3323,407.52234636363573,-97.58533479273319,495.0723
3324,407.52234636363573,-97.58533479273319,495.0723
3325,407.52234636363573,-97.58533479273319,495.0723
3326,407.52234636363573,-97.58533479273319,495.0723
3327,470.76367018267047,171.5971227483824,495.1328
3328,407.52234636363573,-97.58533479273319,495.0723
3329,426.6493841558695,-76.47542274836451,495.0026
3330,470.76367018267047,171.5971227483824,495.1328
3331,407.52234636363573,-97.58533479273319,495.0723
3332,407.52234636363573,-97.58533479273319,495.0723
3333,470.76367018267047,171.5971227483824,495.1328
3334,407.52234636363573,-97.58533479273319,495.0723
3335,426.6493841558695,-76.47542274836451,495.0026
3336,426.6493841558695,-76.47542274836451,495.0026
3337,470.76367018267047,171.5971227483824,495.1328
3338,426.6493841558695,-76.47542274836451,495.0026
3339,426.6493841558695,-76.47542274836451,495.0026
3340,426.6493841558695,-76.47542274836451,495.0026
3341,426.6493841558695,-76.47542274836451,495.0026
3342,426.6493841558695,-76.47542274836451,495.0026
3343,426.6493841558695,-76.47542274836451,495.0026
3344,426.6493841558695,-76.47542274836451,495.0026
3345,426.6493841558695,-76.47542274836451,495.0026
3346,407.52234636363573,-97.58533479273319,495.0723
3347,426.6493841558695,-76.47542274836451,495.0026
3348,407.52234636363573,-97.58533479273319,495.0723
3349,426.6493841558695,-76.47542274836451,495.0026
3350,426.6493841558695,-76.47542274836451,495.0026
3351,426.6493841558695,-76.47542274836451,495.0026
3352,470.76367018267047,171.5971227483824,495.1328
3353,470.76367018267047,171.5971227483824,495.1328
3354,407.52234636363573,-97.58533479273319,495.0723
3355,426.6493841558695,-76.47542274836451,495.0026
3356,407.52234636363573,-97.58533479273319,495.0723
3357,470.76367018267047,171.5971227483824,495.1328
3358,426.6493841558695,-76.47542274836451,495.0026
3359,470.76367018267047,171.5971227483824,495.1328
3360,426.6493841558695,-76.47542274836451,495.0026
3361,407.52234636363573,-97.58533479273319,495.0723
3362,407.52234636363573,-97.58533479273319,495.0723
3363,407.52234636363573,-97.58533479273319,495.0723
3364,407.52234636363573,-97.58533479273319,495.0723
3365,426.6493841558695,-76.47542274836451,495.0026
3366,407.52234636363573,-97.58533479273319,495.0723
3367,426.6493841558695,-76.47542274836451,495.0026
3368,407.52234636363573,-97.58533479273319,495.0723
3369,407.52234636363573,-97.58533479273319,495.0723
3370,470.76367018267047,171.5971227483824,495.1328
3371,426.6493841558695,-76.47542274836451,495.0026
3372,407.52234636363573,-97.58533479273319,495.0723
3373,407.52234636363573,-97.58533479273319,495.0723
3374,407.52234636363573,-97.58533479273319,495.0723
3375,407.52234636363573,-97.58533479273319,495.0723
3376,407.52234636363573,-97.58533479273319,495.0723
3377,407.52234636363573,-97.58533479273319,495.0723
3378,407.52234636363573,-97.58533479273319,495.0723
3379,407.52234636363573,-97.58533479273319,495.0723
3380,470.76367018267047,171.5971227483824,495.1328
3381,407.52234636363573,-97.58533479273319,495.0723
3382,407.52234636363573,-97.58533479273319,495.0723
3383,407.52234636363573,-97.58533479273319,495.0723
3384,407.52234636363573,-97.58533479273319,495.0723
3385,407.52234636363573,-97.58533479273319,495.0723
3386,407.52234636363573,-97.58533479273319,495.0723
3387,407.52234636363573,-97.58533479273319,495.0723
3388,407.52234636363573,-97.58533479273319,495.0723
3389,407.52234636363573,-97.58533479273319,495.0723
3390,470.76367018267047,171.5971227483824,495.1328
3391,407.52234636363573,-97.58533479273319,495.0723
3392,407.52234636363573,-97.58533479273319,495.0723
3393,407.52234636363573,-97.58533479273319,495.0723
3394,486.43574355426244,-1.7998010823503137,496.0981
3395,407.52234636363573,-97.58533479273319,495.0723
3396,407.52234636363573,-97.58533479273319,495.0723
3397,407.52234636363573,-97.58533479273319,495.0723
3398,407.52234636363573,-97.58533479273319,495.0723
3399,407.52234636363573,-97.58533479273319,495.0723
3400,407.52234636363573,-97.58533479273319,495.0723
3401,407.52234636363573,-97.58533479273319,495.0723
3402,407.52234636363573,-97.58533479273319,495.0723
3403,407.52234636363573,-97.58533479273319,495.0723
3404,407.52234636363573,-97.58533479273319,495.0723
3405,407.52234636363573,-97.58533479273319,495.0723
3406,470.76367018267047,171.5971227483824,495.1328
3407,470.76367018267047,171.5971227483824,495.1328
3408,407.52234636363573,-97.58533479273319,495.0723
3409,407.52234636363573,-97.58533479273319,495.0723
3410,443.3859252255643,-55.894909750670195,495.081
3411,407.52234636363573,-97.58533479273319,495.0723
3412,407.52234636363573,-97.58533479273319,495.0723
3413,407.52234636363573,-97.58533479273319,495.0723
3414,407.52234636363573,-97.58533479273319,495.0723
3415,407.52234636363573,-97.58533479273319,495.0723
3416,407.52234636363573,-97.58533479273319,495.0723
3417,407.52234636363573,-97.58533479273319,495.0723
3418,407.52234636363573,-97.58533479273319,495.0723
3419,407.52234636363573,-97.58533479273319,495.0723
3420,407.52234636363573,-97.58533479273319,495.0723
3421,407.52234636363573,-97.58533479273319,495.0723
3422,407.52234636363573,-97.58533479273319,495.0723
3423,407.52234636363573,-97.58533479273319,495.0723
3424,470.76367018267047,171.5971227483824,495.1328
3425,407.52234636363573,-97.58533479273319,495.0723
3426,407.52234636363573,-97.58533479273319,495.0723
3427,407.52234636363573,-97.58533479273319,495.0723
3428,407.52234636363573,-97.58533479273319,495.0723
3429,407.52234636363573,-97.58533479273319,495.0723
3430,407.52234636363573,-97.58533479273319,495.0723
3431,407.52234636363573,-97.58533479273319,495.0723
3432,470.76367018267047,171.5971227483824,495.1328
3433,407.52234636363573,-97.58533479273319,495.0723
3434,407.52234636363573,-97.58533479273319,495.0723
3435,407.52234636363573,-97.58533479273319,495.0723
3436,470.76367018267047,171.5971227483824,495.1328
3437,407.52234636363573,-97.58533479273319,495.0723
3438,407.52234636363573,-97.58533479273319,495.0723
3439,407.52234636363573,-97.58533479273319,495.0723
3440,470.76367018267047,171.5971227483824,495.1328
3441,470.76367018267047,171.5971227483824,495.1328
3442,407.52234636363573,-97.58533479273319,495.0723
3443,470.76367018267047,171.5971227483824,495.1328
3444,407.52234636363573,-97.58533479273319,495.0723
3445,407.52234636363573,-97.58533479273319,495.0723
3446,407.52234636363573,-97.58533479273319,495.0723
3447,470.76367018267047,171.5971227483824,495.1328
3448,470.76367018267047,171.5971227483824,495.1328
3449,470.76367018267047,171.5971227483824,495.1328
3450,407.52234636363573,-97.58533479273319,495.0723
3451,407.52234636363573,-97.58533479273319,495.0723
3452,407.52234636363573,-97.58533479273319,495.0723
3453,407.52234636363573,-97.58533479273319,495.0723
3454,470.76367018267047,171.5971227483824,495.1328
3455,426.6493841558695,-76.47542274836451,495.0026
3456,407.52234636363573,-97.58533479273319,495.0723
3457,407.52234636363573,-97.58533479273319,495.0723
3458,407.52234636363573,-97.58533479273319,495.0723
3459,470.76367018267047,171.5971227483824,495.1328
3460,470.76367018267047,171.5971227483824,495.1328
3461,426.6493841558695,-76.47542274836451,495.0026
3462,407.52234636363573,-97.58533479273319,495.0723
3463,470.76367018267047,171.5971227483824,495.1328
3464,443.3859252255643,-55.894909750670195,495.081
3465,407.52234636363573,-97.58533479273319,495.0723
3466,407.52234636363573,-97.58533479273319,495.0723
3467,426.6493841558695,-76.47542274836451,495.0026
3468,407.52234636363573,-97.58533479273319,495.0723
3469,470.76367018267047,171.5971227483824,495.1328
3470,407.52234636363573,-97.58533479273319,495.0723
3471,407.52234636363573,-97.58533479273319,495.0723
3472,407.52234636363573,-97.58533479273319,495.0723
3473,470.76367018267047,171.5971227483824,495.1328
3474,426.6493841558695,-76.47542274836451,495.0026
3475,426.6493841558695,-76.47542274836451,495.0026
3476,407.52234636363573,-97.58533479273319,495.0723
3477,426.6493841558695,-76.47542274836451,495.0026
3478,407.52234636363573,-97.58533479273319,495.0723
3479,470.76367018267047,171.5971227483824,495.1328
3480,407.52234636363573,-97.58533479273319,495.0723
3481,426.6493841558695,-76.47542274836451,495.0026
3482,426.6493841558695,-76.47542274836451,495.0026
3483,407.52234636363573,-97.58533479273319,495.0723
3484,407.52234636363573,-97.58533479273319,495.0723
3485,426.6493841558695,-76.47542274836451,495.0026
3486,407.52234636363573,-97.58533479273319,495.0723
3487,426.6493841558695,-76.47542274836451,495.0026
3488,407.52234636363573,-97.58533479273319,495.0723
3489,470.76367018267047,171.5971227483824,495.1328
3490,443.3859252255643,-55.894909750670195,495.081
3491,407.52234636363573,-97.58533479273319,495.0723
3492,426.6493841558695,-76.47542274836451,495.0026
3493,470.76367018267047,171.5971227483824,495.1328
3494,407.52234636363573,-97.58533479273319,495.0723
3495,407.52234636363573,-97.58533479273319,495.0723
3496,407.52234636363573,-97.58533479273319,495.0723
3497,407.52234636363573,-97.58533479273319,495.0723
3498,470.76367018267047,171.5971227483824,495.1328
3499,407.52234636363573,-97.58533479273319,495.0723
3500,407.52234636363573,-97.58533479273319,495.0723
