,x,y,z
0,245.59927091293503,-94.41249875444919,501.8674
1,525.2898675895995,151.51209434308112,504.7403
2,444.55672698118724,134.06327525991946,507.5889
3,402.3379429617198,246.69139331392944,514.083
4,149.70839065813925,-200.1890078196302,508.7639
5,51.47150612086989,-403.6689406884834,505.4228
6,113.20509335806128,-61.474559974856675,506.7932
7,160.96770143823233,-389.93358737416565,508.0945
8,372.2872177301906,189.0155856171623,512.9335
9,89.88796981191263,-83.90557894203812,508.1492
10,333.6362116893288,77.50675569474697,505.152
11,116.90363650140353,-60.51761643588543,506.1863
12,148.9985831960803,-439.8125180089846,502.7224
13,78.08234302490018,-225.7563908873126,502.0086
14,532.0710345805855,152.67419252265245,507.5625
15,-29.1433898457326,-337.97208695858717,508.1819
16,446.9898092603544,-50.204509378410876,496.7562
17,200.4878533181036,-586.6023862063885,507.4984
18,544.9146486326354,198.1791595229879,509.8434
19,165.88825049961451,-486.9596116859466,510.3818
20,62.77951668121386,-348.9633718729019,507.3506
21,-36.268996589118615,-328.8089578328654,503.3133
22,443.4271606206894,171.23796313535422,505.4099
23,94.13634672155604,-171.05771615728736,505.7457
24,29.006288408767432,-231.62270163279027,507.1216
25,498.7015317310579,10.42830500099808,500.5072
26,25.83748710702639,-495.5271807843819,506.3405
27,4.590645741904154,-462.63305280543864,505.1317
28,448.50119190791156,87.80018124822527,504.5935
29,106.78184381255414,-522.5216395398602,507.6006
30,113.18626026366837,-205.26049722917378,508.9837
31,127.32932077220175,-226.06139857135713,507.7386
32,529.3229692911264,207.46816130355,509.5769
33,92.60299537959509,-89.08503862470388,507.7625
34,178.58334634872153,-647.754480894655,511.6849
35,139.04310137359425,-166.59223909676075,504.5717
36,90.59041229588911,-603.4028276726604,509.7078
37,155.36528696329333,-238.6512217503041,502.7117
38,108.79810891952366,-119.09843963943422,506.9314
39,548.365580564714,203.47337236907333,507.9674
40,72.13903486146592,-571.5194615768269,504.9849
41,55.48928131570574,-271.44327278714627,504.2574
42,142.8790251542814,-171.3690619515255,505.3223
43,54.98872581543401,-178.40492093469948,508.1102
44,239.3577938232338,-275.852707603015,500.2236
45,251.4882898083888,28.70708301756531,505.0832
46,55.48928131570574,-271.44327278714627,504.2574
47,358.07290177664254,-9.414318462833762,500.1527
48,172.17405388935003,-495.9141391282901,502.789
49,-35.87147791672032,-267.84889678284526,503.9006
50,147.55004998203367,-107.31288936454803,506.0685
51,151.31501886539627,-453.66284687723964,503.0298
52,122.33060949645005,-307.24548168387264,506.0097
53,119.4435934885405,-55.77437444962561,506.7221
54,-32.43498485640157,-286.8727920036763,507.1524
55,55.9711009884486,-291.6871987422928,514.2438
56,100.99292395648081,-71.37858089618385,506.7766
57,-33.322473666165024,-184.3272739239037,514.3792
58,94.32625474256929,-606.8549853656441,507.7421
59,127.32932077220175,-226.06139857135713,507.7386
60,139.57701196242124,-502.1937614157796,506.9155
61,150.23535034398083,-397.7035552635789,508.8611
62,221.94846460176632,-296.62925725709647,506.9077
63,238.55051864532288,10.432641603052616,504.7589
64,192.6953917334322,-227.07783139497042,502.3203
65,185.1651463562157,-638.0878611411899,508.661
66,480.6343477558112,160.8667011326179,505.529
67,154.64426268497482,-474.644106390886,506.5745
68,508.72631443315186,153.83517875056714,507.6918
69,218.32485810213257,-241.08294360153377,501.0036
70,73.32608033390716,-440.0648192977533,508.4423
71,318.60732132627163,-169.85914604272693,495.0052
72,116.71435966901481,-128.0573036838323,505.8834
73,160.409525029012,-216.26312402449548,505.8188
74,233.51086875551846,-390.89475631993264,502.167
75,117.92221959144808,-215.43861364386976,508.4621
76,51.03843645227607,-103.06257448904216,507.0255
77,47.140098556061275,-402.5986895188689,506.145
78,89.13694676745217,-87.09987559914589,507.961
79,90.24741966940928,-164.8699408788234,507.2664
80,162.47324129892513,-490.1791495922953,507.2279
81,257.780173259438,-75.06580466311425,511.6322
82,411.9417574389372,250.3891805987805,511.2739
83,287.946286805789,-191.43952382076532,501.1775
84,108.80324169795495,-119.11667560692877,507.0022
85,130.44702681188937,-440.4253132501617,507.9032
86,10.2424815853592,-237.10750258434564,512.8215
87,187.80928160774056,-228.9102125922218,499.9792
88,463.47307431465015,265.9563591340557,510.8727
89,481.70209747436456,-5.421864623203874,497.9183
90,165.88825049961451,-486.9596116859466,510.3818
91,-38.11529251176398,-189.98687329981476,503.42
92,345.0091905781301,96.33950683567673,507.3047
93,455.5071516309399,-37.82873643375933,499.2094
94,60.86757003876846,-331.11992199346423,510.1815
95,386.73975921364035,223.6241169758141,510.9277
96,449.40669518208597,195.30643859226257,507.8069
97,179.24574440473225,-222.7649137750268,504.2202
98,70.76698798302095,-565.6355820335448,510.6766
99,134.5493216967443,-87.08530906308442,506.4369
100,205.01539982366376,-575.2643955117092,507.1394
101,59.23079131159466,-326.0283063026145,511.0006
102,151.15103158494458,-180.27966739796102,504.1666
103,509.45259571657516,24.78434839565307,497.2514
104,236.76894615625497,-296.9650659356266,500.9885
105,88.90759364585392,-81.65988620277494,508.0992
106,163.51868094538804,-131.34756156429648,504.2632
107,89.00068532570731,-82.88636624347419,509.3417
108,101.12045295047574,-185.087513637729,505.7375
109,-20.333590135211125,-406.18439231906086,510.7615
110,-40.383608322474174,-195.19958026520908,506.4826
111,243.9300662712194,14.897896273061633,509.5577
112,34.17208694037981,-319.6379338679835,508.8834
113,200.2262006662786,-52.47844562865794,504.1183
114,442.29614157695323,175.0059144180268,498.7903
115,206.7965791823808,-519.7165251271799,503.2517
116,87.65091478568502,-158.471451215446,507.1922
117,160.40901173942257,-216.2555627701804,505.7983
118,367.5053888660623,168.05545313935727,508.8585
119,154.64745888358448,-332.7232416421175,504.6985
120,5.989783403812908,-168.30297304410487,503.9914
121,525.8684810957639,251.3598011136055,508.7797
122,546.0797751676291,210.9425579821691,505.2838
123,199.37473420915194,-42.31711964774877,504.0901
124,211.53728679008782,-553.4948751619086,505.5356
125,353.6480291445041,-134.5197304310277,500.8192
126,144.4049771745922,-506.2642740951851,504.3891
127,166.043599214172,-489.3412958206609,503.4629
128,34.930540836649016,-220.8093286016956,504.9405
129,55.33754972543102,-306.27864179667085,500.8384
130,79.03423208452296,-584.2535045761615,509.8648
131,193.1091481395997,-88.62780508585274,507.6592
132,-13.969600107055157,-148.8729939525947,510.4026
133,398.0611104896525,160.23756023589522,508.452
134,163.13164724968374,-199.05837780423462,502.8924
135,423.78778175788466,58.12703671026975,503.1826
136,19.401208666269667,-123.68867740686983,512.2697
137,158.85653912322596,-439.2980190841481,507.2591
138,109.89137176808435,-271.12147467024624,507.9266
139,144.11315279325936,-437.42049274779856,508.1994
140,462.44063506799284,270.09581266809255,506.8416
141,439.3720095406752,136.75864028092474,507.7795
142,216.5474459695397,-470.24234402552247,503.3604
143,542.1711295995628,183.53589963261038,508.627
144,125.82942561036907,-48.61764658149332,507.093
145,-21.774743046844378,-324.6594967562705,510.5615
146,116.78768841677811,-441.05278622172773,508.4744
147,485.50634966325015,82.31916092522442,509.8615
148,91.86278450489044,-81.5747108887881,510.7569
149,134.27854013838805,-216.6568652605638,509.1791
150,194.57162628136575,-86.77051622699946,507.6769
151,179.60653340851422,-32.21861879900098,503.3507
152,495.1240279666381,7.077334691770375,500.2328
153,-27.175762957078405,-377.6467703701928,514.5535
154,-27.08916941890493,-169.7767506018281,508.8706
155,148.89055965736043,-301.8625352848321,506.0047
156,195.55035741161555,-358.31330847460777,505.5297
157,233.09831173159182,-399.0093172872439,502.2331
158,241.5835554272635,-230.59114629775286,499.5873
159,321.69129018322565,-139.36071275826544,502.3357
160,133.11220093129668,-156.66342170815915,505.5811
161,162.8014913679799,-437.1767534688115,507.7506
162,543.8132656548405,183.20242604613304,507.9945
163,292.8819537924137,-66.11238917056471,508.119
164,92.60299537959509,-89.08503862470388,507.7625
165,195.62044400337618,-91.93340786546469,508.8048
166,200.56313792499714,-585.6269843103364,507.7793
167,133.6922796566505,-663.4576508253813,509.7513
168,108.80338834889699,-119.0743103409186,506.985
169,444.9767809890909,172.16955422982574,505.4003
170,-41.324786708690226,-245.36917443946004,500.6002
171,272.31165067339316,-79.08561245538294,503.5146
172,145.2112816676963,-670.9211654961109,512.0104
173,-41.359030751278624,-247.3498896677047,500.7798
174,-28.657821452245116,-383.7836183719337,506.1523
175,528.9585627487395,208.32669733278453,505.9702
176,245.59927091293503,-94.41249875444919,501.8674
177,-30.513069380889647,-174.5718094240874,509.8503
178,154.909826388699,-325.46221293043345,505.2281
179,360.19384554435965,-134.33826031070203,497.826
180,-8.745940536027774,-319.75524451583624,500.3916
181,368.69170992739964,-129.34994470700622,495.5794
182,47.10163301078137,-230.95364175830036,505.9739
183,91.86278450489044,-81.5747108887881,510.7569
184,279.13362625346053,-82.20629807282239,505.2537
185,159.25481154525187,-468.8923264192417,505.2407
186,-42.15262129204348,-195.89154629502445,516.5788
187,494.73609035636764,67.38879573438317,500.1009
188,164.25940606975928,-133.20207055099308,505.2436
189,162.02087357838172,-193.7000054847449,503.1623
190,343.80883999180514,94.14396300818771,512.0343
191,234.80285653681494,-356.1325535727665,501.7717
192,123.51946241233964,-217.5492045469582,508.1577
193,221.18192020896822,-374.0081387851387,508.2843
194,108.80976765905507,-119.08031486719847,506.9835
195,198.8356153925415,-47.89132132008672,512.2826
196,278.126662782277,-79.04280240926892,503.754
197,108.80324169795495,-119.11667560692877,507.0022
198,347.84520358708687,102.58476989064366,507.1427
199,514.1390531681245,155.35999478027225,483.0468
200,126.98577063588891,-263.86311463825405,502.9567
201,129.6057934364071,-149.72519186977297,505.0687
202,449.9308648185106,87.60503415297717,504.3276
203,444.54096984374337,147.36341163143516,500.2098
204,349.49470486538485,104.24457656033337,512.1426
205,-19.84475267480593,-239.0127164563164,500.8969
206,41.15958707570098,-228.45220068842173,502.6538
207,108.27370196708944,-116.22227166593075,509.1428
208,222.16925704083405,-293.61109336372465,506.0074
209,183.09687822323758,-358.38291649799794,503.4545
210,26.306959765497595,-117.73696895781904,507.6853
211,367.2531026341021,6.531367601826787,500.9914
212,-29.977293508243747,-314.4450195999816,512.588
213,176.29028405761346,-654.6986040631309,509.1018
214,109.22992705635261,-119.70311765093356,512.5743
215,65.65809210867155,-116.78358365781605,504.0452
216,364.16974754887633,45.54444120079279,500.0316
217,-10.618064056150615,-425.7226752694696,506.9866
218,30.50120020681061,-497.7996714999899,507.9496
219,151.14567951159552,-300.6837578676641,506.0351
220,243.74939771695063,22.805745870806277,503.614
221,108.8053064448759,-119.11667560692877,507.0127
222,147.95216641644947,-437.37256773468107,508.0703
223,509.4196101115085,153.10818632040173,505.1774
224,544.0664434288628,191.07157981116325,507.9647
225,127.74645761575084,-78.5186295248568,505.2981
226,272.02467679244,37.38951647467911,506.3221
227,154.909826388699,-325.46221293043345,505.2281
228,108.81189409585204,-119.09821724984795,506.9867
229,150.40187609451823,-51.30033538211137,506.6626
230,156.6086244682083,-332.708897494711,505.8067
231,163.44423335103784,-242.97459169384092,502.6252
232,522.3742737080902,151.30137995723635,507.5233
233,51.85404683393426,-171.71232069004327,505.5028
234,-27.56474978069309,-172.03378522302955,506.9639
235,471.7890099196229,-17.714686152525246,499.6711
236,232.98059784749057,-384.24919153004885,503.4679
237,46.70856435189489,-106.76803422439843,507.9942
238,189.82682662515435,-279.18533074948937,502.6186
239,232.29857342725154,-403.83784578181803,503.8485
240,239.060519043589,24.118624369613826,509.2783
241,512.0656214128248,152.6096994644031,504.969
242,108.80178679921664,-119.11567485332489,507.0208
243,385.22305687726475,16.788098830729723,502.1552
244,167.38716872036457,-169.6800110153854,503.2047
245,444.5731347256806,183.75206256937236,506.0828
246,195.52987531363033,-64.65062066353858,500.5308
247,159.45000221265946,-437.3554437151179,507.7115
248,179.70309036807157,-93.67216293420643,508.0151
249,174.42997695459053,-151.66265227086842,507.1509
250,450.9844160840148,239.1186852240935,508.9989
251,192.82631704735104,-435.6697286274284,509.8633
252,-38.29090777912643,-187.80200418643653,516.3825
253,100.84996075264644,-108.52480287011713,492.8796
254,222.37501711549703,-269.8546308707446,504.0454
255,272.02467679244,37.38951647467911,506.3221
256,438.8444137686165,159.72728671785444,502.1668
257,463.47307431465015,265.9563591340557,510.8727
258,234.94101782422513,20.192553899250925,506.588
259,385.0111897691386,-113.92576284706593,499.4112
260,329.02915607218165,-156.75749261584133,500.264
261,266.65435715275817,-35.45594789367169,506.2705
262,149.3385898777051,-197.60461533349007,506.7374
263,138.0765306422254,-397.2400948088616,515.4955
264,108.81189409585204,-119.09821724984795,506.9867
265,-28.3713173114229,-324.2750958940014,513.2213
266,38.11639439640567,-145.60008248127997,506.5036
267,-35.59250921767671,-184.23854037187994,508.0537
268,221.9153200709261,-344.0322104599327,504.5221
269,240.65102051803842,-96.54199279472232,501.6718
270,193.91429700737353,-109.61896094772965,507.6749
271,-41.324786708690226,-245.36917443946004,500.6002
272,164.70589151070453,-218.35481179039925,503.4164
273,509.54694268933963,31.70122880768031,497.1377
274,437.79969249712303,265.98382428102195,513.9481
275,41.25897688791156,-109.90495429933071,507.6213
276,72.13903486146592,-571.5194615768269,504.9849
277,442.5221678124508,77.2574566686526,503.1265
278,264.06022291758563,-22.188836416229606,506.4997
279,108.04715266975109,-113.09591510891914,507.5078
280,532.557751539629,148.31857605092227,506.8806
281,102.42497851140797,-524.902322919108,507.1328
282,-14.723605988547206,-416.654395416379,506.9515
283,265.95192103099544,-28.060929297469556,506.0053
284,152.87395591672976,-437.3976977877319,507.7534
285,108.80478153144941,-119.07709021307528,506.9904
286,1.0891405406873673,-323.15714210271835,510.9856
287,162.9547066059895,-180.72266798559576,503.2904
288,165.88825049961451,-486.9596116859466,510.3818
289,408.79089470324107,46.063721507787704,503.4537
290,59.950020436081104,-332.61415941827,506.1775
291,189.62882026808802,-225.30549545958638,502.5322
292,437.7831212935271,265.97448390722275,514.0223
293,228.51448135415558,-486.37572712730616,503.6752
294,193.116187392734,-88.73888881783932,507.9969
295,407.52234636363573,-97.58533479273319,495.0723
296,58.86930967029184,-317.46107078995556,507.839
297,222.2424389917869,-339.0547919580713,504.6733
298,264.5956143796211,-79.5972203137353,505.1542
299,193.88018069032114,-119.64974408596754,504.831
300,140.2835355285788,-226.59079761616886,505.7938
301,208.99780737876426,-561.3381205080077,506.5363
302,221.19768588826992,-359.9636635752395,504.8378
303,478.8332462667022,107.14976640883833,507.8135
304,122.17769380123354,-650.7730895681307,507.5407
305,91.9896455060225,-87.69109902437776,508.1062
306,487.80141517543234,3.7526063844561577,501.0318
307,462.70219591865316,112.04645739402622,502.0552
308,161.99601113016251,-286.3120359890163,502.3293
309,145.2112816676963,-670.9211654961109,512.0104
310,-28.3713173114229,-324.2750958940014,513.2213
311,51.03843645227607,-103.06257448904216,507.0255
312,193.34417552524246,-113.97279830090702,505.0224
313,102.3547043025028,-401.1119021549821,515.8098
314,257.76942009082995,-24.367701003327966,505.8247
315,0.8640739363618195,-158.0374574167654,504.8581
316,151.42679296527058,-224.60485622659326,506.9355
317,118.27771172195207,-65.46023092418909,505.5858
318,187.52060194592923,-224.0209716670215,501.8567
319,124.36643982864916,-227.19391889870167,509.635
320,496.09486333222594,116.21092978678644,503.1504
321,511.1318515255116,152.76603952981532,505.0274
322,114.89730591105763,-209.42396886646748,505.3684
323,99.64540168922395,-615.9983217939734,508.582
324,108.81182077038102,-119.09176794439554,506.9644
325,30.047596389777027,-506.23525222111493,504.9997
326,110.00793958827853,-637.145595333539,503.8307
327,437.7989592580125,265.98015484865755,513.965
328,102.31703960022423,-71.45274791214615,506.0223
329,154.51622593367938,-362.20824436377734,508.5483
330,108.80346167413518,-119.11011510621756,507.0081
331,200.84827977756504,-114.2923725200817,503.1829
332,443.4937684244942,177.53181837312877,506.0812
333,96.63793037214782,-175.77360419090837,505.714
334,487.9393337590154,223.8608509749174,505.3596
335,453.8616723794257,123.91440310887992,499.614
336,308.76985720032826,-177.5027964953333,495.6134
337,343.5854558579158,94.23981303535402,507.44
338,251.46285313216504,28.026570066809654,505.6629
339,156.13499249436427,-239.22999134287238,507.7174
340,443.0499841668643,178.43327564373612,505.9987
341,43.25394572701771,-398.6895206775516,506.88
342,175.07813158875797,-164.09557940997183,503.8637
343,256.672131873318,29.690935728140175,506.4809
344,234.89656837505754,-286.42234135698527,500.7559
345,-30.513069380889647,-174.5718094240874,509.8503
346,160.38524605403654,-416.99954446963966,508.0567
347,80.59282653778791,-586.9970170017332,510.2879
348,371.1896001471905,36.9462934974581,499.601
349,162.8147366484627,-437.17964453529567,507.772
350,14.713711157790385,-476.1415684679523,506.6398
351,387.92560475110076,18.98430982697755,501.9596
352,221.919426472974,-327.27824847307056,504.0798
353,35.73139179148711,-113.12716088350862,507.6878
354,200.56313792499714,-585.6269843103364,507.7793
355,233.09831173159182,-399.0093172872439,502.2331
356,372.7247185863089,12.88971589691937,500.1644
357,211.27100524457637,-554.5312118791044,506.3602
358,286.19712339923717,-193.57491119205952,498.7835
359,-23.10138939321041,-397.1832742020488,512.8028
360,492.801670088782,3.6401883149519563,495.8298
361,96.39256526331883,-611.3861786266789,505.9773
362,108.81277400068939,-119.09254630841315,506.9954
363,160.77257191820536,-392.80441799014807,507.9742
364,546.144635124132,243.68468249682337,507.8572
365,9.702646927093156,-175.08697551861405,504.0601
366,155.66019583737943,-281.59681512322277,507.8903
367,52.473939919495024,-259.96906830742955,509.5097
368,340.4111363097327,-148.3045654874295,500.0761
369,130.53118155768607,-511.8750588996336,505.2503
370,109.251919848728,-118.98702232353389,504.855
371,130.82008130918257,-226.57089372444898,508.967
372,-11.832256675465032,-426.635252032429,506.0262
373,23.212967934203334,-195.65770336426795,505.3634
374,40.12888117949478,-317.0300792539492,506.0832
375,122.62734047311824,-267.01671395264566,504.1992
376,458.9124858889263,120.37929400149733,510.4477
377,221.87337610695977,-348.3291160110384,504.9528
378,347.17331661004573,-24.058245522901416,506.183
379,364.7785242131213,156.99578334577382,508.4543
380,166.03334691328928,-214.697721847333,502.823
381,31.068825472379103,-133.08542707096785,507.5742
382,460.28598007629625,174.63852638285607,496.5307
383,152.52139627956785,-667.5189343262464,512.3462
384,156.11959368386306,-239.2084195278585,507.6718
385,394.36629978741985,-105.9057175675407,499.2923
386,360.19384554435965,-134.33826031070203,497.826
387,162.02087357838172,-193.7000054847449,503.1623
388,584.9877890895586,218.38060901500285,508.0631
389,-49.43042452458758,-222.46335313469172,514.026
390,530.9886783247348,152.67675000522286,507.5293
391,101.39553245727438,-72.30950482096523,507.8113
392,154.86657488299534,-326.58205703739077,508.9429
393,206.2192006795667,9.228400547988713,509.099
394,204.3252404422965,-41.63805222976953,508.6496
395,351.26887194323353,107.77668340597302,507.597
396,294.34906173311174,-103.2696194415912,504.0645
397,183.55552180099767,-636.3874683231115,508.7552
398,377.68585247942246,209.16532946936786,510.6957
399,403.7998979007825,-99.44940654281527,496.8904
400,403.87219515640754,-99.7777651604265,496.7238
401,160.41865881648846,-307.87562333326787,504.1023
402,111.80651085113641,-636.0993622690439,511.0555
403,406.68880146637093,250.60523234121501,508.059
404,90.0451102447696,-81.39290718454868,506.188
405,43.25394572701771,-398.6895206775516,506.88
406,32.55183768039569,-135.21247482392937,504.312
407,367.5053888660623,168.05545313935727,508.8585
408,451.11664939066395,133.3562979158014,502.3162
409,129.20346745604184,-302.00041699409485,509.0378
410,354.4528769372264,-20.316425046883523,501.1668
411,153.4039018752519,-116.210818589665,504.325
412,287.946286805789,-191.43952382076532,501.1775
413,-29.171982997329906,-380.2820901321247,506.1521
414,501.5047228920739,45.05362679436803,503.4715
415,46.720883480855264,-106.78482465818524,508.0331
416,109.15654493379407,-521.8650334989652,507.1238
417,8.700129276025109,-128.57024588156492,508.0153
418,94.59383922396228,-78.33916091360152,508.0107
419,172.58428530406673,-21.77074349205941,514.3604
420,167.4649934885092,-496.3324544429779,502.9563
421,25.042672357987612,-118.71148129552603,507.8422
422,149.3151989413891,-197.29093444626778,506.7621
423,254.75715451233555,-43.56116848625243,513.9319
424,148.9985831960803,-439.8125180089846,502.7224
425,172.17405388935003,-495.9141391282901,502.789
426,366.7791621584911,167.29710373934358,512.8435
427,154.64426268497482,-474.644106390886,506.5745
428,155.66019583737943,-281.59681512322277,507.8903
429,455.30531325167976,113.68280193395913,504.0337
430,28.702740574255586,-236.52573072817177,494.4041
431,489.13627650530543,266.60518153198063,506.4073
432,97.13533821736928,-401.56980286259204,517.827
433,232.98059784749057,-384.24919153004885,503.4679
434,98.52256187098101,-401.7758470615372,508.2553
435,-14.723605988547206,-416.654395416379,506.9515
436,288.3123835833976,-94.006637272425,507.1726
437,437.78502771502826,265.96714504249394,514.0173
438,419.7495182689745,149.00920774042606,502.6319
439,256.3812395526329,-47.808147514238954,507.1809
440,300.0045918010874,-63.03028819244355,497.9171
441,79.42624540743418,-524.5090264650062,507.9015
442,137.41216828709003,-309.3580740960315,507.9938
443,92.96657817333471,-519.3405750803649,507.6954
444,-29.43084655981511,-324.41842615418136,513.6913
445,398.0611104896525,160.23756023589522,508.452
446,68.82116710441187,-227.96994829177856,507.4875
447,75.33989318565,-90.93031843192875,508.2115
448,415.26867034391034,68.5225392067805,500.8082
449,235.08489359903615,-317.9517740011215,501.9865
450,439.72554817283526,-59.56045050639659,496.6545
451,349.5444591535488,103.47188301570714,505.7994
452,418.17814878281206,257.83623842149973,514.1388
453,481.04425192950293,-6.876739042811096,500.0077
454,46.33081039425451,-107.3291238239035,507.2183
455,95.37047533504665,-442.9926929101348,502.969
456,185.3009612179594,-432.19866779632866,507.7939
457,96.16380953718908,-606.9615101059899,510.2623
458,223.99182478920557,-235.36830273550004,500.8489
459,36.66878154443111,-224.24391749501228,503.237
460,166.05188537191134,-482.875422029756,503.8425
461,122.62734047311824,-267.01671395264566,504.1992
462,50.97556233021896,-236.7847037119791,511.1894
463,-14.289294103509746,-319.9925344893709,501.5124
464,162.07256365660578,-129.76192191056907,505.4053
465,161.9159324739594,-182.484885183163,503.673
466,223.72572797350585,7.609291221015155,492.5841
467,190.39820009213872,-225.90917271655053,503.1567
468,401.277660159627,158.8928799899295,508.4955
469,-39.356784255825914,-262.10990422964096,504.8951
470,172.95180714444723,-155.14549976494163,507.1287
471,40.12888117949478,-317.0300792539492,506.0832
472,253.46032452548388,-40.9555377708748,504.4309
473,233.58390586834867,-390.09437523782253,502.1412
474,159.87611520849168,-448.862784284167,507.6653
475,152.53669265087228,-398.0003345226869,504.3394
476,69.62721915368456,-430.80761926434934,506.7477
477,439.2055318353232,266.14272183179855,513.9568
478,-32.028596103191376,-325.53493441361934,511.2634
479,464.8520685180556,223.96837646886706,512.2948
480,135.89687011227943,-262.84078848175704,502.8952
481,153.1745931188343,-349.73517585825175,502.5848
482,173.86044113594107,-655.3063955325633,509.0687
483,-21.988116304855794,-404.07057676278055,505.6738
484,530.8474380809348,207.70800875965506,505.8959
485,36.66878154443111,-224.24391749501228,503.237
486,221.28223392600194,-361.5887774284929,505.4979
487,-33.096640899661,-305.7683682786301,503.6199
488,171.82472372730263,-141.51455848664045,507.6522
489,197.11592569423374,-87.97987224906683,504.6454
490,332.640385209932,76.54358523990959,505.6955
491,-52.264789248700254,-227.2629709476605,506.3191
492,126.82386296393815,-441.92900224309415,502.7025
493,330.90597051545046,76.81234337761998,512.1813
494,394.36629978741985,-105.9057175675407,499.2923
495,498.7104039991973,10.593318272382021,500.6262
496,93.28521908342373,-90.24469051510096,507.6992
497,366.7791621584911,167.29710373934358,512.8435
498,144.00053855404258,-173.8927420070395,504.3858
499,151.31501886539627,-453.66284687723964,503.0298
500,108.81189409585204,-119.09821724984795,506.9867
501,139.7636470401194,-506.0295416051522,505.1951
502,124.05675764777698,-399.25027669314295,513.6119
503,46.286521492758766,-107.59476850368083,506.8895
504,139.59356291615404,-94.83181482274085,506.2294
505,159.7460839386331,-469.5421495717019,507.7031
506,-5.897844946710393,-442.8397998875007,505.6621
507,193.7548287017271,-81.42003874573857,502.609
508,418.9010915340623,60.68051700480282,500.2459
509,128.83982599235605,-79.18668864388019,505.3083
510,448.12053623597603,75.8303809799254,503.9825
511,155.66019583737943,-281.59681512322277,507.8903
512,60.96509013755713,-110.55422147642821,508.6968
513,-26.806597316404805,-240.69031431525946,513.8038
514,465.6263393672416,-26.37443584483117,495.5416
515,482.3590956524713,-6.565504441969097,495.8879
516,211.53728679008782,-553.4948751619086,505.5356
517,131.3689188293647,-511.6212008818984,505.2059
518,152.81010613543913,-497.5751689421013,513.2009
519,193.0006831960054,-110.79873912036419,503.2793
520,459.0763172748266,223.7913541458547,506.7625
521,30.047596389777027,-506.23525222111493,504.9997
522,158.52385606674943,-254.3272601198405,506.8606
523,47.649718131287955,-539.5082213142887,509.1446
524,415.95979619806167,65.41330666746944,503.6855
525,221.19427986710798,-370.4366689370945,503.182
526,-48.21184154145885,-240.97775320056826,506.3279
527,155.89579763798974,-256.77165819052607,507.7958
528,233.09831173159182,-399.0093172872439,502.2331
529,518.0759542776505,211.79887011181563,505.9173
530,71.71948195446748,-91.54889580979943,508.9944
531,497.37839060730767,8.777171535417438,500.2455
532,-4.558832812006585,-144.9044470200315,508.0185
533,395.9776894386159,87.29413313791156,505.1542
534,193.02260730939452,-91.75371686462313,503.0678
535,112.80731312476564,-62.509784740395844,510.5104
536,263.93164728744887,32.14567492995411,505.4302
537,280.63353342330083,42.040911451913416,504.7136
538,-28.18521584442351,-172.3225584467873,510.994
539,144.98258171638008,-175.31548109278083,504.2768
540,-25.15905116207432,-306.9995185052976,510.5267
541,117.12052454787772,-645.1039274279028,511.9571
542,70.03941225132439,-567.8799404324964,504.818
543,136.33382422407158,-665.553452802822,509.6378
544,252.3490280935075,-7.686460497789085,508.172
545,144.49930578283966,-174.42569928988814,505.2967
546,179.24574440473225,-222.7649137750268,504.2202
547,162.6346524854889,-67.93832106050104,508.6515
548,234.80285653681494,-356.1325535727665,501.7717
549,40.62737475440372,-231.13010810688138,506.0029
550,489.8215969908051,79.15088387951255,505.7183
551,113.7375227616867,-62.423497477546334,510.3824
552,378.04023908101954,210.06156057771295,510.6705
553,236.8915012931684,-247.22979914583266,500.493
554,104.01480968284886,-443.8431117096916,507.981
555,101.41050903080031,-72.29916369356215,505.9455
556,79.90057682199404,-585.9627929888666,510.2827
557,200.2262006662786,-52.47844562865794,504.1183
558,423.0806001351448,151.79853247385472,500.1845
559,130.53118155768607,-511.8750588996336,505.2503
560,164.88991908147,-213.6889614732936,503.5334
561,179.52138635632582,-142.45760265924037,503.2099
562,144.11015801143367,-101.66674457397312,506.1447
563,482.51533407263923,108.88785430695862,508.7568
564,77.25002903002314,-274.8046954199672,508.9016
565,229.10356298682746,-469.53848013840616,503.6567
566,448.2734738801373,-48.84993278235197,495.0737
567,204.18255183903966,-41.1601364351809,508.6393
568,390.5147109370446,78.4083241596818,501.836
569,-26.318731183419004,-309.49050725251436,508.1059
570,60.80024009186309,-532.0980802085251,509.1458
571,461.34518814703915,114.07999021280557,514.1351
572,358.63366236002184,132.73694217484444,502.92
573,-47.84279180993326,-211.61717760004103,507.735
574,92.01254023448564,-445.119184688665,506.5041
575,170.02415664831642,-662.4874750906602,507.4916
576,248.90373415406793,-91.68066179659218,503.3345
577,107.64052428898867,-114.43403485789895,505.9201
578,197.35075081605464,7.878271748311818,511.2085
579,212.14907457714435,-552.1411881260574,506.2317
580,51.1549440829549,-366.2034780792892,503.3584
581,453.5614252079977,207.60893408115953,507.9136
582,403.3787692709593,-93.28197993617505,500.0445
583,64.14027349487878,-559.5667853262275,504.7243
584,-15.362061705091037,-419.03997137304395,506.0939
585,498.670662104385,10.31366303190589,500.3404
586,257.49750161671545,-68.5098629835993,505.6576
587,254.18654395930935,-19.421083497814834,511.8776
588,159.7460839386331,-469.5421495717019,507.7031
589,167.07329595694318,-15.116060717962682,506.6577
590,395.7819783567684,27.199946981854737,502.1029
591,195.24347738269717,7.0347470343112946,510.8618
592,328.430754456087,72.28737703245133,505.797
593,-43.58976760588121,-201.4601882211864,510.0932
594,330.90597051545046,76.81234337761998,512.1813
595,460.505590425455,-26.853018809109926,499.9633
596,286.24241642677225,-73.95074193924665,503.6008
597,402.43905097967945,-93.98117363452911,500.0329
598,364.4852281293133,-133.00403238646686,495.6539
599,434.3757329697255,265.08492449391633,513.9861
600,316.5017707416555,-136.16030037868768,501.984
601,8.964393498608842,-129.63738359231502,512.1967
602,228.48201422486454,-476.4008750366047,503.8205
603,148.8014782514656,-198.07585943304002,505.954
604,298.3723305274034,-109.76851812377572,506.3837
605,441.2523786565289,166.18048428557813,508.3857
606,221.919426472974,-327.27824847307056,504.0798
607,3.691817230777815,-132.78809183835983,507.2456
608,104.35413188289385,-624.0319328540936,509.7211
609,32.282222357578576,-135.48545836936682,509.1911
610,90.0544971828349,-85.1927714124322,508.0296
611,165.4308171706507,-223.50780708063394,505.7217
612,-40.914271440007724,-201.62286639865488,514.632
613,233.09831173159182,-399.0093172872439,502.2331
614,498.51125457847957,9.716768665239215,499.4455
615,155.36135248141363,-266.5699327373877,506.9394
616,359.2360078787897,137.14570982102305,504.7678
617,68.71453349408694,-121.92445870116353,503.8736
618,168.55401313945185,-180.1088719908148,503.8719
619,147.30767495685723,-34.62899122387171,509.3955
620,162.80271038832143,-437.1795333418995,507.7617
621,124.36643982864916,-227.19391889870167,509.635
622,70.05867772072088,-432.2412554528564,506.1357
623,243.13813736778684,25.327646808698773,505.141
624,479.57553345232736,93.90767379011959,512.7168
625,102.20128649100661,-619.9825472114608,506.015
626,211.04249698412605,-554.8765833219513,506.4119
627,180.9819455272518,-130.74666418135166,507.5745
628,252.03185488237068,-90.97446281835437,503.6681
629,107.50082113069948,-116.0029952712357,507.1073
630,108.04715266975109,-113.09591510891914,507.5078
631,365.0908993278863,-132.48541924823076,495.6204
632,-29.1433898457326,-337.97208695858717,508.1819
633,253.2833361274097,-221.35940990317613,500.9025
634,113.7375227616867,-62.423497477546334,510.3824
635,352.2433885859791,53.96890242770314,503.475
636,186.98927398014348,-626.8558392114937,508.78
637,104.24415146233514,-522.1750449547544,520.3638
638,-5.415002642897889,-443.6204994674772,505.6689
639,586.6646177271614,219.5421512182802,508.0705
640,-48.074135323404334,-236.83018243592232,506.3953
641,122.03454785665963,-216.83433236274868,505.5451
642,-11.832256675465032,-426.635252032429,506.0262
643,149.1681977174012,-264.19269640091807,503.2187
644,449.31707072700374,192.38790535274893,510.6269
645,203.75784393807407,-577.4130150778219,507.1917
646,-2.758232103427872,-323.9732016688213,512.7506
647,139.0541771905264,-506.8009008122608,504.785
648,314.28740449855104,-172.96437556482852,495.0627
649,465.7641454297118,-26.186071639880538,497.1934
650,168.33169140084647,-13.948402792215347,506.9458
651,151.14567951159552,-300.6837578676641,506.0351
652,286.19712339923717,-193.57491119205952,498.7835
653,84.17358195909765,-522.378086890094,507.4267
654,327.928118844633,75.23337541986257,504.3889
655,159.90566793596372,-498.6969033628702,503.2523
656,137.75230379146524,-508.9468517014757,507.9027
657,294.3084541199496,-69.61380621511489,503.3602
658,560.1141702424502,238.37012097798288,510.481
659,150.40187609451823,-51.30033538211137,506.6626
660,158.77126006619073,-243.05732071772218,506.7704
661,119.20375016273465,-644.2967634554952,508.9217
662,60.113114764681086,-536.2199649447575,510.1106
663,199.84063100884669,-589.2062378041446,507.472
664,49.04736732551828,-540.1457018284127,507.676
665,441.4319335625041,173.357449632138,504.4299
666,-42.76823261019308,-234.96055093966424,513.9784
667,394.32574342703447,-106.7971672937274,497.0813
668,-26.64503337990027,-313.7663969611749,507.0139
669,118.15731154603418,-440.8717608815059,506.7656
670,197.18293576478027,-278.67906024865806,505.5547
671,-30.97323375218548,-339.6523534953594,506.0097
672,283.72298640722875,-10.381714325398207,506.4703
673,194.60066488117445,-88.01778971869498,503.0934
674,180.5047054811148,-435.4991556107998,511.205
675,118.3640982756624,-517.6619764659554,505.8559
676,256.3812395526329,-47.808147514238954,507.1809
677,52.53883966093417,-173.04310157243162,505.453
678,135.50728723895736,-216.72491655498743,505.6351
679,69.63288619869854,-205.87673951219767,507.4662
680,393.9875052712159,-106.23652247525752,499.2573
681,109.29990585462656,-522.1543626971543,506.367
682,200.91437334404327,-496.6347934482619,504.1941
683,208.99780737876426,-561.3381205080077,506.5363
684,476.5536651259754,-13.843323586508632,495.936
685,394.36629978741985,-105.9057175675407,499.2923
686,151.42679296527058,-224.60485622659326,506.9355
687,131.73166499705985,-82.91127390787005,506.7001
688,136.1742740725167,-44.195535542443395,505.9229
689,155.38555796071887,-56.919126220047474,508.9935
690,176.83254440501332,-28.996189824305475,510.9372
691,-46.23130642354954,-239.92284693196416,506.6902
692,-38.0011019713711,-237.89743134379387,508.5043
693,176.33953272155486,-496.18923537805676,502.682
694,453.14207813015673,80.2225805837661,502.5606
695,116.90363650140353,-60.51761643588543,506.1863
696,162.33547868893947,-252.89340153895319,504.0766
697,232.93095474108122,-414.7643040539697,504.0679
698,-15.737151867360808,-153.32746271416545,507.2205
699,68.64122333191335,-430.8652182361111,504.86
700,164.3382960264571,-201.77075565047562,507.3997
701,97.97449500020593,-610.1525821099058,510.1101
702,271.6552917297231,35.92696960456669,505.5001
703,-1.6813583039911464,-446.3562282472849,507.9092
704,191.06470946094487,-229.9188617710024,499.7212
705,438.0340672665043,73.47938664723188,502.2612
706,442.79238502366934,-54.34607561677694,499.0809
707,223.22742542775813,-298.60241123102605,503.2589
708,46.33081039425451,-107.3291238239035,507.2183
709,26.76822090195492,-205.1212811805308,507.5367
710,513.1305338926613,149.13330127764493,504.8764
711,464.96545681660064,117.63667113520205,491.6221
712,302.5980954912957,-116.32123515196145,503.8779
713,155.35302781953942,-312.6280944971368,502.4012
714,221.19768588826992,-359.9636635752395,504.8378
715,91.12401123100426,-273.5121655939147,508.5772
716,60.67475977051072,-343.6676022959873,510.0391
717,31.38241495017428,-114.46895006299019,508.6757
718,209.97426717972849,-561.1552048539743,507.0967
719,108.80478153144941,-119.07709021307528,506.9904
720,228.85068056627642,17.831885606981814,506.751
721,459.87207247607876,122.39714833535254,500.1754
722,248.06337688164786,25.469309143722057,506.4974
723,155.0804605933372,-318.31582619063556,505.7815
724,159.87611520849168,-448.862784284167,507.6653
725,433.1302200113423,-67.31040330976248,496.6896
726,152.29087268281728,-114.30360320862383,505.859
727,51.88617913261987,-534.3408818785101,508.9525
728,398.3749401869718,26.618619904853404,509.1977
729,104.06304129981436,-69.49571720324457,506.4853
730,84.0581816820195,-592.3179166316986,510.2789
731,164.89219215500634,-213.7028608387336,503.5143
732,295.04605697770603,-65.68517826125026,498.0766
733,155.14105995825958,-318.7244675466791,508.2654
734,398.3900038602296,28.91635187063366,502.3876
735,509.3239672657801,125.20493142865598,500.9533
736,205.01539982366376,-575.2643955117092,507.1394
737,455.2622014640365,265.773221090436,510.9858
738,465.6263393672416,-26.37443584483117,495.5416
739,235.09838596486952,-318.51419794000685,502.0122
740,137.03306719253305,-262.7467175750062,502.8657
741,466.3343651985051,-25.513119942508638,495.5789
742,157.02222065639216,-491.79792533349246,511.7579
743,307.0719269813271,-123.66421452257782,502.942
744,101.82693005690817,-619.3273867024109,506.0037
745,409.75534198072273,74.80193910375237,501.0124
746,95.52450637763832,-528.0023262798786,507.0196
747,154.57978913909756,-344.9076481182128,509.6725
748,71.87293579278048,-222.20015474315733,512.7634
749,108.80955935048405,-119.10955913271755,507.0123
750,189.62882026808802,-225.30549545958638,502.5322
751,20.42794413457159,-483.4374011904001,507.8729
752,271.24215686530806,-77.15849318169057,500.1775
753,-2.758232103427872,-323.9732016688213,512.7506
754,94.14274676551577,-90.66934393905103,507.9809
755,372.0514776461059,33.76044765394181,502.1128
756,-20.622229080065154,-156.38510080706328,502.9084
757,45.563768408843316,-106.423663537018,507.313
758,477.21549623133615,99.65322684496641,511.5957
759,450.9844160840148,239.1186852240935,508.9989
760,193.02260730939452,-91.75371686462313,503.0678
761,510.82121373992413,32.92948796786368,501.594
762,179.24574440473225,-222.7649137750268,504.2202
763,47.649718131287955,-539.5082213142887,509.1446
764,231.68993106274866,-237.4589897468686,501.6056
765,268.6474132948788,-81.47808249853551,503.5327
766,423.2268082735827,147.78317247889936,502.1733
767,144.3719219660852,-671.482255095616,512.7381
768,404.1067302050069,-96.1522545767948,499.2
769,202.11667747085448,-583.350824162364,507.9068
770,545.9103491976857,201.9081925805658,509.2582
771,402.43905097967945,-93.98117363452911,500.0329
772,416.75448658538517,257.707808281295,507.953
773,197.41332864831202,-227.651041242294,502.2387
774,213.84741328959353,-490.51929487288,503.4553
775,498.670662104385,10.31366303190589,500.3404
776,373.00668948108796,30.329639387317002,502.4348
777,380.1612176838098,167.5798724386841,508.5676
778,124.23098794615362,-513.7628151690587,505.7307
779,372.0519961877726,187.88106378074735,512.9187
780,233.69356671511196,-354.61552118882537,502.8561
781,106.78184381255414,-522.5216395398602,507.6006
782,400.09857322776224,246.3956148084253,508.0692
783,123.10428218403831,-399.31043314840645,513.588
784,162.6346524854889,-67.93832106050104,508.6515
785,98.32486982375849,-610.9035926451907,509.7398
786,193.84225701214746,-81.92742119543254,508.1598
787,-27.77229383366648,-169.9640028597787,511.2313
788,-42.76823261019308,-234.96055093966424,513.9784
789,403.8064970418345,-99.39847926609218,496.9674
790,164.02287668932695,-466.69500347506255,504.2644
791,100.887868506019,-72.00683223083615,506.944
792,266.65435715275817,-35.45594789367169,506.2705
793,403.8117030306021,-99.49521885160357,496.866
794,196.60308436327614,-105.34207048546523,510.738
795,61.51166309870314,-405.65577163826674,505.1823
796,172.58428530406673,-21.77074349205941,514.3604
797,64.47369560634252,-194.88534340355545,504.8339
798,107.64799291372765,-398.2595298970118,504.1387
799,-33.726576642366126,-185.334255178459,514.3745
800,456.3522715223953,126.91177355125546,505.7034
801,241.0435043205507,23.57766105234623,509.5857
802,114.20790393371135,-59.79640614055097,504.8199
803,193.1186071357224,-88.6639434369281,507.7297
804,172.56897391017992,-220.52733826637268,502.4291
805,212.14907457714435,-552.1411881260574,506.2317
806,264.06022291758563,-22.188836416229606,506.4997
807,212.28684322093613,10.953033859841526,506.5604
808,241.0435043205507,23.57766105234623,509.5857
809,115.1169243574841,-220.0339663773775,502.3537
810,197.05279030557722,-44.49598423484713,503.336
811,376.55744352785405,169.03574761282653,508.7772
812,235.08489359903615,-317.9517740011215,501.9865
813,164.43274541420396,-133.83688238728791,503.6122
814,274.12496215244755,-81.11491986736655,503.6994
815,414.23700942017604,154.54137772973627,496.3825
816,-10.747559076873586,-144.52749621961266,508.4753
817,490.4330179065,3.111011658795178,500.3474
818,277.24145413923543,-199.863985048607,501.2408
819,162.07256365660578,-129.76192191056907,505.4053
820,175.07813158875797,-164.09557940997183,503.8637
821,287.946286805789,-191.43952382076532,501.1775
822,337.5775440722937,-32.97985926736146,503.246
823,46.73678810684942,-402.4452405208722,506.2567
824,217.668080288684,-417.86931118462235,496.2157
825,271.061598317232,-203.45513639878482,501.1756
826,113.58123875607271,-641.3774518510327,503.818
827,187.19020605890546,-492.81624847184867,507.2667
828,327.928118844633,75.23337541986257,504.3889
829,197.89153900602832,-37.17946925573051,513.6604
830,154.93248473387212,-327.9395247017965,504.7309
831,110.45013816468418,-400.7345065744594,508.1579
832,395.082087717019,31.982329581864178,501.5562
833,91.48399326147046,-528.715085759759,507.5142
834,109.32634880265687,-120.07450870610774,511.1455
835,163.85079326026607,-434.7019991809502,508.0224
836,430.18662563804537,59.00091763865203,504.0787
837,160.4062253102893,-216.22175951302052,505.7679
838,480.63383262592833,-8.949857254512608,496.0033
839,193.05554716091137,-88.81450136844069,508.2814
840,231.8590081826551,19.913788218982518,506.7732
841,132.08636367996223,-398.523395457305,507.9653
842,101.39553245727438,-72.30950482096523,507.8113
843,159.85179865919054,-668.2934069903567,509.7922
844,65.44443491462152,-198.09053716249764,504.8878
845,228.59837437141687,-101.70899864658713,503.2441
846,-47.64822114317212,-234.8267834438011,514.0789
847,166.51765049621463,-191.6241073999554,503.7706
848,186.05434482579585,-630.6880611637607,512.119
849,230.1347311300924,16.93687764275819,504.2485
850,149.69119278911967,-28.59822318330407,509.2976
851,535.9563604489667,157.494714980945,507.7604
852,120.88875802862458,-135.31688685994595,505.6924
853,356.93365947087295,125.17735508549958,512.669
854,148.88205140200444,-212.6874287687242,504.8464
855,151.42679296527058,-224.60485622659326,506.9355
856,417.2240985390963,54.62094947695732,503.3053
857,0.7520425862167031,-234.68278601393104,507.7424
858,58.14799758431036,-309.2110744025558,503.6227
859,7.994685382931493,-469.8771798852831,504.7151
860,509.66437973838765,163.5954246316105,483.3587
861,234.52942848950624,-364.6176160359755,501.7267
862,574.3969088611193,230.25867346860468,507.9061
863,451.35497087193653,129.30513315368444,500.0298
864,223.14369660627563,-99.07356768939644,500.3496
865,458.9124858889263,120.37929400149733,510.4477
866,194.62863790628035,-97.37350845709443,507.491
867,205.01539982366376,-575.2643955117092,507.1394
868,255.80642055685166,-38.76666563935578,501.4729
869,173.13246879703365,-142.404229096137,507.6085
870,184.03061648376752,-638.795394458808,508.6248
871,191.06470946094487,-229.9188617710024,499.7212
872,130.44702681188937,-440.4253132501617,507.9032
873,54.76033050683327,-254.11765768192708,502.2646
874,145.19818168180063,-670.405777011998,508.1124
875,534.1976175102172,248.5178811782971,504.5255
876,332.42921522131655,-36.46115003153682,502.0219
877,202.10908910038415,-48.096364764496684,498.2055
878,8.296805365709588,-470.38700862415135,504.7212
879,128.59894033474848,-151.35219603776932,506.3355
880,403.54569630976766,31.268569347448647,506.6213
881,170.2406286621699,-18.84442660678178,514.6032
882,101.39553245727438,-72.30950482096523,507.8113
883,108.80932770657819,-119.11600843723863,506.9213
884,257.22737425006926,-67.53245957754552,502.2773
885,57.819196113036014,-253.79786107316613,520.9966
886,124.24796103721019,-143.53241281956434,505.379
887,-30.97323375218548,-339.6523534953594,506.0097
888,170.68856528983451,-19.529943330213428,514.331
889,-45.292217754758894,-205.66791543923318,506.5491
890,179.3337699198164,-139.6559352874756,507.1412
891,108.81541371508501,-119.09666052088141,506.9532
892,530.6371713770786,249.24476241413504,509.0016
893,358.63366236002184,132.73694217484444,502.92
894,534.1976175102172,248.5178811782971,504.5255
895,230.85913832276128,18.465585494413972,506.7849
896,198.83437293383759,-590.3865719493479,507.8438
897,58.6966725703096,-232.68650349602103,511.6852
898,85.8926448917482,-154.0792516125366,506.0686
899,101.37736022775061,-618.91930132173,508.7943
900,-47.61709439812694,-211.1719531128183,507.8357
901,182.1026410459308,-644.1976887769997,501.2826
902,423.0806001351448,151.79853247385472,500.1845
903,-19.84475267480593,-239.0127164563164,500.8969
904,75.16966625885107,-218.521604180336,504.1864
905,132.44662061193958,-43.39393131714314,506.6883
906,358.42190656473394,131.8013480613008,503.2388
907,166.20268075272907,-667.1099593862891,512.4124
908,451.4871706367703,81.53201203979552,507.3868
909,196.971327023115,-87.33016029186547,504.0902
910,480.5610175074544,111.46090490929782,499.8405
911,255.90576467267238,-39.371121261268854,506.6528
912,191.54669029137585,-280.2317862054333,502.7737
913,-11.427693355362862,-418.76465273462236,508.0389
914,190.84289568464737,-226.06384485960007,502.9037
915,214.30823072372004,-484.4071321450174,507.7823
916,216.5895365908509,-447.39223137963563,506.9553
917,33.54123254830483,-218.39428598899394,505.0446
918,78.9095172546804,-532.0770643670112,507.8363
919,448.2734738801373,-48.84993278235197,495.0737
920,499.9433083429467,50.802404501475394,501.5485
921,546.8286690387176,205.9455691734329,509.3197
922,544.1413486821111,198.23275547660887,505.5393
923,34.17208694037981,-319.6379338679835,508.8834
924,429.81683882453945,56.199472655542195,504.3298
925,407.98655953630805,250.56386782880872,514.1268
926,174.95279032934923,-357.68138770665973,506.0005
927,165.35697903297842,-434.6157119181007,508.6938
928,169.9774642098928,-489.68533292319626,510.5418
929,46.66552072833292,-106.70198443811387,507.9237
930,509.66437973838765,163.5954246316105,483.3587
931,384.2373617255362,-109.24512360617518,500.2461
932,20.42794413457159,-483.4374011904001,507.8729
933,453.0377205054974,83.26309465616941,507.3911
934,196.71741466142703,-100.23121807165444,508.2423
935,433.1302200113423,-67.31040330976248,496.6896
936,398.3749401869718,26.618619904853404,509.1977
937,417.7425995442318,-83.25141918752342,499.0468
938,301.2635328747565,54.282583315856755,504.7351
939,76.49136383761652,-229.23378982860595,504.2873
940,232.49853908619843,-400.24513770174235,503.8909
941,171.130728785065,-660.6668805563822,507.5308
942,156.9821298434399,-672.8076986223459,508.1024
943,117.23603379225824,-264.6760607464239,503.9733
944,50.97323711425997,-537.610902281478,507.2052
945,97.13533821736928,-401.56980286259204,517.827
946,331.5159120594617,-37.7718046316877,503.5999
947,437.68584559927694,265.9117699684575,514.0503
948,196.38051230018027,-281.0988842425868,506.6199
949,21.857575891539454,-488.2393540972844,506.1645
950,164.00489641947206,-497.62731936294585,507.4221
951,140.01787818490993,-309.2514381604269,507.791
952,437.78898720629513,265.98693773988634,514.0116
953,104.06304129981436,-69.49571720324457,506.4853
954,29.006288408767432,-231.62270163279027,507.1216
955,361.2541385371005,139.0663797883317,507.9672
956,510.82121373992413,32.92948796786368,501.594
957,118.83244538889267,-65.74833698011935,506.0051
958,-47.35260753519833,-210.67402223218232,508.3582
959,62.77951668121386,-348.9633718729019,507.3506
960,216.83051941380836,-463.5351772448048,505.9912
961,470.76367018267047,171.5971227483824,495.1328
962,74.4834413214121,-533.2808606429026,508.1444
963,17.52190797869116,-236.30778867192566,511.9247
964,191.73434182815254,-499.354176575318,502.3119
965,46.37942552939057,-107.94303101394325,506.7759
966,280.64177086460404,-85.29373640660197,510.8845
967,199.78750822262373,6.468653663061559,510.4355
968,252.03185488237068,-90.97446281835437,503.6681
969,187.19020605890546,-492.81624847184867,507.2667
970,489.13627650530543,266.60518153198063,506.4073
971,256.9857032846194,-50.11866689659655,514.9863
972,437.7852476867847,265.9653659230098,514.0036
973,498.500255899271,9.637375488877296,499.6207
974,261.90323787543457,-212.17793361563236,501.3943
975,203.39687555888668,-229.1906461957842,503.4947
976,209.56766240426805,-237.70395217090845,502.9772
977,184.19007221562788,-133.0985480742529,504.0
978,176.4039884095546,-651.7476019049063,511.8899
979,25.6970599766355,-203.36028712801635,504.0078
980,404.5459397882223,147.84255056921393,507.2911
981,529.3345550841186,153.19358402397484,503.6589
982,63.34913204971235,-554.6893310640007,510.7254
983,483.31339406745974,268.0388177204877,506.4798
984,468.51839587965515,112.29675717372447,491.0398
985,21.362634321441874,-317.41770476847887,505.4725
986,206.2192006795667,9.228400547988713,509.099
987,249.67706100747455,-31.645408952608705,505.2752
988,465.6263393672416,-26.37443584483117,495.5416
989,90.56909944850486,-165.5265469206497,507.241
990,155.85895203833934,-258.12312133051455,505.3444
991,451.3603234682232,78.31558759137988,503.108
992,101.41050903080031,-72.29916369356215,505.9455
993,37.20320780703332,-224.83347299601883,505.0383
994,482.50653433066327,267.65030264668167,510.0533
995,136.46918035286944,-42.068265401758254,503.4589
996,388.2351021349896,19.336019380018115,501.9649
997,254.18654395930935,-19.421083497814834,511.8776
998,300.20137099234853,-62.74707471486181,503.0749
999,-49.20115649490617,-208.79549514129758,504.8593
1000,-33.66890491126105,-295.70478263683617,504.6935
1001,432.4389634609688,148.7655796557665,505.2015
1002,218.88008052716032,-239.58670466858894,497.5364
1003,154.64426268497482,-474.644106390886,506.5745
1004,261.5749582955614,-212.4966182745993,501.396
1005,151.52824160817545,-111.98596735205501,508.7083
1006,307.0719269813271,-123.66421452257782,502.942
1007,360.067498262506,-2.696143385954201,500.6576
1008,576.1258509304607,226.2573240334168,508.1512
1009,292.68928281625267,-5.1589998146519065,506.4077
1010,61.11188984697219,-558.1464925296605,505.7999
1011,428.9557182767894,55.37551824841648,504.282
1012,256.8768280223012,-73.50118084996939,505.6816
1013,94.95525541401003,-444.3981967829168,507.9891
1014,-31.93279941205401,-177.9518016083166,508.0854
1015,349.13579604786355,4.097421852871776,504.1581
1016,163.96522457862739,-209.03667693771422,503.2048
1017,135.89687011227943,-262.84078848175704,502.8952
1018,286.2269644460175,-94.5035673994571,510.0822
1019,327.70173690945376,73.8924757996574,512.4168
1020,-4.813706873450428,-149.01120924577117,509.1432
1021,164.25940606975928,-133.20207055099308,505.2436
1022,407.98655953630805,250.56386782880872,514.1268
1023,-51.33536957541946,-223.33289746101946,505.6334
1024,361.61800735490397,0.14755566976964474,500.7092
1025,68.64122333191335,-430.8652182361111,504.86
1026,163.00365986546967,-188.75461112242192,502.9049
1027,444.2236994758714,72.1827426077798,504.9434
1028,61.11188984697219,-558.1464925296605,505.7999
1029,248.06337688164786,25.469309143722057,506.4974
1030,527.8865949120373,210.7844387954101,504.3939
1031,-53.41417777445167,-227.93981446698308,505.4361
1032,57.35422507592011,-308.2343381661922,503.6873
1033,203.39687555888668,-229.1906461957842,503.4947
1034,-32.360521302442066,-177.07425124756992,512.6028
1035,520.3967757526552,152.02014396246523,504.5681
1036,194.04946608911268,-93.87609442975372,503.7067
1037,391.04091960180085,93.85207632742822,501.3143
1038,332.9562053215923,79.54340197052807,507.2242
1039,99.92644671502057,-181.60855796653777,505.5498
1040,180.02519190427847,-644.2029149373993,508.3536
1041,5.16279586404562,-463.9748419849202,504.9225
1042,-28.89290217543021,-348.19534851331264,508.2773
1043,144.11015801143367,-101.66674457397312,506.1447
1044,203.23711152549367,-22.623830969445407,514.128
1045,158.7878533648327,-465.98257757909596,505.3224
1046,287.48739196395036,-190.83251071721315,500.8683
1047,141.5004264259478,-215.09857955761254,505.3772
1048,536.691135762725,159.1538544818759,504.7168
1049,-20.333590135211125,-406.18439231906086,510.7615
1050,347.84520358708687,102.58476989064366,507.1427
1051,193.1091481395997,-88.62780508585274,507.6592
1052,126.51380556216463,-398.9663960458711,513.9712
1053,130.34979927248787,-301.61890720017254,515.8169
1054,-26.595764284022152,-298.27338544279337,508.5961
1055,502.9198755840771,45.99100002553314,500.3698
1056,449.9308648185106,87.60503415297717,504.3276
1057,188.93473668419756,-107.53249934501946,508.0092
1058,46.870269744307734,-107.24394850991666,508.3951
1059,219.82790501404088,-401.06820254959166,508.6113
1060,574.6979604199296,231.7976112542674,510.1167
1061,55.37096946826205,-294.55502709560096,508.8702
1062,162.64590191212483,-192.59116967674345,502.748
1063,360.067498262506,-2.696143385954201,500.6576
1064,266.65435715275817,-35.45594789367169,506.2705
1065,-28.361637896858156,-365.24153076764196,512.4711
1066,263.942049336154,-212.90603799466044,502.1982
1067,55.48928131570574,-271.44327278714627,504.2574
1068,-18.129877748899162,-158.29209379851818,507.4882
1069,132.82380994630512,-218.91979321278632,504.4406
1070,109.42379709205125,-120.59545693732798,509.4975
1071,49.59340191993397,-167.2430630037561,505.6865
1072,175.97540935163852,-151.0186112569645,508.3501
1073,127.32932077220175,-226.06139857135713,507.7386
1074,247.2152921197703,-87.88524536602199,508.7248
1075,27.562875147210434,-118.90562763717026,506.9209
1076,254.18654395930935,-19.421083497814834,511.8776
1077,154.909826388699,-325.46221293043345,505.2281
1078,502.9198755840771,45.99100002553314,500.3698
1079,10.589960138429888,-127.65399968530983,507.8804
1080,460.51279724459164,-31.446147643961012,499.3171
1081,182.1026410459308,-644.1976887769997,501.2826
1082,159.79824424732942,-435.9566115383059,509.2241
1083,89.31579807889648,-520.4507452277467,506.1633
1084,2.9087634969037026,-317.9516628058627,499.6137
1085,217.20585609262343,-234.8081026962027,501.4651
1086,346.4648853421677,96.44002704881132,504.9421
1087,161.1714051933959,-21.30517033394426,504.9345
1088,454.5762692092685,131.67703213356435,499.7755
1089,159.68598524213303,-375.35615488141775,504.7741
1090,134.27064729679842,-217.06294913217425,505.6393
1091,-10.910006475867704,-145.0325435763225,507.0941
1092,93.95535516017117,-170.46704870648682,505.7607
1093,108.80514815857168,-119.09766127541661,506.9051
1094,179.52138635632582,-142.45760265924037,503.2099
1095,161.77010624913964,-67.7562949648127,504.223
1096,423.0280775396386,154.86673408560455,506.418
1097,441.2523786565289,166.18048428557813,508.3857
1098,179.24574440473225,-222.7649137750268,504.2202
1099,113.19986460497603,-640.9410117641091,503.8444
1100,403.87219515640754,-99.7777651604265,496.7238
1101,23.473081311094575,-236.1634576562792,502.261
1102,-11.562702784431167,-144.60310877021402,508.7585
1103,203.39687555888668,-229.1906461957842,503.4947
1104,239.57602900150232,-231.96262452285737,500.4573
1105,286.00267105095554,50.605700676329434,513.6306
1106,160.47907268663403,-188.88337484840304,504.0608
1107,510.8087123542791,126.8691858947277,507.2858
1108,167.4383855368942,-167.68806509952992,507.0139
1109,154.9809833620675,-324.52572925947607,508.2746
1110,113.1997680971399,-640.9410117641091,503.8444
1111,403.54569630976766,31.268569347448647,506.6213
1112,416.75448658538517,257.707808281295,507.953
1113,235.40024369908497,22.817310143262148,511.471
1114,202.11667747085448,-583.350824162364,507.9068
1115,11.643459058483131,-476.4600307382643,504.003
1116,196.38051230018027,-281.0988842425868,506.6199
1117,156.07237066503149,-244.81942672189325,507.7051
1118,163.96991968527436,-231.92804290074855,502.9692
1119,364.1518564092694,5.032904771156609,500.0669
1120,455.08390823891386,176.3044487722218,497.3115
1121,252.86244559497572,-29.659912342205644,507.8699
1122,372.0514776461059,33.76044765394181,502.1128
1123,175.90161370742135,-28.030906667001545,510.7963
1124,140.66976039647125,-35.89739175327122,507.2456
1125,171.78362675011158,-145.22802425641567,503.7294
1126,200.4878533181036,-586.6023862063885,507.4984
1127,46.498185892240144,-106.71655097231269,507.9475
1128,156.06392433145083,-402.16814276296645,505.1202
1129,128.47676003805827,-439.54053521808237,508.531
1130,-32.028156129759736,-325.5418284982443,511.2702
1131,144.98258171638008,-175.31548109278083,504.2768
1132,523.3498519363347,252.51311489287764,512.2309
1133,489.8215969908051,79.15088387951255,505.7183
1134,124.45397158293054,-654.3396668406203,507.8626
1135,571.2393781122519,229.4233771795407,508.2272
1136,126.98577063588891,-263.86311463825405,502.9567
1137,46.26547693205066,-107.53238814882934,506.9671
1138,150.19752852478996,-197.19919863156974,508.3365
1139,135.50728723895736,-216.72491655498743,505.6351
1140,490.2587373270653,115.2867887513712,499.3217
1141,163.1642769667087,-255.50236810464412,506.0533
1142,546.0300152772106,202.67299128696322,509.2597
1143,479.4843851638725,107.21703934017569,507.2608
1144,93.55084393534344,-93.39473159145564,507.9663
1145,149.87372170679737,-197.5470163617283,507.7444
1146,349.13579604786355,4.097421852871776,504.1581
1147,473.63334179483354,-15.602093742229044,499.7173
1148,116.85309077205602,-128.14803874399513,505.4235
1149,200.1331953695044,-229.50410469528288,501.475
1150,175.06207322923,-146.20798514503986,504.6552
1151,138.29913408553693,-163.68182308785617,508.2227
1152,107.50082113069948,-116.0029952712357,507.1073
1153,116.71435966901481,-128.0573036838323,505.8834
1154,108.81182077038102,-119.09176794439554,506.9644
1155,95.37047533504665,-442.9926929101348,502.969
1156,61.749976224731654,-225.54356379806995,504.0708
1157,50.056236519361846,-168.10215500742197,505.6328
1158,82.60719003959093,-85.30585665348917,508.5107
1159,-28.18521584442351,-172.3225584467873,510.994
1160,272.31165067339316,-79.08561245538294,503.5146
1161,51.88617913261987,-534.3408818785101,508.9525
1162,163.09614672418684,-245.21105525270104,502.3353
1163,482.51533407263923,108.88785430695862,508.7568
1164,229.94769330567215,-243.55514040589333,501.0722
1165,123.48500723903999,-440.1305354991928,509.1786
1166,393.5656697098166,159.8727296832949,500.2678
1167,217.41700268082786,-425.9521815991029,495.6236
1168,155.89579763798974,-256.77165819052607,507.7958
1169,511.5698838228127,152.68164258264005,505.0088
1170,120.310491696815,-442.6423176974058,503.0094
1171,60.44310431089252,-187.27860966604203,505.0205
1172,98.1569854010595,-401.1682779826224,507.0998
1173,161.6203018600354,-217.0015695327893,505.8468
1174,194.60066488117445,-88.01778971869498,503.0934
1175,510.8087123542791,126.8691858947277,507.2858
1176,476.6875310142059,268.39408550970256,510.2037
1177,42.72382564924192,-233.79711842350662,511.2894
1178,122.33060949645005,-307.24548168387264,506.0097
1179,-1.7430322208674625,-134.94026964437217,508.1506
1180,208.30373597622383,-43.66346781887114,500.7231
1181,12.759651235537603,-471.9601944461465,507.1018
1182,158.42142259166576,-24.213584835641086,506.0236
1183,72.88805094640702,-270.62632366176695,506.3065
1184,272.02467679244,37.38951647467911,506.3221
1185,439.2463063938776,160.25979922153056,508.7436
1186,144.9861013215268,-175.32281995844096,504.2886
1187,156.29294029355515,-239.3548632459715,507.5719
1188,144.9861013215268,-175.32281995844096,504.2886
1189,46.720883480855264,-106.78482465818524,508.0331
1190,358.29964408488013,-17.882479296065867,502.7669
1191,52.33395708887838,-172.93012752756476,508.1234
1192,229.86180768185295,19.22504684329033,506.9411
1193,60.78447685146239,-98.88297958578914,507.142
1194,197.64340787974652,-46.37273220717907,507.8797
1195,58.461377110215835,-105.25678397528827,507.0914
1196,71.87293579278048,-222.20015474315733,512.7634
1197,255.49413190502673,-17.484846238978207,508.4051
1198,361.314299388323,-0.27676417119801044,500.7522
1199,62.77951668121386,-348.9633718729019,507.3506
1200,448.7664336436428,265.1094985725358,511.1322
1201,210.73207604594063,-32.33370554819703,520.5766
1202,-37.63618269120343,-259.9206985132769,502.9085
1203,-47.61709439812694,-211.1719531128183,507.8357
1204,535.7931523092557,157.31357844546437,504.3601
1205,265.6892103742575,-207.72379843797535,501.2647
1206,556.9274535751902,235.81775263138115,508.6986
1207,-33.074437632923946,-310.2441864646971,504.5875
1208,502.912522397819,15.5190311325714,496.5388
1209,160.39639948075637,-216.23009913228452,505.7396
1210,301.829792642151,-180.55376289226115,500.8557
1211,62.883521179435775,-557.6683543454856,504.7095
1212,221.85643719846848,-326.72883434034884,503.9666
1213,230.37094668031204,-237.7607727777213,501.6083
1214,52.15481581387576,-230.27713182382286,505.5092
1215,297.7777359398315,-109.66688596084714,503.8771
1216,-7.970825146767311,-323.6932128435001,509.6129
1217,403.8117030306021,-99.49521885160357,496.866
1218,160.42371842823923,-308.52666962891817,504.1763
1219,518.0759542776505,211.79887011181563,505.9173
1220,130.44702681188937,-440.4253132501617,507.9032
1221,235.59178115869872,-271.7965390700847,500.543
1222,97.13533821736928,-401.56980286259204,517.827
1223,180.5047054811148,-435.4991556107998,511.205
1224,444.5731347256806,183.75206256937236,506.0828
1225,60.78447685146239,-98.88297958578914,507.142
1226,325.2254293493461,-41.02992717642337,502.0934
1227,183.14500172052067,-3.697898479178548,516.6125
1228,459.9110233458923,265.76488147024065,510.8703
1229,218.9231750126928,-395.42772870045155,499.8923
1230,170.02415664831642,-662.4874750906602,507.4916
1231,89.92030735942535,-83.91425214521587,508.1618
1232,153.4039018752519,-116.210818589665,504.325
1233,108.20713184145279,-441.84827472642064,504.5332
1234,210.55959508405067,-230.9279557308182,503.135
1235,414.7488727417076,67.22433843836188,503.7709
1236,183.08444524859078,-132.21788425464183,507.3051
1237,381.66674165416043,159.29029065649956,505.7043
1238,189.82682662515435,-279.18533074948937,502.6186
1239,140.01787818490993,-309.2514381604269,507.791
1240,486.5293678934686,111.74167210049927,500.3244
1241,504.7044378145365,43.22602697927505,498.5708
1242,-44.02639964048285,-208.35894385911524,514.2842
1243,494.25769167370163,115.77015309780836,501.5187
1244,109.39050775917713,-120.48948817234486,509.8546
1245,193.1102480229456,-88.74500453844666,508.0169
1246,23.473081311094575,-236.1634576562792,502.261
1247,197.2625694925664,-281.3087090700865,506.6986
1248,18.198852194589563,-124.2487662518397,507.1049
1249,403.8156625153497,-99.7119377637282,496.7849
1250,108.81043926195707,-119.09477020706981,507.0533
1251,378.53780772862956,-119.50530187599361,499.5377
1252,403.9014513483271,-99.79911458771676,496.7717
1253,65.68421818560455,-118.01506746932864,508.7629
1254,376.36823544919025,168.98315241280943,505.1579
1255,128.47676003805827,-439.54053521808237,508.531
1256,517.2890386299696,152.3465010728687,507.1923
1257,419.7495182689745,149.00920774042606,502.6319
1258,164.88991908147,-213.6889614732936,503.5334
1259,51.88617913261987,-534.3408818785101,508.9525
1260,329.98437743261456,73.63439237419516,505.2426
1261,166.63625634566415,-173.16997498366982,507.3255
1262,486.56231565901544,82.4696076605469,500.2651
1263,285.7421559719369,-192.22100176569074,500.9189
1264,-28.361637896858156,-365.24153076764196,512.4711
1265,104.59791155077983,-524.1590960305184,507.0926
1266,219.19764448865317,-398.4880354711786,503.7292
1267,232.93095474108122,-414.7643040539697,504.0679
1268,211.32565752905793,-494.9883301695809,508.2408
1269,194.6101158534875,-227.45155754406005,502.2952
1270,373.9042546035489,206.919636731036,508.4308
1271,-24.983909696922638,-394.73164846003056,506.6976
1272,130.46088101353962,-152.1535778734833,505.6781
1273,206.46868423745036,-570.329453472048,507.0234
1274,59.59468006156385,-318.4619363248348,503.6223
1275,247.14284851099364,-87.16303431708366,499.1254
1276,500.8726753988303,50.23975817300379,500.7717
1277,287.3913450532127,-72.92307842709124,503.5485
1278,161.93374646280427,-465.1361617986113,507.3065
1279,371.897766649141,33.7427676608786,500.3592
1280,162.11502199922688,-291.0159149700776,502.5665
1281,228.51448135415558,-486.37572712730616,503.6752
1282,127.81609668210149,-512.7668422106653,505.4458
1283,68.08203936368227,-567.059099484235,507.1764
1284,122.60379929246847,-513.809405842796,507.7942
1285,288.3123835833976,-94.006637272425,507.1726
1286,121.02283030224498,-515.9621396232396,505.8037
1287,136.43830516643357,-216.64808086119592,505.606
1288,372.0514776461059,33.76044765394181,502.1128
1289,-14.796359521802515,-238.43016623612493,501.2258
1290,321.52416308934335,-165.79808493237942,498.2715
1291,108.80338834889699,-119.0743103409186,506.985
1292,94.14274676551577,-90.66934393905103,507.9809
1293,413.51717563392594,251.50402093306184,511.2914
1294,193.1186071357224,-88.6639434369281,507.7297
1295,105.24944984109607,-624.3614034214988,506.2746
1296,108.27370196708944,-116.22227166593075,509.1428
1297,217.668080288684,-417.86931118462235,496.2157
1298,224.10737031477038,-274.24516254942864,499.2232
1299,372.0519961877726,187.88106378074735,512.9187
1300,204.3252404422965,-41.63805222976953,508.6496
1301,183.9608384796884,-223.75165755487978,503.165
1302,233.7110608414514,-418.00185553822666,502.5179
1303,229.10356298682746,-469.53848013840616,503.6567
1304,214.95920060237404,-108.61353642120957,503.5546
1305,261.38201489357743,-23.959726817905903,512.8027
1306,309.8893503753934,-54.82910637836903,503.6511
1307,154.0554287264822,-380.07148694060743,506.1298
1308,61.11188984697219,-558.1464925296605,505.7999
1309,109.3392690095352,-441.71573037374765,506.8969
1310,181.38612937147263,-642.0155995348468,511.374
1311,171.78362675011158,-145.22802425641567,503.7294
1312,547.8280516435625,201.5571501981467,507.8174
1313,53.8612194203306,-541.9966525770724,510.8166
1314,367.93965198204387,171.7105415724218,512.9385
1315,107.50082113069948,-116.0029952712357,507.1073
1316,94.14274676551577,-90.66934393905103,507.9809
1317,267.26898897613864,-82.24599466100335,503.5879
1318,-27.06517796195112,-301.0021089427173,504.5425
1319,144.11015801143367,-101.66674457397312,506.1447
1320,40.12888117949478,-317.0300792539492,506.0832
1321,266.98157353315037,-34.17876296676695,502.7678
1322,328.78395276446827,74.44366905093193,506.7648
1323,-41.54194829845801,-253.85957425832748,504.8069
1324,106.27021020499524,-271.5101009393111,508.0339
1325,97.97449500020593,-610.1525821099058,510.1101
1326,-30.294147676904686,-325.19845856539905,515.1455
1327,60.67475977051072,-343.6676022959873,510.0391
1328,221.13484315760434,-372.2170109068975,507.3054
1329,372.73913174832705,193.4833977697417,509.5815
1330,306.4663423881866,-121.87075155042112,503.0915
1331,303.84419766266365,-59.05695987865329,502.9159
1332,23.473081311094575,-236.1634576562792,502.261
1333,174.8799288511509,-149.79624542873353,503.4066
1334,108.17157107894309,-522.5021804291755,507.0957
1335,27.562875147210434,-118.90562763717026,506.9209
1336,451.0922029414214,269.0104389889166,507.246
1337,163.22975805366877,-259.1015254901722,506.0856
1338,449.6457843474345,239.62161987647414,509.1483
1339,17.07283380930312,-233.77287792786956,506.3224
1340,462.2426231316058,174.15582920517772,496.337
1341,531.3867496782914,206.67767657060176,509.4904
1342,156.15838402102236,-248.35553658381104,507.7891
1343,166.83855662611313,-215.00384148024023,503.4118
1344,176.8350271882955,-26.00727019738406,512.8127
1345,108.81233404809609,-119.08698656223714,506.9773
1346,195.58514185575768,-227.789145341143,502.2417
1347,196.7507040509954,-99.3710141191259,508.2967
1348,26.421005662414245,-499.7850569160655,509.3315
1349,210.55959508405067,-230.9279557308182,503.135
1350,84.0581816820195,-592.3179166316986,510.2789
1351,82.60719003959093,-85.30585665348917,508.5107
1352,267.89804004563484,-75.65613852906972,502.9733
1353,332.640385209932,76.54358523990959,505.6955
1354,67.29425098060165,-272.06340689305216,508.6255
1355,184.19007221562788,-133.0985480742529,504.0
1356,144.11015801143367,-101.66674457397312,506.1447
1357,219.6575623495737,-400.6722374148667,506.6396
1358,49.59340191993397,-167.2430630037561,505.6865
1359,7.945600320701487,-322.7655135700479,511.4199
1360,-41.12691769434605,-197.95032036025077,509.6308
1361,160.21021326235496,-334.7030673092231,504.9077
1362,172.56897391017992,-220.52733826637268,502.4291
1363,50.99794894002844,-537.8143889978528,507.2412
1364,200.2262006662786,-52.47844562865794,504.1183
1365,455.86313922761474,127.04576343856752,502.6568
1366,154.427530031302,-56.40607282798737,505.1501
1367,213.52078914898448,-233.14562734775245,501.6282
1368,93.28521908342373,-90.24469051510096,507.6992
1369,234.2059357201215,22.24232117831707,511.5827
1370,106.82865077222232,-630.7030724789947,503.4561
1371,70.9618367353687,-228.9778191074729,502.1778
1372,108.80668799194973,-119.07820216286927,506.9409
1373,373.16767496673856,161.83198429085314,509.2045
1374,222.37501711549703,-269.8546308707446,504.0454
1375,156.40077898476738,-426.62691241223365,505.2695
1376,52.15481581387576,-230.27713182382286,505.5092
1377,160.47907268663403,-188.88337484840304,504.0608
1378,230.85913832276128,18.465585494413972,506.7849
1379,310.83166845247615,-129.52874614857137,509.2046
1380,498.7828242823016,118.1070256754756,501.4474
1381,458.14736219507176,93.9460360398516,504.9614
1382,41.15958707570098,-228.45220068842173,502.6538
1383,279.33685594866984,-75.45431973598897,503.3846
1384,149.80041963851545,-31.515422083437443,509.4102
1385,2.9611172609729692,-132.14849862083793,508.1212
1386,99.63961027446203,-100.18118035513908,507.4048
1387,31.068825472379103,-133.08542707096785,507.5742
1388,-29.977293508243747,-314.4450195999816,512.588
1389,151.14567951159552,-300.6837578676641,506.0351
1390,199.3542364052264,-47.07848640624434,512.3641
1391,459.75508192298,269.0966150574386,510.5836
1392,54.76033050683327,-254.11765768192708,502.2646
1393,507.93184984859545,34.142402227036655,499.3869
1394,163.96522457862739,-209.03667693771422,503.2048
1395,180.38304299197625,-643.4485685555264,508.3095
1396,149.5561475835275,-197.4146943986416,507.2489
1397,261.90323787543457,-212.17793361563236,501.3943
1398,145.19818168180063,-670.405777011998,508.1124
1399,372.8908357244218,187.19899410009384,509.9519
1400,54.722829972044565,-174.9118435094133,503.2161
1401,173.3001815980533,-220.59260968863964,502.367
1402,89.89735576685052,-83.90969315264374,508.0662
1403,358.42190656473394,131.8013480613008,503.2388
1404,424.7531237802468,-77.09055308159441,496.7388
1405,111.80651085113641,-636.0993622690439,511.0555
1406,-38.29090777912643,-187.80200418643653,516.3825
1407,291.17958175437525,-191.02876976318657,496.1284
1408,113.73991532076616,-311.50180108565837,508.9852
1409,219.30103801295627,-399.3671425608918,504.0123
1410,354.0395839463454,115.55399015918374,512.4112
1411,233.0546801231103,-400.2849454851821,502.2676
1412,249.3266218403587,26.03217786271125,505.5328
1413,78.08234302490018,-225.7563908873126,502.0086
1414,102.23953391297255,-71.50467594247311,505.9618
1415,312.8793289504247,-174.22921785525978,495.2082
1416,160.42639025859535,-216.22798642888665,505.616
1417,77.59207317698747,-272.6664169812575,504.9304
1418,-1.7430322208674625,-134.94026964437217,508.1506
1419,93.0896967544686,-92.74112781323493,507.9738
1420,258.6359138203552,-214.94524175394326,501.4257
1421,509.98046214843635,154.567286147736,507.2855
1422,-34.88280034333002,-272.71745545137674,504.8825
1423,60.81286956265103,-107.94992510043085,507.0096
1424,236.8915012931684,-247.22979914583266,500.493
1425,93.30045136227272,-443.2746832445264,503.0978
1426,163.9873855363112,-254.18226193543524,503.9622
1427,235.61505846795626,-340.9148606918752,501.4045
1428,162.6187967795413,-270.36312527023256,506.1793
1429,360.067498262506,-2.696143385954201,500.6576
1430,152.72820913535543,-349.2819453375414,504.0745
1431,54.36315724870656,-174.2505672806874,503.2858
1432,129.33547033078503,-395.9654673645273,505.0221
1433,482.3590956524713,-6.565504441969097,495.8879
1434,113.1997680971399,-640.9410117641091,503.8444
1435,-47.20316915784497,-210.1614136211574,508.6342
1436,219.84320647467393,14.974954357370734,507.4324
1437,159.28662566980347,-327.4196884194389,505.9691
1438,167.15713480045088,-184.62438676692545,504.0802
1439,169.83059221960139,-664.9416583171114,509.3095
1440,535.5443744057557,157.1130939926952,507.6591
1441,101.18268300569616,-310.96283927746117,506.5223
1442,203.75784393807407,-577.4130150778219,507.1917
1443,193.05305409210268,-88.82573205605149,508.3209
1444,391.4208128427854,30.711927545256913,498.7693
1445,175.00779939093627,-151.95553970895708,503.1602
1446,138.32635697850492,-93.78335785958916,504.9261
1447,-40.914271440007724,-201.62286639865488,514.632
1448,132.82380994630512,-218.91979321278632,504.4406
1449,116.55277568346355,-264.69629822298884,504.4696
1450,542.2953545078635,192.30361959896982,502.3016
1451,207.05771301069763,-539.541023818776,504.5988
1452,115.32998164300807,-59.81853393279016,506.8316
1453,155.0804605933372,-318.31582619063556,505.7815
1454,145.0912369505968,-670.8861390948296,512.562
1455,84.09927900740877,-447.4062419394031,503.7853
1456,132.2903773873113,-663.4950123205781,508.0375
1457,496.9177350491518,157.52885182388127,504.2153
1458,54.119210115168244,-293.4523070072755,508.1234
1459,502.3145760828629,119.27268209122121,500.8928
1460,303.84419766266365,-59.05695987865329,502.9159
1461,51.03843645227607,-103.06257448904216,507.0255
1462,405.37515737314243,-91.68889022246003,500.0209
1463,23.473081311094575,-236.1634576562792,502.261
1464,160.96770143823233,-389.93358737416565,508.0945
1465,429.078301644302,-73.90559679828584,495.0177
1466,444.54096984374337,147.36341163143516,500.2098
1467,498.7015317310579,10.42830500099808,500.5072
1468,147.55004998203367,-107.31288936454803,506.0685
1469,162.3983709665481,-489.64708186872303,507.2627
1470,154.77094319846947,-343.18301480636,501.1903
1471,172.30398290336598,-224.9587896792218,500.9024
1472,27.689185175928287,-235.18850053939968,512.2115
1473,374.16902137058787,28.59811198990792,502.3169
1474,305.61642846406903,54.86246485821903,506.5463
1475,95.28748640976846,-77.39456001203507,506.0632
1476,192.6953917334322,-227.07783139497042,502.3203
1477,185.16571078449488,-131.35323250479996,510.0815
1478,206.7965791823808,-519.7165251271799,503.2517
1479,37.274083617841825,-233.4580850917846,511.0251
1480,36.66878154443111,-224.24391749501228,503.237
1481,426.52404342382215,64.04694340843707,500.2624
1482,361.7137206518091,-15.350682011805475,502.7821
1483,193.7548287017271,-81.42003874573857,502.609
1484,139.57701196242124,-502.1937614157796,506.9155
1485,104.59791155077983,-524.1590960305184,507.0926
1486,109.3392690095352,-441.71573037374765,506.8969
1487,314.28740449855104,-172.96437556482852,495.0627
1488,56.4576698676683,-408.4688920872286,504.7961
1489,354.4528769372264,-20.316425046883523,501.1668
1490,163.00365986546967,-188.75461112242192,502.9049
1491,95.14451416931115,-311.28986355569214,506.416
1492,97.19613764830865,-527.1327819544822,507.0327
1493,52.23654937825631,-406.2486629858613,504.9133
1494,-42.26218105829321,-196.91809785738587,508.2256
1495,423.2268082735827,147.78317247889936,502.1733
1496,287.4289656445617,-92.42277673818171,503.937
1497,395.082087717019,31.982329581864178,501.5562
1498,170.07955728645902,-80.9227750338614,503.9317
1499,162.3983709665481,-489.64708186872303,507.2627
1500,373.7899802385364,-125.07839159946889,495.4633
1501,253.46032452548388,-40.9555377708748,504.4309
1502,40.62737475440372,-231.13010810688138,506.0029
1503,376.55744352785405,169.03574761282653,508.7772
1504,162.11502199922688,-291.0159149700776,502.5665
1505,32.55183768039569,-135.21247482392937,504.312
1506,162.3983709665481,-489.64708186872303,507.2627
1507,129.44540093524847,-510.6664812415838,505.4979
1508,89.31579807889648,-520.4507452277467,506.1633
1509,327.0381937008351,-40.99367763008922,500.3669
1510,-12.456766638322733,-145.63477529864758,508.9217
1511,438.5892847084906,168.288072925061,504.2545
1512,430.7210787134245,59.56967968773097,504.0901
1513,256.34623982035555,-51.6954109556973,504.2668
1514,-28.3713173114229,-324.2750958940014,513.2213
1515,404.9506856824737,-92.05316480156034,500.015
1516,-35.59250921767671,-184.23854037187994,508.0537
1517,498.5721139375819,10.414739220403135,500.0908
1518,320.91117040847894,9.681519874371588,505.7304
1519,2.9087634969037026,-317.9516628058627,499.6137
1520,200.4878533181036,-586.6023862063885,507.4984
1521,161.16445232683327,-193.77895388193429,503.8792
1522,487.76460660947487,79.99040557537228,500.1168
1523,502.0157753233798,156.6210564430803,507.226
1524,558.6305330721661,235.10254686325788,508.579
1525,-33.074437632923946,-310.2441864646971,504.5875
1526,52.990460020373575,-266.04475909937173,509.4776
1527,189.62882026808802,-225.30549545958638,502.5322
1528,126.32828785595484,-219.2336964905262,505.6987
1529,144.49930578283966,-174.42569928988814,505.2967
1530,162.49964026617818,-273.06694110669196,506.1674
1531,-25.15905116207432,-306.9995185052976,510.5267
1532,156.77644273475744,-447.49330756720155,505.5353
1533,308.7335742029827,-173.7742082150653,500.5795
1534,257.7677352929022,-53.44584149122238,507.2765
1535,122.28070573380683,-654.7595388833433,505.1902
1536,552.4444227355998,225.95498502906412,508.6387
1537,149.97032501839567,-49.928745961748064,504.8008
1538,154.60356043931097,-347.98652444127947,508.6264
1539,151.35023478756193,-51.71520365215838,505.3604
1540,170.51022942969576,-174.84201309550554,503.6776
1541,150.74897669546772,-300.86489440407604,506.0972
1542,113.11394866055343,-205.98960236180574,505.4
1543,137.75230379146524,-508.9468517014757,507.9027
1544,82.60719003959093,-85.30585665348917,508.5107
1545,402.3379429617198,246.69139331392944,514.083
1546,426.98403138283174,141.64665806107223,502.8842
1547,165.33760048041586,-73.37931121140718,504.7161
1548,509.33265086775646,122.80412176717073,507.769
1549,-30.881878794985823,-324.99552782438695,513.6774
1550,55.728809280321,-180.03236988186836,505.657
1551,154.64194388850592,-294.9219703543931,504.9678
1552,376.54337614844553,161.63294537179172,509.1787
1553,149.41851502063219,-197.55346566811204,506.7482
1554,94.32625474256929,-606.8549853656441,507.7421
1555,15.45605054218322,-183.25935784727335,507.4229
1556,-26.656406521680765,-295.15525730885565,509.0921
1557,271.31275985518005,-206.79921262338758,498.5378
1558,187.52060194592923,-224.0209716670215,501.8567
1559,63.43837219499983,-354.80455256346613,504.2585
1560,154.6985843461007,-337.6965459305793,505.2622
1561,367.1644823306706,171.69519667234272,505.9564
1562,176.02238310407847,-652.9770842092112,508.3357
1563,164.25940606975928,-133.20207055099308,505.2436
1564,197.9271143161459,-48.71527572721243,505.1029
1565,200.64818867715076,-233.0212002247572,498.9125
1566,366.5993496446172,39.79399556852877,500.3654
1567,134.27854013838805,-216.6568652605638,509.1791
1568,141.5004264259478,-215.09857955761254,505.3772
1569,537.6023072102107,207.97687809355557,504.0311
1570,131.73166499705985,-82.91127390787005,506.7001
1571,193.124033226748,-88.47068665549159,508.1131
1572,108.80910773028154,-119.09766127541661,506.9959
1573,174.0981843858026,-279.34723056294024,502.7681
1574,314.1233521590475,-132.42248291987926,502.7234
1575,267.80883071606513,-34.756309415213764,506.2608
1576,394.65700198488776,88.52583933994174,505.2236
1577,190.84289568464737,-226.06384485960007,502.9037
1578,193.04432835138869,-88.79437508620322,508.2011
1579,168.7185132394079,-166.94050160888582,503.2561
1580,154.51622593367938,-362.20824436377734,508.5483
1581,-39.58555154222995,-190.63347179908305,516.5006
1582,231.30123212689068,19.72575759794563,506.9167
1583,193.0006831960054,-110.79873912036419,503.2793
1584,439.2463063938776,160.25979922153056,508.7436
1585,-33.074437632923946,-310.2441864646971,504.5875
1586,-48.074135323404334,-236.83018243592232,506.3953
1587,206.46868423745036,-570.329453472048,507.0234
1588,166.60845723561943,-215.34587707556784,503.4465
1589,379.0674322954146,164.00851378403604,506.6267
1590,278.2545143798925,-200.84983926825225,496.5098
1591,121.29769510950428,-139.2790956813842,506.702
1592,8.700129276025109,-128.57024588156492,508.0153
1593,562.186004237039,237.78212220501155,504.1866
1594,112.94727666361723,-310.0209070527926,504.7846
1595,91.86278450489044,-81.5747108887881,510.7569
1596,229.88532762101386,-100.94319918658584,500.1226
1597,0.43417339713778347,-237.45198446698487,501.9675
1598,108.80976765905507,-119.08031486719847,506.9835
1599,162.8631198410876,-198.41934056207538,502.9157
1600,155.338267273386,-501.07814271654934,503.5428
1601,543.2030715697911,185.64037481416017,507.7099
1602,275.99202610203065,39.27638318575919,506.2939
1603,109.26152992527932,-119.55667393375188,514.0254
1604,-30.140092218643986,-376.84683406632394,505.0643
1605,117.23603379225824,-264.6760607464239,503.9733
1606,109.42379709205125,-120.59545693732798,509.4975
1607,154.6184364242945,-232.55573826190084,503.2589
1608,203.97772302327212,-108.13895647507161,501.034
1609,109.75658805493731,-121.44209510926157,506.7985
1610,195.10906919033732,-88.91213051322848,506.4593
1611,144.00053855404258,-173.8927420070395,504.3858
1612,424.61903868138324,62.8596039833501,500.1097
1613,187.80928160774056,-228.9102125922218,499.9792
1614,342.1248390979599,92.04104455653578,507.3507
1615,-8.686490811523981,-238.98992149718106,513.3619
1616,195.1655779700959,-601.8304202165455,508.7454
1617,77.39333802415058,-544.0813350621611,507.3393
1618,198.48959919589106,-44.035081264562905,512.7118
1619,109.41859105101321,-120.56354399304837,509.5854
1620,162.3983709665481,-489.64708186872303,507.2627
1621,116.78768841677811,-441.05278622172773,508.4744
1622,170.2406286621699,-18.84442660678178,514.6032
1623,459.0763172748266,223.7913541458547,506.7625
1624,113.726963863126,-62.45040665194392,510.4307
1625,361.2873873588396,141.77809046488255,508.4851
1626,412.7286207466386,71.73751812055707,501.4212
1627,532.0710345805855,152.67419252265245,507.5625
1628,364.4852281293133,-133.00403238646686,495.6539
1629,167.01208975643385,-169.86815283168107,503.6364
1630,532.557751539629,148.31857605092227,506.8806
1631,424.61903868138324,62.8596039833501,500.1097
1632,257.74740236322396,-24.877863326109946,505.988
1633,-17.069558315328322,-153.0470291087404,509.2548
1634,116.85939673124813,-128.14926188904792,505.4763
1635,174.3389499640325,-432.07323991972953,507.9151
1636,76.74653421097901,-314.95629387162626,508.8283
1637,446.42779048345983,146.25335267744958,499.5605
1638,248.90373415406793,-91.68066179659218,503.3345
1639,-27.08916941890493,-169.7767506018281,508.8706
1640,-19.71774660993833,-324.28243475966156,510.8044
1641,159.68598524213303,-375.35615488141775,504.7741
1642,257.51307879562955,-65.63569651916623,507.8219
1643,394.3465939491289,25.15674020536244,502.3169
1644,379.0674322954146,164.00851378403604,506.6267
1645,130.94162902946118,-398.63258887548,507.9605
1646,75.26193002227228,-272.49106258060783,504.4014
1647,61.11188984697219,-558.1464925296605,505.7999
1648,508.72631443315186,153.83517875056714,507.6918
1649,259.19165240530856,-59.86334548704326,507.908
1650,-33.726576642366126,-185.334255178459,514.3745
1651,116.85565715096891,-128.11112202890217,505.5038
1652,192.97745544754434,-90.28794534131885,507.4796
1653,184.03061648376752,-638.795394458808,508.6248
1654,66.98692712036427,-120.5613200943917,508.7423
1655,248.840994192753,24.78501556441188,505.3673
1656,136.43830516643357,-216.64808086119592,505.606
1657,21.669341064523906,-194.64849820919335,507.7552
1658,-25.15905116207432,-306.9995185052976,510.5267
1659,256.9857032846194,-50.11866689659655,514.9863
1660,106.78184381255414,-522.5216395398602,507.6006
1661,9.779349695891142,-317.9868004033342,500.2977
1662,154.77227509615477,-340.61696948390454,509.2939
1663,169.9173703059787,-165.61894990503788,507.2589
1664,367.93965198204387,171.7105415724218,512.9385
1665,444.55672698118724,134.06327525991946,507.5889
1666,498.7828242823016,118.1070256754756,501.4474
1667,206.9791311438894,-46.97852216754109,508.7083
1668,140.32679654599633,-96.59269768279046,504.7535
1669,40.12888117949478,-317.0300792539492,506.0832
1670,372.2872177301906,189.0155856171623,512.9335
1671,154.86657488299534,-326.58205703739077,508.9429
1672,165.33760048041586,-73.37931121140718,504.7161
1673,106.78184381255414,-522.5216395398602,507.6006
1674,25.440295148990117,-500.51916582044214,505.9
1675,100.62939212680794,-525.7628604583442,507.0114
1676,455.08390823891386,176.3044487722218,497.3115
1677,255.90576467267238,-39.371121261268854,506.6528
1678,-29.543296164134517,-240.57800743822008,500.9966
1679,108.81255402439274,-119.09710530005395,506.9929
1680,224.67988379881717,-248.15638647042215,497.5595
1681,191.9026663908735,-226.78827980719507,502.3994
1682,112.80731312476564,-62.509784740395844,510.5104
1683,468.4655269793002,229.39680159185082,506.7071
1684,163.57750978146214,-199.89078302588314,502.8745
1685,546.8286690387176,205.9455691734329,509.3197
1686,-30.03095444967039,-173.46808858122677,512.0847
1687,266.287081314018,-28.97884341608733,505.9967
1688,12.759651235537603,-471.9601944461465,507.1018
1689,252.87007133325096,-31.9131663357839,508.3413
1690,259.3776020440273,-79.29221262969077,501.0859
1691,300.20137099234853,-62.74707471486181,503.0749
1692,161.88519882818218,-463.4355465900153,509.7804
1693,113.19986460497603,-640.9410117641091,503.8444
1694,114.75552117137704,-642.7879594955593,503.8427
1695,130.7888931707712,-511.7831006953493,505.2602
1696,467.64996166317724,104.52011758927256,503.3642
1697,75.40678204246797,-547.8045859867707,507.3117
1698,256.9109063062351,-216.83377638924867,499.1137
1699,221.28223392600194,-361.5887774284929,505.4979
1700,218.9231750126928,-395.42772870045155,499.8923
1701,-32.178040397469886,-325.7741147009656,511.0215
1702,129.09375429409556,-147.3153754202649,508.6238
1703,108.80478153144941,-119.07709021307528,506.9904
1704,248.90373415406793,-91.68066179659218,503.3345
1705,200.2402134203585,-587.5425393115729,507.4551
1706,195.46154678228777,-88.7579031502828,505.6401
1707,59.353340803529136,-312.22267779614776,502.574
1708,46.35018683830276,-161.2925776988268,508.4655
1709,101.50504681444727,-183.84579989034683,502.1665
1710,557.3908765676897,235.68954488169402,508.8905
1711,489.13627650530543,266.60518153198063,506.4073
1712,326.7071853900561,-40.184067368507385,508.4054
1713,134.16482014523353,-153.36582496389747,505.4554
1714,400.564347704174,37.96739650890231,501.0529
1715,254.18654395930935,-19.421083497814834,511.8776
1716,188.4211456263438,-356.4029796337709,504.7361
1717,182.1026410459308,-644.1976887769997,501.2826
1718,202.73888561222702,7.040417976677418,508.1704
1719,-15.362061705091037,-419.03997137304395,506.0939
1720,115.8277004515985,-441.38792773056775,505.2125
1721,176.8350271882955,-26.00727019738406,512.8127
1722,475.5595049819676,102.87209758069366,498.4573
1723,354.06444230279885,117.985934400931,507.1284
1724,164.89219215500634,-213.7028608387336,503.5143
1725,162.77491139923222,-471.3580739181489,507.2421
1726,209.56766240426805,-237.70395217090845,502.9772
1727,129.44816664385144,-268.8983545014635,507.4357
1728,309.9060595402261,-172.80948103126138,500.5575
1729,437.78260802594014,265.9653659230098,514.0125
1730,116.85697700292803,-128.14648201595992,505.4428
1731,466.3343651985051,-25.513119942508638,495.5789
1732,21.362634321441874,-317.41770476847887,505.4725
1733,46.2568977905903,-107.36515097972006,507.2621
1734,408.79089470324107,46.063721507787704,503.4537
1735,181.8895010841079,-35.10301519650966,503.3115
1736,108.58183621207718,-442.2146620089188,508.5243
1737,506.9117119356524,37.067495968192816,499.9221
1738,556.9274535751902,235.81775263138115,508.6986
1739,-15.57473321002908,-238.55203587654978,501.1826
1740,150.28761841706,-444.28722424805164,502.7474
1741,138.0765306422254,-397.2400948088616,515.4955
1742,301.2635328747565,54.282583315856755,504.7351
1743,104.27796746010426,-189.1961661754176,505.4712
1744,216.16305740585085,-462.21751736383885,506.678
1745,50.99794894002844,-537.8143889978528,507.2412
1746,191.78536378522404,-613.7457349700853,507.9504
1747,376.34442272153683,209.21625674609095,513.525
1748,109.15654493379407,-521.8650334989652,507.1238
1749,313.5523406378925,-46.996424549259245,502.4675
1750,25.440295148990117,-500.51916582044214,505.9
1751,367.4080698979087,172.13174795545638,505.8697
1752,108.80808117473498,-119.0809820368886,506.9792
1753,131.73166499705985,-82.91127390787005,506.7001
1754,509.3239672657801,125.20493142865598,500.9533
1755,156.10067514539696,-239.22098455484957,507.7147
1756,158.85653912322596,-439.2980190841481,507.2591
1757,269.0209702649154,36.30703386384994,504.593
1758,233.69356671511196,-354.61552118882537,502.8561
1759,362.72261685249396,149.35858219861984,507.6448
1760,438.8444137686165,159.72728671785444,502.1668
1761,264.06022291758563,-22.188836416229606,506.4997
1762,52.5815391036449,-317.18953277822584,508.5395
1763,464.689395738882,102.1032958580181,503.2511
1764,92.60299537959509,-89.08503862470388,507.7625
1765,339.5439136971254,-29.058236594311893,500.4105
1766,536.2859274721704,158.48624014202505,507.6903
1767,384.5852795353858,19.22949463967234,523.5825
1768,393.9875052712159,-106.23652247525752,499.2573
1769,575.3843539070804,231.6056888103485,510.1744
1770,301.829792642151,-180.55376289226115,500.8557
1771,223.72333238995634,-243.71715141274035,497.5432
1772,113.7375227616867,-62.423497477546334,510.3824
1773,190.39820009213872,-225.90917271655053,503.1567
1774,93.37415242800489,-402.26566071342677,508.2781
1775,46.35018683830276,-161.2925776988268,508.4655
1776,203.75784393807407,-577.4130150778219,507.1917
1777,23.473081311094575,-236.1634576562792,502.261
1778,82.67243276489899,-590.173300081864,510.2936
1779,134.5493216967443,-87.08530906308442,506.4369
1780,254.2298724706052,-29.441859091632068,507.9627
1781,280.64177086460404,-85.29373640660197,510.8845
1782,148.8014782514656,-198.07585943304002,505.954
1783,161.4606090862071,-443.23832250386477,507.7271
1784,151.31501886539627,-453.66284687723964,503.0298
1785,458.7832807864761,-34.67091171070933,497.0129
1786,400.564347704174,37.96739650890231,501.0529
1787,118.47809896990657,-133.78973573818803,505.7042
1788,209.56766240426805,-237.70395217090845,502.9772
1789,5.398992777685635,-322.8672569282353,511.1325
1790,102.3547043025028,-401.1119021549821,515.8098
1791,164.70589151070453,-218.35481179039925,503.4164
1792,459.9110233458923,265.76488147024065,510.8703
1793,50.15509904129431,-235.7970703728497,511.5781
1794,315.15721430582926,-49.97066644765437,499.1566
1795,273.34722271573264,38.89209351874888,505.6273
1796,100.84996075264644,-108.52480287011713,492.8796
1797,73.60396433935966,-575.450424624607,508.7429
1798,249.73882996174507,25.1154868863523,505.4421
1799,192.29424987675156,-280.3131808908656,502.7096
1800,269.66731169854756,-82.44992615655065,503.8826
1801,200.2262006662786,-52.47844562865794,504.1183
1802,261.9975245296955,-22.3852066565305,506.2535
1803,9.652420357102528,-237.05179392639548,503.3598
1804,476.42481446941383,106.28822811692953,500.1246
1805,229.90431874257047,-100.90050033573061,500.1053
1806,153.1745931188343,-349.73517585825175,502.5848
1807,283.72298640722875,-10.381714325398207,506.4703
1808,118.3640982756624,-517.6619764659554,505.8559
1809,342.1248390979599,92.04104455653578,507.3507
1810,-47.35260753519833,-210.67402223218232,508.3582
1811,273.6324988458073,37.9373738784343,506.2334
1812,129.6057934364071,-149.72519186977297,505.0687
1813,150.23535034398083,-397.7035552635789,508.8611
1814,309.8893503753934,-54.82910637836903,503.6511
1815,54.119210115168244,-293.4523070072755,508.1234
1816,531.7169498365838,249.56778367515653,504.5621
1817,235.50364216859452,-313.0029325950891,501.0319
1818,-4.558832812006585,-144.9044470200315,508.0185
1819,-30.513069380889647,-174.5718094240874,509.8503
1820,197.14586800173856,-106.76770063955337,511.1333
1821,84.0581816820195,-592.3179166316986,510.2789
1822,78.06762018997688,-89.07792214956135,508.1046
1823,351.42949263809714,110.59414045698941,506.7718
1824,156.15838402102236,-248.35553658381104,507.7891
1825,-35.433114119805396,-238.1617416832596,508.4479
1826,21.857575891539454,-488.2393540972844,506.1645
1827,161.08642172871623,-386.35233237221837,507.9477
1828,442.79238502366934,-54.34607561677694,499.0809
1829,499.4278819815954,117.86439834535122,502.0902
1830,444.55672698118724,134.06327525991946,507.5889
1831,46.35018683830276,-161.2925776988268,508.4655
1832,352.6706924943719,-21.847912771627307,502.642
1833,-44.02639964048285,-208.35894385911524,514.2842
1834,104.79503658006433,-628.1969612212852,503.0117
1835,265.0651688303333,31.587142813019454,505.1957
1836,165.9522822861327,-74.20359920151532,504.6611
1837,235.7734853333095,-323.7500334503129,501.3346
1838,135.47094261576422,-88.74344781041145,506.4156
1839,302.86045142717194,-116.73866090551019,503.7161
1840,68.71453349408694,-121.92445870116353,503.8736
1841,13.783335830201395,-318.74437143746763,504.5791
1842,127.81609668210149,-512.7668422106653,505.4458
1843,96.63793037214782,-175.77360419090837,505.714
1844,59.07134016416967,-313.6494198990986,503.6419
1845,170.44464399421122,-220.02907380089164,502.553
1846,152.52758659410756,-502.84236142318696,507.1441
1847,259.8501946586184,-23.180583966895938,512.7255
1848,195.46154678228777,-88.7579031502828,505.6401
1849,230.95816300343722,-459.02600057888776,503.1373
1850,231.30123212689068,19.72575759794563,506.9167
1851,154.39680941263214,-297.22036948706955,505.2712
1852,5.16279586404562,-463.9748419849202,504.9225
1853,96.63793037214782,-175.77360419090837,505.714
1854,435.90328226203565,152.01836484484375,505.4416
1855,265.7118415677687,-62.49577418062836,516.5779
1856,-12.456766638322733,-145.63477529864758,508.9217
1857,151.85043018742,-409.4813218936324,507.798
1858,65.90729102643672,-533.6899467771873,508.1424
1859,206.6812285752967,-520.5643864423037,503.329
1860,222.37501711549703,-269.8546308707446,504.0454
1861,352.2433885859791,53.96890242770314,503.475
1862,195.48536617856007,-58.490755312144756,508.2891
1863,427.8851375733502,68.14525482058525,503.3991
1864,144.27424355235416,-671.4407793879509,512.8602
1865,438.0340672665043,73.47938664723188,502.2612
1866,160.40644529135898,-216.26312402449548,505.8582
1867,200.42211839766242,-496.4911296032369,504.2347
1868,160.40512540389318,-216.2612337116152,505.78
1869,238.82997834368143,-286.5710089718923,500.308
1870,163.9602251345059,-670.6501834597439,507.719
1871,479.4843851638725,107.21703934017569,507.2608
1872,160.306200740044,-315.5382881173864,504.7932
1873,156.08057017240208,-405.20176275260746,505.1672
1874,200.8620310605038,-588.6434802804142,507.7467
1875,156.40077898476738,-426.62691241223365,505.2695
1876,361.2873873588396,141.77809046488255,508.4851
1877,259.25953249505255,-212.74146950338036,501.4224
1878,-38.0011019713711,-237.89743134379387,508.5043
1879,128.47676003805827,-439.54053521808237,508.531
1880,84.27667995169759,-153.46912505012006,507.6742
1881,48.17585610714741,-236.04581342451274,514.8582
1882,116.85939673124813,-128.14926188904792,505.4763
1883,165.51564602414146,-496.96637671999633,503.0019
1884,230.47949974564835,-237.51859022770077,500.6542
1885,304.32294296415057,-119.11723158229142,503.2246
1886,529.3345550841186,153.19358402397484,503.6589
1887,271.7379797685426,38.18822963349521,505.6716
1888,154.65625824092422,-345.38956693094224,501.4257
1889,230.47949974564835,-237.51859022770077,500.6542
1890,-10.910006475867704,-145.0325435763225,507.0941
1891,-32.01305037678685,-290.6474149841815,507.5697
1892,328.8194289027015,76.20421832520515,504.4646
1893,0.8640739363618195,-158.0374574167654,504.8581
1894,220.6614328083815,-382.08378152828664,505.8141
1895,108.80808117473498,-119.0809820368886,506.9792
1896,430.3371075685136,139.60400725807995,502.3411
1897,170.68856528983451,-19.529943330213428,514.331
1898,272.45282652555034,-77.40167648717761,503.1431
1899,174.95279032934923,-357.68138770665973,506.0005
1900,498.7024849499576,11.327871957793832,498.221
1901,145.15136930719018,-670.9063765713945,512.2778
1902,288.37976910348516,-98.25639617349952,510.1513
1903,130.04792987159453,-45.24354772735387,506.2421
1904,556.9274535751902,235.81775263138115,508.6986
1905,395.082087717019,31.982329581864178,501.5562
1906,307.0719269813271,-123.66421452257782,502.942
1907,-14.282217460917309,-150.5311326989904,507.119
1908,199.3542364052264,-47.07848640624434,512.3641
1909,440.1759805328911,171.27999481745064,499.1703
1910,65.65809210867155,-116.78358365781605,504.0452
1911,154.62260069907643,-340.074115851894,501.0184
1912,235.92318620497826,-308.4490555692464,501.4599
1913,127.47270165395457,-147.3697497388348,505.8519
1914,100.70515964506194,-401.30382459796965,516.2428
1915,66.4924004864879,-409.68503099959344,507.6511
1916,277.68053102167323,-198.46459689550102,501.067
1917,169.5142404549988,-665.3367338906974,509.3541
1918,42.81902546377387,-107.9697177959606,509.3082
1919,91.49542282428592,-83.0011194087565,510.6493
1920,193.02260730939452,-91.75371686462313,503.0678
1921,453.5922524809139,-36.201065097004175,499.859
1922,105.1329191266559,-310.2481894828379,506.4616
1923,465.6263393672416,-26.37443584483117,495.5416
1924,221.41323909105267,-370.7256645504385,504.1024
1925,59.23079131159466,-326.0283063026145,511.0006
1926,145.4936638957588,-175.69621252268553,504.6876
1927,278.2545143798925,-200.84983926825225,496.5098
1928,159.85179865919054,-668.2934069903567,509.7922
1929,65.90729102643672,-533.6899467771873,508.1424
1930,195.55035741161555,-358.31330847460777,505.5297
1931,416.082092622295,67.7664137063548,501.0234
1932,290.5872984699672,-68.23532270919532,498.6496
1933,137.41216828709003,-309.3580740960315,507.9938
1934,86.99179466546047,-311.84505982510746,506.2167
1935,498.5721139375819,10.414739220403135,500.0908
1936,1.0891405406873673,-323.15714210271835,510.9856
1937,7.320316244615242,-233.92932919133455,507.6182
1938,195.2932222817326,-431.55896338354796,503.9298
1939,440.42807988333516,166.17336781136692,505.3686
1940,235.17557740793563,-341.6058259671554,501.5407
1941,197.14586800173856,-106.76770063955337,511.1333
1942,114.63636089314241,-516.3683346901089,518.3085
1943,108.80662631220184,-119.09821724984795,507.0298
1944,116.90363650140353,-60.51761643588543,506.1863
1945,343.5854558579158,94.23981303535402,507.44
1946,364.72311738855205,157.50872554257512,508.4163
1947,183.09687822323758,-358.38291649799794,503.4545
1948,574.3969088611193,230.25867346860468,507.9061
1949,-26.46150075632613,-302.95602619368583,508.1112
1950,450.0888381762197,79.99440859351307,507.5451
1951,190.70995933376253,-357.5300514101982,504.5957
1952,271.7379797685426,38.18822963349521,505.6716
1953,420.4052398164058,255.55796556919813,511.317
1954,137.41216828709003,-309.3580740960315,507.9938
1955,171.09211013722233,-659.5549312895164,509.1966
1956,-34.88280034333002,-272.71745545137674,504.8825
1957,133.76216220541392,-158.12296631466597,505.5304
1958,-11.547877574106678,-146.0460853325203,512.2497
1959,295.04605697770603,-65.68517826125026,498.0766
1960,251.74382228625473,-81.45261886063963,508.5526
1961,403.87219515640754,-99.7777651604265,496.7238
1962,109.41859105101321,-120.56354399304837,509.5854
1963,309.1242559965467,-173.4583034273237,500.5941
1964,316.5017707416555,-136.16030037868768,501.984
1965,255.3478022684576,-89.95992030669004,502.3387
1966,442.5221678124508,77.2574566686526,503.1265
1967,304.4331791328732,-60.75490640942007,503.5774
1968,448.2734738801373,-48.84993278235197,495.0737
1969,192.3932475670008,-612.1300726858899,509.2683
1970,297.42344079574104,-64.99588091112673,508.4376
1971,168.09476305090357,-218.20269713085145,502.5808
1972,36.3795195419807,-113.69836922176182,506.7929
1973,-17.74969221930951,-155.28327027894557,508.1839
1974,67.92812944902107,-202.29848677199334,507.6073
1975,204.38829610031098,-529.0183143243194,504.0059
1976,204.49740531411953,-22.374865528196096,513.5899
1977,-27.472131658927538,-377.21733556315303,506.7239
1978,349.41726203949656,56.7134156068787,503.7814
1979,103.45730669645127,-524.516365329735,507.0793
1980,174.62022587424144,-85.62231741379946,508.3151
1981,259.3776020440273,-79.29221262969077,501.0859
1982,152.28264339640737,-307.7345169717446,508.4187
1983,90.0451102447696,-81.39290718454868,506.188
1984,51.1549440829549,-366.2034780792892,503.3584
1985,151.9945130351698,-51.17101568169892,508.8988
1986,206.9791311438894,-46.97852216754109,508.7083
1987,147.94151304312982,-200.18389285169542,504.8495
1988,171.78362675011158,-145.22802425641567,503.7294
1989,197.41332864831202,-227.651041242294,502.2387
1990,164.78101562755182,-214.1532002920285,502.9806
1991,98.37014734116383,-272.16248157341033,508.27
1992,40.20569848828018,-110.4462512023747,507.6271
1993,257.6976832988439,-63.339632478542626,512.9694
1994,169.83059221960139,-664.9416583171114,509.3095
1995,154.9809833620675,-324.52572925947607,508.2746
1996,562.186004237039,237.78212220501155,504.1866
1997,-32.028596103191376,-325.53493441361934,511.2634
1998,108.81043926195707,-119.09477020706981,507.0533
1999,108.81182077038102,-119.09176794439554,506.9644
2000,183.09687822323758,-358.38291649799794,503.4545
2001,167.3900065437192,-169.0137310149148,503.6694
2002,21.669341064523906,-194.64849820919335,507.7552
2003,344.0756791543681,95.41903523355722,507.1911
2004,155.15789493802004,-311.4162921877578,506.7852
2005,161.27935190265998,-443.0032564289868,505.0987
2006,545.5036478331313,189.65506764035672,507.669
2007,163.09614672418684,-245.21105525270104,502.3353
2008,550.1683454606682,222.21716756839305,504.8746
2009,47.61022124765441,-105.0461807847023,509.3738
2010,252.86244559497572,-29.659912342205644,507.8699
2011,145.0912369505968,-670.8861390948296,512.562
2012,46.498185892240144,-106.71655097231269,507.9475
2013,325.74224452569615,-147.0148155335337,501.3639
2014,437.80563173396513,265.97982126288116,513.9626
2015,560.1141702424502,238.37012097798288,510.481
2016,452.595438130782,269.1680022003129,507.1999
2017,351.5665309174219,107.47367722913623,507.0024
2018,110.45013816468418,-400.7345065744594,508.1579
2019,101.35901350143831,-272.09832210093737,508.1333
2020,35.73139179148711,-113.12716088350862,507.6878
2021,147.94151304312982,-200.18389285169542,504.8495
2022,135.9739766215207,-88.02479499857873,509.2891
2023,221.19768588826992,-359.9636635752395,504.8378
2024,-10.25291145814117,-431.401733757928,503.4852
2025,397.41812293732073,-106.0335917333141,495.2147
2026,222.35309186158702,-300.40532577130944,509.3087
2027,50.87387650902383,-537.4978170413524,507.1512
2028,160.77257191820536,-392.80441799014807,507.9742
2029,285.9216700058896,44.10813633352518,504.7694
2030,298.3723305274034,-109.76851812377572,506.3837
2031,-25.80178236879874,-168.0199819561094,508.6549
2032,-33.792459011194296,-313.11601783614606,503.5489
2033,459.0763172748266,223.7913541458547,506.7625
2034,450.8460199892288,128.7079052021727,501.446
2035,324.5317406608956,71.80156639870256,504.4806
2036,262.46650959562976,-22.277903552167118,506.2519
2037,439.2429976077983,-53.203881330788136,499.7999
2038,230.0397580449935,-236.97317911218852,500.6703
2039,134.16482014523353,-153.36582496389747,505.4554
2040,543.2030715697911,185.64037481416017,507.7099
2041,443.28639336687047,267.6857738289982,507.4359
2042,464.1988649000414,107.64380546845496,502.0594
2043,-18.11658019432798,-154.5238089300692,509.3878
2044,470.76367018267047,171.5971227483824,495.1328
2045,16.67591394286137,-186.42263112030923,504.6039
2046,46.26547693205066,-107.53238814882934,506.9671
2047,458.9124858889263,120.37929400149733,510.4477
2048,340.4111363097327,-148.3045654874295,500.0761
2049,181.75156895525288,-3.754385502077639,507.4715
2050,-28.657821452245116,-383.7836183719337,506.1523
2051,584.9877890895586,218.38060901500285,508.0631
2052,114.20790393371135,-59.79640614055097,504.8199
2053,222.11829365824815,-249.86300620436668,500.4429
2054,152.72820913535543,-349.2819453375414,504.0745
2055,143.40675216296222,-506.73707492277026,504.4542
2056,328.430754456087,72.28737703245133,505.797
2057,157.45939964149147,-122.39481323957443,505.5634
2058,534.1976175102172,248.5178811782971,504.5255
2059,328.430754456087,72.28737703245133,505.797
2060,295.04605697770603,-65.68517826125026,498.0766
2061,154.64194388850592,-294.9219703543931,504.9678
2062,272.31165067339316,-79.08561245538294,503.5146
2063,23.473081311094575,-236.1634576562792,502.261
2064,165.91499861713964,-173.52868981752545,502.9599
2065,231.8590081826551,19.913788218982518,506.7732
2066,46.33081039425451,-107.3291238239035,507.2183
2067,56.82416959409602,-101.63027263898402,509.002
2068,117.12052454787772,-645.1039274279028,511.9571
2069,273.34722271573264,38.89209351874888,505.6273
2070,166.21808611799497,-487.48689802829176,510.3387
2071,481.70209747436456,-5.421864623203874,497.9183
2072,104.67987643089145,-109.8940571974963,506.128
2073,203.58350631792564,7.428265880793333,508.211
2074,207.14905124495272,-566.9102094778791,506.7159
2075,65.90729102643672,-533.6899467771873,508.1424
2076,349.626633739681,103.27695830818266,506.7876
2077,-31.107511814450845,-325.08559571392834,513.0744
2078,309.1242559965467,-173.4583034273237,500.5941
2079,104.79494723782409,-628.1969612212852,503.0117
2080,124.05675764777698,-399.25027669314295,513.6119
2081,26.05046349123586,-206.07566723506898,508.037
2082,-29.58161077427212,-324.52372774947435,514.1114
2083,98.98969186481554,-401.3995634308085,517.1401
2084,121.02283030224498,-515.9621396232396,505.8037
2085,542.1711295995628,183.53589963261038,508.627
2086,232.50367205147631,-395.6652410645038,503.7114
2087,148.28423893556464,-224.77320534642786,507.9229
2088,106.78184381255414,-522.5216395398602,507.6006
2089,360.84355770458933,139.96116536390036,513.0641
2090,-1.6813583039911464,-446.3562282472849,507.9092
2091,-41.12691769434605,-197.95032036025077,509.6308
2092,212.5585896729026,-238.84325538948178,502.2142
2093,196.3775313376682,-599.2744936319068,508.0785
2094,485.4296823531622,1.6284497007727623,500.904
2095,139.04310137359425,-166.59223909676075,504.5717
2096,25.6970599766355,-203.36028712801635,504.0078
2097,444.55672698118724,134.06327525991946,507.5889
2098,181.43565452937037,-223.03389430325478,502.7626
2099,441.7177523052087,267.3571928208694,507.4757
2100,256.672131873318,29.690935728140175,506.4809
2101,143.28800831118133,-439.80295524559915,502.7859
2102,170.5390010123374,-280.5095511311665,505.0301
2103,45.563768408843316,-106.423663537018,507.313
2104,49.41210032964591,-235.9728695517406,513.4708
2105,402.3379429617198,246.69139331392944,514.083
2106,8.296805365709588,-470.38700862415135,504.7212
2107,46.33081039425451,-107.3291238239035,507.2183
2108,223.14369660627563,-99.07356768939644,500.3496
2109,159.24718534376007,-401.77173285000026,505.7757
2110,255.19079028605483,-44.09746161848307,506.6741
2111,192.93778632371686,-90.30429099593312,507.2938
2112,186.1763572539203,-497.9243210135028,502.4091
2113,162.42466097010765,-180.66495781950653,503.7083
2114,241.86253795248922,20.18543742503971,509.3585
2115,9.652420357102528,-237.05179392639548,503.3598
2116,131.13842382468283,-44.53734874725342,506.407
2117,-31.07341387681663,-325.06769333127886,513.1729
2118,86.99179466546047,-311.84505982510746,506.2167
2119,166.60845723561943,-215.34587707556784,503.4465
2120,70.03941225132439,-567.8799404324964,504.818
2121,84.87411748920567,-445.7922475785017,507.4313
2122,354.0395839463454,115.55399015918374,512.4112
2123,437.7971994841937,265.979154093191,513.9483
2124,235.5418455080362,-275.84225528035313,500.6117
2125,248.45002970530186,-223.74276196118444,499.2365
2126,557.3908765676897,235.68954488169402,508.8905
2127,-13.298749618348666,-423.37657351233065,505.9549
2128,156.08057017240208,-405.20176275260746,505.1672
2129,427.8851375733502,68.14525482058525,503.3991
2130,324.80766138457693,71.23247076291591,512.5726
2131,94.14221278717741,-93.35748129058629,507.2203
2132,76.62818896083627,-219.91821245942265,507.1535
2133,338.0310793428216,85.6224286109209,507.0598
2134,-31.107511814450845,-325.08559571392834,513.0744
2135,539.2808158771368,179.55467647872865,504.5066
2136,84.27667995169759,-153.46912505012006,507.6742
2137,367.45003016258124,168.83559674583375,509.0165
2138,340.4111363097327,-148.3045654874295,500.0761
2139,46.70621785102412,-106.7551356125623,508.0048
2140,196.971327023115,-87.33016029186547,504.0902
2141,37.20320780703332,-224.83347299601883,505.0383
2142,542.893683503964,189.70732925552875,505.7322
2143,158.85653912322596,-439.2980190841481,507.2591
2144,149.69119278911967,-28.59822318330407,509.2976
2145,-31.57371389796026,-334.6948388852179,505.7352
2146,150.2869860243518,-197.1282562687993,508.5558
2147,286.00267105095554,50.605700676329434,513.6306
2148,195.24347738269717,7.0347470343112946,510.8618
2149,193.1102480229456,-88.74500453844666,508.0169
2150,194.42600538826082,-88.44833647459745,502.9103
2151,279.13362625346053,-82.20629807282239,505.2537
2152,43.1844853911316,-156.45871184766293,506.575
2153,7.970191261381842,-468.0612555388361,508.1293
2154,156.11959368386306,-239.2084195278585,507.6718
2155,195.34768168872688,-76.96056621242315,503.8808
2156,63.60044116759673,-114.12024277448654,508.855
2157,93.33281607367098,-79.32034494634718,507.1497
2158,211.32565752905793,-494.9883301695809,508.2408
2159,465.6263393672416,-26.37443584483117,495.5416
2160,160.70788316405378,-127.53290840983391,503.7838
2161,164.02287668932695,-466.69500347506255,504.2644
2162,198.74160993436817,-590.6762347342446,507.867
2163,207.14905124495272,-566.9102094778791,506.7159
2164,305.77907598530874,-55.25898596458137,497.5788
2165,405.26624060887843,82.6030415724963,501.5361
2166,418.9313425467117,53.41348376870155,503.1382
2167,428.9093021941371,64.96585828252137,502.0215
2168,155.36528696329333,-238.6512217503041,502.7117
2169,257.22737425006926,-67.53245957754552,502.2773
2170,223.14369660627563,-99.07356768939644,500.3496
2171,234.95465903915465,-445.5648539541289,503.0485
2172,57.750470773898996,-284.85816232394427,520.636
2173,144.1794873753097,-100.834672938101,509.0177
2174,197.89153900602832,-37.17946925573051,513.6604
2175,181.38612937147263,-642.0155995348468,511.374
2176,430.18662563804537,59.00091763865203,504.0787
2177,407.73001625644974,77.40056453924626,501.0903
2178,309.9060595402261,-172.80948103126138,500.5575
2179,213.32314682460856,-547.5590675892308,505.9012
2180,241.7796611271333,24.709291820414364,505.1137
2181,179.70309036807157,-93.67216293420643,508.0151
2182,378.41198737558443,21.410249542444944,501.9584
2183,144.11315279325936,-437.42049274779856,508.1994
2184,161.27935190265998,-443.0032564289868,505.0987
2185,-14.526385504519567,-420.970982468687,505.8381
2186,428.3192228890257,-70.45210476685315,498.955
2187,535.7931523092557,157.31357844546437,504.3601
2188,60.701578956563026,-188.03862699028105,504.978
2189,162.6187967795413,-270.36312527023256,506.1793
2190,-2.457578347879462,-237.79802307859063,501.4356
2191,95.08510225999635,-526.937523663044,507.3587
2192,87.65091478568502,-158.471451215446,507.1922
2193,145.79593364160974,-265.099935808219,504.1228
2194,75.16966625885107,-218.521604180336,504.1864
2195,358.02344539330807,-8.255778522230685,500.7101
2196,-46.82703884795774,-237.43330371845514,505.1546
2197,221.79858092672657,-350.5367800844833,504.9867
2198,112.94727666361723,-310.0209070527926,504.7846
2199,208.82029806438368,10.503139186650515,508.8766
2200,50.80400958226528,-103.20457040984184,509.3284
2201,216.24382631096523,-238.7404000815004,497.7057
2202,327.82114768226165,-147.8555603735149,501.2581
2203,274.71859554725233,-77.63440746907145,503.4076
2204,57.88977490016259,-314.385863898322,509.9471
2205,445.9172265207162,-45.63361952919513,499.7915
2206,522.8506452793954,151.10289701353759,504.279
2207,162.9547066059895,-180.72266798559576,503.2904
2208,123.99259048444219,-442.1184783987701,502.8531
2209,413.69968587893527,-83.05727284681052,499.8921
2210,162.18225620721933,-465.6770139215514,509.8156
2211,192.93778632371686,-90.30429099593312,507.2938
2212,222.7381027416559,-309.7812819853425,503.1953
2213,508.20130911201704,155.01695843134075,507.1959
2214,145.2420078351861,-670.6763142682612,512.5838
2215,-30.03095444967039,-173.46808858122677,512.0847
2216,357.9455960384803,128.70712683722377,512.764
2217,507.12911764753517,153.9060099190101,507.9633
2218,233.12001754005905,-398.4629054181278,502.2096
2219,460.505590425455,-26.853018809109926,499.9633
2220,40.20569848828018,-110.4462512023747,507.6271
2221,181.43565452937037,-223.03389430325478,502.7626
2222,144.23239980067592,-173.94400286860764,505.2868
2223,195.2932222817326,-431.55896338354796,503.9298
2224,196.7507040509954,-99.3710141191259,508.2967
2225,314.65268601081334,60.72054717782885,505.8919
2226,-46.23130642354954,-239.92284693196416,506.6902
2227,381.4441883134423,95.30483804270625,505.1645
2228,408.8406633096747,77.75572113506496,501.7681
2229,155.81572382338345,-255.0166686642915,507.7957
2230,169.37214139394928,-431.8793159676716,504.1503
2231,179.24863497482147,-27.939726827666163,510.9416
2232,155.0804605933372,-318.31582619063556,505.7815
2233,527.1670880945167,209.10650735348463,502.9231
2234,176.8350271882955,-26.00727019738406,512.8127
2235,194.5797673347406,-87.94673616066575,502.9543
2236,237.0676847314462,-253.366202368401,500.275
2237,50.056236519361846,-168.10215500742197,505.6328
2238,221.82893897069152,-343.45321847777814,504.2288
2239,507.93184984859545,34.142402227036655,499.3869
2240,255.49413190502673,-17.484846238978207,508.4051
2241,164.25940606975928,-133.20207055099308,505.2436
2242,155.85895203833934,-258.12312133051455,505.3444
2243,-11.832256675465032,-426.635252032429,506.0262
2244,200.1331953695044,-229.50410469528288,501.475
2245,62.883521179435775,-557.6683543454856,504.7095
2246,458.7832807864761,-34.67091171070933,497.0129
2247,52.473939919495024,-259.96906830742955,509.5097
2248,173.13246879703365,-142.404229096137,507.6085
2249,108.8077145476127,-119.10866957250983,507.0064
2250,77.47062334709335,-443.21597232390195,505.6092
2251,31.307059554150328,-216.34107166808099,508.191
2252,-1.438481526914984,-451.2027703197673,505.8846
2253,181.75156895525288,-3.754385502077639,507.4715
2254,322.9937398021575,10.227042184211314,505.7739
2255,196.9600348349195,-88.27765226271003,505.2329
2256,-41.324786708690226,-245.36917443946004,500.6002
2257,458.9124858889263,120.37929400149733,510.4477
2258,175.08418968273327,-26.97633398231119,510.7507
2259,-38.6592981411377,-238.3016249006614,514.4987
2260,143.00111904426012,-395.35589677654207,504.9545
2261,430.7210787134245,59.56967968773097,504.0901
2262,294.34906173311174,-103.2696194415912,504.0645
2263,96.94308357941918,-94.59174497704953,508.145
2264,-13.250447205267847,-146.68934798240662,508.9829
2265,315.8664969545789,62.42416464909911,506.3158
2266,108.04715266975109,-113.09591510891914,507.5078
2267,239.57602900150232,-231.96262452285737,500.4573
2268,141.22400644340087,-507.57070328947157,507.8549
2269,194.85978850256652,-604.0585441552103,508.0564
2270,345.0496026930632,-145.90019758790731,500.0316
2271,175.08418968273327,-26.97633398231119,510.7507
2272,445.9172265207162,-45.63361952919513,499.7915
2273,448.7664336436428,265.1094985725358,511.1322
2274,268.92467033234425,-31.18306044768542,509.9423
2275,-35.76365595846437,-280.70959080476314,504.8343
2276,-29.543296164134517,-240.57800743822008,500.9966
2277,-32.20715196989477,-326.2820531250909,510.7664
2278,509.54694268933963,31.70122880768031,497.1377
2279,130.827681998373,-310.5600912524387,507.4832
2280,131.6133714740863,-216.23643724340945,511.4601
2281,308.7002777780872,-126.49979634676129,508.5654
2282,498.7152434180025,10.580308466218412,500.6384
2283,488.1964840077562,4.142566992901266,501.0186
2284,194.3104954996379,-605.9812156325206,507.8327
2285,557.5482257676776,236.43032548204064,508.9541
2286,257.80891642789356,-59.7381400000304,513.2515
2287,150.19752852478996,-197.19919863156974,508.3365
2288,437.78260802594014,265.9653659230098,514.0125
2289,151.9945130351698,-51.17101568169892,508.8988
2290,159.28662566980347,-327.4196884194389,505.9691
2291,484.20522497885395,83.95128005836159,503.3647
2292,196.78099063353147,-601.5331961764023,507.8138
2293,328.8194289027015,76.20421832520515,504.4646
2294,164.18578352371696,-213.06182208750397,503.7265
2295,141.5004264259478,-215.09857955761254,505.3772
2296,403.8156625153497,-99.7119377637282,496.7849
2297,492.801670088782,3.6401883149519563,495.8298
2298,587.5624264484504,218.17667751852423,508.0958
2299,194.04946608911268,-93.87609442975372,503.7067
2300,203.75784393807407,-577.4130150778219,507.1917
2301,101.39553245727438,-72.30950482096523,507.8113
2302,161.08642172871623,-386.35233237221837,507.9477
2303,343.5854558579158,94.23981303535402,507.44
2304,362.72242626943626,147.74569978844374,503.9056
2305,101.39553245727438,-72.30950482096523,507.8113
2306,591.2321751699783,217.14645652472973,509.3563
2307,403.8156625153497,-99.7119377637282,496.7849
2308,-11.562702784431167,-144.60310877021402,508.7585
2309,-39.356784255825914,-262.10990422964096,504.8951
2310,109.78547827538569,-121.26340486109257,506.7981
2311,145.2112816676963,-670.9211654961109,512.0104
2312,-41.52099117334001,-194.79394117277116,516.6322
2313,512.7957858871669,152.35917729418725,507.596
2314,174.84294600656722,-26.84112095180899,503.7391
2315,-28.657821452245116,-383.7836183719337,506.1523
2316,-19.71774660993833,-324.28243475966156,510.8044
2317,128.59894033474848,-151.35219603776932,506.3355
2318,346.2702856065007,95.95821943227202,504.9167
2319,95.08510225999635,-526.937523663044,507.3587
2320,220.03593865106814,-387.5085372198373,503.349
2321,403.3787692709593,-93.28197993617505,500.0445
2322,-31.00001164979767,-325.0362251671031,513.3754
2323,307.0719269813271,-123.66421452257782,502.942
2324,485.4296823531622,1.6284497007727623,500.904
2325,266.98157353315037,-34.17876296676695,502.7678
2326,423.0806001351448,151.79853247385472,500.1845
2327,128.26034880499355,-269.00276653748006,507.4508
2328,450.9844160840148,239.1186852240935,508.9989
2329,-14.723605988547206,-416.654395416379,506.9515
2330,83.61765156534966,-403.3543702410534,509.0417
2331,200.84827977756504,-114.2923725200817,503.1829
2332,279.6779356864281,-196.76242495980114,501.0385
2333,168.5886917982716,-665.1639369744807,507.7409
2334,155.2604292773176,-255.18968797009438,503.293
2335,148.88205140200444,-212.6874287687242,504.8464
2336,323.411876695347,70.16322034876794,512.6916
2337,68.11393146961927,-421.5448594847694,506.9344
2338,356.79761757247616,-18.94972820393741,502.6812
2339,174.0981843858026,-279.34723056294024,502.7681
2340,448.12053623597603,75.8303809799254,503.9825
2341,512.0656214128248,152.6096994644031,504.969
2342,-53.41417777445167,-227.93981446698308,505.4361
2343,350.5919123868225,-21.239787717349827,500.1271
2344,89.88796981191263,-83.90557894203812,508.1492
2345,256.2582501267316,-62.73017308674753,503.8096
2346,118.33371193206403,-514.2896567313,517.4273
2347,92.03593901661225,-446.3586745355278,503.5539
2348,496.9177350491518,157.52885182388127,504.2153
2349,385.0111897691386,-113.92576284706593,499.4112
2350,-28.234901312272996,-292.49981126654893,504.4093
2351,88.71589869854506,-86.99724268168211,508.0062
2352,144.11015801143367,-101.66674457397312,506.1447
2353,108.80083356157411,-119.1136733442545,507.0174
2354,241.86253795248922,20.18543742503971,509.3585
2355,186.21745888795704,-629.6317093605176,508.8408
2356,21.669341064523906,-194.64849820919335,507.7552
2357,412.837981118937,42.97161298710853,503.97
2358,108.80668799194973,-119.07820216286927,506.9409
2359,405.37515737314243,-91.68889022246003,500.0209
2360,108.81761347723659,-119.07964769750834,506.9789
2361,233.73327996302396,-385.2407166901976,502.0364
2362,196.50226125342306,-88.74255825113505,505.4233
2363,182.1026410459308,-644.1976887769997,501.2826
2364,211.32565752905793,-494.9883301695809,508.2408
2365,314.49976022168994,61.152761857025325,506.1515
2366,216.5474459695397,-470.24234402552247,503.3604
2367,453.8616723794257,123.91440310887992,499.614
2368,327.82114768226165,-147.8555603735149,501.2581
2369,79.90057682199404,-585.9627929888666,510.2827
2370,574.3969088611193,230.25867346860468,507.9061
2371,221.94846460176632,-296.62925725709647,506.9077
2372,192.97745544754434,-90.28794534131885,507.4796
2373,129.37567288428545,-226.6935417279601,509.0845
2374,449.40669518208597,195.30643859226257,507.8069
2375,119.26515457057394,-517.0151555780321,505.8706
2376,108.81541371508501,-119.09666052088141,506.9532
2377,476.5536651259754,-13.843323586508632,495.936
2378,77.47062334709335,-443.21597232390195,505.6092
2379,384.64386951259803,226.97119546309114,508.1331
2380,108.80478153144941,-119.07709021307528,506.9904
2381,498.7024849499576,11.327871957793832,498.221
2382,183.55552180099767,-636.3874683231115,508.7552
2383,179.24574440473225,-222.7649137750268,504.2202
2384,221.919426472974,-327.27824847307056,504.0798
2385,357.9455960384803,128.70712683722377,512.764
2386,155.4983979818644,-26.287370217964053,506.7947
2387,199.66375971212983,7.273037764243782,511.0289
2388,312.01489208079875,-129.5681091528386,502.4089
2389,63.82422295818105,-195.33635002560914,504.9816
2390,273.48595171421766,36.83254108764231,505.6604
2391,-36.268996589118615,-328.8089578328654,503.3133
2392,153.53825634985697,-666.2826691316441,509.4208
2393,193.02260730939452,-91.75371686462313,503.0678
2394,142.16809370403644,-438.61817330121994,505.5518
2395,479.8233718230622,93.39028379693627,513.0481
2396,96.28040270227939,-229.50632859300822,510.767
2397,256.3812395526329,-47.808147514238954,507.1809
2398,251.35584682307672,-90.4753087926656,503.4168
2399,124.45397158293054,-654.3396668406203,507.8626
2400,153.4039018752519,-116.210818589665,504.325
2401,34.85444946109783,-234.8137736376375,512.1062
2402,-25.80178236879874,-168.0199819561094,508.6549
2403,191.78536378522404,-613.7457349700853,507.9504
2404,476.5536651259754,-13.843323586508632,495.936
2405,479.4843851638725,107.21703934017569,507.2608
2406,105.1329191266559,-310.2481894828379,506.4616
2407,530.6371713770786,249.24476241413504,509.0016
2408,121.02283030224498,-515.9621396232396,505.8037
2409,487.9393337590154,223.8608509749174,505.3596
2410,104.31934385758359,-401.246892795898,508.216
2411,54.98872581543401,-178.40492093469948,508.1102
2412,46.499313532258384,-107.35536582767963,507.6344
2413,223.58864280383568,-282.6398235363886,499.9103
2414,174.82479069277178,-494.8736882004887,507.4038
2415,205.9467285060091,-22.187835660763085,522.9027
2416,-28.113712892634794,-324.1542270099744,512.4186
2417,504.7044378145365,43.22602697927505,498.5708
2418,231.6624040165916,-100.15371520724148,503.2836
2419,217.41700268082786,-425.9521815991029,495.6236
2420,547.1719024447957,207.30503834597766,509.402
2421,163.39043131866492,-431.7120787985623,508.2886
2422,369.16939791326877,-126.86184702813625,497.6474
2423,199.31323466286995,-115.05794959142804,503.1988
2424,-48.48251466290094,-242.2465985091403,504.0297
2425,-34.88280034333002,-272.71745545137674,504.8825
2426,88.98376505100168,-83.63715438731015,507.9868
2427,498.6065031416947,10.740985135547817,500.6186
2428,362.72261685249396,149.35858219861984,507.6448
2429,-51.72472130833194,-218.0798267358914,507.5974
2430,59.23079131159466,-326.0283063026145,511.0006
2431,187.6944491075119,-356.22684687003493,503.6233
2432,249.67706100747455,-31.645408952608705,505.2752
2433,180.90267879283056,-32.815290777012706,505.2523
2434,-29.977293508243747,-314.4450195999816,512.588
2435,163.13164724968374,-199.05837780423462,502.8924
2436,166.05188537191134,-482.875422029756,503.8425
2437,358.92423999740276,135.03478533402085,504.0768
2438,61.652477302006446,-272.87624180782586,506.1412
2439,221.94846460176632,-296.62925725709647,506.9077
2440,160.70788316405378,-127.53290840983391,503.7838
2441,128.47676003805827,-439.54053521808237,508.531
2442,118.05399181635585,-307.5847374042496,506.0829
2443,346.6512490104651,-25.778542232699692,501.2433
2444,160.41399798123166,-216.23065510671586,505.7283
2445,368.2476747164037,159.11660418100655,508.6877
2446,487.76460660947487,79.99040557537228,500.1168
2447,155.09638478362467,-317.0066171241924,508.4
2448,223.99182478920557,-235.36830273550004,500.8489
2449,233.2437993134372,-415.76505839359015,502.5442
2450,49.59340191993397,-167.2430630037561,505.6865
2451,144.79468987055589,-213.92269320879132,508.7387
2452,161.143398668617,-385.3844917304814,508.051
2453,438.8444137686165,159.72728671785444,502.1668
2454,372.21515700919554,11.031537477858365,501.2527
2455,488.9713225925807,220.2392322132364,504.9904
2456,62.77951668121386,-348.9633718729019,507.3506
2457,195.20035993342753,-88.84852701518685,506.1961
2458,396.6390668847598,-103.70883940160275,499.2265
2459,38.11639439640567,-145.60008248127997,506.5036
2460,193.04432835138869,-88.79437508620322,508.2011
2461,102.379220132716,-71.36223524156958,505.9735
2462,126.82386296393815,-441.92900224309415,502.7025
2463,236.8915012931684,-247.22979914583266,500.493
2464,167.4383855368942,-167.68806509952992,507.0139
2465,162.18225620721933,-465.6770139215514,509.8156
2466,-12.456766638322733,-145.63477529864758,508.9217
2467,332.38012148451526,76.07890164200217,505.0985
2468,-14.289294103509746,-319.9925344893709,501.5124
2469,463.47307431465015,265.9563591340557,510.8727
2470,38.49499423103407,-227.57376076839864,503.1882
2471,579.0848561946768,226.10643251799047,503.0592
2472,203.15680642949883,9.429218586534262,509.6074
2473,93.30045136227272,-443.2746832445264,503.0978
2474,562.186004237039,237.78212220501155,504.1866
2475,108.81827340601012,-119.08698656223714,506.979
2476,108.10661583871115,-228.32521608192474,510.7416
2477,116.85309077205602,-128.14803874399513,505.4235
2478,315.8664969545789,62.42416464909911,506.3158
2479,292.5319380417932,-68.51820260286331,503.284
2480,73.60396433935966,-575.450424624607,508.7429
2481,140.9770575062139,-97.17969570029527,506.2286
2482,78.06762018997688,-89.07792214956135,508.1046
2483,287.3913450532127,-72.92307842709124,503.5485
2484,345.0091905781301,96.33950683567673,507.3047
2485,240.26569872593973,-96.73235850967467,501.6965
2486,-26.595764284022152,-298.27338544279337,508.5961
2487,45.725849783048034,-538.2317035570741,510.5758
2488,108.81277400068939,-119.09254630841315,506.9954
2489,264.06022291758563,-22.188836416229606,506.4997
2490,202.31663189549,-108.65567929856479,501.5638
2491,64.78568349243142,-557.0472194850445,510.7953
2492,31.664144330774434,-115.74713574629277,507.6112
2493,376.55744352785405,169.03574761282653,508.7772
2494,179.6229195066262,-357.9876185338944,506.8408
2495,-47.20316915784497,-210.1614136211574,508.6342
2496,97.97449500020593,-610.1525821099058,510.1101
2497,147.1422849940136,-182.5836262786761,508.2284
2498,212.5585896729026,-238.84325538948178,502.2142
2499,166.44585622893646,-217.4195512617007,502.997
2500,200.41134924837388,-50.211181074380875,508.3318
2501,233.0546801231103,-400.2849454851821,502.2676
2502,85.70256781659555,-595.1173601038754,510.2144
2503,121.24434506508987,-397.5568891558796,504.7085
2504,8.12056393828243,-172.59787708614022,508.3789
2505,584.801668209373,221.57390491943806,510.5746
2506,87.56437122705393,-595.9707811670378,507.6786
2507,351.00090241548605,-23.685520129278302,502.6353
2508,282.04534693143796,-71.8375935535878,499.587
2509,195.2932222817326,-431.55896338354796,503.9298
2510,366.4226312839892,163.09260117262602,508.5044
2511,233.4058595735114,-416.76103135198355,502.5293
2512,166.83855662611313,-215.00384148024023,503.4118
2513,158.32103685790207,-23.79193367343396,509.3158
2514,400.09857322776224,246.3956148084253,508.0692
2515,498.7104039991973,10.593318272382021,500.6262
2516,536.691135762725,159.1538544818759,504.7168
2517,181.48552402411588,-1.2782968766987324,507.1125
2518,199.78750822262373,6.468653663061559,510.4355
2519,423.07876516121905,260.9177834233269,507.8329
2520,161.23322717740666,-383.7471464360133,508.0874
2521,229.94769330567215,-243.55514040589333,501.0722
2522,-41.36203718744218,-246.0204431246966,500.7178
2523,446.78179390507285,80.413947051391,503.2646
2524,404.9506856824737,-92.05316480156034,500.015
2525,451.73845993878786,119.35707904119045,507.0641
2526,442.01566789660137,146.69235024787486,499.9854
2527,113.58123875607271,-641.3774518510327,503.818
2528,435.05686719948426,-62.765199488028884,498.9782
2529,189.82682662515435,-279.18533074948937,502.6186
2530,366.4226312839892,163.09260117262602,508.5044
2531,68.59841206064448,-567.862705219537,507.3266
2532,441.7177523052087,267.3571928208694,507.4757
2533,199.3542364052264,-47.07848640624434,512.3641
2534,144.11315279325936,-437.42049274779856,508.1994
2535,208.82029806438368,10.503139186650515,508.8766
2536,156.63933609088417,-25.42060576379299,509.4337
2537,155.4676515297033,-231.27688541077077,502.2993
2538,497.37839060730767,8.777171535417438,500.2455
2539,452.595438130782,269.1680022003129,507.1999
2540,102.23953391297255,-71.50467594247311,505.9618
2541,205.59445598896127,-37.085287153720856,504.89
2542,-51.26564924442209,-220.1477187871933,507.4263
2543,403.7998979007825,-99.44940654281527,496.8904
2544,302.5980954912957,-116.32123515196145,503.8779
2545,147.55004998203367,-107.31288936454803,506.0685
2546,156.0946622764459,-239.22087335865945,507.7238
2547,367.93965198204387,171.7105415724218,512.9385
2548,2.1034400386270136,-457.4412504835054,505.541
2549,280.63353342330083,42.040911451913416,504.7136
2550,-3.4233723572688177,-149.0778150074184,505.9684
2551,-33.279755059746094,-306.811710273847,504.5738
2552,14.196780685801059,-234.27981560025364,511.8579
2553,118.47809896990657,-133.78973573818803,505.7042
2554,148.00265448878054,-183.13948971685022,504.7148
2555,309.8893503753934,-54.82910637836903,503.6511
2556,532.557751539629,148.31857605092227,506.8806
2557,144.27167692757212,-671.4468951094896,512.9206
2558,141.3867128372658,-97.87544235493988,504.6816
2559,145.2112816676963,-670.9211654961109,512.0104
2560,-10.747559076873586,-144.52749621961266,508.4753
2561,-52.264789248700254,-227.2629709476605,506.3191
2562,458.4923280966468,84.97816520556808,501.9839
2563,373.9042546035489,206.919636731036,508.4308
2564,-42.26218105829321,-196.91809785738587,508.2256
2565,-16.241010612342507,-155.087456013076,505.9689
2566,-29.1433898457326,-337.97208695858717,508.1819
2567,108.04715266975109,-113.09591510891914,507.5078
2568,171.09211013722233,-659.5549312895164,509.1966
2569,166.63625634566415,-173.16997498366982,507.3255
2570,111.67396319191903,-63.59059942793101,505.7162
2571,2.9087634969037026,-317.9516628058627,499.6137
2572,59.91189002827741,-333.69664202909917,505.2846
2573,171.1713000589516,-660.1558286733925,512.2669
2574,46.55035063927062,-105.58747768867761,509.1738
2575,408.8406633096747,77.75572113506496,501.7681
2576,354.4528769372264,-20.316425046883523,501.1668
2577,510.8087123542791,126.8691858947277,507.2858
2578,209.49903757113498,9.788155809044838,506.4333
2579,346.3100640696939,-24.564404829405248,499.8922
2580,575.3843539070804,231.6056888103485,510.1744
2581,108.35289245052263,-66.00041587930173,506.0535
2582,157.45939964149147,-122.39481323957443,505.5634
2583,239.3577938232338,-275.852707603015,500.2236
2584,408.8406633096747,77.75572113506496,501.7681
2585,433.1302200113423,-67.31040330976248,496.6896
2586,-46.82703884795774,-237.43330371845514,505.1546
2587,155.85895203833934,-258.12312133051455,505.3444
2588,465.7641454297118,-26.186071639880538,497.1934
2589,-51.72472130833194,-218.0798267358914,507.5974
2590,153.53825634985697,-666.2826691316441,509.4208
2591,439.2055318353232,266.14272183179855,513.9568
2592,196.71741466142703,-100.23121807165444,508.2423
2593,119.55969826714136,-648.700638525188,512.0781
2594,202.04598042485304,-496.8820909662172,504.2235
2595,469.2872068374418,98.41807359922677,507.6289
2596,152.0185282410821,-502.78787590935826,507.6004
2597,358.63366236002184,132.73694217484444,502.92
2598,592.0495756705059,214.09815880469978,506.1791
2599,186.1763572539203,-497.9243210135028,502.4091
2600,167.98283680004533,-137.93741769716144,504.0257
2601,252.03185488237068,-90.97446281835437,503.6681
2602,424.61903868138324,62.8596039833501,500.1097
2603,170.2406286621699,-18.84442660678178,514.6032
2604,512.0656214128248,152.6096994644031,504.969
2605,148.9985831960803,-439.8125180089846,502.7224
2606,412.7286207466386,71.73751812055707,501.4212
2607,162.8631198410876,-198.41934056207538,502.9157
2608,121.02283030224498,-515.9621396232396,505.8037
2609,404.35667314985767,80.52258449513465,501.2221
2610,60.81286956265103,-107.94992510043085,507.0096
2611,154.66674414172303,-339.3593548638746,500.9578
2612,46.29451402626,-107.49258036538959,507.0513
2613,79.42624540743418,-524.5090264650062,507.9015
2614,302.5980954912957,-116.32123515196145,503.8779
2615,63.32874607213307,-534.730953682214,510.0863
2616,543.2030715697911,185.64037481416017,507.7099
2617,393.40799418720417,-107.53828147985041,497.1067
2618,230.95816300343722,-459.02600057888776,503.1373
2619,114.63636089314241,-516.3683346901089,518.3085
2620,312.6704951808788,-131.9459014646709,509.8145
2621,440.31001640239265,144.85251899063587,500.9399
2622,381.4441883134423,95.30483804270625,505.1645
2623,143.00111904426012,-395.35589677654207,504.9545
2624,100.92591246776283,-184.18772429134697,507.5226
2625,-24.983909696922638,-394.73164846003056,506.6976
2626,451.3603234682232,78.31558759137988,503.108
2627,155.3906581235351,-230.46338332723826,501.6403
2628,37.44202806800604,-145.57117179967463,508.7355
2629,225.1647250673268,-502.48331300448626,506.3119
2630,340.93278288526926,-30.213996661826968,501.664
2631,287.48739196395036,-190.83251071721315,500.8683
2632,30.047596389777027,-506.23525222111493,504.9997
2633,256.8224768716609,-61.5803063493222,502.6245
2634,119.20375016273465,-644.2967634554952,508.9217
2635,144.3719219660852,-671.482255095616,512.7381
2636,126.98577063588891,-263.86311463825405,502.9567
2637,264.06022291758563,-22.188836416229606,506.4997
2638,83.61765156534966,-403.3543702410534,509.0417
2639,438.8444137686165,159.72728671785444,502.1668
2640,359.31116358889267,137.5472347009927,504.7087
2641,57.35422507592011,-308.2343381661922,503.6873
2642,63.82422295818105,-195.33635002560914,504.9816
2643,84.09927900740877,-447.4062419394031,503.7853
2644,351.26887194323353,107.77668340597302,507.597
2645,517.4822376711527,251.20468419138342,510.1945
2646,377.68585247942246,209.16532946936786,510.6957
2647,437.85285233240575,265.9705920852721,514.0263
2648,63.82422295818105,-195.33635002560914,504.9816
2649,154.65247435343917,-417.6971814390272,506.7389
2650,485.8975430909777,83.127436847426,500.0793
2651,164.43274541420396,-133.83688238728791,503.6122
2652,414.9525085865753,157.09886104241014,506.8398
2653,108.79686238768045,-119.09354706294835,506.9009
2654,160.41399798123166,-216.23065510671586,505.7283
2655,17.288200734532438,-122.70916129741818,509.8667
2656,-33.726576642366126,-185.334255178459,514.3745
2657,215.84231807372998,-461.3930069822818,505.9979
2658,161.04616389086004,-399.5476119266823,508.4785
2659,460.505590425455,-26.853018809109926,499.9633
2660,533.9239273361163,154.52636641357094,507.6114
2661,175.2875390171539,-435.1036352561787,508.9116
2662,160.46800836350303,-310.66328014433384,504.2909
2663,174.84294600656722,-26.84112095180899,503.7391
2664,151.85043018742,-409.4813218936324,507.798
2665,225.1647250673268,-502.48331300448626,506.3119
2666,507.93184984859545,34.142402227036655,499.3869
2667,295.8779260229785,-186.20101963263005,498.5424
2668,364.16974754887633,45.54444120079279,500.0316
2669,560.1141702424502,238.37012097798288,510.481
2670,279.7530380897224,-81.63575690425932,504.1542
2671,287.4289656445617,-92.42277673818171,503.937
2672,-22.277408061898313,-324.57276471238583,510.4489
2673,529.3345550841186,153.19358402397484,503.6589
2674,-16.302057034918107,-413.67225867975503,506.9108
2675,51.14167350565549,-538.1225101388991,507.4244
2676,203.21931706159376,-533.0951651148498,504.1986
2677,149.3385898777051,-197.60461533349007,506.7374
2678,309.8893503753934,-54.82910637836903,503.6511
2679,131.44780411710963,-219.20489700417966,503.8358
2680,193.88018069032114,-119.64974408596754,504.831
2681,47.247686183894984,-235.62838766910136,511.0824
2682,439.3720095406752,136.75864028092474,507.7795
2683,60.42525228951126,-99.03309273626655,507.2416
2684,-29.417660933337174,-356.6799661964178,507.9664
2685,-30.294147676904686,-325.19845856539905,515.1455
2686,313.9082093195757,-130.80782139021903,504.5652
2687,542.8163361761253,198.06807579007,502.4719
2688,358.02344539330807,-8.255778522230685,500.7101
2689,108.81189409585204,-119.09821724984795,506.9867
2690,111.3562132398365,-638.9135946677998,503.852
2691,151.68774575705174,-457.99733631219715,502.8164
2692,196.50160132022575,-88.84241129364818,505.1662
2693,241.01103931781836,4.619148449040949,505.8026
2694,438.6801925767213,163.92789746262133,505.6404
2695,-25.39342909178231,-167.42119727656245,508.7052
2696,396.6390668847598,-103.70883940160275,499.2265
2697,195.49989622691646,-88.89178184233606,505.8351
2698,349.5444591535488,103.47188301570714,505.7994
2699,189.9249662058428,-357.9222359173,506.1106
2700,403.8110431166133,-99.63899389188737,496.86
2701,59.6710275382502,-405.71559450775385,507.9525
2702,154.85001826786902,-329.4471055166796,508.44
2703,367.93965198204387,171.7105415724218,512.9385
2704,66.04086346947588,-272.203067721799,505.4488
2705,164.20780289417598,-465.9457720592618,507.5398
2706,167.98283680004533,-137.93741769716144,504.0257
2707,478.8332462667022,107.14976640883833,507.8135
2708,108.81541371508501,-119.09666052088141,506.9532
2709,155.89579763798974,-256.77165819052607,507.7958
2710,197.14586800173856,-106.76770063955337,511.1333
2711,251.37360738241114,27.25598922558129,506.5034
2712,-45.179461561259814,-203.1633609123528,507.9361
2713,371.1896001471905,36.9462934974581,499.601
2714,206.29791097296402,-113.3707889681682,503.7671
2715,191.78536378522404,-613.7457349700853,507.9504
2716,158.7878533648327,-465.98257757909596,505.3224
2717,117.92221959144808,-215.43861364386976,508.4621
2718,8.700129276025109,-128.57024588156492,508.0153
2719,75.56612576590851,-573.4163358313963,510.3159
2720,239.060519043589,24.118624369613826,509.2783
2721,223.49646857695188,-291.3512788694352,501.5815
2722,504.53941767301876,17.96743222232908,498.0919
2723,410.4541358225979,74.61068383045495,501.2701
2724,329.77415015071165,75.77978728991002,512.2641
2725,-14.289294103509746,-319.9925344893709,501.5124
2726,408.7236840117257,251.96270000562072,510.9016
2727,237.0676847314462,-253.366202368401,500.275
2728,239.3577938232338,-275.852707603015,500.2236
2729,307.34887901332695,-122.92988322582096,503.1197
2730,444.54096984374337,147.36341163143516,500.2098
2731,59.29575962643139,-326.73005748540163,510.8979
2732,179.70309036807157,-93.67216293420643,508.0151
2733,95.08510225999635,-526.937523663044,507.3587
2734,221.18192020896822,-374.0081387851387,508.2843
2735,483.41479453467764,85.76231182832271,503.8647
2736,25.558059947448783,-118.83079345151782,507.8367
2737,-2.475363612291403,-443.9849964370951,508.9008
2738,120.64484064141288,-227.40374372620136,509.95
2739,-12.233729192288592,-427.40883513726294,502.083
2740,219.704181403853,-522.265557625331,505.8937
2741,511.2753507270245,122.67346772737801,503.6851
2742,320.127137408359,66.42707081418484,506.5007
2743,43.25394572701771,-398.6895206775516,506.88
2744,346.3100640696939,-24.564404829405248,499.8922
2745,154.88020188559312,-325.9402399221435,505.0864
2746,93.30045136227272,-443.2746832445264,503.0978
2747,-14.796359521802515,-238.43016623612493,501.2258
2748,104.06304129981436,-69.49571720324457,506.4853
2749,465.6263393672416,-26.37443584483117,495.5416
2750,544.4350777914515,202.82944254856557,503.9701
2751,434.5332739155274,139.40341161191463,505.6576
2752,111.52575575513765,-639.103849186562,503.8294
2753,187.3359686023323,-498.141818289645,502.3588
2754,56.57915610168129,-306.0867193536833,507.4966
2755,412.0238153138198,71.3182020522654,501.0332
2756,-18.88333705626428,-157.80973020661622,508.1121
2757,360.19516518036835,135.4513215282932,507.8185
2758,325.74224452569615,-147.0148155335337,501.3639
2759,70.63755195308477,-433.950432671234,507.4575
2760,328.430754456087,72.28737703245133,505.797
2761,111.80651085113641,-636.0993622690439,511.0555
2762,444.7985313857207,184.44436218310148,506.0629
2763,-35.87147791672032,-267.84889678284526,503.9006
2764,394.65700198488776,88.52583933994174,505.2236
2765,116.85939673124813,-128.14926188904792,505.4763
2766,251.74382228625473,-81.45261886063963,508.5526
2767,145.10641670401674,-670.8376581063494,512.6701
2768,233.05980168120004,-304.5333262272179,500.9975
2769,141.19291093561333,-508.05807065218687,504.6389
2770,52.5815391036449,-317.18953277822584,508.5395
2771,181.11791513534263,-138.88802312500775,503.2129
2772,85.8926448917482,-154.0792516125366,506.0686
2773,304.30277077073697,-56.06904100533575,497.4676
2774,129.91278668062296,-80.7406377447769,505.2798
2775,21.669341064523906,-194.64849820919335,507.7552
2776,104.06304129981436,-69.49571720324457,506.4853
2777,116.2256764533231,-130.3841687189415,505.8561
2778,195.62509740283713,-92.15446337964386,508.9722
2779,278.710747575853,-200.54260768648237,496.4571
2780,57.203096656594425,-254.54108796268702,518.3764
2781,-27.08916941890493,-169.7767506018281,508.8706
2782,580.6797868045978,225.98300615046173,508.943
2783,259.6865991227096,-214.14152482431382,501.3868
2784,189.07534533448052,-123.86736765410751,504.7763
2785,46.60671155282762,-106.74079146701843,507.8866
2786,343.80883999180514,94.14396300818771,512.0343
2787,93.28521908342373,-90.24469051510096,507.6992
2788,450.48669470089953,-40.199745854362845,499.8574
2789,156.7964690400986,-25.27405085042119,506.7514
2790,13.783335830201395,-318.74437143746763,504.5791
2791,162.3983709665481,-489.64708186872303,507.2627
2792,495.60610514471773,263.31870427913964,506.2445
2793,-29.171982997329906,-380.2820901321247,506.1521
2794,395.082087717019,31.982329581864178,501.5562
2795,422.6785718315514,45.84466750174761,497.8562
2796,14.862952834926546,-473.4715558895841,507.9551
2797,223.99182478920557,-235.36830273550004,500.8489
2798,-35.76365595846437,-280.70959080476314,504.8343
2799,138.28993863693904,-167.1972506949678,506.2321
2800,471.4080974307144,-19.535169491544366,497.5648
2801,456.93421301047783,236.455344340764,507.4141
2802,327.3264672635123,12.225437405519187,505.5383
2803,239.8258850715356,18.945947577245533,511.7737
2804,543.2030715697911,185.64037481416017,507.7099
2805,15.811287773074582,-234.15071828942746,511.9143
2806,364.76653437432833,5.5780934961512685,499.9965
2807,536.2859274721704,158.48624014202505,507.6903
2808,118.33371193206403,-514.2896567313,517.4273
2809,98.1569854010595,-401.1682779826224,507.0998
2810,215.05101525748614,-540.9607606418431,505.9969
2811,494.25769167370163,115.77015309780836,501.5187
2812,241.47588250041008,20.911317906342447,503.6998
2813,172.57225224666763,-22.456482605077326,505.3294
2814,154.89552438887767,-668.4726532129571,512.2372
2815,98.37014734116383,-272.16248157341033,508.27
2816,498.53640489210375,10.379824013449252,500.1631
2817,439.2463063938776,160.25979922153056,508.7436
2818,517.5501505786087,255.1065141670406,512.5953
2819,116.2523638640996,-130.0113321300596,506.4556
2820,250.24553651583847,-221.8351017991081,501.5251
2821,275.34942867641803,-80.42050755023956,505.1699
2822,163.48695207061246,-198.33082939963788,502.8191
2823,161.90396743360907,-448.4135567797348,507.6625
2824,484.20522497885395,83.95128005836159,503.3647
2825,372.8908357244218,187.19899410009384,509.9519
2826,147.60056557436474,-666.1841504266486,508.5855
2827,64.01827609853353,-555.9542845506221,510.7426
2828,241.2398569099605,20.829256049357355,503.9449
2829,208.99780737876426,-561.3381205080077,506.5363
2830,-42.04528233455494,-238.6365440208465,508.2835
2831,498.6065031416947,10.740985135547817,500.6186
2832,19.263410555315204,-236.98730086814612,501.6898
2833,109.41859105101321,-120.56354399304837,509.5854
2834,194.45720195653848,-91.0961100673303,507.8849
2835,139.0541771905264,-506.8009008122608,504.785
2836,17.288200734532438,-122.70916129741818,509.8667
2837,115.18576994538307,-519.2054732432589,506.031
2838,5.6525446601444855,-453.9419461423531,507.8512
2839,17.52190797869116,-236.30778867192566,511.9247
2840,92.86434196308255,-90.74139825161546,506.8336
2841,154.94329239998478,-323.25655036605895,508.2607
2842,151.31501886539627,-453.66284687723964,503.0298
2843,367.45003016258124,168.83559674583375,509.0165
2844,58.86930967029184,-317.46107078995556,507.839
2845,419.7495182689745,149.00920774042606,502.6319
2846,89.13694676745217,-87.09987559914589,507.961
2847,284.6279964102432,41.52363265212625,505.9008
2848,258.63570991321467,-64.15513607114553,506.799
2849,250.34830442955717,-9.290002535097301,511.9995
2850,193.74360916751903,-607.7971399798989,507.5638
2851,122.03454785665963,-216.83433236274868,505.5451
2852,160.40446546010207,-216.26156729646027,505.7802
2853,21.362634321441874,-317.41770476847887,505.4725
2854,415.0695005173329,45.022492215037346,504.0841
2855,87.65091478568502,-158.471451215446,507.1922
2856,161.9510381007567,-20.88741099368781,506.5725
2857,538.1413866627263,163.7950195260346,507.9131
2858,149.70839065813925,-200.1890078196302,508.7639
2859,170.2406286621699,-18.84442660678178,514.6032
2860,46.73578986839857,-107.36003601364791,508.2255
2861,-32.360521302442066,-177.07425124756992,512.6028
2862,167.07329595694318,-15.116060717962682,506.6577
2863,406.68880146637093,250.60523234121501,508.059
2864,66.49695596005768,-529.742971662432,507.3117
2865,118.40228284965269,-216.73903831094503,508.3243
2866,232.93095474108122,-414.7643040539697,504.0679
2867,412.837981118937,42.97161298710853,503.97
2868,195.34768168872688,-76.96056621242315,503.8808
2869,180.6441355693387,-48.01919548492879,511.551
2870,-50.603776179719716,-224.9107534699142,508.5317
2871,232.50367205147631,-395.6652410645038,503.7114
2872,221.79858092672657,-350.5367800844833,504.9867
2873,187.80928160774056,-228.9102125922218,499.9792
2874,267.26898897613864,-82.24599466100335,503.5879
2875,126.25905664660968,-216.99478664342314,508.3475
2876,-32.20715196989477,-326.2820531250909,510.7664
2877,280.63353342330083,42.040911451913416,504.7136
2878,486.5293678934686,111.74167210049927,500.3244
2879,151.3947285336908,-665.2315434897318,508.6766
2880,418.9313425467117,53.41348376870155,503.1382
2881,373.35075863078237,-125.3958531152457,495.5032
2882,189.30009389843326,-43.0965960836038,506.3313
2883,108.23573517391924,-522.6325008822605,506.4462
2884,364.7664258875884,156.7695016702637,508.4446
2885,287.48739196395036,-190.83251071721315,500.8683
2886,437.79038036055863,265.97470629774034,514.0058
2887,238.55051864532288,10.432641603052616,504.7589
2888,529.3229692911264,207.46816130355,509.5769
2889,121.7627933077747,-54.073870436288416,506.6973
2890,198.00387818040326,-593.3266770048067,508.1195
2891,180.02766101562884,-228.45864999480546,503.2688
2892,454.3272961706389,234.30639118794352,507.1642
2893,368.9650410125032,159.46864731889218,509.3141
2894,403.54569630976766,31.268569347448647,506.6213
2895,451.37744593049865,171.4671358782798,507.0467
2896,588.2583675277419,217.0284787081182,508.0308
2897,31.664144330774434,-115.74713574629277,507.6112
2898,79.90057682199404,-585.9627929888666,510.2827
2899,144.3719219660852,-671.482255095616,512.7381
2900,210.1355249354383,-230.97788225207478,501.4278
2901,418.9313425467117,53.41348376870155,503.1382
2902,160.6490852170391,-404.5782927982509,508.2169
2903,103.16873387538362,-401.01838722173125,515.283
2904,108.81233404809609,-119.08698656223714,506.9773
2905,66.98692712036427,-120.5613200943917,508.7423
2906,256.8224768716609,-61.5803063493222,502.6245
2907,346.4648853421677,96.44002704881132,504.9421
2908,320.08564224943984,-165.26657318230718,500.5209
2909,164.56548423797358,-232.16955828201026,505.7638
2910,149.04455334239174,-197.6963511481881,506.3355
2911,288.75812198675703,-94.62944005709141,507.3266
2912,-1.827106659533456,-237.71251417975873,501.5465
2913,487.9393337590154,223.8608509749174,505.3596
2914,73.31110830930993,-549.8045379379764,507.3407
2915,46.68942570476793,-106.70287399645895,507.9472
2916,487.2771164528094,80.34489500243217,500.3164
2917,169.88609033171088,-219.66857984941453,503.3229
2918,-47.61709439812694,-211.1719531128183,507.8357
2919,167.65613090468105,-666.4977201195434,507.8068
2920,420.1069618985057,-83.14322652481496,496.7481
2921,529.504526248551,208.16880053654313,505.9571
2922,195.55387102882378,-40.417020740918815,512.7129
2923,159.34857609833125,-441.653794799,507.3398
2924,162.11502199922688,-291.0159149700776,502.5665
2925,383.3712369115092,166.46914631593972,508.3614
2926,34.8075523028383,-112.61110522970557,508.7311
2927,161.57105024636257,-488.6982555594295,504.5498
2928,154.77227509615477,-340.61696948390454,509.2939
2929,126.14949820842594,-141.7565186470747,505.9183
2930,460.505590425455,-26.853018809109926,499.9633
2931,258.65279211255256,-86.68789839558303,503.5861
2932,113.14163915568497,-206.39168321806937,501.6339
2933,129.18506590882316,-440.2074823882431,505.8691
2934,532.0710345805855,152.67419252265245,507.5625
2935,221.9153200709261,-344.0322104599327,504.5221
2936,197.70836817612872,-434.16926428768784,508.4175
2937,196.3775313376682,-599.2744936319068,508.0785
2938,89.89735576685052,-83.90969315264374,508.0662
2939,128.47495683154557,-307.1444054944441,516.371
2940,164.25940606975928,-133.20207055099308,505.2436
2941,159.25481154525187,-468.8923264192417,505.2407
2942,79.03936625190545,-582.8906995551661,505.5673
2943,274.71859554725233,-77.63440746907145,503.4076
2944,398.9806202776963,158.1204088330269,499.6628
2945,6.632124494877644,-318.65141247957945,499.5837
2946,52.15481581387576,-230.27713182382286,505.5092
2947,159.8755854148185,-470.97322827763855,507.7019
2948,90.24741966940928,-164.8699408788234,507.2664
2949,-40.369406944839284,-193.2567825075239,504.2079
2950,71.71948195446748,-91.54889580979943,508.9944
2951,176.86154034303036,-140.00586572196335,507.578
2952,217.668080288684,-417.86931118462235,496.2157
2953,455.2622014640365,265.773221090436,510.9858
2954,405.26246398547664,80.95780143886805,501.1462
2955,443.0499841668643,178.43327564373612,505.9987
2956,65.6134986334946,-530.0603219820186,506.9176
2957,428.4982615177287,68.82632374670357,503.4661
2958,194.58849297685083,-87.98443124070764,503.0185
2959,304.8871210201178,-122.89363368134946,509.8615
2960,416.5969201673288,148.78348203748465,505.0076
2961,431.25233332812786,71.161417205818,503.3438
2962,186.98927398014348,-626.8558392114937,508.78
2963,116.60613889363594,-213.1535579012707,502.6221
2964,485.4296823531622,1.6284497007727623,500.904
2965,164.3757518993225,-497.350110411644,502.9963
2966,343.34937375970185,-26.350417741574347,500.1218
2967,217.14257907762658,10.64469032920897,501.5638
2968,443.17469143122435,175.01558837853372,505.0513
2969,193.02260730939452,-91.75371686462313,503.0678
2970,512.0400682241889,145.88829973340034,505.2941
2971,452.31356692605186,202.05941768269986,511.3349
2972,109.76993328356184,-121.34735703188926,506.7789
2973,56.62890563090332,-309.80007392913103,509.5226
2974,-40.369406944839284,-193.2567825075239,504.2079
2975,161.04927282524295,-67.01251210086048,504.8938
2976,285.9216700058896,44.10813633352518,504.7694
2977,481.04425192950293,-6.876739042811096,500.0077
2978,56.78085869643837,-308.36799446772784,503.0754
2979,160.41865881648846,-307.87562333326787,504.1023
2980,214.17634154041298,-103.05590279214084,500.2692
2981,137.03306719253305,-262.7467175750062,502.8657
2982,327.928118844633,75.23337541986257,504.3889
2983,196.40646947734058,5.999188683927059,510.9874
2984,215.05101525748614,-540.9607606418431,505.9969
2985,167.15713480045088,-184.62438676692545,504.0802
2986,61.60310457693413,-388.0043553970754,511.1449
2987,33.598184266127646,-219.98137117736042,505.9146
2988,160.46800836350303,-310.66328014433384,504.2909
2989,167.15713480045088,-184.62438676692545,504.0802
2990,480.6343477558112,160.8667011326179,505.529
2991,234.30569733399898,-376.71740317344666,501.9628
2992,84.27667995169759,-153.46912505012006,507.6742
2993,109.36555213318206,-114.4096831670031,509.576
2994,510.82121373992413,32.92948796786368,501.594
2995,150.2869860243518,-197.1282562687993,508.5558
2996,46.720883480855264,-106.78482465818524,508.0331
2997,232.93095474108122,-414.7643040539697,504.0679
2998,407.01545852201525,79.1249754615128,501.181
2999,157.45939964149147,-122.39481323957443,505.5634
3000,354.0395839463454,115.55399015918374,512.4112
3001,195.49989622691646,-88.89178184233606,505.8351
3002,42.53825397789478,-154.12717662658542,506.0729
3003,328.78395276446827,74.44366905093193,506.7648
3004,48.17585610714741,-236.04581342451274,514.8582
3005,-28.361637896858156,-365.24153076764196,512.4711
3006,168.2953098847065,-168.37158031389117,502.976
3007,-5.326305190566927,-237.8113664695993,501.3403
3008,430.3371075685136,139.60400725807995,502.3411
3009,3.1086575814988464,-448.7310182955116,507.8958
3010,104.59791155077983,-524.1590960305184,507.0926
3011,482.70449738611933,109.3597655761987,504.1739
3012,437.68584559927694,265.9117699684575,514.0503
3013,458.9914568726672,-34.85316019691527,495.3092
3014,97.00924208422657,-230.85223198588938,506.3584
3015,236.8915012931684,-247.22979914583266,500.493
3016,158.53978687303606,-497.2435856712982,503.951
3017,130.0055444057798,-152.85188201256096,506.2301
3018,-30.140092218643986,-376.84683406632394,505.0643
3019,401.277660159627,158.8928799899295,508.4955
3020,150.28761841706,-444.28722424805164,502.7474
3021,339.5439136971254,-29.058236594311893,500.4105
3022,154.9809833620675,-324.52572925947607,508.2746
3023,-13.969600107055157,-148.8729939525947,510.4026
3024,46.36981982388534,-107.73465172201395,506.8154
3025,25.042672357987612,-118.71148129552603,507.8422
3026,166.83210387069266,-215.01573933754116,503.4158
3027,115.26350607036147,-637.8780363146216,508.6347
3028,102.3547043025028,-401.1119021549821,515.8098
3029,-27.472131658927538,-377.21733556315303,506.7239
3030,-18.596635155379772,-324.1731301471591,510.6895
3031,152.52139627956785,-667.5189343262464,512.3462
3032,2.1034400386270136,-457.4412504835054,505.541
3033,476.42481446941383,106.28822811692953,500.1246
3034,134.01855511486065,-510.2093588989228,507.6719
3035,153.41226205148268,-396.6082852371037,507.3441
3036,346.5822919195052,100.30071490257978,507.0464
3037,465.7641454297118,-26.186071639880538,497.1934
3038,362.6630769742187,147.52875848580152,508.5749
3039,220.9436751307221,-351.1992794563994,503.4967
3040,55.79912972787861,-297.52849062904716,508.863
3041,159.8755854148185,-470.97322827763855,507.7019
3042,52.990460020373575,-266.04475909937173,509.4776
3043,221.9153200709261,-344.0322104599327,504.5221
3044,345.68738231342286,12.33207334112376,504.8262
3045,405.37515737314243,-91.68889022246003,500.0209
3046,164.88991908147,-213.6889614732936,503.5334
3047,15.45605054218322,-183.25935784727335,507.4229
3048,275.99202610203065,39.27638318575919,506.2939
3049,542.2953545078635,192.30361959896982,502.3016
3050,27.562875147210434,-118.90562763717026,506.9209
3051,125.16271152731497,-440.0610386701301,508.5758
3052,100.08304127806332,-619.9718724982813,502.388
3053,375.70614232018124,207.65018739923835,513.528
3054,8.296805365709588,-470.38700862415135,504.7212
3055,214.05216765985824,-106.89468524605036,507.3608
3056,426.6493841558695,-76.47542274836451,495.0026
3057,90.37106833897997,-86.58470950461924,506.9825
3058,-6.39276759326458,-236.91024278383702,512.3704
3059,460.5026946251746,107.00576897803694,504.6037
3060,346.6512490104651,-25.778542232699692,501.2433
3061,116.60613889363594,-213.1535579012707,502.6221
3062,108.8077145476127,-119.10866957250983,507.0064
3063,261.90323787543457,-212.17793361563236,501.3943
3064,262.46650959562976,-22.277903552167118,506.2519
3065,462.51212652167305,226.8869097083807,505.9688
3066,301.2635328747565,54.282583315856755,504.7351
3067,157.45939964149147,-122.39481323957443,505.5634
3068,-47.64822114317212,-234.8267834438011,514.0789
3069,316.5017707416555,-136.16030037868768,501.984
3070,142.8790251542814,-171.3690619515255,505.3223
3071,145.25689426017925,-670.6759806834161,512.5473
3072,446.42779048345983,146.25335267744958,499.5605
3073,222.11616712866817,-266.2047685980797,503.8798
3074,452.42196402407717,209.22770982421935,508.0078
3075,227.6377819479676,18.284337763674557,506.3439
3076,273.6324988458073,37.9373738784343,506.2334
3077,114.74515483621508,-127.93387731630355,505.8889
3078,231.66219464305323,-461.26491042785347,503.3616
3079,254.286741000833,-218.31033381912857,501.4838
3080,354.6863440865418,-18.255871860310435,506.7152
3081,246.92888033553027,24.93568469118327,505.5687
3082,387.2373736659065,230.97521357610822,508.2166
3083,271.31275985518005,-206.79921262338758,498.5378
3084,31.307059554150328,-216.34107166808099,508.191
3085,187.52060194592923,-224.0209716670215,501.8567
3086,278.36852705164347,41.25898872781545,506.3978
3087,308.7002777780872,-126.49979634676129,508.5654
3088,197.32438508351333,-55.155129903927445,503.1822
3089,205.60525840055197,-27.380416345782578,513.7065
3090,-31.90808236110024,-366.6253516310826,505.134
3091,101.39553245727438,-72.30950482096523,507.8113
3092,443.65665263473056,-48.0851340778172,499.8304
3093,287.91336352413055,-93.39117335435003,504.7918
3094,392.1381212937413,159.67658183258027,505.155
3095,222.97898765455466,-301.2295025680214,502.7795
3096,298.3723305274034,-109.76851812377572,506.3837
3097,196.78099063353147,-601.5331961764023,507.8138
3098,119.6487182873534,-309.03316251933575,505.4161
3099,498.7104039991973,10.593318272382021,500.6262
3100,435.90328226203565,152.01836484484375,505.4416
3101,401.01255757478066,161.63172222673893,506.9197
3102,236.8915012931684,-247.22979914583266,500.493
3103,-29.173098334111273,-173.25537268724293,508.9626
3104,163.9602251345059,-670.6501834597439,507.719
3105,122.62734047311824,-267.01671395264566,504.1992
3106,234.61309851519763,-371.7180792717263,501.8623
3107,248.06337688164786,25.469309143722057,506.4974
3108,354.6863440865418,-18.255871860310435,506.7152
3109,-11.0237612365745,-144.09083374217153,510.3035
3110,-18.11658019432798,-154.5238089300692,509.3878
3111,46.29451402626,-107.49258036538959,507.0513
3112,430.7210787134245,59.56967968773097,504.0901
3113,132.17246549308766,-153.95582524407655,504.949
3114,58.14799758431036,-309.2110744025558,503.6227
3115,187.52060194592923,-224.0209716670215,501.8567
3116,427.4135246805381,64.94195137359202,500.3957
3117,79.17555558856111,-531.9808807549998,507.8475
3118,527.8865949120373,210.7844387954101,504.3939
3119,257.6976832988439,-63.339632478542626,512.9694
3120,279.33685594866984,-75.45431973598897,503.3846
3121,62.22751164715737,-345.7718550879508,503.7298
3122,285.9216700058896,44.10813633352518,504.7694
3123,25.66114283131901,-122.87562010250986,508.4802
3124,229.84375246264972,-101.0458321031183,500.1928
3125,134.01855511486065,-510.2093588989228,507.6719
3126,36.32650484738406,-113.68958482332528,506.8512
3127,451.11664939066395,133.3562979158014,502.3162
3128,91.86278450489044,-81.5747108887881,510.7569
3129,145.0912369505968,-670.8861390948296,512.562
3130,155.1982373528881,-320.2686314927414,508.511
3131,287.946286805789,-191.43952382076532,501.1775
3132,152.52758659410756,-502.84236142318696,507.1441
3133,180.56701366428751,-223.48434495087713,503.0137
3134,485.11707961710636,-0.9387075696140528,498.1126
3135,0.43417339713778347,-237.45198446698487,501.9675
3136,371.4712108139647,188.1163522452116,509.3732
3137,452.42196402407717,209.22770982421935,508.0078
3138,527.8865949120373,210.7844387954101,504.3939
3139,183.88716729718726,-103.70239009708166,505.4467
3140,512.2081476978492,141.97924208734185,507.8218
3141,278.126662782277,-79.04280240926892,503.754
3142,539.8755944727454,182.22424427699298,502.3201
3143,198.74160993436817,-590.6762347342446,507.867
3144,213.32853567192797,-547.9248988972977,506.0534
3145,129.33547033078503,-395.9654673645273,505.0221
3146,305.61642846406903,54.86246485821903,506.5463
3147,391.04091960180085,93.85207632742822,501.3143
3148,246.10067254386377,24.25283664651215,506.5348
3149,439.2429976077983,-53.203881330788136,499.7999
3150,100.08304127806332,-619.9718724982813,502.388
3151,47.90103561140131,-165.4977474361658,506.3386
3152,145.2207415140001,-670.6755359033123,512.6715
3153,93.0896967544686,-92.74112781323493,507.9738
3154,164.3382960264571,-201.77075565047562,507.3997
3155,372.0519961877726,187.88106378074735,512.9187
3156,229.86180768185295,19.22504684329033,506.9411
3157,482.50653433066327,267.65030264668167,510.0533
3158,492.0965055585839,8.135354419238865,501.0797
3159,147.95216641644947,-437.37256773468107,508.0703
3160,403.8117030306021,-99.49521885160357,496.866
3161,108.79678906232584,-119.11111586075276,506.9519
3162,248.06337688164786,25.469309143722057,506.4974
3163,243.13813736778684,25.327646808698773,505.141
3164,461.34518814703915,114.07999021280557,514.1351
3165,108.80478153144941,-119.07709021307528,506.9904
3166,125.19297451584134,-139.98084686230868,509.0038
3167,165.9522822861327,-74.20359920151532,504.6611
3168,122.31977291905787,-54.66020128503442,506.0394
3169,229.10356298682746,-469.53848013840616,503.6567
3170,-26.46150075632613,-302.95602619368583,508.1112
3171,100.62939212680794,-525.7628604583442,507.0114
3172,-15.086273917928338,-152.24542488250881,507.1168
3173,-1.7430322208674625,-134.94026964437217,508.1506
3174,-37.63618269120343,-259.9206985132769,502.9085
3175,104.06304129981436,-69.49571720324457,506.4853
3176,160.40512540389318,-216.2612337116152,505.78
3177,437.80159891885705,265.9834906961769,513.9505
3178,42.72382564924192,-233.79711842350662,511.2894
3179,34.889915776089765,-222.72232611943036,508.5092
3180,200.42211839766242,-496.4911296032369,504.2347
3181,116.60613889363594,-213.1535579012707,502.6221
3182,181.38612937147263,-642.0155995348468,511.374
3183,139.30215897783637,-167.00032447930425,504.5744
3184,538.9734523270745,246.4963574120775,508.0277
3185,328.3037772637326,-157.93071028776467,500.6561
3186,392.1381212937413,159.67658183258027,505.155
3187,151.97736219968647,-263.57000481151044,502.9148
3188,57.70392636349425,-273.28454957716167,509.3454
3189,166.72207904967945,-357.4722300497815,505.7758
3190,175.08418968273327,-26.97633398231119,510.7507
3191,33.598184266127646,-219.98137117736042,505.9146
3192,41.25897688791156,-109.90495429933071,507.6213
3193,254.18654395930935,-19.421083497814834,511.8776
3194,141.86799800896551,-507.3052809983492,507.8265
3195,46.720883480855264,-106.78482465818524,508.0331
3196,66.47064967337064,-564.6585122132674,506.6518
3197,50.97323711425997,-537.610902281478,507.2052
3198,46.66552072833292,-106.70198443811387,507.9237
3199,-25.541753071476705,-238.37734864652157,506.786
3200,439.72554817283526,-59.56045050639659,496.6545
3201,-44.02639964048285,-208.35894385911524,514.2842
3202,205.59445598896127,-37.085287153720856,504.89
3203,-49.19365288421977,-221.6341725671664,513.8843
3204,410.4541358225979,74.61068383045495,501.2701
3205,242.78040560602676,24.312881907448173,506.1369
3206,218.9231750126928,-395.42772870045155,499.8923
3207,118.27771172195207,-65.46023092418909,505.5858
3208,172.95180714444723,-155.14549976494163,507.1287
3209,248.06337688164786,25.469309143722057,506.4974
3210,194.59087800234556,-73.84243808034807,502.0879
3211,541.1069879584247,178.64421241916716,508.8098
3212,251.37360738241114,27.25598922558129,506.5034
3213,159.85179865919054,-668.2934069903567,509.7922
3214,110.6771286566509,-116.45489145349711,509.5014
3215,120.88875802862458,-135.31688685994595,505.6924
3216,357.9455960384803,128.70712683722377,512.764
3217,152.52758659410756,-502.84236142318696,507.1441
3218,500.3430700007593,261.32875987142324,509.3097
3219,560.1141702424502,238.37012097798288,510.481
3220,-41.324786708690226,-245.36917443946004,500.6002
3221,207.43366693612188,-32.87911666370928,518.1794
3222,372.73913174832705,193.4833977697417,509.5815
3223,309.8893503753934,-54.82910637836903,503.6511
3224,-37.79181397333741,-188.57314100209624,510.4078
3225,256.9857032846194,-50.11866689659655,514.9863
3226,74.4834413214121,-533.2808606429026,508.1444
3227,100.99292395648081,-71.37858089618385,506.7766
3228,197.32438508351333,-55.155129903927445,503.1822
3229,148.07758374488913,-106.71310393046588,508.727
3230,257.51307879562955,-65.63569651916623,507.8219
3231,108.80324169795495,-119.09554857201874,506.9674
3232,486.56231565901544,82.4696076605469,500.2651
3233,498.500255899271,9.637375488877296,499.6207
3234,198.8356153925415,-47.89132132008672,512.2826
3235,198.00576642691158,-280.0436443891376,502.3555
3236,144.27167692757212,-671.4468951094896,512.9206
3237,56.57915610168129,-306.0867193536833,507.4966
3238,-34.61408456717618,-240.4737065974623,514.7983
3239,555.1687565883622,231.68697230145335,508.9009
3240,423.07876516121905,260.9177834233269,507.8329
3241,257.2798411779804,-24.424521611072123,505.8329
3242,109.15654493379407,-521.8650334989652,507.1238
3243,258.65279211255256,-86.68789839558303,503.5861
3244,543.5080955900485,188.39912094455212,508.6924
3245,271.6552917297231,35.92696960456669,505.5001
3246,65.65809210867155,-116.78358365781605,504.0452
3247,-29.58161077427212,-324.52372774947435,514.1114
3248,228.51448135415558,-486.37572712730616,503.6752
3249,437.7989592580125,265.98015484865755,513.965
3250,161.20426206639968,-384.2043799739331,508.1032
3251,148.8014782514656,-198.07585943304002,505.954
3252,587.5624264484504,218.17667751852423,508.0958
3253,108.80970600235742,-119.09743888583034,507.0416
3254,428.9557182767894,55.37551824841648,504.282
3255,164.25443118996918,-230.39166259858757,503.0621
3256,222.98694435018115,-257.84202055446804,504.1198
3257,268.40522730338853,-75.61722030490637,502.9636
3258,156.15838402102236,-248.35553658381104,507.7891
3259,248.840994192753,24.78501556441188,505.3673
3260,108.8976080045104,-118.4324932238087,507.0616
3261,144.00053855404258,-173.8927420070395,504.3858
3262,93.37415242800489,-402.26566071342677,508.2781
3263,371.27554640488233,34.634106191806495,502.2011
3264,326.280112087843,70.27563842013478,505.8528
3265,94.00623216177337,-170.06285514775664,502.5275
3266,118.26579970191233,-55.57188848871738,504.9042
3267,48.17585610714741,-236.04581342451274,514.8582
3268,167.15713480045088,-184.62438676692545,504.0802
3269,0.3231478137895465,-156.62617140822113,505.0524
3270,51.83593200868927,-102.6871804157272,509.1656
3271,65.30370300111827,-540.8304401878268,508.2737
3272,164.3757518993225,-497.350110411644,502.9963
3273,101.18268300569616,-310.96283927746117,506.5223
3274,94.59383922396228,-78.33916091360152,508.0107
3275,46.524024392827414,-107.33590671326965,507.7934
3276,345.0496026930632,-145.90019758790731,500.0316
3277,43.114180324133486,-399.9888333948329,506.8273
3278,165.33760048041586,-73.37931121140718,504.7161
3279,93.95535516017117,-170.46704870648682,505.7607
3280,108.80720126989763,-119.07786857895553,506.9775
3281,19.401208666269667,-123.68867740686983,512.2697
3282,457.4118428748334,236.3877378255129,508.5121
3283,-32.91693829896394,-178.06822269782424,509.516
3284,-51.9338490315713,-219.82603186462075,507.122
3285,129.18506590882316,-440.2074823882431,505.8691
3286,-28.958415496745147,-181.10706884786487,507.8141
3287,459.9110233458923,265.76488147024065,510.8703
3288,197.89153900602832,-37.17946925573051,513.6604
3289,216.16305740585085,-462.21751736383885,506.678
3290,304.7984099314781,-60.36894881911576,503.5749
3291,67.29425098060165,-272.06340689305216,508.6255
3292,-16.61186806403566,-324.51894636824727,510.0529
3293,122.62734047311824,-267.01671395264566,504.1992
3294,17.29477157560177,-321.5578254722059,510.2198
3295,233.05980168120004,-304.5333262272179,500.9975
3296,-30.03095444967039,-173.46808858122677,512.0847
3297,95.75469187530689,-175.78272217418998,507.0029
3298,170.42969835572876,-164.43505752179772,507.3078
3299,591.2321751699783,217.14645652472973,509.3563
3300,130.04792987159453,-45.24354772735387,506.2421
3301,169.9774642098928,-489.68533292319626,510.5418
3302,189.07534533448052,-123.86736765410751,504.7763
3303,-11.887931782286614,-323.9345058342442,509.9905
3304,92.27848920575343,-529.8996453136206,507.0675
3305,235.92318620497826,-308.4490555692464,501.4599
3306,-22.867441941634752,-165.30171077977866,508.2664
3307,33.76737284834962,-218.26930289249867,503.4966
3308,279.7530380897224,-81.63575690425932,504.1542
3309,154.9854584800778,-496.0111011052504,512.6757
3310,398.8773714536801,-101.70877625606954,499.2283
3311,194.56935522390995,-88.1677916739136,503.0679
3312,-20.866850054706447,-402.8850164562464,506.6395
3313,358.29964408488013,-17.882479296065867,502.7669
3314,-31.107511814450845,-325.08559571392834,513.0744
3315,530.2824105854379,152.92727217357606,504.7382
3316,108.80808117473498,-119.0809820368886,506.9792
3317,206.05638273304794,-112.64513087738305,502.2817
3318,461.9027136230143,227.21904895361513,506.0649
3319,555.1966248133685,238.92620680574328,504.3787
3320,364.16974754887633,45.54444120079279,500.0316
3321,382.52228075498715,154.82481359690428,508.5181
3322,228.51448135415558,-486.37572712730616,503.6752
3323,67.92812944902107,-202.29848677199334,507.6073
3324,164.88991908147,-213.6889614732936,503.5334
3325,353.6480291445041,-134.5197304310277,500.8192
3326,139.57701196242124,-502.1937614157796,506.9155
3327,-36.268996589118615,-328.8089578328654,503.3133
3328,68.11393146961927,-421.5448594847694,506.9344
3329,156.11959368386306,-239.2084195278585,507.6718
3330,195.80837828002404,-89.59798082150519,506.4373
3331,106.28579134494066,-68.10433508548886,507.8254
3332,238.82997834368143,-286.5710089718923,500.308
3333,267.89804004563484,-75.65613852906972,502.9733
3334,199.78750822262373,6.468653663061559,510.4355
3335,-40.230542480479926,-191.7911221794784,509.9003
3336,304.4331791328732,-60.75490640942007,503.5774
3337,-24.62808323279023,-316.83849039580673,510.4718
3338,487.51677204144653,80.52069418225437,500.1373
3339,-16.302057034918107,-413.67225867975503,506.9108
3340,485.8975430909777,83.127436847426,500.0793
3341,543.9547033588169,191.3370021013543,509.0559
3342,-15.105078409658745,-152.87512175086886,507.381
3343,211.04249698412605,-554.8765833219513,506.4119
3344,164.37672526657116,-481.30824073404074,506.9605
3345,264.39922924444545,32.31769348029047,505.4194
3346,464.1988649000414,107.64380546845496,502.0594
3347,99.92644671502057,-181.60855796653777,505.5498
3348,46.36981982388534,-107.73465172201395,506.8154
3349,193.71408394654281,-97.60890811681747,507.6281
3350,245.59927091293503,-94.41249875444919,501.8674
3351,574.3969088611193,230.25867346860468,507.9061
3352,150.94862533314154,-434.35685012768954,508.3586
3353,-33.096640899661,-305.7683682786301,503.6199
3354,6.5798962322296575,-466.6646472597495,505.0614
3355,228.85068056627642,17.831885606981814,506.751
3356,82.67243276489899,-590.173300081864,510.2936
3357,397.41812293732073,-106.0335917333141,495.2147
3358,440.42807988333516,166.17336781136692,505.3686
3359,500.42638687905855,157.14967712387443,507.2885
3360,138.9316941748839,-94.5101279001683,504.7002
3361,149.80041963851545,-31.515422083437443,509.4102
3362,159.48688118520658,-444.5673242677003,507.457
3363,189.8318154931767,-620.124987911433,509.9785
3364,542.8163361761253,198.06807579007,502.4719
3365,109.32634880265687,-120.07450870610774,511.1455
3366,246.10420827858616,-3.59937977604568,508.8621
3367,112.81531369348522,-640.5309248762205,503.8416
3368,52.5815391036449,-317.18953277822584,508.5395
3369,179.60653340851422,-32.21861879900098,503.3507
3370,439.2055318353232,266.14272183179855,513.9568
3371,490.2587373270653,115.2867887513712,499.3217
3372,165.9522822861327,-74.20359920151532,504.6611
3373,119.20375016273465,-644.2967634554952,508.9217
3374,108.81255402439274,-119.09710530005395,506.9929
3375,89.06550455302931,-83.00701273977757,509.2618
3376,448.12053623597603,75.8303809799254,503.9825
3377,114.89730591105763,-209.42396886646748,505.3684
3378,68.82116710441187,-227.96994829177856,507.4875
3379,84.27667995169759,-153.46912505012006,507.6742
3380,164.7468679305166,-204.8757627811283,507.6424
3381,498.22294511960354,113.80800742190331,501.621
3382,117.14723796746694,-642.043843046762,506.7902
3383,85.70256781659555,-595.1173601038754,510.2144
3384,-10.25291145814117,-431.401733757928,503.4852
3385,149.80041963851545,-31.515422083437443,509.4102
3386,109.22992705635261,-119.70311765093356,512.5743
3387,56.82416959409602,-101.63027263898402,509.002
3388,129.91278668062296,-80.7406377447769,505.2798
3389,300.20137099234853,-62.74707471486181,503.0749
3390,166.39468120620586,-136.47064541932195,503.5196
3391,-15.105078409658745,-152.87512175086886,507.381
3392,196.59701262996532,-598.7577708084136,508.148
3393,195.85129086230882,-599.8090076446533,508.5025
3394,162.67470789933577,-70.79758740309626,506.1378
3395,160.5715045555262,-293.1024877689779,504.6316
3396,-32.04989931953605,-364.49029784463346,505.3201
3397,149.95571819285396,-201.864159389399,508.7137
3398,444.9767809890909,172.16955422982574,505.4003
3399,235.76406264712568,-315.92602482717484,501.5387
3400,119.26515457057394,-517.0151555780321,505.8706
3401,93.37415242800489,-402.26566071342677,508.2781
3402,90.32373467308935,-85.53714210074395,508.0219
3403,37.274083617841825,-233.4580850917846,511.0251
3404,200.8480266625993,-584.5975416796282,507.7496
3405,486.5293678934686,111.74167210049927,500.3244
3406,407.52234636363573,-97.58533479273319,495.0723
3407,66.10465786512941,-228.1312921307981,507.5718
3408,54.72115442866925,-317.1657370645553,508.0946
3409,552.4444227355998,225.95498502906412,508.6387
3410,79.03423208452296,-584.2535045761615,509.8648
3411,172.30398290336598,-224.9587896792218,500.9024
3412,452.595438130782,269.1680022003129,507.1999
3413,-46.82703884795774,-237.43330371845514,505.1546
3414,253.0562580843689,28.77635745704174,505.5255
3415,476.58849448291585,102.96427817549556,513.4787
3416,224.10737031477038,-274.24516254942864,499.2232
3417,202.04598042485304,-496.8820909662172,504.2235
3418,330.55014802364167,-147.3520697457716,501.1551
3419,163.57750978146214,-199.89078302588314,502.8745
3420,28.712272410746664,-209.17700493521988,503.6665
3421,257.6976832988439,-63.339632478542626,512.9694
3422,222.29303573141806,-282.8329691234976,505.1966
3423,219.82790501404088,-401.06820254959166,508.6113
3424,542.893683503964,189.70732925552875,505.7322
3425,195.2932222817326,-431.55896338354796,503.9298
3426,10.2424815853592,-237.10750258434564,512.8215
3427,206.7965791823808,-519.7165251271799,503.2517
3428,245.89560033904854,-87.77760867774487,498.8944
3429,203.15680642949883,9.429218586534262,509.6074
3430,259.8501946586184,-23.180583966895938,512.7255
3431,398.3749401869718,26.618619904853404,509.1977
3432,557.5482257676776,236.43032548204064,508.9541
3433,376.55744352785405,169.03574761282653,508.7772
3434,192.3932475670008,-612.1300726858899,509.2683
3435,531.3867496782914,206.67767657060176,509.4904
3436,154.88020188559312,-325.9402399221435,505.0864
3437,145.10641670401674,-670.8376581063494,512.6701
3438,167.79982584225945,-226.65395633503795,503.3967
3439,61.51166309870314,-405.65577163826674,505.1823
3440,55.37096946826205,-294.55502709560096,508.8702
3441,114.89730591105763,-209.42396886646748,505.3684
3442,509.3239672657801,125.20493142865598,500.9533
3443,72.56955228035804,-275.1380578102544,508.9663
3444,196.1090678612236,-49.778521615080535,503.5991
3445,217.41700268082786,-425.9521815991029,495.6236
3446,461.88257461134344,104.1854208605364,499.283
3447,108.81827340601012,-119.08698656223714,506.979
3448,160.42639025859535,-216.22798642888665,505.616
3449,394.32574342703447,-106.7971672937274,497.0813
3450,187.5633324838709,-493.09089994151145,509.2832
3451,-39.12762598146219,-237.7493196995929,508.4969
3452,198.83437293383759,-590.3865719493479,507.8438
3453,-19.84475267480593,-239.0127164563164,500.8969
3454,162.41829681047238,-129.754916629754,504.3415
3455,199.66375971212983,7.273037764243782,511.0289
3456,415.07160522183403,256.77799630444497,507.9895
3457,100.08304127806332,-619.9718724982813,502.388
3458,80.07334394112695,-531.9450759897009,507.7088
3459,403.54569630976766,31.268569347448647,506.6213
3460,163.44423335103784,-242.97459169384092,502.6252
3461,9.652420357102528,-237.05179392639548,503.3598
3462,491.5705481941113,69.72644667699933,500.9915
3463,155.08196141920052,-672.3253350295126,507.7983
3464,90.59041229588911,-603.4028276726604,509.7078
3465,378.04023908101954,210.06156057771295,510.6705
3466,165.32274385448545,-175.02904296293855,502.9405
3467,109.35399214725476,-120.23685329873115,510.506
3468,517.2890386299696,152.3465010728687,507.1923
3469,89.00068532570731,-82.88636624347419,509.3417
3470,235.09838596486952,-318.51419794000685,502.0122
3471,253.21588788891677,-78.930050753057,508.6745
3472,63.34913204971235,-554.6893310640007,510.7254
3473,192.82631704735104,-435.6697286274284,509.8633
3474,27.689185175928287,-235.18850053939968,512.2115
3475,159.3211630199803,-324.3940744660795,505.9463
3476,232.50367205147631,-395.6652410645038,503.7114
3477,160.63896576070692,-405.24401682429016,508.1563
3478,-15.362061705091037,-419.03997137304395,506.0939
3479,50.80400958226528,-103.20457040984184,509.3284
3480,50.056236519361846,-168.10215500742197,505.6328
3481,131.4672545742942,-152.9238251298666,505.5614
3482,157.45939964149147,-122.39481323957443,505.5634
3483,-38.0011019713711,-237.89743134379387,508.5043
3484,147.98073005967308,-182.2469280399382,504.6729
3485,259.8501946586184,-23.180583966895938,512.7255
3486,498.42852119752206,262.341412069276,513.1401
3487,155.13450331287459,-311.88831465132535,506.6477
3488,253.0562580843689,28.77635745704174,505.5255
3489,367.5053888660623,168.05545313935727,508.8585
3490,171.76998183049727,-220.4211471118033,503.5241
3491,72.70257979782764,-129.65851062815636,503.6747
3492,-38.6592981411377,-238.3016249006614,514.4987
3493,165.36279946542345,-134.97952145244926,505.1056
3494,364.7785242131213,156.99578334577382,508.4543
3495,55.33754972543102,-306.27864179667085,500.8384
3496,273.34722271573264,38.89209351874888,505.6273
3497,551.7441452399362,241.02512224111706,508.0162
3498,576.5334317135857,228.32477130461484,503.1025
3499,194.42600538826082,-88.44833647459745,502.9103
3500,143.57534564705566,-268.21561765205115,507.2339
