,x,y,z
0,-14.723605988547206,-416.654395416379,506.9515
1,-14.723605988547206,-416.654395416379,506.9515
2,77.90241973707452,-446.25237218663096,507.4514
3,446.9898092603544,-50.204509378410876,496.7562
4,141.5004264259478,-215.09857955761254,505.3772
5,141.5004264259478,-215.09857955761254,505.3772
6,382.7627907580463,162.64659832324833,506.3204
7,531.3867496782914,206.67767657060176,509.4904
8,486.34842514328193,263.2561015356332,510.303
9,36.32650484738406,-113.68958482332528,506.8512
10,262.6620563220931,-36.83854561112821,506.4343
11,468.4655269793002,229.39680159185082,506.7071
12,439.2055318353232,266.14272183179855,513.9568
13,450.8460199892288,128.7079052021727,501.446
14,439.2055318353232,266.14272183179855,513.9568
15,260.4599604464602,-82.30348243843764,511.0492
16,418.73457501165103,59.05762705113739,500.1858
17,360.4791898060357,137.7352653220296,508.1549
18,360.067498262506,-2.696143385954201,500.6576
19,90.0451102447696,-81.39290718454868,506.188
20,53.8612194203306,-541.9966525770724,510.8166
21,53.8612194203306,-541.9966525770724,510.8166
22,443.3859252255643,-55.894909750670195,495.081
23,372.39251016639173,189.47470946982503,512.9426
24,580.6797868045978,225.98300615046173,508.943
25,366.5993496446172,39.79399556852877,500.3654
26,372.39251016639173,189.47470946982503,512.9426
27,439.2055318353232,266.14272183179855,513.9568
28,439.2055318353232,266.14272183179855,513.9568
29,468.51839587965515,112.29675717372447,491.0398
30,359.46610387112014,134.1267675627023,512.8392
31,462.44063506799284,270.09581266809255,506.8416
32,509.66437973838765,163.5954246316105,483.3587
33,462.44063506799284,270.09581266809255,506.8416
34,462.44063506799284,270.09581266809255,506.8416
35,372.39251016639173,189.47470946982503,512.9426
36,366.5993496446172,39.79399556852877,500.3654
37,372.39251016639173,189.47470946982503,512.9426
38,366.5993496446172,39.79399556852877,500.3654
39,509.66437973838765,163.5954246316105,483.3587
40,-17.841214218409732,-412.36716382578015,510.4344
41,402.3379429617198,246.69139331392944,514.083
42,509.66437973838765,163.5954246316105,483.3587
43,509.66437973838765,163.5954246316105,483.3587
44,462.44063506799284,270.09581266809255,506.8416
45,510.01517848914955,125.26264159567654,509.5707
46,366.9897097114008,166.74646646343172,508.792
47,509.66437973838765,163.5954246316105,483.3587
48,509.66437973838765,163.5954246316105,483.3587
49,360.19516518036835,135.4513215282932,507.8185
50,463.4660674916813,269.7298701647669,513.7228
51,356.93365947087295,125.17735508549958,512.669
52,463.4660674916813,269.7298701647669,513.7228
53,463.4660674916813,269.7298701647669,513.7228
54,463.4660674916813,269.7298701647669,513.7228
55,360.4791898060357,137.7352653220296,508.1549
56,463.4660674916813,269.7298701647669,513.7228
57,463.4660674916813,269.7298701647669,513.7228
58,463.4660674916813,269.7298701647669,513.7228
59,463.4660674916813,269.7298701647669,513.7228
60,360.4791898060357,137.7352653220296,508.1549
61,434.5332739155274,139.40341161191463,505.6576
62,463.4660674916813,269.7298701647669,513.7228
63,376.54337614844553,161.63294537179172,509.1787
64,463.4660674916813,269.7298701647669,513.7228
65,463.4660674916813,269.7298701647669,513.7228
66,360.4791898060357,137.7352653220296,508.1549
67,434.5332739155274,139.40341161191463,505.6576
68,462.44063506799284,270.09581266809255,506.8416
69,463.4660674916813,269.7298701647669,513.7228
70,463.4660674916813,269.7298701647669,513.7228
71,463.4660674916813,269.7298701647669,513.7228
72,534.8635235781549,156.77283751778305,503.9387
73,463.4660674916813,269.7298701647669,513.7228
74,463.4660674916813,269.7298701647669,513.7228
75,517.5501505786087,255.1065141670406,512.5953
76,108.58183621207718,-442.2146620089188,508.5243
77,307.34887901332695,-122.92988322582096,503.1197
78,462.44063506799284,270.09581266809255,506.8416
79,463.4660674916813,269.7298701647669,513.7228
80,462.44063506799284,270.09581266809255,506.8416
81,463.4660674916813,269.7298701647669,513.7228
82,463.4660674916813,269.7298701647669,513.7228
83,462.44063506799284,270.09581266809255,506.8416
84,463.4660674916813,269.7298701647669,513.7228
85,439.2055318353232,266.14272183179855,513.9568
86,420.1069618985057,-83.14322652481496,496.7481
87,463.4660674916813,269.7298701647669,513.7228
88,463.4660674916813,269.7298701647669,513.7228
89,529.504526248551,208.16880053654313,505.9571
90,463.4660674916813,269.7298701647669,513.7228
91,462.44063506799284,270.09581266809255,506.8416
92,463.4660674916813,269.7298701647669,513.7228
93,462.44063506799284,270.09581266809255,506.8416
94,463.4660674916813,269.7298701647669,513.7228
95,534.8635235781549,156.77283751778305,503.9387
96,462.44063506799284,270.09581266809255,506.8416
97,152.72820913535543,-349.2819453375414,504.0745
98,463.4660674916813,269.7298701647669,513.7228
99,152.72820913535543,-349.2819453375414,504.0745
100,463.4660674916813,269.7298701647669,513.7228
101,463.4660674916813,269.7298701647669,513.7228
102,496.3840205029119,221.37475480418652,504.9429
103,496.3840205029119,221.37475480418652,504.9429
104,496.3840205029119,221.37475480418652,504.9429
105,496.3840205029119,221.37475480418652,504.9429
106,463.4660674916813,269.7298701647669,513.7228
107,463.4660674916813,269.7298701647669,513.7228
108,463.4660674916813,269.7298701647669,513.7228
109,463.4660674916813,269.7298701647669,513.7228
110,463.4660674916813,269.7298701647669,513.7228
111,463.4660674916813,269.7298701647669,513.7228
112,462.44063506799284,270.09581266809255,506.8416
113,462.44063506799284,270.09581266809255,506.8416
114,463.4660674916813,269.7298701647669,513.7228
115,463.4660674916813,269.7298701647669,513.7228
116,463.4660674916813,269.7298701647669,513.7228
117,463.4660674916813,269.7298701647669,513.7228
118,462.44063506799284,270.09581266809255,506.8416
119,486.34842514328193,263.2561015356332,510.303
120,439.2055318353232,266.14272183179855,513.9568
121,439.2055318353232,266.14272183179855,513.9568
122,463.4660674916813,269.7298701647669,513.7228
123,462.44063506799284,270.09581266809255,506.8416
124,462.44063506799284,270.09581266809255,506.8416
125,463.4660674916813,269.7298701647669,513.7228
126,463.4660674916813,269.7298701647669,513.7228
127,462.44063506799284,270.09581266809255,506.8416
128,462.44063506799284,270.09581266809255,506.8416
129,462.44063506799284,270.09581266809255,506.8416
130,462.44063506799284,270.09581266809255,506.8416
131,463.4660674916813,269.7298701647669,513.7228
132,463.4660674916813,269.7298701647669,513.7228
133,370.14687673107255,175.82152920681983,509.8263
134,439.2055318353232,266.14272183179855,513.9568
135,439.2055318353232,266.14272183179855,513.9568
136,462.44063506799284,270.09581266809255,506.8416
137,463.4660674916813,269.7298701647669,513.7228
138,463.4660674916813,269.7298701647669,513.7228
139,462.44063506799284,270.09581266809255,506.8416
140,462.44063506799284,270.09581266809255,506.8416
141,462.44063506799284,270.09581266809255,506.8416
142,462.44063506799284,270.09581266809255,506.8416
143,462.44063506799284,270.09581266809255,506.8416
144,463.4660674916813,269.7298701647669,513.7228
145,463.4660674916813,269.7298701647669,513.7228
146,462.44063506799284,270.09581266809255,506.8416
147,463.4660674916813,269.7298701647669,513.7228
148,463.4660674916813,269.7298701647669,513.7228
149,463.4660674916813,269.7298701647669,513.7228
150,463.4660674916813,269.7298701647669,513.7228
151,463.4660674916813,269.7298701647669,513.7228
152,463.4660674916813,269.7298701647669,513.7228
153,462.44063506799284,270.09581266809255,506.8416
154,462.44063506799284,270.09581266809255,506.8416
155,462.44063506799284,270.09581266809255,506.8416
156,462.44063506799284,270.09581266809255,506.8416
157,462.44063506799284,270.09581266809255,506.8416
158,462.44063506799284,270.09581266809255,506.8416
159,463.4660674916813,269.7298701647669,513.7228
160,541.1069879584247,178.64421241916716,508.8098
161,462.44063506799284,270.09581266809255,506.8416
162,462.44063506799284,270.09581266809255,506.8416
163,463.4660674916813,269.7298701647669,513.7228
164,462.44063506799284,270.09581266809255,506.8416
165,462.44063506799284,270.09581266809255,506.8416
166,462.44063506799284,270.09581266809255,506.8416
167,439.2055318353232,266.14272183179855,513.9568
168,463.4660674916813,269.7298701647669,513.7228
169,462.44063506799284,270.09581266809255,506.8416
170,439.2055318353232,266.14272183179855,513.9568
171,463.4660674916813,269.7298701647669,513.7228
172,462.44063506799284,270.09581266809255,506.8416
173,439.2055318353232,266.14272183179855,513.9568
174,462.44063506799284,270.09581266809255,506.8416
175,462.44063506799284,270.09581266809255,506.8416
176,486.34842514328193,263.2561015356332,510.303
177,462.44063506799284,270.09581266809255,506.8416
178,462.44063506799284,270.09581266809255,506.8416
179,462.44063506799284,270.09581266809255,506.8416
180,462.44063506799284,270.09581266809255,506.8416
181,462.44063506799284,270.09581266809255,506.8416
182,462.44063506799284,270.09581266809255,506.8416
183,462.44063506799284,270.09581266809255,506.8416
184,462.44063506799284,270.09581266809255,506.8416
185,439.72554817283526,-59.56045050639659,496.6545
186,439.72554817283526,-59.56045050639659,496.6545
187,541.1069879584247,178.64421241916716,508.8098
188,462.44063506799284,270.09581266809255,506.8416
189,462.44063506799284,270.09581266809255,506.8416
190,462.44063506799284,270.09581266809255,506.8416
191,462.44063506799284,270.09581266809255,506.8416
192,462.44063506799284,270.09581266809255,506.8416
193,462.44063506799284,270.09581266809255,506.8416
194,541.1069879584247,178.64421241916716,508.8098
195,541.1069879584247,178.64421241916716,508.8098
196,28.251975356368348,-207.95386074110866,507.2542
197,541.1069879584247,178.64421241916716,508.8098
198,463.4660674916813,269.7298701647669,513.7228
199,463.4660674916813,269.7298701647669,513.7228
200,462.44063506799284,270.09581266809255,506.8416
201,463.4660674916813,269.7298701647669,513.7228
202,462.44063506799284,270.09581266809255,506.8416
203,463.4660674916813,269.7298701647669,513.7228
204,463.4660674916813,269.7298701647669,513.7228
205,462.44063506799284,270.09581266809255,506.8416
206,463.4660674916813,269.7298701647669,513.7228
207,462.44063506799284,270.09581266809255,506.8416
208,463.4660674916813,269.7298701647669,513.7228
209,462.44063506799284,270.09581266809255,506.8416
210,462.44063506799284,270.09581266809255,506.8416
211,462.44063506799284,270.09581266809255,506.8416
212,462.44063506799284,270.09581266809255,506.8416
213,462.44063506799284,270.09581266809255,506.8416
214,439.2055318353232,266.14272183179855,513.9568
215,439.2055318353232,266.14272183179855,513.9568
216,463.4660674916813,269.7298701647669,513.7228
217,463.4660674916813,269.7298701647669,513.7228
218,462.44063506799284,270.09581266809255,506.8416
219,462.44063506799284,270.09581266809255,506.8416
220,462.44063506799284,270.09581266809255,506.8416
221,462.44063506799284,270.09581266809255,506.8416
222,462.44063506799284,270.09581266809255,506.8416
223,462.44063506799284,270.09581266809255,506.8416
224,509.45259571657516,24.78434839565307,497.2514
225,439.2055318353232,266.14272183179855,513.9568
226,509.45259571657516,24.78434839565307,497.2514
227,462.44063506799284,270.09581266809255,506.8416
228,452.595438130782,269.1680022003129,507.1999
229,462.44063506799284,270.09581266809255,506.8416
230,462.44063506799284,270.09581266809255,506.8416
231,462.44063506799284,270.09581266809255,506.8416
232,462.44063506799284,270.09581266809255,506.8416
233,462.44063506799284,270.09581266809255,506.8416
234,463.4660674916813,269.7298701647669,513.7228
235,438.58604511024896,160.19508377462626,505.2605
236,462.44063506799284,270.09581266809255,506.8416
237,452.595438130782,269.1680022003129,507.1999
238,452.595438130782,269.1680022003129,507.1999
239,452.595438130782,269.1680022003129,507.1999
240,452.595438130782,269.1680022003129,507.1999
241,452.595438130782,269.1680022003129,507.1999
242,452.595438130782,269.1680022003129,507.1999
243,462.44063506799284,270.09581266809255,506.8416
244,462.44063506799284,270.09581266809255,506.8416
245,462.44063506799284,270.09581266809255,506.8416
246,452.595438130782,269.1680022003129,507.1999
247,452.595438130782,269.1680022003129,507.1999
248,452.595438130782,269.1680022003129,507.1999
249,462.44063506799284,270.09581266809255,506.8416
250,462.44063506799284,270.09581266809255,506.8416
251,462.44063506799284,270.09581266809255,506.8416
252,452.595438130782,269.1680022003129,507.1999
253,452.595438130782,269.1680022003129,507.1999
254,452.595438130782,269.1680022003129,507.1999
255,462.44063506799284,270.09581266809255,506.8416
256,452.595438130782,269.1680022003129,507.1999
257,452.595438130782,269.1680022003129,507.1999
258,452.595438130782,269.1680022003129,507.1999
259,452.595438130782,269.1680022003129,507.1999
260,462.44063506799284,270.09581266809255,506.8416
261,452.595438130782,269.1680022003129,507.1999
262,462.44063506799284,270.09581266809255,506.8416
263,463.4660674916813,269.7298701647669,513.7228
264,462.44063506799284,270.09581266809255,506.8416
265,462.44063506799284,270.09581266809255,506.8416
266,462.44063506799284,270.09581266809255,506.8416
267,452.595438130782,269.1680022003129,507.1999
268,463.4660674916813,269.7298701647669,513.7228
269,462.44063506799284,270.09581266809255,506.8416
270,462.44063506799284,270.09581266809255,506.8416
271,462.44063506799284,270.09581266809255,506.8416
272,452.595438130782,269.1680022003129,507.1999
273,462.44063506799284,270.09581266809255,506.8416
274,462.44063506799284,270.09581266809255,506.8416
275,462.44063506799284,270.09581266809255,506.8416
276,462.44063506799284,270.09581266809255,506.8416
277,462.44063506799284,270.09581266809255,506.8416
278,462.44063506799284,270.09581266809255,506.8416
279,462.44063506799284,270.09581266809255,506.8416
280,462.44063506799284,270.09581266809255,506.8416
281,462.44063506799284,270.09581266809255,506.8416
282,462.44063506799284,270.09581266809255,506.8416
283,462.44063506799284,270.09581266809255,506.8416
284,462.44063506799284,270.09581266809255,506.8416
285,462.44063506799284,270.09581266809255,506.8416
286,462.44063506799284,270.09581266809255,506.8416
287,452.595438130782,269.1680022003129,507.1999
288,462.44063506799284,270.09581266809255,506.8416
289,462.44063506799284,270.09581266809255,506.8416
290,452.595438130782,269.1680022003129,507.1999
291,452.595438130782,269.1680022003129,507.1999
292,452.595438130782,269.1680022003129,507.1999
293,486.34842514328193,263.2561015356332,510.303
294,462.44063506799284,270.09581266809255,506.8416
295,462.44063506799284,270.09581266809255,506.8416
296,452.595438130782,269.1680022003129,507.1999
297,462.44063506799284,270.09581266809255,506.8416
298,463.4660674916813,269.7298701647669,513.7228
299,462.44063506799284,270.09581266809255,506.8416
300,462.44063506799284,270.09581266809255,506.8416
301,462.44063506799284,270.09581266809255,506.8416
302,452.595438130782,269.1680022003129,507.1999
303,462.44063506799284,270.09581266809255,506.8416
304,462.44063506799284,270.09581266809255,506.8416
305,452.595438130782,269.1680022003129,507.1999
306,462.44063506799284,270.09581266809255,506.8416
307,452.595438130782,269.1680022003129,507.1999
308,462.44063506799284,270.09581266809255,506.8416
309,462.44063506799284,270.09581266809255,506.8416
310,462.44063506799284,270.09581266809255,506.8416
311,462.44063506799284,270.09581266809255,506.8416
312,462.44063506799284,270.09581266809255,506.8416
313,462.44063506799284,270.09581266809255,506.8416
314,462.44063506799284,270.09581266809255,506.8416
315,462.44063506799284,270.09581266809255,506.8416
316,462.44063506799284,270.09581266809255,506.8416
317,462.44063506799284,270.09581266809255,506.8416
318,462.44063506799284,270.09581266809255,506.8416
319,462.44063506799284,270.09581266809255,506.8416
320,462.44063506799284,270.09581266809255,506.8416
321,462.44063506799284,270.09581266809255,506.8416
322,463.4660674916813,269.7298701647669,513.7228
323,462.44063506799284,270.09581266809255,506.8416
324,452.595438130782,269.1680022003129,507.1999
325,452.595438130782,269.1680022003129,507.1999
326,452.595438130782,269.1680022003129,507.1999
327,462.44063506799284,270.09581266809255,506.8416
328,452.595438130782,269.1680022003129,507.1999
329,405.37515737314243,-91.68889022246003,500.0209
330,462.44063506799284,270.09581266809255,506.8416
331,452.595438130782,269.1680022003129,507.1999
332,462.44063506799284,270.09581266809255,506.8416
333,452.595438130782,269.1680022003129,507.1999
334,452.595438130782,269.1680022003129,507.1999
335,452.595438130782,269.1680022003129,507.1999
336,452.595438130782,269.1680022003129,507.1999
337,452.595438130782,269.1680022003129,507.1999
338,452.595438130782,269.1680022003129,507.1999
339,452.595438130782,269.1680022003129,507.1999
340,452.595438130782,269.1680022003129,507.1999
341,462.44063506799284,270.09581266809255,506.8416
342,452.595438130782,269.1680022003129,507.1999
343,452.595438130782,269.1680022003129,507.1999
344,452.595438130782,269.1680022003129,507.1999
345,462.44063506799284,270.09581266809255,506.8416
346,452.595438130782,269.1680022003129,507.1999
347,452.595438130782,269.1680022003129,507.1999
348,462.44063506799284,270.09581266809255,506.8416
349,452.595438130782,269.1680022003129,507.1999
350,462.44063506799284,270.09581266809255,506.8416
351,462.44063506799284,270.09581266809255,506.8416
352,452.595438130782,269.1680022003129,507.1999
353,452.595438130782,269.1680022003129,507.1999
354,464.689395738882,102.1032958580181,503.2511
355,462.44063506799284,270.09581266809255,506.8416
356,452.595438130782,269.1680022003129,507.1999
357,462.44063506799284,270.09581266809255,506.8416
358,437.80108565138653,265.97548466175795,513.9484
359,452.595438130782,269.1680022003129,507.1999
360,452.595438130782,269.1680022003129,507.1999
361,462.44063506799284,270.09581266809255,506.8416
362,528.9585627487395,208.32669733278453,505.9702
363,462.44063506799284,270.09581266809255,506.8416
364,452.595438130782,269.1680022003129,507.1999
365,452.595438130782,269.1680022003129,507.1999
366,462.44063506799284,270.09581266809255,506.8416
367,452.595438130782,269.1680022003129,507.1999
368,462.44063506799284,270.09581266809255,506.8416
369,462.44063506799284,270.09581266809255,506.8416
370,462.44063506799284,270.09581266809255,506.8416
371,462.44063506799284,270.09581266809255,506.8416
372,452.595438130782,269.1680022003129,507.1999
373,462.44063506799284,270.09581266809255,506.8416
374,462.44063506799284,270.09581266809255,506.8416
375,452.595438130782,269.1680022003129,507.1999
376,462.44063506799284,270.09581266809255,506.8416
377,462.44063506799284,270.09581266809255,506.8416
378,462.44063506799284,270.09581266809255,506.8416
379,462.44063506799284,270.09581266809255,506.8416
380,462.44063506799284,270.09581266809255,506.8416
381,462.44063506799284,270.09581266809255,506.8416
382,462.44063506799284,270.09581266809255,506.8416
383,462.44063506799284,270.09581266809255,506.8416
384,462.44063506799284,270.09581266809255,506.8416
385,437.80108565138653,265.97548466175795,513.9484
386,452.595438130782,269.1680022003129,507.1999
387,462.44063506799284,270.09581266809255,506.8416
388,452.595438130782,269.1680022003129,507.1999
389,452.595438130782,269.1680022003129,507.1999
390,452.595438130782,269.1680022003129,507.1999
391,452.595438130782,269.1680022003129,507.1999
392,462.44063506799284,270.09581266809255,506.8416
393,462.44063506799284,270.09581266809255,506.8416
394,462.44063506799284,270.09581266809255,506.8416
395,462.44063506799284,270.09581266809255,506.8416
396,462.44063506799284,270.09581266809255,506.8416
397,462.44063506799284,270.09581266809255,506.8416
398,462.44063506799284,270.09581266809255,506.8416
399,462.44063506799284,270.09581266809255,506.8416
400,462.44063506799284,270.09581266809255,506.8416
401,462.44063506799284,270.09581266809255,506.8416
402,462.44063506799284,270.09581266809255,506.8416
403,462.44063506799284,270.09581266809255,506.8416
404,462.44063506799284,270.09581266809255,506.8416
405,462.44063506799284,270.09581266809255,506.8416
406,462.44063506799284,270.09581266809255,506.8416
407,452.595438130782,269.1680022003129,507.1999
408,462.44063506799284,270.09581266809255,506.8416
409,462.44063506799284,270.09581266809255,506.8416
410,462.44063506799284,270.09581266809255,506.8416
411,452.595438130782,269.1680022003129,507.1999
412,462.44063506799284,270.09581266809255,506.8416
413,452.595438130782,269.1680022003129,507.1999
414,452.595438130782,269.1680022003129,507.1999
415,462.44063506799284,270.09581266809255,506.8416
416,462.44063506799284,270.09581266809255,506.8416
417,462.44063506799284,270.09581266809255,506.8416
418,437.80108565138653,265.97548466175795,513.9484
419,462.44063506799284,270.09581266809255,506.8416
420,437.80108565138653,265.97548466175795,513.9484
421,452.595438130782,269.1680022003129,507.1999
422,462.44063506799284,270.09581266809255,506.8416
423,462.44063506799284,270.09581266809255,506.8416
424,462.44063506799284,270.09581266809255,506.8416
425,462.44063506799284,270.09581266809255,506.8416
426,462.44063506799284,270.09581266809255,506.8416
427,452.595438130782,269.1680022003129,507.1999
428,452.595438130782,269.1680022003129,507.1999
429,462.44063506799284,270.09581266809255,506.8416
430,452.595438130782,269.1680022003129,507.1999
431,462.44063506799284,270.09581266809255,506.8416
432,462.44063506799284,270.09581266809255,506.8416
433,452.595438130782,269.1680022003129,507.1999
434,452.595438130782,269.1680022003129,507.1999
435,452.595438130782,269.1680022003129,507.1999
436,462.44063506799284,270.09581266809255,506.8416
437,462.44063506799284,270.09581266809255,506.8416
438,452.595438130782,269.1680022003129,507.1999
439,452.595438130782,269.1680022003129,507.1999
440,462.44063506799284,270.09581266809255,506.8416
441,452.595438130782,269.1680022003129,507.1999
442,462.44063506799284,270.09581266809255,506.8416
443,452.595438130782,269.1680022003129,507.1999
444,452.595438130782,269.1680022003129,507.1999
445,462.44063506799284,270.09581266809255,506.8416
446,462.44063506799284,270.09581266809255,506.8416
447,452.595438130782,269.1680022003129,507.1999
448,462.44063506799284,270.09581266809255,506.8416
449,462.44063506799284,270.09581266809255,506.8416
450,452.595438130782,269.1680022003129,507.1999
451,462.44063506799284,270.09581266809255,506.8416
452,462.44063506799284,270.09581266809255,506.8416
453,462.44063506799284,270.09581266809255,506.8416
454,462.44063506799284,270.09581266809255,506.8416
455,462.44063506799284,270.09581266809255,506.8416
456,452.595438130782,269.1680022003129,507.1999
457,437.80108565138653,265.97548466175795,513.9484
458,452.595438130782,269.1680022003129,507.1999
459,452.595438130782,269.1680022003129,507.1999
460,462.44063506799284,270.09581266809255,506.8416
461,542.1711295995628,183.53589963261038,508.627
462,462.44063506799284,270.09581266809255,506.8416
463,462.44063506799284,270.09581266809255,506.8416
464,462.44063506799284,270.09581266809255,506.8416
465,462.44063506799284,270.09581266809255,506.8416
466,452.595438130782,269.1680022003129,507.1999
467,462.44063506799284,270.09581266809255,506.8416
468,462.44063506799284,270.09581266809255,506.8416
469,462.44063506799284,270.09581266809255,506.8416
470,462.44063506799284,270.09581266809255,506.8416
471,462.44063506799284,270.09581266809255,506.8416
472,462.44063506799284,270.09581266809255,506.8416
473,462.44063506799284,270.09581266809255,506.8416
474,462.44063506799284,270.09581266809255,506.8416
475,452.595438130782,269.1680022003129,507.1999
476,462.44063506799284,270.09581266809255,506.8416
477,452.595438130782,269.1680022003129,507.1999
478,462.44063506799284,270.09581266809255,506.8416
479,452.595438130782,269.1680022003129,507.1999
480,462.44063506799284,270.09581266809255,506.8416
481,452.595438130782,269.1680022003129,507.1999
482,462.44063506799284,270.09581266809255,506.8416
483,462.44063506799284,270.09581266809255,506.8416
484,462.44063506799284,270.09581266809255,506.8416
485,452.595438130782,269.1680022003129,507.1999
486,180.38304299197625,-643.4485685555264,508.3095
487,452.595438130782,269.1680022003129,507.1999
488,452.595438130782,269.1680022003129,507.1999
489,462.44063506799284,270.09581266809255,506.8416
490,452.595438130782,269.1680022003129,507.1999
491,452.595438130782,269.1680022003129,507.1999
492,462.44063506799284,270.09581266809255,506.8416
493,462.44063506799284,270.09581266809255,506.8416
494,452.595438130782,269.1680022003129,507.1999
495,452.595438130782,269.1680022003129,507.1999
496,462.44063506799284,270.09581266809255,506.8416
497,462.44063506799284,270.09581266809255,506.8416
498,462.44063506799284,270.09581266809255,506.8416
499,452.595438130782,269.1680022003129,507.1999
500,462.44063506799284,270.09581266809255,506.8416
501,462.44063506799284,270.09581266809255,506.8416
502,462.44063506799284,270.09581266809255,506.8416
503,452.595438130782,269.1680022003129,507.1999
504,452.595438130782,269.1680022003129,507.1999
505,462.44063506799284,270.09581266809255,506.8416
506,462.44063506799284,270.09581266809255,506.8416
507,452.595438130782,269.1680022003129,507.1999
508,462.44063506799284,270.09581266809255,506.8416
509,462.44063506799284,270.09581266809255,506.8416
510,452.595438130782,269.1680022003129,507.1999
511,452.595438130782,269.1680022003129,507.1999
512,462.44063506799284,270.09581266809255,506.8416
513,452.595438130782,269.1680022003129,507.1999
514,452.595438130782,269.1680022003129,507.1999
515,452.595438130782,269.1680022003129,507.1999
516,452.595438130782,269.1680022003129,507.1999
517,462.44063506799284,270.09581266809255,506.8416
518,452.595438130782,269.1680022003129,507.1999
519,452.595438130782,269.1680022003129,507.1999
520,452.595438130782,269.1680022003129,507.1999
521,459.75508192298,269.0966150574386,510.5836
522,452.595438130782,269.1680022003129,507.1999
523,452.595438130782,269.1680022003129,507.1999
524,459.75508192298,269.0966150574386,510.5836
525,459.75508192298,269.0966150574386,510.5836
526,459.75508192298,269.0966150574386,510.5836
527,459.75508192298,269.0966150574386,510.5836
528,459.75508192298,269.0966150574386,510.5836
529,459.75508192298,269.0966150574386,510.5836
530,459.75508192298,269.0966150574386,510.5836
531,459.75508192298,269.0966150574386,510.5836
532,452.595438130782,269.1680022003129,507.1999
533,452.595438130782,269.1680022003129,507.1999
534,462.44063506799284,270.09581266809255,506.8416
535,452.595438130782,269.1680022003129,507.1999
536,452.595438130782,269.1680022003129,507.1999
537,452.595438130782,269.1680022003129,507.1999
538,452.595438130782,269.1680022003129,507.1999
539,452.595438130782,269.1680022003129,507.1999
540,459.75508192298,269.0966150574386,510.5836
541,452.595438130782,269.1680022003129,507.1999
542,452.595438130782,269.1680022003129,507.1999
543,452.595438130782,269.1680022003129,507.1999
544,452.595438130782,269.1680022003129,507.1999
545,459.75508192298,269.0966150574386,510.5836
546,452.595438130782,269.1680022003129,507.1999
547,462.44063506799284,270.09581266809255,506.8416
548,462.44063506799284,270.09581266809255,506.8416
549,462.44063506799284,270.09581266809255,506.8416
550,459.75508192298,269.0966150574386,510.5836
551,452.595438130782,269.1680022003129,507.1999
552,462.44063506799284,270.09581266809255,506.8416
553,459.75508192298,269.0966150574386,510.5836
554,459.75508192298,269.0966150574386,510.5836
555,459.75508192298,269.0966150574386,510.5836
556,459.75508192298,269.0966150574386,510.5836
557,459.75508192298,269.0966150574386,510.5836
558,459.75508192298,269.0966150574386,510.5836
559,459.75508192298,269.0966150574386,510.5836
560,462.44063506799284,270.09581266809255,506.8416
561,462.44063506799284,270.09581266809255,506.8416
562,459.75508192298,269.0966150574386,510.5836
563,459.75508192298,269.0966150574386,510.5836
564,462.44063506799284,270.09581266809255,506.8416
565,462.44063506799284,270.09581266809255,506.8416
566,452.595438130782,269.1680022003129,507.1999
567,459.75508192298,269.0966150574386,510.5836
568,462.44063506799284,270.09581266809255,506.8416
569,459.75508192298,269.0966150574386,510.5836
570,459.75508192298,269.0966150574386,510.5836
571,452.595438130782,269.1680022003129,507.1999
572,452.595438130782,269.1680022003129,507.1999
573,462.44063506799284,270.09581266809255,506.8416
574,462.44063506799284,270.09581266809255,506.8416
575,462.44063506799284,270.09581266809255,506.8416
576,462.44063506799284,270.09581266809255,506.8416
577,462.44063506799284,270.09581266809255,506.8416
578,459.75508192298,269.0966150574386,510.5836
579,459.75508192298,269.0966150574386,510.5836
580,459.75508192298,269.0966150574386,510.5836
581,452.595438130782,269.1680022003129,507.1999
582,542.1711295995628,183.53589963261038,508.627
583,463.4660674916813,269.7298701647669,513.7228
584,459.75508192298,269.0966150574386,510.5836
585,462.44063506799284,270.09581266809255,506.8416
586,459.75508192298,269.0966150574386,510.5836
587,459.75508192298,269.0966150574386,510.5836
588,452.595438130782,269.1680022003129,507.1999
589,452.595438130782,269.1680022003129,507.1999
590,452.595438130782,269.1680022003129,507.1999
591,452.595438130782,269.1680022003129,507.1999
592,452.595438130782,269.1680022003129,507.1999
593,452.595438130782,269.1680022003129,507.1999
594,452.595438130782,269.1680022003129,507.1999
595,452.595438130782,269.1680022003129,507.1999
596,452.595438130782,269.1680022003129,507.1999
597,452.595438130782,269.1680022003129,507.1999
598,452.595438130782,269.1680022003129,507.1999
599,452.595438130782,269.1680022003129,507.1999
600,452.595438130782,269.1680022003129,507.1999
601,452.595438130782,269.1680022003129,507.1999
602,452.595438130782,269.1680022003129,507.1999
603,459.75508192298,269.0966150574386,510.5836
604,452.595438130782,269.1680022003129,507.1999
605,452.595438130782,269.1680022003129,507.1999
606,452.595438130782,269.1680022003129,507.1999
607,452.595438130782,269.1680022003129,507.1999
608,452.595438130782,269.1680022003129,507.1999
609,462.44063506799284,270.09581266809255,506.8416
610,452.595438130782,269.1680022003129,507.1999
611,462.44063506799284,270.09581266809255,506.8416
612,463.4660674916813,269.7298701647669,513.7228
613,463.4660674916813,269.7298701647669,513.7228
614,459.75508192298,269.0966150574386,510.5836
615,437.80108565138653,265.97548466175795,513.9484
616,437.80108565138653,265.97548466175795,513.9484
617,452.595438130782,269.1680022003129,507.1999
618,459.75508192298,269.0966150574386,510.5836
619,459.75508192298,269.0966150574386,510.5836
620,462.44063506799284,270.09581266809255,506.8416
621,462.44063506799284,270.09581266809255,506.8416
622,462.44063506799284,270.09581266809255,506.8416
623,459.75508192298,269.0966150574386,510.5836
624,462.44063506799284,270.09581266809255,506.8416
625,462.44063506799284,270.09581266809255,506.8416
626,462.44063506799284,270.09581266809255,506.8416
627,462.44063506799284,270.09581266809255,506.8416
628,452.595438130782,269.1680022003129,507.1999
629,462.44063506799284,270.09581266809255,506.8416
630,462.44063506799284,270.09581266809255,506.8416
631,462.44063506799284,270.09581266809255,506.8416
632,462.44063506799284,270.09581266809255,506.8416
633,462.44063506799284,270.09581266809255,506.8416
634,462.44063506799284,270.09581266809255,506.8416
635,462.44063506799284,270.09581266809255,506.8416
636,462.44063506799284,270.09581266809255,506.8416
637,462.44063506799284,270.09581266809255,506.8416
638,462.44063506799284,270.09581266809255,506.8416
639,462.44063506799284,270.09581266809255,506.8416
640,462.44063506799284,270.09581266809255,506.8416
641,462.44063506799284,270.09581266809255,506.8416
642,452.595438130782,269.1680022003129,507.1999
643,452.595438130782,269.1680022003129,507.1999
644,452.595438130782,269.1680022003129,507.1999
645,452.595438130782,269.1680022003129,507.1999
646,452.595438130782,269.1680022003129,507.1999
647,452.595438130782,269.1680022003129,507.1999
648,459.75508192298,269.0966150574386,510.5836
649,462.44063506799284,270.09581266809255,506.8416
650,462.44063506799284,270.09581266809255,506.8416
651,462.44063506799284,270.09581266809255,506.8416
652,462.44063506799284,270.09581266809255,506.8416
653,462.44063506799284,270.09581266809255,506.8416
654,462.44063506799284,270.09581266809255,506.8416
655,462.44063506799284,270.09581266809255,506.8416
656,452.595438130782,269.1680022003129,507.1999
657,462.44063506799284,270.09581266809255,506.8416
658,452.595438130782,269.1680022003129,507.1999
659,452.595438130782,269.1680022003129,507.1999
660,452.595438130782,269.1680022003129,507.1999
661,452.595438130782,269.1680022003129,507.1999
662,462.44063506799284,270.09581266809255,506.8416
663,462.44063506799284,270.09581266809255,506.8416
664,452.595438130782,269.1680022003129,507.1999
665,452.595438130782,269.1680022003129,507.1999
666,462.44063506799284,270.09581266809255,506.8416
667,462.44063506799284,270.09581266809255,506.8416
668,452.595438130782,269.1680022003129,507.1999
669,452.595438130782,269.1680022003129,507.1999
670,452.595438130782,269.1680022003129,507.1999
671,452.595438130782,269.1680022003129,507.1999
672,452.595438130782,269.1680022003129,507.1999
673,452.595438130782,269.1680022003129,507.1999
674,437.80108565138653,265.97548466175795,513.9484
675,462.44063506799284,270.09581266809255,506.8416
676,452.595438130782,269.1680022003129,507.1999
677,452.595438130782,269.1680022003129,507.1999
678,462.44063506799284,270.09581266809255,506.8416
679,462.44063506799284,270.09581266809255,506.8416
680,452.595438130782,269.1680022003129,507.1999
681,462.44063506799284,270.09581266809255,506.8416
682,462.44063506799284,270.09581266809255,506.8416
683,462.44063506799284,270.09581266809255,506.8416
684,462.44063506799284,270.09581266809255,506.8416
685,462.44063506799284,270.09581266809255,506.8416
686,462.44063506799284,270.09581266809255,506.8416
687,462.44063506799284,270.09581266809255,506.8416
688,452.595438130782,269.1680022003129,507.1999
689,462.44063506799284,270.09581266809255,506.8416
690,462.44063506799284,270.09581266809255,506.8416
691,462.44063506799284,270.09581266809255,506.8416
692,462.44063506799284,270.09581266809255,506.8416
693,462.44063506799284,270.09581266809255,506.8416
694,462.44063506799284,270.09581266809255,506.8416
695,462.44063506799284,270.09581266809255,506.8416
696,459.75508192298,269.0966150574386,510.5836
697,462.44063506799284,270.09581266809255,506.8416
698,462.44063506799284,270.09581266809255,506.8416
699,452.595438130782,269.1680022003129,507.1999
700,462.44063506799284,270.09581266809255,506.8416
701,462.44063506799284,270.09581266809255,506.8416
702,462.44063506799284,270.09581266809255,506.8416
703,462.44063506799284,270.09581266809255,506.8416
704,462.44063506799284,270.09581266809255,506.8416
705,462.44063506799284,270.09581266809255,506.8416
706,459.75508192298,269.0966150574386,510.5836
707,452.595438130782,269.1680022003129,507.1999
708,452.595438130782,269.1680022003129,507.1999
709,462.44063506799284,270.09581266809255,506.8416
710,462.44063506799284,270.09581266809255,506.8416
711,462.44063506799284,270.09581266809255,506.8416
712,462.44063506799284,270.09581266809255,506.8416
713,462.44063506799284,270.09581266809255,506.8416
714,462.44063506799284,270.09581266809255,506.8416
715,462.44063506799284,270.09581266809255,506.8416
716,462.44063506799284,270.09581266809255,506.8416
717,462.44063506799284,270.09581266809255,506.8416
718,462.44063506799284,270.09581266809255,506.8416
719,462.44063506799284,270.09581266809255,506.8416
720,462.44063506799284,270.09581266809255,506.8416
721,462.44063506799284,270.09581266809255,506.8416
722,462.44063506799284,270.09581266809255,506.8416
723,462.44063506799284,270.09581266809255,506.8416
724,462.44063506799284,270.09581266809255,506.8416
725,452.595438130782,269.1680022003129,507.1999
726,452.595438130782,269.1680022003129,507.1999
727,462.44063506799284,270.09581266809255,506.8416
728,452.595438130782,269.1680022003129,507.1999
729,462.44063506799284,270.09581266809255,506.8416
730,462.44063506799284,270.09581266809255,506.8416
731,452.595438130782,269.1680022003129,507.1999
732,462.44063506799284,270.09581266809255,506.8416
733,452.595438130782,269.1680022003129,507.1999
734,462.44063506799284,270.09581266809255,506.8416
735,452.595438130782,269.1680022003129,507.1999
736,452.595438130782,269.1680022003129,507.1999
737,452.595438130782,269.1680022003129,507.1999
738,462.44063506799284,270.09581266809255,506.8416
739,452.595438130782,269.1680022003129,507.1999
740,452.595438130782,269.1680022003129,507.1999
741,452.595438130782,269.1680022003129,507.1999
742,462.44063506799284,270.09581266809255,506.8416
743,462.44063506799284,270.09581266809255,506.8416
744,462.44063506799284,270.09581266809255,506.8416
745,462.44063506799284,270.09581266809255,506.8416
746,462.44063506799284,270.09581266809255,506.8416
747,462.44063506799284,270.09581266809255,506.8416
748,462.44063506799284,270.09581266809255,506.8416
749,462.44063506799284,270.09581266809255,506.8416
750,462.44063506799284,270.09581266809255,506.8416
751,462.44063506799284,270.09581266809255,506.8416
752,462.44063506799284,270.09581266809255,506.8416
753,462.44063506799284,270.09581266809255,506.8416
754,452.595438130782,269.1680022003129,507.1999
755,462.44063506799284,270.09581266809255,506.8416
756,462.44063506799284,270.09581266809255,506.8416
757,462.44063506799284,270.09581266809255,506.8416
758,452.595438130782,269.1680022003129,507.1999
759,462.44063506799284,270.09581266809255,506.8416
760,462.44063506799284,270.09581266809255,506.8416
761,462.44063506799284,270.09581266809255,506.8416
762,462.44063506799284,270.09581266809255,506.8416
763,462.44063506799284,270.09581266809255,506.8416
764,452.595438130782,269.1680022003129,507.1999
765,462.44063506799284,270.09581266809255,506.8416
766,452.595438130782,269.1680022003129,507.1999
767,452.595438130782,269.1680022003129,507.1999
768,462.44063506799284,270.09581266809255,506.8416
769,452.595438130782,269.1680022003129,507.1999
770,452.595438130782,269.1680022003129,507.1999
771,452.595438130782,269.1680022003129,507.1999
772,452.595438130782,269.1680022003129,507.1999
773,462.44063506799284,270.09581266809255,506.8416
774,452.595438130782,269.1680022003129,507.1999
775,164.7468679305166,-204.8757627811283,507.6424
776,462.44063506799284,270.09581266809255,506.8416
777,462.44063506799284,270.09581266809255,506.8416
778,462.44063506799284,270.09581266809255,506.8416
779,462.44063506799284,270.09581266809255,506.8416
780,462.44063506799284,270.09581266809255,506.8416
781,462.44063506799284,270.09581266809255,506.8416
782,462.44063506799284,270.09581266809255,506.8416
783,462.44063506799284,270.09581266809255,506.8416
784,462.44063506799284,270.09581266809255,506.8416
785,462.44063506799284,270.09581266809255,506.8416
786,462.44063506799284,270.09581266809255,506.8416
787,452.595438130782,269.1680022003129,507.1999
788,462.44063506799284,270.09581266809255,506.8416
789,452.595438130782,269.1680022003129,507.1999
790,452.595438130782,269.1680022003129,507.1999
791,462.44063506799284,270.09581266809255,506.8416
792,452.595438130782,269.1680022003129,507.1999
793,462.44063506799284,270.09581266809255,506.8416
794,462.44063506799284,270.09581266809255,506.8416
795,462.44063506799284,270.09581266809255,506.8416
796,452.595438130782,269.1680022003129,507.1999
797,452.595438130782,269.1680022003129,507.1999
798,452.595438130782,269.1680022003129,507.1999
799,452.595438130782,269.1680022003129,507.1999
800,452.595438130782,269.1680022003129,507.1999
801,462.44063506799284,270.09581266809255,506.8416
802,462.44063506799284,270.09581266809255,506.8416
803,452.595438130782,269.1680022003129,507.1999
804,462.44063506799284,270.09581266809255,506.8416
805,452.595438130782,269.1680022003129,507.1999
806,452.595438130782,269.1680022003129,507.1999
807,452.595438130782,269.1680022003129,507.1999
808,452.595438130782,269.1680022003129,507.1999
809,462.44063506799284,270.09581266809255,506.8416
810,452.595438130782,269.1680022003129,507.1999
811,462.44063506799284,270.09581266809255,506.8416
812,462.44063506799284,270.09581266809255,506.8416
813,452.595438130782,269.1680022003129,507.1999
814,452.595438130782,269.1680022003129,507.1999
815,452.595438130782,269.1680022003129,507.1999
816,462.44063506799284,270.09581266809255,506.8416
817,452.595438130782,269.1680022003129,507.1999
818,452.595438130782,269.1680022003129,507.1999
819,452.595438130782,269.1680022003129,507.1999
820,452.595438130782,269.1680022003129,507.1999
821,452.595438130782,269.1680022003129,507.1999
822,452.595438130782,269.1680022003129,507.1999
823,452.595438130782,269.1680022003129,507.1999
824,452.595438130782,269.1680022003129,507.1999
825,452.595438130782,269.1680022003129,507.1999
826,452.595438130782,269.1680022003129,507.1999
827,452.595438130782,269.1680022003129,507.1999
828,452.595438130782,269.1680022003129,507.1999
829,452.595438130782,269.1680022003129,507.1999
830,452.595438130782,269.1680022003129,507.1999
831,452.595438130782,269.1680022003129,507.1999
832,452.595438130782,269.1680022003129,507.1999
833,452.595438130782,269.1680022003129,507.1999
834,437.80108565138653,265.97548466175795,513.9484
835,462.44063506799284,270.09581266809255,506.8416
836,459.75508192298,269.0966150574386,510.5836
837,452.595438130782,269.1680022003129,507.1999
838,462.44063506799284,270.09581266809255,506.8416
839,452.595438130782,269.1680022003129,507.1999
840,463.4660674916813,269.7298701647669,513.7228
841,452.595438130782,269.1680022003129,507.1999
842,452.595438130782,269.1680022003129,507.1999
843,462.44063506799284,270.09581266809255,506.8416
844,452.595438130782,269.1680022003129,507.1999
845,452.595438130782,269.1680022003129,507.1999
846,452.595438130782,269.1680022003129,507.1999
847,462.44063506799284,270.09581266809255,506.8416
848,462.44063506799284,270.09581266809255,506.8416
849,462.44063506799284,270.09581266809255,506.8416
850,462.44063506799284,270.09581266809255,506.8416
851,452.595438130782,269.1680022003129,507.1999
852,452.595438130782,269.1680022003129,507.1999
853,462.44063506799284,270.09581266809255,506.8416
854,462.44063506799284,270.09581266809255,506.8416
855,462.44063506799284,270.09581266809255,506.8416
856,462.44063506799284,270.09581266809255,506.8416
857,452.595438130782,269.1680022003129,507.1999
858,452.595438130782,269.1680022003129,507.1999
859,462.44063506799284,270.09581266809255,506.8416
860,462.44063506799284,270.09581266809255,506.8416
861,462.44063506799284,270.09581266809255,506.8416
862,462.44063506799284,270.09581266809255,506.8416
863,462.44063506799284,270.09581266809255,506.8416
864,462.44063506799284,270.09581266809255,506.8416
865,462.44063506799284,270.09581266809255,506.8416
866,452.595438130782,269.1680022003129,507.1999
867,452.595438130782,269.1680022003129,507.1999
868,452.595438130782,269.1680022003129,507.1999
869,452.595438130782,269.1680022003129,507.1999
870,452.595438130782,269.1680022003129,507.1999
871,452.595438130782,269.1680022003129,507.1999
872,452.595438130782,269.1680022003129,507.1999
873,452.595438130782,269.1680022003129,507.1999
874,462.44063506799284,270.09581266809255,506.8416
875,452.595438130782,269.1680022003129,507.1999
876,452.595438130782,269.1680022003129,507.1999
877,462.44063506799284,270.09581266809255,506.8416
878,462.44063506799284,270.09581266809255,506.8416
879,462.44063506799284,270.09581266809255,506.8416
880,462.44063506799284,270.09581266809255,506.8416
881,462.44063506799284,270.09581266809255,506.8416
882,462.44063506799284,270.09581266809255,506.8416
883,462.44063506799284,270.09581266809255,506.8416
884,462.44063506799284,270.09581266809255,506.8416
885,462.44063506799284,270.09581266809255,506.8416
886,462.44063506799284,270.09581266809255,506.8416
887,462.44063506799284,270.09581266809255,506.8416
888,462.44063506799284,270.09581266809255,506.8416
889,462.44063506799284,270.09581266809255,506.8416
890,452.595438130782,269.1680022003129,507.1999
891,452.595438130782,269.1680022003129,507.1999
892,452.595438130782,269.1680022003129,507.1999
893,452.595438130782,269.1680022003129,507.1999
894,462.44063506799284,270.09581266809255,506.8416
895,452.595438130782,269.1680022003129,507.1999
896,462.44063506799284,270.09581266809255,506.8416
897,462.44063506799284,270.09581266809255,506.8416
898,452.595438130782,269.1680022003129,507.1999
899,452.595438130782,269.1680022003129,507.1999
900,452.595438130782,269.1680022003129,507.1999
901,452.595438130782,269.1680022003129,507.1999
902,452.595438130782,269.1680022003129,507.1999
903,452.595438130782,269.1680022003129,507.1999
904,452.595438130782,269.1680022003129,507.1999
905,462.44063506799284,270.09581266809255,506.8416
906,462.44063506799284,270.09581266809255,506.8416
907,462.44063506799284,270.09581266809255,506.8416
908,462.44063506799284,270.09581266809255,506.8416
909,462.44063506799284,270.09581266809255,506.8416
910,462.44063506799284,270.09581266809255,506.8416
911,462.44063506799284,270.09581266809255,506.8416
912,452.595438130782,269.1680022003129,507.1999
913,462.44063506799284,270.09581266809255,506.8416
914,462.44063506799284,270.09581266809255,506.8416
915,462.44063506799284,270.09581266809255,506.8416
916,452.595438130782,269.1680022003129,507.1999
917,452.595438130782,269.1680022003129,507.1999
918,452.595438130782,269.1680022003129,507.1999
919,452.595438130782,269.1680022003129,507.1999
920,452.595438130782,269.1680022003129,507.1999
921,462.44063506799284,270.09581266809255,506.8416
922,452.595438130782,269.1680022003129,507.1999
923,452.595438130782,269.1680022003129,507.1999
924,452.595438130782,269.1680022003129,507.1999
925,452.595438130782,269.1680022003129,507.1999
926,452.595438130782,269.1680022003129,507.1999
927,462.44063506799284,270.09581266809255,506.8416
928,452.595438130782,269.1680022003129,507.1999
929,452.595438130782,269.1680022003129,507.1999
930,462.44063506799284,270.09581266809255,506.8416
931,462.44063506799284,270.09581266809255,506.8416
932,462.44063506799284,270.09581266809255,506.8416
933,452.595438130782,269.1680022003129,507.1999
934,452.595438130782,269.1680022003129,507.1999
935,452.595438130782,269.1680022003129,507.1999
936,452.595438130782,269.1680022003129,507.1999
937,452.595438130782,269.1680022003129,507.1999
938,452.595438130782,269.1680022003129,507.1999
939,452.595438130782,269.1680022003129,507.1999
940,452.595438130782,269.1680022003129,507.1999
941,452.595438130782,269.1680022003129,507.1999
942,452.595438130782,269.1680022003129,507.1999
943,452.595438130782,269.1680022003129,507.1999
944,452.595438130782,269.1680022003129,507.1999
945,452.595438130782,269.1680022003129,507.1999
946,452.595438130782,269.1680022003129,507.1999
947,452.595438130782,269.1680022003129,507.1999
948,452.595438130782,269.1680022003129,507.1999
949,452.595438130782,269.1680022003129,507.1999
950,452.595438130782,269.1680022003129,507.1999
951,452.595438130782,269.1680022003129,507.1999
952,452.595438130782,269.1680022003129,507.1999
953,452.595438130782,269.1680022003129,507.1999
954,462.44063506799284,270.09581266809255,506.8416
955,452.595438130782,269.1680022003129,507.1999
956,452.595438130782,269.1680022003129,507.1999
957,452.595438130782,269.1680022003129,507.1999
958,452.595438130782,269.1680022003129,507.1999
959,452.595438130782,269.1680022003129,507.1999
960,452.595438130782,269.1680022003129,507.1999
961,452.595438130782,269.1680022003129,507.1999
962,437.80108565138653,265.97548466175795,513.9484
963,452.595438130782,269.1680022003129,507.1999
964,452.595438130782,269.1680022003129,507.1999
965,452.595438130782,269.1680022003129,507.1999
966,462.44063506799284,270.09581266809255,506.8416
967,452.595438130782,269.1680022003129,507.1999
968,452.595438130782,269.1680022003129,507.1999
969,452.595438130782,269.1680022003129,507.1999
970,452.595438130782,269.1680022003129,507.1999
971,452.595438130782,269.1680022003129,507.1999
972,452.595438130782,269.1680022003129,507.1999
973,462.44063506799284,270.09581266809255,506.8416
974,452.595438130782,269.1680022003129,507.1999
975,462.44063506799284,270.09581266809255,506.8416
976,462.44063506799284,270.09581266809255,506.8416
977,452.595438130782,269.1680022003129,507.1999
978,452.595438130782,269.1680022003129,507.1999
979,452.595438130782,269.1680022003129,507.1999
980,462.44063506799284,270.09581266809255,506.8416
981,452.595438130782,269.1680022003129,507.1999
982,462.44063506799284,270.09581266809255,506.8416
983,462.44063506799284,270.09581266809255,506.8416
984,452.595438130782,269.1680022003129,507.1999
985,452.595438130782,269.1680022003129,507.1999
986,452.595438130782,269.1680022003129,507.1999
987,462.44063506799284,270.09581266809255,506.8416
988,452.595438130782,269.1680022003129,507.1999
989,452.595438130782,269.1680022003129,507.1999
990,452.595438130782,269.1680022003129,507.1999
991,452.595438130782,269.1680022003129,507.1999
992,462.44063506799284,270.09581266809255,506.8416
993,462.44063506799284,270.09581266809255,506.8416
994,452.595438130782,269.1680022003129,507.1999
995,462.44063506799284,270.09581266809255,506.8416
996,452.595438130782,269.1680022003129,507.1999
997,452.595438130782,269.1680022003129,507.1999
998,452.595438130782,269.1680022003129,507.1999
999,452.595438130782,269.1680022003129,507.1999
1000,462.44063506799284,270.09581266809255,506.8416
1001,462.44063506799284,270.09581266809255,506.8416
1002,462.44063506799284,270.09581266809255,506.8416
1003,462.44063506799284,270.09581266809255,506.8416
1004,462.44063506799284,270.09581266809255,506.8416
1005,462.44063506799284,270.09581266809255,506.8416
1006,462.44063506799284,270.09581266809255,506.8416
1007,462.44063506799284,270.09581266809255,506.8416
1008,462.44063506799284,270.09581266809255,506.8416
1009,462.44063506799284,270.09581266809255,506.8416
1010,462.44063506799284,270.09581266809255,506.8416
1011,462.44063506799284,270.09581266809255,506.8416
1012,462.44063506799284,270.09581266809255,506.8416
1013,462.44063506799284,270.09581266809255,506.8416
1014,462.44063506799284,270.09581266809255,506.8416
1015,462.44063506799284,270.09581266809255,506.8416
1016,462.44063506799284,270.09581266809255,506.8416
1017,462.44063506799284,270.09581266809255,506.8416
1018,462.44063506799284,270.09581266809255,506.8416
1019,462.44063506799284,270.09581266809255,506.8416
1020,462.44063506799284,270.09581266809255,506.8416
1021,462.44063506799284,270.09581266809255,506.8416
1022,452.595438130782,269.1680022003129,507.1999
1023,462.44063506799284,270.09581266809255,506.8416
1024,452.595438130782,269.1680022003129,507.1999
1025,452.595438130782,269.1680022003129,507.1999
1026,462.44063506799284,270.09581266809255,506.8416
1027,462.44063506799284,270.09581266809255,506.8416
1028,452.595438130782,269.1680022003129,507.1999
1029,452.595438130782,269.1680022003129,507.1999
1030,452.595438130782,269.1680022003129,507.1999
1031,452.595438130782,269.1680022003129,507.1999
1032,452.595438130782,269.1680022003129,507.1999
1033,452.595438130782,269.1680022003129,507.1999
1034,452.595438130782,269.1680022003129,507.1999
1035,452.595438130782,269.1680022003129,507.1999
1036,452.595438130782,269.1680022003129,507.1999
1037,452.595438130782,269.1680022003129,507.1999
1038,452.595438130782,269.1680022003129,507.1999
1039,452.595438130782,269.1680022003129,507.1999
1040,452.595438130782,269.1680022003129,507.1999
1041,452.595438130782,269.1680022003129,507.1999
1042,452.595438130782,269.1680022003129,507.1999
1043,452.595438130782,269.1680022003129,507.1999
1044,452.595438130782,269.1680022003129,507.1999
1045,462.44063506799284,270.09581266809255,506.8416
1046,462.44063506799284,270.09581266809255,506.8416
1047,452.595438130782,269.1680022003129,507.1999
1048,462.44063506799284,270.09581266809255,506.8416
1049,462.44063506799284,270.09581266809255,506.8416
1050,452.595438130782,269.1680022003129,507.1999
1051,452.595438130782,269.1680022003129,507.1999
1052,452.595438130782,269.1680022003129,507.1999
1053,452.595438130782,269.1680022003129,507.1999
1054,452.595438130782,269.1680022003129,507.1999
1055,452.595438130782,269.1680022003129,507.1999
1056,462.44063506799284,270.09581266809255,506.8416
1057,452.595438130782,269.1680022003129,507.1999
1058,452.595438130782,269.1680022003129,507.1999
1059,452.595438130782,269.1680022003129,507.1999
1060,462.44063506799284,270.09581266809255,506.8416
1061,462.44063506799284,270.09581266809255,506.8416
1062,462.44063506799284,270.09581266809255,506.8416
1063,462.44063506799284,270.09581266809255,506.8416
1064,462.44063506799284,270.09581266809255,506.8416
1065,462.44063506799284,270.09581266809255,506.8416
1066,462.44063506799284,270.09581266809255,506.8416
1067,462.44063506799284,270.09581266809255,506.8416
1068,462.44063506799284,270.09581266809255,506.8416
1069,462.44063506799284,270.09581266809255,506.8416
1070,462.44063506799284,270.09581266809255,506.8416
1071,462.44063506799284,270.09581266809255,506.8416
1072,462.44063506799284,270.09581266809255,506.8416
1073,462.44063506799284,270.09581266809255,506.8416
1074,462.44063506799284,270.09581266809255,506.8416
1075,462.44063506799284,270.09581266809255,506.8416
1076,462.44063506799284,270.09581266809255,506.8416
1077,452.595438130782,269.1680022003129,507.1999
1078,462.44063506799284,270.09581266809255,506.8416
1079,452.595438130782,269.1680022003129,507.1999
1080,462.44063506799284,270.09581266809255,506.8416
1081,462.44063506799284,270.09581266809255,506.8416
1082,462.44063506799284,270.09581266809255,506.8416
1083,462.44063506799284,270.09581266809255,506.8416
1084,462.44063506799284,270.09581266809255,506.8416
1085,452.595438130782,269.1680022003129,507.1999
1086,452.595438130782,269.1680022003129,507.1999
1087,462.44063506799284,270.09581266809255,506.8416
1088,462.44063506799284,270.09581266809255,506.8416
1089,452.595438130782,269.1680022003129,507.1999
1090,462.44063506799284,270.09581266809255,506.8416
1091,452.595438130782,269.1680022003129,507.1999
1092,459.75508192298,269.0966150574386,510.5836
1093,452.595438130782,269.1680022003129,507.1999
1094,452.595438130782,269.1680022003129,507.1999
1095,462.44063506799284,270.09581266809255,506.8416
1096,462.44063506799284,270.09581266809255,506.8416
1097,462.44063506799284,270.09581266809255,506.8416
1098,462.44063506799284,270.09581266809255,506.8416
1099,462.44063506799284,270.09581266809255,506.8416
1100,462.44063506799284,270.09581266809255,506.8416
1101,462.44063506799284,270.09581266809255,506.8416
1102,462.44063506799284,270.09581266809255,506.8416
1103,452.595438130782,269.1680022003129,507.1999
1104,462.44063506799284,270.09581266809255,506.8416
1105,452.595438130782,269.1680022003129,507.1999
1106,462.44063506799284,270.09581266809255,506.8416
1107,462.44063506799284,270.09581266809255,506.8416
1108,452.595438130782,269.1680022003129,507.1999
1109,452.595438130782,269.1680022003129,507.1999
1110,452.595438130782,269.1680022003129,507.1999
1111,452.595438130782,269.1680022003129,507.1999
1112,452.595438130782,269.1680022003129,507.1999
1113,462.44063506799284,270.09581266809255,506.8416
1114,452.595438130782,269.1680022003129,507.1999
1115,452.595438130782,269.1680022003129,507.1999
1116,452.595438130782,269.1680022003129,507.1999
1117,452.595438130782,269.1680022003129,507.1999
1118,452.595438130782,269.1680022003129,507.1999
1119,452.595438130782,269.1680022003129,507.1999
1120,452.595438130782,269.1680022003129,507.1999
1121,452.595438130782,269.1680022003129,507.1999
1122,452.595438130782,269.1680022003129,507.1999
1123,462.44063506799284,270.09581266809255,506.8416
1124,452.595438130782,269.1680022003129,507.1999
1125,452.595438130782,269.1680022003129,507.1999
1126,452.595438130782,269.1680022003129,507.1999
1127,452.595438130782,269.1680022003129,507.1999
1128,452.595438130782,269.1680022003129,507.1999
1129,452.595438130782,269.1680022003129,507.1999
1130,462.44063506799284,270.09581266809255,506.8416
1131,462.44063506799284,270.09581266809255,506.8416
1132,462.44063506799284,270.09581266809255,506.8416
1133,462.44063506799284,270.09581266809255,506.8416
1134,462.44063506799284,270.09581266809255,506.8416
1135,462.44063506799284,270.09581266809255,506.8416
1136,462.44063506799284,270.09581266809255,506.8416
1137,462.44063506799284,270.09581266809255,506.8416
1138,462.44063506799284,270.09581266809255,506.8416
1139,462.44063506799284,270.09581266809255,506.8416
1140,462.44063506799284,270.09581266809255,506.8416
1141,462.44063506799284,270.09581266809255,506.8416
1142,462.44063506799284,270.09581266809255,506.8416
1143,462.44063506799284,270.09581266809255,506.8416
1144,462.44063506799284,270.09581266809255,506.8416
1145,462.44063506799284,270.09581266809255,506.8416
1146,462.44063506799284,270.09581266809255,506.8416
1147,462.44063506799284,270.09581266809255,506.8416
1148,462.44063506799284,270.09581266809255,506.8416
1149,462.44063506799284,270.09581266809255,506.8416
1150,462.44063506799284,270.09581266809255,506.8416
1151,462.44063506799284,270.09581266809255,506.8416
1152,462.44063506799284,270.09581266809255,506.8416
1153,462.44063506799284,270.09581266809255,506.8416
1154,462.44063506799284,270.09581266809255,506.8416
1155,462.44063506799284,270.09581266809255,506.8416
1156,452.595438130782,269.1680022003129,507.1999
1157,462.44063506799284,270.09581266809255,506.8416
1158,462.44063506799284,270.09581266809255,506.8416
1159,462.44063506799284,270.09581266809255,506.8416
1160,462.44063506799284,270.09581266809255,506.8416
1161,462.44063506799284,270.09581266809255,506.8416
1162,462.44063506799284,270.09581266809255,506.8416
1163,462.44063506799284,270.09581266809255,506.8416
1164,462.44063506799284,270.09581266809255,506.8416
1165,462.44063506799284,270.09581266809255,506.8416
1166,462.44063506799284,270.09581266809255,506.8416
1167,462.44063506799284,270.09581266809255,506.8416
1168,462.44063506799284,270.09581266809255,506.8416
1169,462.44063506799284,270.09581266809255,506.8416
1170,462.44063506799284,270.09581266809255,506.8416
1171,462.44063506799284,270.09581266809255,506.8416
1172,462.44063506799284,270.09581266809255,506.8416
1173,462.44063506799284,270.09581266809255,506.8416
1174,462.44063506799284,270.09581266809255,506.8416
1175,462.44063506799284,270.09581266809255,506.8416
1176,462.44063506799284,270.09581266809255,506.8416
1177,462.44063506799284,270.09581266809255,506.8416
1178,462.44063506799284,270.09581266809255,506.8416
1179,462.44063506799284,270.09581266809255,506.8416
1180,462.44063506799284,270.09581266809255,506.8416
1181,462.44063506799284,270.09581266809255,506.8416
1182,462.44063506799284,270.09581266809255,506.8416
1183,462.44063506799284,270.09581266809255,506.8416
1184,452.595438130782,269.1680022003129,507.1999
1185,452.595438130782,269.1680022003129,507.1999
1186,452.595438130782,269.1680022003129,507.1999
1187,452.595438130782,269.1680022003129,507.1999
1188,462.44063506799284,270.09581266809255,506.8416
1189,452.595438130782,269.1680022003129,507.1999
1190,452.595438130782,269.1680022003129,507.1999
1191,452.595438130782,269.1680022003129,507.1999
1192,452.595438130782,269.1680022003129,507.1999
1193,452.595438130782,269.1680022003129,507.1999
1194,452.595438130782,269.1680022003129,507.1999
1195,452.595438130782,269.1680022003129,507.1999
1196,452.595438130782,269.1680022003129,507.1999
1197,452.595438130782,269.1680022003129,507.1999
1198,452.595438130782,269.1680022003129,507.1999
1199,452.595438130782,269.1680022003129,507.1999
1200,452.595438130782,269.1680022003129,507.1999
1201,452.595438130782,269.1680022003129,507.1999
1202,452.595438130782,269.1680022003129,507.1999
1203,452.595438130782,269.1680022003129,507.1999
1204,452.595438130782,269.1680022003129,507.1999
1205,452.595438130782,269.1680022003129,507.1999
1206,452.595438130782,269.1680022003129,507.1999
1207,452.595438130782,269.1680022003129,507.1999
1208,452.595438130782,269.1680022003129,507.1999
1209,452.595438130782,269.1680022003129,507.1999
1210,452.595438130782,269.1680022003129,507.1999
1211,452.595438130782,269.1680022003129,507.1999
1212,452.595438130782,269.1680022003129,507.1999
1213,452.595438130782,269.1680022003129,507.1999
1214,452.595438130782,269.1680022003129,507.1999
1215,452.595438130782,269.1680022003129,507.1999
1216,452.595438130782,269.1680022003129,507.1999
1217,452.595438130782,269.1680022003129,507.1999
1218,452.595438130782,269.1680022003129,507.1999
1219,452.595438130782,269.1680022003129,507.1999
1220,462.44063506799284,270.09581266809255,506.8416
1221,452.595438130782,269.1680022003129,507.1999
1222,452.595438130782,269.1680022003129,507.1999
1223,452.595438130782,269.1680022003129,507.1999
1224,452.595438130782,269.1680022003129,507.1999
1225,452.595438130782,269.1680022003129,507.1999
1226,452.595438130782,269.1680022003129,507.1999
1227,452.595438130782,269.1680022003129,507.1999
1228,452.595438130782,269.1680022003129,507.1999
1229,452.595438130782,269.1680022003129,507.1999
1230,452.595438130782,269.1680022003129,507.1999
1231,452.595438130782,269.1680022003129,507.1999
1232,452.595438130782,269.1680022003129,507.1999
1233,452.595438130782,269.1680022003129,507.1999
1234,452.595438130782,269.1680022003129,507.1999
1235,452.595438130782,269.1680022003129,507.1999
1236,452.595438130782,269.1680022003129,507.1999
1237,452.595438130782,269.1680022003129,507.1999
1238,452.595438130782,269.1680022003129,507.1999
1239,452.595438130782,269.1680022003129,507.1999
1240,452.595438130782,269.1680022003129,507.1999
1241,452.595438130782,269.1680022003129,507.1999
1242,452.595438130782,269.1680022003129,507.1999
1243,462.44063506799284,270.09581266809255,506.8416
1244,452.595438130782,269.1680022003129,507.1999
1245,462.44063506799284,270.09581266809255,506.8416
1246,452.595438130782,269.1680022003129,507.1999
1247,452.595438130782,269.1680022003129,507.1999
1248,452.595438130782,269.1680022003129,507.1999
1249,452.595438130782,269.1680022003129,507.1999
1250,452.595438130782,269.1680022003129,507.1999
1251,462.44063506799284,270.09581266809255,506.8416
1252,439.2055318353232,266.14272183179855,513.9568
1253,439.2055318353232,266.14272183179855,513.9568
1254,452.595438130782,269.1680022003129,507.1999
1255,452.595438130782,269.1680022003129,507.1999
1256,462.44063506799284,270.09581266809255,506.8416
1257,462.44063506799284,270.09581266809255,506.8416
1258,462.44063506799284,270.09581266809255,506.8416
1259,462.44063506799284,270.09581266809255,506.8416
1260,462.44063506799284,270.09581266809255,506.8416
1261,462.44063506799284,270.09581266809255,506.8416
1262,462.44063506799284,270.09581266809255,506.8416
1263,462.44063506799284,270.09581266809255,506.8416
1264,462.44063506799284,270.09581266809255,506.8416
1265,462.44063506799284,270.09581266809255,506.8416
1266,462.44063506799284,270.09581266809255,506.8416
1267,462.44063506799284,270.09581266809255,506.8416
1268,462.44063506799284,270.09581266809255,506.8416
1269,462.44063506799284,270.09581266809255,506.8416
1270,462.44063506799284,270.09581266809255,506.8416
1271,462.44063506799284,270.09581266809255,506.8416
1272,462.44063506799284,270.09581266809255,506.8416
1273,462.44063506799284,270.09581266809255,506.8416
1274,462.44063506799284,270.09581266809255,506.8416
1275,462.44063506799284,270.09581266809255,506.8416
1276,462.44063506799284,270.09581266809255,506.8416
1277,462.44063506799284,270.09581266809255,506.8416
1278,462.44063506799284,270.09581266809255,506.8416
1279,462.44063506799284,270.09581266809255,506.8416
1280,462.44063506799284,270.09581266809255,506.8416
1281,462.44063506799284,270.09581266809255,506.8416
1282,452.595438130782,269.1680022003129,507.1999
1283,462.44063506799284,270.09581266809255,506.8416
1284,462.44063506799284,270.09581266809255,506.8416
1285,462.44063506799284,270.09581266809255,506.8416
1286,452.595438130782,269.1680022003129,507.1999
1287,452.595438130782,269.1680022003129,507.1999
1288,452.595438130782,269.1680022003129,507.1999
1289,452.595438130782,269.1680022003129,507.1999
1290,462.44063506799284,270.09581266809255,506.8416
1291,462.44063506799284,270.09581266809255,506.8416
1292,462.44063506799284,270.09581266809255,506.8416
1293,462.44063506799284,270.09581266809255,506.8416
1294,462.44063506799284,270.09581266809255,506.8416
1295,462.44063506799284,270.09581266809255,506.8416
1296,462.44063506799284,270.09581266809255,506.8416
1297,462.44063506799284,270.09581266809255,506.8416
1298,462.44063506799284,270.09581266809255,506.8416
1299,462.44063506799284,270.09581266809255,506.8416
1300,462.44063506799284,270.09581266809255,506.8416
1301,462.44063506799284,270.09581266809255,506.8416
1302,462.44063506799284,270.09581266809255,506.8416
1303,462.44063506799284,270.09581266809255,506.8416
1304,462.44063506799284,270.09581266809255,506.8416
1305,462.44063506799284,270.09581266809255,506.8416
1306,462.44063506799284,270.09581266809255,506.8416
1307,462.44063506799284,270.09581266809255,506.8416
1308,462.44063506799284,270.09581266809255,506.8416
1309,462.44063506799284,270.09581266809255,506.8416
1310,462.44063506799284,270.09581266809255,506.8416
1311,462.44063506799284,270.09581266809255,506.8416
1312,462.44063506799284,270.09581266809255,506.8416
1313,462.44063506799284,270.09581266809255,506.8416
1314,452.595438130782,269.1680022003129,507.1999
1315,462.44063506799284,270.09581266809255,506.8416
1316,452.595438130782,269.1680022003129,507.1999
1317,452.595438130782,269.1680022003129,507.1999
1318,462.44063506799284,270.09581266809255,506.8416
1319,462.44063506799284,270.09581266809255,506.8416
1320,462.44063506799284,270.09581266809255,506.8416
1321,462.44063506799284,270.09581266809255,506.8416
1322,462.44063506799284,270.09581266809255,506.8416
1323,462.44063506799284,270.09581266809255,506.8416
1324,462.44063506799284,270.09581266809255,506.8416
1325,462.44063506799284,270.09581266809255,506.8416
1326,462.44063506799284,270.09581266809255,506.8416
1327,462.44063506799284,270.09581266809255,506.8416
1328,462.44063506799284,270.09581266809255,506.8416
1329,462.44063506799284,270.09581266809255,506.8416
1330,462.44063506799284,270.09581266809255,506.8416
1331,462.44063506799284,270.09581266809255,506.8416
1332,462.44063506799284,270.09581266809255,506.8416
1333,462.44063506799284,270.09581266809255,506.8416
1334,462.44063506799284,270.09581266809255,506.8416
1335,462.44063506799284,270.09581266809255,506.8416
1336,462.44063506799284,270.09581266809255,506.8416
1337,462.44063506799284,270.09581266809255,506.8416
1338,462.44063506799284,270.09581266809255,506.8416
1339,462.44063506799284,270.09581266809255,506.8416
1340,462.44063506799284,270.09581266809255,506.8416
1341,462.44063506799284,270.09581266809255,506.8416
1342,462.44063506799284,270.09581266809255,506.8416
1343,462.44063506799284,270.09581266809255,506.8416
1344,462.44063506799284,270.09581266809255,506.8416
1345,462.44063506799284,270.09581266809255,506.8416
1346,462.44063506799284,270.09581266809255,506.8416
1347,452.595438130782,269.1680022003129,507.1999
1348,452.595438130782,269.1680022003129,507.1999
1349,452.595438130782,269.1680022003129,507.1999
1350,452.595438130782,269.1680022003129,507.1999
1351,452.595438130782,269.1680022003129,507.1999
1352,452.595438130782,269.1680022003129,507.1999
1353,452.595438130782,269.1680022003129,507.1999
1354,452.595438130782,269.1680022003129,507.1999
1355,452.595438130782,269.1680022003129,507.1999
1356,462.44063506799284,270.09581266809255,506.8416
1357,462.44063506799284,270.09581266809255,506.8416
1358,452.595438130782,269.1680022003129,507.1999
1359,452.595438130782,269.1680022003129,507.1999
1360,452.595438130782,269.1680022003129,507.1999
1361,452.595438130782,269.1680022003129,507.1999
1362,452.595438130782,269.1680022003129,507.1999
1363,452.595438130782,269.1680022003129,507.1999
1364,452.595438130782,269.1680022003129,507.1999
1365,452.595438130782,269.1680022003129,507.1999
1366,462.44063506799284,270.09581266809255,506.8416
1367,462.44063506799284,270.09581266809255,506.8416
1368,452.595438130782,269.1680022003129,507.1999
1369,462.44063506799284,270.09581266809255,506.8416
1370,462.44063506799284,270.09581266809255,506.8416
1371,462.44063506799284,270.09581266809255,506.8416
1372,452.595438130782,269.1680022003129,507.1999
1373,462.44063506799284,270.09581266809255,506.8416
1374,462.44063506799284,270.09581266809255,506.8416
1375,462.44063506799284,270.09581266809255,506.8416
1376,462.44063506799284,270.09581266809255,506.8416
1377,452.595438130782,269.1680022003129,507.1999
1378,462.44063506799284,270.09581266809255,506.8416
1379,462.44063506799284,270.09581266809255,506.8416
1380,452.595438130782,269.1680022003129,507.1999
1381,462.44063506799284,270.09581266809255,506.8416
1382,462.44063506799284,270.09581266809255,506.8416
1383,452.595438130782,269.1680022003129,507.1999
1384,462.44063506799284,270.09581266809255,506.8416
1385,452.595438130782,269.1680022003129,507.1999
1386,452.595438130782,269.1680022003129,507.1999
1387,462.44063506799284,270.09581266809255,506.8416
1388,452.595438130782,269.1680022003129,507.1999
1389,462.44063506799284,270.09581266809255,506.8416
1390,462.44063506799284,270.09581266809255,506.8416
1391,452.595438130782,269.1680022003129,507.1999
1392,462.44063506799284,270.09581266809255,506.8416
1393,462.44063506799284,270.09581266809255,506.8416
1394,452.595438130782,269.1680022003129,507.1999
1395,462.44063506799284,270.09581266809255,506.8416
1396,452.595438130782,269.1680022003129,507.1999
1397,462.44063506799284,270.09581266809255,506.8416
1398,462.44063506799284,270.09581266809255,506.8416
1399,462.44063506799284,270.09581266809255,506.8416
1400,462.44063506799284,270.09581266809255,506.8416
1401,462.44063506799284,270.09581266809255,506.8416
1402,452.595438130782,269.1680022003129,507.1999
1403,462.44063506799284,270.09581266809255,506.8416
1404,462.44063506799284,270.09581266809255,506.8416
1405,462.44063506799284,270.09581266809255,506.8416
1406,462.44063506799284,270.09581266809255,506.8416
1407,462.44063506799284,270.09581266809255,506.8416
1408,462.44063506799284,270.09581266809255,506.8416
1409,452.595438130782,269.1680022003129,507.1999
1410,452.595438130782,269.1680022003129,507.1999
1411,462.44063506799284,270.09581266809255,506.8416
1412,452.595438130782,269.1680022003129,507.1999
1413,452.595438130782,269.1680022003129,507.1999
1414,462.44063506799284,270.09581266809255,506.8416
1415,462.44063506799284,270.09581266809255,506.8416
1416,462.44063506799284,270.09581266809255,506.8416
1417,462.44063506799284,270.09581266809255,506.8416
1418,452.595438130782,269.1680022003129,507.1999
1419,452.595438130782,269.1680022003129,507.1999
1420,462.44063506799284,270.09581266809255,506.8416
1421,462.44063506799284,270.09581266809255,506.8416
1422,462.44063506799284,270.09581266809255,506.8416
1423,462.44063506799284,270.09581266809255,506.8416
1424,462.44063506799284,270.09581266809255,506.8416
1425,462.44063506799284,270.09581266809255,506.8416
1426,462.44063506799284,270.09581266809255,506.8416
1427,452.595438130782,269.1680022003129,507.1999
1428,462.44063506799284,270.09581266809255,506.8416
1429,462.44063506799284,270.09581266809255,506.8416
1430,462.44063506799284,270.09581266809255,506.8416
1431,462.44063506799284,270.09581266809255,506.8416
1432,462.44063506799284,270.09581266809255,506.8416
1433,462.44063506799284,270.09581266809255,506.8416
1434,462.44063506799284,270.09581266809255,506.8416
1435,462.44063506799284,270.09581266809255,506.8416
1436,462.44063506799284,270.09581266809255,506.8416
1437,462.44063506799284,270.09581266809255,506.8416
1438,462.44063506799284,270.09581266809255,506.8416
1439,462.44063506799284,270.09581266809255,506.8416
1440,462.44063506799284,270.09581266809255,506.8416
1441,462.44063506799284,270.09581266809255,506.8416
1442,462.44063506799284,270.09581266809255,506.8416
1443,462.44063506799284,270.09581266809255,506.8416
1444,452.595438130782,269.1680022003129,507.1999
1445,452.595438130782,269.1680022003129,507.1999
1446,452.595438130782,269.1680022003129,507.1999
1447,452.595438130782,269.1680022003129,507.1999
1448,452.595438130782,269.1680022003129,507.1999
1449,462.44063506799284,270.09581266809255,506.8416
1450,462.44063506799284,270.09581266809255,506.8416
1451,462.44063506799284,270.09581266809255,506.8416
1452,462.44063506799284,270.09581266809255,506.8416
1453,462.44063506799284,270.09581266809255,506.8416
1454,462.44063506799284,270.09581266809255,506.8416
1455,462.44063506799284,270.09581266809255,506.8416
1456,462.44063506799284,270.09581266809255,506.8416
1457,462.44063506799284,270.09581266809255,506.8416
1458,462.44063506799284,270.09581266809255,506.8416
1459,462.44063506799284,270.09581266809255,506.8416
1460,462.44063506799284,270.09581266809255,506.8416
1461,452.595438130782,269.1680022003129,507.1999
1462,462.44063506799284,270.09581266809255,506.8416
1463,462.44063506799284,270.09581266809255,506.8416
1464,462.44063506799284,270.09581266809255,506.8416
1465,462.44063506799284,270.09581266809255,506.8416
1466,462.44063506799284,270.09581266809255,506.8416
1467,462.44063506799284,270.09581266809255,506.8416
1468,462.44063506799284,270.09581266809255,506.8416
1469,452.595438130782,269.1680022003129,507.1999
1470,462.44063506799284,270.09581266809255,506.8416
1471,462.44063506799284,270.09581266809255,506.8416
1472,462.44063506799284,270.09581266809255,506.8416
1473,462.44063506799284,270.09581266809255,506.8416
1474,452.595438130782,269.1680022003129,507.1999
1475,462.44063506799284,270.09581266809255,506.8416
1476,452.595438130782,269.1680022003129,507.1999
1477,462.44063506799284,270.09581266809255,506.8416
1478,452.595438130782,269.1680022003129,507.1999
1479,462.44063506799284,270.09581266809255,506.8416
1480,452.595438130782,269.1680022003129,507.1999
1481,462.44063506799284,270.09581266809255,506.8416
1482,452.595438130782,269.1680022003129,507.1999
1483,452.595438130782,269.1680022003129,507.1999
1484,462.44063506799284,270.09581266809255,506.8416
1485,452.595438130782,269.1680022003129,507.1999
1486,462.44063506799284,270.09581266809255,506.8416
1487,462.44063506799284,270.09581266809255,506.8416
1488,462.44063506799284,270.09581266809255,506.8416
1489,462.44063506799284,270.09581266809255,506.8416
1490,462.44063506799284,270.09581266809255,506.8416
1491,462.44063506799284,270.09581266809255,506.8416
1492,462.44063506799284,270.09581266809255,506.8416
1493,452.595438130782,269.1680022003129,507.1999
1494,462.44063506799284,270.09581266809255,506.8416
1495,462.44063506799284,270.09581266809255,506.8416
1496,462.44063506799284,270.09581266809255,506.8416
1497,462.44063506799284,270.09581266809255,506.8416
1498,462.44063506799284,270.09581266809255,506.8416
1499,462.44063506799284,270.09581266809255,506.8416
1500,462.44063506799284,270.09581266809255,506.8416
1501,462.44063506799284,270.09581266809255,506.8416
1502,462.44063506799284,270.09581266809255,506.8416
1503,462.44063506799284,270.09581266809255,506.8416
1504,462.44063506799284,270.09581266809255,506.8416
1505,452.595438130782,269.1680022003129,507.1999
1506,452.595438130782,269.1680022003129,507.1999
1507,462.44063506799284,270.09581266809255,506.8416
1508,452.595438130782,269.1680022003129,507.1999
1509,462.44063506799284,270.09581266809255,506.8416
1510,452.595438130782,269.1680022003129,507.1999
1511,452.595438130782,269.1680022003129,507.1999
1512,452.595438130782,269.1680022003129,507.1999
1513,452.595438130782,269.1680022003129,507.1999
1514,462.44063506799284,270.09581266809255,506.8416
1515,452.595438130782,269.1680022003129,507.1999
1516,452.595438130782,269.1680022003129,507.1999
1517,452.595438130782,269.1680022003129,507.1999
1518,452.595438130782,269.1680022003129,507.1999
1519,462.44063506799284,270.09581266809255,506.8416
1520,452.595438130782,269.1680022003129,507.1999
1521,462.44063506799284,270.09581266809255,506.8416
1522,452.595438130782,269.1680022003129,507.1999
1523,462.44063506799284,270.09581266809255,506.8416
1524,462.44063506799284,270.09581266809255,506.8416
1525,462.44063506799284,270.09581266809255,506.8416
1526,452.595438130782,269.1680022003129,507.1999
1527,462.44063506799284,270.09581266809255,506.8416
1528,462.44063506799284,270.09581266809255,506.8416
1529,462.44063506799284,270.09581266809255,506.8416
1530,462.44063506799284,270.09581266809255,506.8416
1531,452.595438130782,269.1680022003129,507.1999
1532,462.44063506799284,270.09581266809255,506.8416
1533,452.595438130782,269.1680022003129,507.1999
1534,462.44063506799284,270.09581266809255,506.8416
1535,452.595438130782,269.1680022003129,507.1999
1536,462.44063506799284,270.09581266809255,506.8416
1537,452.595438130782,269.1680022003129,507.1999
1538,462.44063506799284,270.09581266809255,506.8416
1539,452.595438130782,269.1680022003129,507.1999
1540,452.595438130782,269.1680022003129,507.1999
1541,462.44063506799284,270.09581266809255,506.8416
1542,462.44063506799284,270.09581266809255,506.8416
1543,462.44063506799284,270.09581266809255,506.8416
1544,462.44063506799284,270.09581266809255,506.8416
1545,462.44063506799284,270.09581266809255,506.8416
1546,462.44063506799284,270.09581266809255,506.8416
1547,462.44063506799284,270.09581266809255,506.8416
1548,462.44063506799284,270.09581266809255,506.8416
1549,462.44063506799284,270.09581266809255,506.8416
1550,462.44063506799284,270.09581266809255,506.8416
1551,462.44063506799284,270.09581266809255,506.8416
1552,462.44063506799284,270.09581266809255,506.8416
1553,462.44063506799284,270.09581266809255,506.8416
1554,462.44063506799284,270.09581266809255,506.8416
1555,462.44063506799284,270.09581266809255,506.8416
1556,462.44063506799284,270.09581266809255,506.8416
1557,462.44063506799284,270.09581266809255,506.8416
1558,462.44063506799284,270.09581266809255,506.8416
1559,462.44063506799284,270.09581266809255,506.8416
1560,462.44063506799284,270.09581266809255,506.8416
1561,462.44063506799284,270.09581266809255,506.8416
1562,462.44063506799284,270.09581266809255,506.8416
1563,462.44063506799284,270.09581266809255,506.8416
1564,462.44063506799284,270.09581266809255,506.8416
1565,462.44063506799284,270.09581266809255,506.8416
1566,462.44063506799284,270.09581266809255,506.8416
1567,462.44063506799284,270.09581266809255,506.8416
1568,462.44063506799284,270.09581266809255,506.8416
1569,462.44063506799284,270.09581266809255,506.8416
1570,452.595438130782,269.1680022003129,507.1999
1571,462.44063506799284,270.09581266809255,506.8416
1572,462.44063506799284,270.09581266809255,506.8416
1573,452.595438130782,269.1680022003129,507.1999
1574,462.44063506799284,270.09581266809255,506.8416
1575,452.595438130782,269.1680022003129,507.1999
1576,459.75508192298,269.0966150574386,510.5836
1577,462.44063506799284,270.09581266809255,506.8416
1578,459.75508192298,269.0966150574386,510.5836
1579,452.595438130782,269.1680022003129,507.1999
1580,452.595438130782,269.1680022003129,507.1999
1581,452.595438130782,269.1680022003129,507.1999
1582,452.595438130782,269.1680022003129,507.1999
1583,452.595438130782,269.1680022003129,507.1999
1584,452.595438130782,269.1680022003129,507.1999
1585,452.595438130782,269.1680022003129,507.1999
1586,452.595438130782,269.1680022003129,507.1999
1587,462.44063506799284,270.09581266809255,506.8416
1588,452.595438130782,269.1680022003129,507.1999
1589,452.595438130782,269.1680022003129,507.1999
1590,462.44063506799284,270.09581266809255,506.8416
1591,452.595438130782,269.1680022003129,507.1999
1592,462.44063506799284,270.09581266809255,506.8416
1593,462.44063506799284,270.09581266809255,506.8416
1594,452.595438130782,269.1680022003129,507.1999
1595,462.44063506799284,270.09581266809255,506.8416
1596,462.44063506799284,270.09581266809255,506.8416
1597,462.44063506799284,270.09581266809255,506.8416
1598,452.595438130782,269.1680022003129,507.1999
1599,462.44063506799284,270.09581266809255,506.8416
1600,462.44063506799284,270.09581266809255,506.8416
1601,462.44063506799284,270.09581266809255,506.8416
1602,462.44063506799284,270.09581266809255,506.8416
1603,452.595438130782,269.1680022003129,507.1999
1604,452.595438130782,269.1680022003129,507.1999
1605,462.44063506799284,270.09581266809255,506.8416
1606,462.44063506799284,270.09581266809255,506.8416
1607,462.44063506799284,270.09581266809255,506.8416
1608,452.595438130782,269.1680022003129,507.1999
1609,452.595438130782,269.1680022003129,507.1999
1610,452.595438130782,269.1680022003129,507.1999
1611,452.595438130782,269.1680022003129,507.1999
1612,452.595438130782,269.1680022003129,507.1999
1613,452.595438130782,269.1680022003129,507.1999
1614,452.595438130782,269.1680022003129,507.1999
1615,452.595438130782,269.1680022003129,507.1999
1616,452.595438130782,269.1680022003129,507.1999
1617,452.595438130782,269.1680022003129,507.1999
1618,452.595438130782,269.1680022003129,507.1999
1619,452.595438130782,269.1680022003129,507.1999
1620,452.595438130782,269.1680022003129,507.1999
1621,452.595438130782,269.1680022003129,507.1999
1622,452.595438130782,269.1680022003129,507.1999
1623,452.595438130782,269.1680022003129,507.1999
1624,452.595438130782,269.1680022003129,507.1999
1625,452.595438130782,269.1680022003129,507.1999
1626,452.595438130782,269.1680022003129,507.1999
1627,452.595438130782,269.1680022003129,507.1999
1628,452.595438130782,269.1680022003129,507.1999
1629,452.595438130782,269.1680022003129,507.1999
1630,452.595438130782,269.1680022003129,507.1999
1631,452.595438130782,269.1680022003129,507.1999
1632,452.595438130782,269.1680022003129,507.1999
1633,452.595438130782,269.1680022003129,507.1999
1634,452.595438130782,269.1680022003129,507.1999
1635,452.595438130782,269.1680022003129,507.1999
1636,452.595438130782,269.1680022003129,507.1999
1637,452.595438130782,269.1680022003129,507.1999
1638,452.595438130782,269.1680022003129,507.1999
1639,452.595438130782,269.1680022003129,507.1999
1640,452.595438130782,269.1680022003129,507.1999
1641,452.595438130782,269.1680022003129,507.1999
1642,452.595438130782,269.1680022003129,507.1999
1643,452.595438130782,269.1680022003129,507.1999
1644,452.595438130782,269.1680022003129,507.1999
1645,452.595438130782,269.1680022003129,507.1999
1646,452.595438130782,269.1680022003129,507.1999
1647,452.595438130782,269.1680022003129,507.1999
1648,452.595438130782,269.1680022003129,507.1999
1649,452.595438130782,269.1680022003129,507.1999
1650,452.595438130782,269.1680022003129,507.1999
1651,452.595438130782,269.1680022003129,507.1999
1652,452.595438130782,269.1680022003129,507.1999
1653,452.595438130782,269.1680022003129,507.1999
1654,452.595438130782,269.1680022003129,507.1999
1655,452.595438130782,269.1680022003129,507.1999
1656,452.595438130782,269.1680022003129,507.1999
1657,452.595438130782,269.1680022003129,507.1999
1658,452.595438130782,269.1680022003129,507.1999
1659,452.595438130782,269.1680022003129,507.1999
1660,452.595438130782,269.1680022003129,507.1999
1661,452.595438130782,269.1680022003129,507.1999
1662,452.595438130782,269.1680022003129,507.1999
1663,452.595438130782,269.1680022003129,507.1999
1664,452.595438130782,269.1680022003129,507.1999
1665,452.595438130782,269.1680022003129,507.1999
1666,452.595438130782,269.1680022003129,507.1999
1667,452.595438130782,269.1680022003129,507.1999
1668,452.595438130782,269.1680022003129,507.1999
1669,452.595438130782,269.1680022003129,507.1999
1670,452.595438130782,269.1680022003129,507.1999
1671,452.595438130782,269.1680022003129,507.1999
1672,452.595438130782,269.1680022003129,507.1999
1673,452.595438130782,269.1680022003129,507.1999
1674,452.595438130782,269.1680022003129,507.1999
1675,452.595438130782,269.1680022003129,507.1999
1676,452.595438130782,269.1680022003129,507.1999
1677,452.595438130782,269.1680022003129,507.1999
1678,452.595438130782,269.1680022003129,507.1999
1679,452.595438130782,269.1680022003129,507.1999
1680,452.595438130782,269.1680022003129,507.1999
1681,452.595438130782,269.1680022003129,507.1999
1682,452.595438130782,269.1680022003129,507.1999
1683,452.595438130782,269.1680022003129,507.1999
1684,452.595438130782,269.1680022003129,507.1999
1685,452.595438130782,269.1680022003129,507.1999
1686,452.595438130782,269.1680022003129,507.1999
1687,452.595438130782,269.1680022003129,507.1999
1688,452.595438130782,269.1680022003129,507.1999
1689,452.595438130782,269.1680022003129,507.1999
1690,452.595438130782,269.1680022003129,507.1999
1691,452.595438130782,269.1680022003129,507.1999
1692,452.595438130782,269.1680022003129,507.1999
1693,452.595438130782,269.1680022003129,507.1999
1694,452.595438130782,269.1680022003129,507.1999
1695,452.595438130782,269.1680022003129,507.1999
1696,452.595438130782,269.1680022003129,507.1999
1697,452.595438130782,269.1680022003129,507.1999
1698,452.595438130782,269.1680022003129,507.1999
1699,462.44063506799284,270.09581266809255,506.8416
1700,462.44063506799284,270.09581266809255,506.8416
1701,459.75508192298,269.0966150574386,510.5836
1702,459.75508192298,269.0966150574386,510.5836
1703,459.75508192298,269.0966150574386,510.5836
1704,459.75508192298,269.0966150574386,510.5836
1705,452.595438130782,269.1680022003129,507.1999
1706,452.595438130782,269.1680022003129,507.1999
1707,452.595438130782,269.1680022003129,507.1999
1708,452.595438130782,269.1680022003129,507.1999
1709,452.595438130782,269.1680022003129,507.1999
1710,452.595438130782,269.1680022003129,507.1999
1711,452.595438130782,269.1680022003129,507.1999
1712,452.595438130782,269.1680022003129,507.1999
1713,452.595438130782,269.1680022003129,507.1999
1714,452.595438130782,269.1680022003129,507.1999
1715,452.595438130782,269.1680022003129,507.1999
1716,452.595438130782,269.1680022003129,507.1999
1717,452.595438130782,269.1680022003129,507.1999
1718,452.595438130782,269.1680022003129,507.1999
1719,452.595438130782,269.1680022003129,507.1999
1720,452.595438130782,269.1680022003129,507.1999
1721,452.595438130782,269.1680022003129,507.1999
1722,452.595438130782,269.1680022003129,507.1999
1723,452.595438130782,269.1680022003129,507.1999
1724,452.595438130782,269.1680022003129,507.1999
1725,452.595438130782,269.1680022003129,507.1999
1726,452.595438130782,269.1680022003129,507.1999
1727,452.595438130782,269.1680022003129,507.1999
1728,452.595438130782,269.1680022003129,507.1999
1729,452.595438130782,269.1680022003129,507.1999
1730,452.595438130782,269.1680022003129,507.1999
1731,452.595438130782,269.1680022003129,507.1999
1732,452.595438130782,269.1680022003129,507.1999
1733,462.44063506799284,270.09581266809255,506.8416
1734,452.595438130782,269.1680022003129,507.1999
1735,452.595438130782,269.1680022003129,507.1999
1736,452.595438130782,269.1680022003129,507.1999
1737,452.595438130782,269.1680022003129,507.1999
1738,452.595438130782,269.1680022003129,507.1999
1739,452.595438130782,269.1680022003129,507.1999
1740,452.595438130782,269.1680022003129,507.1999
1741,452.595438130782,269.1680022003129,507.1999
1742,452.595438130782,269.1680022003129,507.1999
1743,452.595438130782,269.1680022003129,507.1999
1744,452.595438130782,269.1680022003129,507.1999
1745,452.595438130782,269.1680022003129,507.1999
1746,452.595438130782,269.1680022003129,507.1999
1747,452.595438130782,269.1680022003129,507.1999
1748,452.595438130782,269.1680022003129,507.1999
1749,452.595438130782,269.1680022003129,507.1999
1750,452.595438130782,269.1680022003129,507.1999
1751,452.595438130782,269.1680022003129,507.1999
1752,462.44063506799284,270.09581266809255,506.8416
1753,452.595438130782,269.1680022003129,507.1999
1754,452.595438130782,269.1680022003129,507.1999
1755,452.595438130782,269.1680022003129,507.1999
1756,462.44063506799284,270.09581266809255,506.8416
1757,452.595438130782,269.1680022003129,507.1999
1758,452.595438130782,269.1680022003129,507.1999
1759,452.595438130782,269.1680022003129,507.1999
1760,452.595438130782,269.1680022003129,507.1999
1761,452.595438130782,269.1680022003129,507.1999
1762,452.595438130782,269.1680022003129,507.1999
1763,452.595438130782,269.1680022003129,507.1999
1764,452.595438130782,269.1680022003129,507.1999
1765,462.44063506799284,270.09581266809255,506.8416
1766,452.595438130782,269.1680022003129,507.1999
1767,452.595438130782,269.1680022003129,507.1999
1768,462.44063506799284,270.09581266809255,506.8416
1769,452.595438130782,269.1680022003129,507.1999
1770,462.44063506799284,270.09581266809255,506.8416
1771,462.44063506799284,270.09581266809255,506.8416
1772,452.595438130782,269.1680022003129,507.1999
1773,462.44063506799284,270.09581266809255,506.8416
1774,452.595438130782,269.1680022003129,507.1999
1775,462.44063506799284,270.09581266809255,506.8416
1776,462.44063506799284,270.09581266809255,506.8416
1777,462.44063506799284,270.09581266809255,506.8416
1778,452.595438130782,269.1680022003129,507.1999
1779,462.44063506799284,270.09581266809255,506.8416
1780,452.595438130782,269.1680022003129,507.1999
1781,462.44063506799284,270.09581266809255,506.8416
1782,462.44063506799284,270.09581266809255,506.8416
1783,462.44063506799284,270.09581266809255,506.8416
1784,462.44063506799284,270.09581266809255,506.8416
1785,462.44063506799284,270.09581266809255,506.8416
1786,462.44063506799284,270.09581266809255,506.8416
1787,452.595438130782,269.1680022003129,507.1999
1788,462.44063506799284,270.09581266809255,506.8416
1789,452.595438130782,269.1680022003129,507.1999
1790,462.44063506799284,270.09581266809255,506.8416
1791,462.44063506799284,270.09581266809255,506.8416
1792,462.44063506799284,270.09581266809255,506.8416
1793,462.44063506799284,270.09581266809255,506.8416
1794,462.44063506799284,270.09581266809255,506.8416
1795,452.595438130782,269.1680022003129,507.1999
1796,452.595438130782,269.1680022003129,507.1999
1797,462.44063506799284,270.09581266809255,506.8416
1798,452.595438130782,269.1680022003129,507.1999
1799,452.595438130782,269.1680022003129,507.1999
1800,452.595438130782,269.1680022003129,507.1999
1801,452.595438130782,269.1680022003129,507.1999
1802,452.595438130782,269.1680022003129,507.1999
1803,452.595438130782,269.1680022003129,507.1999
1804,452.595438130782,269.1680022003129,507.1999
1805,452.595438130782,269.1680022003129,507.1999
1806,452.595438130782,269.1680022003129,507.1999
1807,452.595438130782,269.1680022003129,507.1999
1808,452.595438130782,269.1680022003129,507.1999
1809,452.595438130782,269.1680022003129,507.1999
1810,452.595438130782,269.1680022003129,507.1999
1811,452.595438130782,269.1680022003129,507.1999
1812,452.595438130782,269.1680022003129,507.1999
1813,452.595438130782,269.1680022003129,507.1999
1814,452.595438130782,269.1680022003129,507.1999
1815,452.595438130782,269.1680022003129,507.1999
1816,452.595438130782,269.1680022003129,507.1999
1817,452.595438130782,269.1680022003129,507.1999
1818,452.595438130782,269.1680022003129,507.1999
1819,452.595438130782,269.1680022003129,507.1999
1820,452.595438130782,269.1680022003129,507.1999
1821,452.595438130782,269.1680022003129,507.1999
1822,452.595438130782,269.1680022003129,507.1999
1823,452.595438130782,269.1680022003129,507.1999
1824,452.595438130782,269.1680022003129,507.1999
1825,452.595438130782,269.1680022003129,507.1999
1826,462.44063506799284,270.09581266809255,506.8416
1827,462.44063506799284,270.09581266809255,506.8416
1828,452.595438130782,269.1680022003129,507.1999
1829,462.44063506799284,270.09581266809255,506.8416
1830,462.44063506799284,270.09581266809255,506.8416
1831,462.44063506799284,270.09581266809255,506.8416
1832,462.44063506799284,270.09581266809255,506.8416
1833,462.44063506799284,270.09581266809255,506.8416
1834,452.595438130782,269.1680022003129,507.1999
1835,452.595438130782,269.1680022003129,507.1999
1836,452.595438130782,269.1680022003129,507.1999
1837,462.44063506799284,270.09581266809255,506.8416
1838,452.595438130782,269.1680022003129,507.1999
1839,452.595438130782,269.1680022003129,507.1999
1840,452.595438130782,269.1680022003129,507.1999
1841,452.595438130782,269.1680022003129,507.1999
1842,452.595438130782,269.1680022003129,507.1999
1843,452.595438130782,269.1680022003129,507.1999
1844,452.595438130782,269.1680022003129,507.1999
1845,452.595438130782,269.1680022003129,507.1999
1846,452.595438130782,269.1680022003129,507.1999
1847,452.595438130782,269.1680022003129,507.1999
1848,452.595438130782,269.1680022003129,507.1999
1849,452.595438130782,269.1680022003129,507.1999
1850,452.595438130782,269.1680022003129,507.1999
1851,452.595438130782,269.1680022003129,507.1999
1852,452.595438130782,269.1680022003129,507.1999
1853,452.595438130782,269.1680022003129,507.1999
1854,452.595438130782,269.1680022003129,507.1999
1855,452.595438130782,269.1680022003129,507.1999
1856,452.595438130782,269.1680022003129,507.1999
1857,452.595438130782,269.1680022003129,507.1999
1858,452.595438130782,269.1680022003129,507.1999
1859,452.595438130782,269.1680022003129,507.1999
1860,452.595438130782,269.1680022003129,507.1999
1861,452.595438130782,269.1680022003129,507.1999
1862,452.595438130782,269.1680022003129,507.1999
1863,452.595438130782,269.1680022003129,507.1999
1864,452.595438130782,269.1680022003129,507.1999
1865,452.595438130782,269.1680022003129,507.1999
1866,452.595438130782,269.1680022003129,507.1999
1867,452.595438130782,269.1680022003129,507.1999
1868,452.595438130782,269.1680022003129,507.1999
1869,452.595438130782,269.1680022003129,507.1999
1870,452.595438130782,269.1680022003129,507.1999
1871,452.595438130782,269.1680022003129,507.1999
1872,452.595438130782,269.1680022003129,507.1999
1873,452.595438130782,269.1680022003129,507.1999
1874,452.595438130782,269.1680022003129,507.1999
1875,452.595438130782,269.1680022003129,507.1999
1876,452.595438130782,269.1680022003129,507.1999
1877,452.595438130782,269.1680022003129,507.1999
1878,452.595438130782,269.1680022003129,507.1999
1879,452.595438130782,269.1680022003129,507.1999
1880,452.595438130782,269.1680022003129,507.1999
1881,452.595438130782,269.1680022003129,507.1999
1882,452.595438130782,269.1680022003129,507.1999
1883,452.595438130782,269.1680022003129,507.1999
1884,452.595438130782,269.1680022003129,507.1999
1885,462.44063506799284,270.09581266809255,506.8416
1886,452.595438130782,269.1680022003129,507.1999
1887,452.595438130782,269.1680022003129,507.1999
1888,452.595438130782,269.1680022003129,507.1999
1889,452.595438130782,269.1680022003129,507.1999
1890,452.595438130782,269.1680022003129,507.1999
1891,452.595438130782,269.1680022003129,507.1999
1892,462.44063506799284,270.09581266809255,506.8416
1893,452.595438130782,269.1680022003129,507.1999
1894,452.595438130782,269.1680022003129,507.1999
1895,452.595438130782,269.1680022003129,507.1999
1896,452.595438130782,269.1680022003129,507.1999
1897,452.595438130782,269.1680022003129,507.1999
1898,452.595438130782,269.1680022003129,507.1999
1899,452.595438130782,269.1680022003129,507.1999
1900,452.595438130782,269.1680022003129,507.1999
1901,452.595438130782,269.1680022003129,507.1999
1902,452.595438130782,269.1680022003129,507.1999
1903,452.595438130782,269.1680022003129,507.1999
1904,452.595438130782,269.1680022003129,507.1999
1905,452.595438130782,269.1680022003129,507.1999
1906,452.595438130782,269.1680022003129,507.1999
1907,452.595438130782,269.1680022003129,507.1999
1908,452.595438130782,269.1680022003129,507.1999
1909,452.595438130782,269.1680022003129,507.1999
1910,452.595438130782,269.1680022003129,507.1999
1911,452.595438130782,269.1680022003129,507.1999
1912,452.595438130782,269.1680022003129,507.1999
1913,452.595438130782,269.1680022003129,507.1999
1914,452.595438130782,269.1680022003129,507.1999
1915,452.595438130782,269.1680022003129,507.1999
1916,452.595438130782,269.1680022003129,507.1999
1917,452.595438130782,269.1680022003129,507.1999
1918,452.595438130782,269.1680022003129,507.1999
1919,452.595438130782,269.1680022003129,507.1999
1920,452.595438130782,269.1680022003129,507.1999
1921,452.595438130782,269.1680022003129,507.1999
1922,452.595438130782,269.1680022003129,507.1999
1923,452.595438130782,269.1680022003129,507.1999
1924,452.595438130782,269.1680022003129,507.1999
1925,462.44063506799284,270.09581266809255,506.8416
1926,452.595438130782,269.1680022003129,507.1999
1927,452.595438130782,269.1680022003129,507.1999
1928,452.595438130782,269.1680022003129,507.1999
1929,452.595438130782,269.1680022003129,507.1999
1930,452.595438130782,269.1680022003129,507.1999
1931,452.595438130782,269.1680022003129,507.1999
1932,462.44063506799284,270.09581266809255,506.8416
1933,452.595438130782,269.1680022003129,507.1999
1934,452.595438130782,269.1680022003129,507.1999
1935,452.595438130782,269.1680022003129,507.1999
1936,452.595438130782,269.1680022003129,507.1999
1937,452.595438130782,269.1680022003129,507.1999
1938,452.595438130782,269.1680022003129,507.1999
1939,452.595438130782,269.1680022003129,507.1999
1940,452.595438130782,269.1680022003129,507.1999
1941,452.595438130782,269.1680022003129,507.1999
1942,452.595438130782,269.1680022003129,507.1999
1943,452.595438130782,269.1680022003129,507.1999
1944,452.595438130782,269.1680022003129,507.1999
1945,462.44063506799284,270.09581266809255,506.8416
1946,452.595438130782,269.1680022003129,507.1999
1947,452.595438130782,269.1680022003129,507.1999
1948,452.595438130782,269.1680022003129,507.1999
1949,452.595438130782,269.1680022003129,507.1999
1950,452.595438130782,269.1680022003129,507.1999
1951,462.44063506799284,270.09581266809255,506.8416
1952,452.595438130782,269.1680022003129,507.1999
1953,452.595438130782,269.1680022003129,507.1999
1954,462.44063506799284,270.09581266809255,506.8416
1955,462.44063506799284,270.09581266809255,506.8416
1956,452.595438130782,269.1680022003129,507.1999
1957,452.595438130782,269.1680022003129,507.1999
1958,452.595438130782,269.1680022003129,507.1999
1959,452.595438130782,269.1680022003129,507.1999
1960,452.595438130782,269.1680022003129,507.1999
1961,452.595438130782,269.1680022003129,507.1999
1962,452.595438130782,269.1680022003129,507.1999
1963,452.595438130782,269.1680022003129,507.1999
1964,452.595438130782,269.1680022003129,507.1999
1965,452.595438130782,269.1680022003129,507.1999
1966,452.595438130782,269.1680022003129,507.1999
1967,452.595438130782,269.1680022003129,507.1999
1968,452.595438130782,269.1680022003129,507.1999
1969,452.595438130782,269.1680022003129,507.1999
1970,452.595438130782,269.1680022003129,507.1999
1971,452.595438130782,269.1680022003129,507.1999
1972,452.595438130782,269.1680022003129,507.1999
1973,452.595438130782,269.1680022003129,507.1999
1974,452.595438130782,269.1680022003129,507.1999
1975,452.595438130782,269.1680022003129,507.1999
1976,452.595438130782,269.1680022003129,507.1999
1977,452.595438130782,269.1680022003129,507.1999
1978,452.595438130782,269.1680022003129,507.1999
1979,452.595438130782,269.1680022003129,507.1999
1980,452.595438130782,269.1680022003129,507.1999
1981,452.595438130782,269.1680022003129,507.1999
1982,452.595438130782,269.1680022003129,507.1999
1983,452.595438130782,269.1680022003129,507.1999
1984,452.595438130782,269.1680022003129,507.1999
1985,452.595438130782,269.1680022003129,507.1999
1986,452.595438130782,269.1680022003129,507.1999
1987,452.595438130782,269.1680022003129,507.1999
1988,452.595438130782,269.1680022003129,507.1999
1989,452.595438130782,269.1680022003129,507.1999
1990,452.595438130782,269.1680022003129,507.1999
1991,452.595438130782,269.1680022003129,507.1999
1992,462.44063506799284,270.09581266809255,506.8416
1993,452.595438130782,269.1680022003129,507.1999
1994,452.595438130782,269.1680022003129,507.1999
1995,452.595438130782,269.1680022003129,507.1999
1996,452.595438130782,269.1680022003129,507.1999
1997,452.595438130782,269.1680022003129,507.1999
1998,452.595438130782,269.1680022003129,507.1999
1999,452.595438130782,269.1680022003129,507.1999
2000,452.595438130782,269.1680022003129,507.1999
2001,452.595438130782,269.1680022003129,507.1999
2002,452.595438130782,269.1680022003129,507.1999
2003,452.595438130782,269.1680022003129,507.1999
2004,452.595438130782,269.1680022003129,507.1999
2005,452.595438130782,269.1680022003129,507.1999
2006,452.595438130782,269.1680022003129,507.1999
2007,452.595438130782,269.1680022003129,507.1999
2008,452.595438130782,269.1680022003129,507.1999
2009,452.595438130782,269.1680022003129,507.1999
2010,462.44063506799284,270.09581266809255,506.8416
2011,452.595438130782,269.1680022003129,507.1999
2012,452.595438130782,269.1680022003129,507.1999
2013,452.595438130782,269.1680022003129,507.1999
2014,452.595438130782,269.1680022003129,507.1999
2015,462.44063506799284,270.09581266809255,506.8416
2016,452.595438130782,269.1680022003129,507.1999
2017,452.595438130782,269.1680022003129,507.1999
2018,452.595438130782,269.1680022003129,507.1999
2019,462.44063506799284,270.09581266809255,506.8416
2020,452.595438130782,269.1680022003129,507.1999
2021,452.595438130782,269.1680022003129,507.1999
2022,462.44063506799284,270.09581266809255,506.8416
2023,462.44063506799284,270.09581266809255,506.8416
2024,452.595438130782,269.1680022003129,507.1999
2025,452.595438130782,269.1680022003129,507.1999
2026,452.595438130782,269.1680022003129,507.1999
2027,462.44063506799284,270.09581266809255,506.8416
2028,452.595438130782,269.1680022003129,507.1999
2029,462.44063506799284,270.09581266809255,506.8416
2030,452.595438130782,269.1680022003129,507.1999
2031,452.595438130782,269.1680022003129,507.1999
2032,462.44063506799284,270.09581266809255,506.8416
2033,452.595438130782,269.1680022003129,507.1999
2034,462.44063506799284,270.09581266809255,506.8416
2035,452.595438130782,269.1680022003129,507.1999
2036,452.595438130782,269.1680022003129,507.1999
2037,452.595438130782,269.1680022003129,507.1999
2038,452.595438130782,269.1680022003129,507.1999
2039,452.595438130782,269.1680022003129,507.1999
2040,452.595438130782,269.1680022003129,507.1999
2041,452.595438130782,269.1680022003129,507.1999
2042,452.595438130782,269.1680022003129,507.1999
2043,462.44063506799284,270.09581266809255,506.8416
2044,452.595438130782,269.1680022003129,507.1999
2045,452.595438130782,269.1680022003129,507.1999
2046,452.595438130782,269.1680022003129,507.1999
2047,452.595438130782,269.1680022003129,507.1999
2048,452.595438130782,269.1680022003129,507.1999
2049,452.595438130782,269.1680022003129,507.1999
2050,452.595438130782,269.1680022003129,507.1999
2051,452.595438130782,269.1680022003129,507.1999
2052,452.595438130782,269.1680022003129,507.1999
2053,452.595438130782,269.1680022003129,507.1999
2054,452.595438130782,269.1680022003129,507.1999
2055,452.595438130782,269.1680022003129,507.1999
2056,452.595438130782,269.1680022003129,507.1999
2057,452.595438130782,269.1680022003129,507.1999
2058,452.595438130782,269.1680022003129,507.1999
2059,452.595438130782,269.1680022003129,507.1999
2060,452.595438130782,269.1680022003129,507.1999
2061,452.595438130782,269.1680022003129,507.1999
2062,452.595438130782,269.1680022003129,507.1999
2063,452.595438130782,269.1680022003129,507.1999
2064,452.595438130782,269.1680022003129,507.1999
2065,452.595438130782,269.1680022003129,507.1999
2066,452.595438130782,269.1680022003129,507.1999
2067,452.595438130782,269.1680022003129,507.1999
2068,452.595438130782,269.1680022003129,507.1999
2069,452.595438130782,269.1680022003129,507.1999
2070,452.595438130782,269.1680022003129,507.1999
2071,452.595438130782,269.1680022003129,507.1999
2072,452.595438130782,269.1680022003129,507.1999
2073,452.595438130782,269.1680022003129,507.1999
2074,452.595438130782,269.1680022003129,507.1999
2075,452.595438130782,269.1680022003129,507.1999
2076,452.595438130782,269.1680022003129,507.1999
2077,452.595438130782,269.1680022003129,507.1999
2078,462.44063506799284,270.09581266809255,506.8416
2079,452.595438130782,269.1680022003129,507.1999
2080,452.595438130782,269.1680022003129,507.1999
2081,452.595438130782,269.1680022003129,507.1999
2082,452.595438130782,269.1680022003129,507.1999
2083,462.44063506799284,270.09581266809255,506.8416
2084,452.595438130782,269.1680022003129,507.1999
2085,452.595438130782,269.1680022003129,507.1999
2086,452.595438130782,269.1680022003129,507.1999
2087,452.595438130782,269.1680022003129,507.1999
2088,452.595438130782,269.1680022003129,507.1999
2089,452.595438130782,269.1680022003129,507.1999
2090,452.595438130782,269.1680022003129,507.1999
2091,452.595438130782,269.1680022003129,507.1999
2092,452.595438130782,269.1680022003129,507.1999
2093,452.595438130782,269.1680022003129,507.1999
2094,452.595438130782,269.1680022003129,507.1999
2095,452.595438130782,269.1680022003129,507.1999
2096,452.595438130782,269.1680022003129,507.1999
2097,452.595438130782,269.1680022003129,507.1999
2098,452.595438130782,269.1680022003129,507.1999
2099,452.595438130782,269.1680022003129,507.1999
2100,452.595438130782,269.1680022003129,507.1999
2101,462.44063506799284,270.09581266809255,506.8416
2102,452.595438130782,269.1680022003129,507.1999
2103,452.595438130782,269.1680022003129,507.1999
2104,462.44063506799284,270.09581266809255,506.8416
2105,462.44063506799284,270.09581266809255,506.8416
2106,452.595438130782,269.1680022003129,507.1999
2107,452.595438130782,269.1680022003129,507.1999
2108,462.44063506799284,270.09581266809255,506.8416
2109,452.595438130782,269.1680022003129,507.1999
2110,452.595438130782,269.1680022003129,507.1999
2111,452.595438130782,269.1680022003129,507.1999
2112,452.595438130782,269.1680022003129,507.1999
2113,452.595438130782,269.1680022003129,507.1999
2114,452.595438130782,269.1680022003129,507.1999
2115,452.595438130782,269.1680022003129,507.1999
2116,452.595438130782,269.1680022003129,507.1999
2117,452.595438130782,269.1680022003129,507.1999
2118,452.595438130782,269.1680022003129,507.1999
2119,452.595438130782,269.1680022003129,507.1999
2120,452.595438130782,269.1680022003129,507.1999
2121,452.595438130782,269.1680022003129,507.1999
2122,452.595438130782,269.1680022003129,507.1999
2123,452.595438130782,269.1680022003129,507.1999
2124,452.595438130782,269.1680022003129,507.1999
2125,452.595438130782,269.1680022003129,507.1999
2126,452.595438130782,269.1680022003129,507.1999
2127,452.595438130782,269.1680022003129,507.1999
2128,452.595438130782,269.1680022003129,507.1999
2129,452.595438130782,269.1680022003129,507.1999
2130,452.595438130782,269.1680022003129,507.1999
2131,452.595438130782,269.1680022003129,507.1999
2132,452.595438130782,269.1680022003129,507.1999
2133,452.595438130782,269.1680022003129,507.1999
2134,452.595438130782,269.1680022003129,507.1999
2135,452.595438130782,269.1680022003129,507.1999
2136,452.595438130782,269.1680022003129,507.1999
2137,452.595438130782,269.1680022003129,507.1999
2138,452.595438130782,269.1680022003129,507.1999
2139,452.595438130782,269.1680022003129,507.1999
2140,452.595438130782,269.1680022003129,507.1999
2141,452.595438130782,269.1680022003129,507.1999
2142,462.44063506799284,270.09581266809255,506.8416
2143,452.595438130782,269.1680022003129,507.1999
2144,452.595438130782,269.1680022003129,507.1999
2145,452.595438130782,269.1680022003129,507.1999
2146,462.44063506799284,270.09581266809255,506.8416
2147,452.595438130782,269.1680022003129,507.1999
2148,452.595438130782,269.1680022003129,507.1999
2149,452.595438130782,269.1680022003129,507.1999
2150,462.44063506799284,270.09581266809255,506.8416
2151,462.44063506799284,270.09581266809255,506.8416
2152,462.44063506799284,270.09581266809255,506.8416
2153,462.44063506799284,270.09581266809255,506.8416
2154,452.595438130782,269.1680022003129,507.1999
2155,462.44063506799284,270.09581266809255,506.8416
2156,462.44063506799284,270.09581266809255,506.8416
2157,462.44063506799284,270.09581266809255,506.8416
2158,452.595438130782,269.1680022003129,507.1999
2159,462.44063506799284,270.09581266809255,506.8416
2160,462.44063506799284,270.09581266809255,506.8416
2161,452.595438130782,269.1680022003129,507.1999
2162,462.44063506799284,270.09581266809255,506.8416
2163,452.595438130782,269.1680022003129,507.1999
2164,452.595438130782,269.1680022003129,507.1999
2165,452.595438130782,269.1680022003129,507.1999
2166,452.595438130782,269.1680022003129,507.1999
2167,452.595438130782,269.1680022003129,507.1999
2168,452.595438130782,269.1680022003129,507.1999
2169,452.595438130782,269.1680022003129,507.1999
2170,452.595438130782,269.1680022003129,507.1999
2171,452.595438130782,269.1680022003129,507.1999
2172,452.595438130782,269.1680022003129,507.1999
2173,452.595438130782,269.1680022003129,507.1999
2174,452.595438130782,269.1680022003129,507.1999
2175,452.595438130782,269.1680022003129,507.1999
2176,452.595438130782,269.1680022003129,507.1999
2177,452.595438130782,269.1680022003129,507.1999
2178,462.44063506799284,270.09581266809255,506.8416
2179,462.44063506799284,270.09581266809255,506.8416
2180,452.595438130782,269.1680022003129,507.1999
2181,452.595438130782,269.1680022003129,507.1999
2182,452.595438130782,269.1680022003129,507.1999
2183,452.595438130782,269.1680022003129,507.1999
2184,452.595438130782,269.1680022003129,507.1999
2185,452.595438130782,269.1680022003129,507.1999
2186,452.595438130782,269.1680022003129,507.1999
2187,452.595438130782,269.1680022003129,507.1999
2188,452.595438130782,269.1680022003129,507.1999
2189,452.595438130782,269.1680022003129,507.1999
2190,452.595438130782,269.1680022003129,507.1999
2191,452.595438130782,269.1680022003129,507.1999
2192,462.44063506799284,270.09581266809255,506.8416
2193,462.44063506799284,270.09581266809255,506.8416
2194,452.595438130782,269.1680022003129,507.1999
2195,452.595438130782,269.1680022003129,507.1999
2196,452.595438130782,269.1680022003129,507.1999
2197,452.595438130782,269.1680022003129,507.1999
2198,452.595438130782,269.1680022003129,507.1999
2199,452.595438130782,269.1680022003129,507.1999
2200,452.595438130782,269.1680022003129,507.1999
2201,452.595438130782,269.1680022003129,507.1999
2202,452.595438130782,269.1680022003129,507.1999
2203,452.595438130782,269.1680022003129,507.1999
2204,452.595438130782,269.1680022003129,507.1999
2205,452.595438130782,269.1680022003129,507.1999
2206,452.595438130782,269.1680022003129,507.1999
2207,452.595438130782,269.1680022003129,507.1999
2208,452.595438130782,269.1680022003129,507.1999
2209,452.595438130782,269.1680022003129,507.1999
2210,452.595438130782,269.1680022003129,507.1999
2211,462.44063506799284,270.09581266809255,506.8416
2212,452.595438130782,269.1680022003129,507.1999
2213,452.595438130782,269.1680022003129,507.1999
2214,452.595438130782,269.1680022003129,507.1999
2215,452.595438130782,269.1680022003129,507.1999
2216,452.595438130782,269.1680022003129,507.1999
2217,452.595438130782,269.1680022003129,507.1999
2218,452.595438130782,269.1680022003129,507.1999
2219,452.595438130782,269.1680022003129,507.1999
2220,452.595438130782,269.1680022003129,507.1999
2221,452.595438130782,269.1680022003129,507.1999
2222,452.595438130782,269.1680022003129,507.1999
2223,452.595438130782,269.1680022003129,507.1999
2224,452.595438130782,269.1680022003129,507.1999
2225,452.595438130782,269.1680022003129,507.1999
2226,452.595438130782,269.1680022003129,507.1999
2227,452.595438130782,269.1680022003129,507.1999
2228,452.595438130782,269.1680022003129,507.1999
2229,452.595438130782,269.1680022003129,507.1999
2230,452.595438130782,269.1680022003129,507.1999
2231,452.595438130782,269.1680022003129,507.1999
2232,452.595438130782,269.1680022003129,507.1999
2233,452.595438130782,269.1680022003129,507.1999
2234,452.595438130782,269.1680022003129,507.1999
2235,452.595438130782,269.1680022003129,507.1999
2236,452.595438130782,269.1680022003129,507.1999
2237,452.595438130782,269.1680022003129,507.1999
2238,452.595438130782,269.1680022003129,507.1999
2239,452.595438130782,269.1680022003129,507.1999
2240,452.595438130782,269.1680022003129,507.1999
2241,462.44063506799284,270.09581266809255,506.8416
2242,452.595438130782,269.1680022003129,507.1999
2243,452.595438130782,269.1680022003129,507.1999
2244,452.595438130782,269.1680022003129,507.1999
2245,452.595438130782,269.1680022003129,507.1999
2246,452.595438130782,269.1680022003129,507.1999
2247,452.595438130782,269.1680022003129,507.1999
2248,452.595438130782,269.1680022003129,507.1999
2249,452.595438130782,269.1680022003129,507.1999
2250,452.595438130782,269.1680022003129,507.1999
2251,452.595438130782,269.1680022003129,507.1999
2252,452.595438130782,269.1680022003129,507.1999
2253,452.595438130782,269.1680022003129,507.1999
2254,452.595438130782,269.1680022003129,507.1999
2255,452.595438130782,269.1680022003129,507.1999
2256,452.595438130782,269.1680022003129,507.1999
2257,452.595438130782,269.1680022003129,507.1999
2258,452.595438130782,269.1680022003129,507.1999
2259,462.44063506799284,270.09581266809255,506.8416
2260,452.595438130782,269.1680022003129,507.1999
2261,452.595438130782,269.1680022003129,507.1999
2262,462.44063506799284,270.09581266809255,506.8416
2263,462.44063506799284,270.09581266809255,506.8416
2264,452.595438130782,269.1680022003129,507.1999
2265,462.44063506799284,270.09581266809255,506.8416
2266,452.595438130782,269.1680022003129,507.1999
2267,452.595438130782,269.1680022003129,507.1999
2268,452.595438130782,269.1680022003129,507.1999
2269,452.595438130782,269.1680022003129,507.1999
2270,452.595438130782,269.1680022003129,507.1999
2271,452.595438130782,269.1680022003129,507.1999
2272,452.595438130782,269.1680022003129,507.1999
2273,452.595438130782,269.1680022003129,507.1999
2274,452.595438130782,269.1680022003129,507.1999
2275,452.595438130782,269.1680022003129,507.1999
2276,452.595438130782,269.1680022003129,507.1999
2277,452.595438130782,269.1680022003129,507.1999
2278,452.595438130782,269.1680022003129,507.1999
2279,452.595438130782,269.1680022003129,507.1999
2280,452.595438130782,269.1680022003129,507.1999
2281,452.595438130782,269.1680022003129,507.1999
2282,452.595438130782,269.1680022003129,507.1999
2283,452.595438130782,269.1680022003129,507.1999
2284,452.595438130782,269.1680022003129,507.1999
2285,452.595438130782,269.1680022003129,507.1999
2286,452.595438130782,269.1680022003129,507.1999
2287,452.595438130782,269.1680022003129,507.1999
2288,452.595438130782,269.1680022003129,507.1999
2289,452.595438130782,269.1680022003129,507.1999
2290,452.595438130782,269.1680022003129,507.1999
2291,452.595438130782,269.1680022003129,507.1999
2292,452.595438130782,269.1680022003129,507.1999
2293,452.595438130782,269.1680022003129,507.1999
2294,452.595438130782,269.1680022003129,507.1999
2295,452.595438130782,269.1680022003129,507.1999
2296,452.595438130782,269.1680022003129,507.1999
2297,452.595438130782,269.1680022003129,507.1999
2298,452.595438130782,269.1680022003129,507.1999
2299,452.595438130782,269.1680022003129,507.1999
2300,452.595438130782,269.1680022003129,507.1999
2301,452.595438130782,269.1680022003129,507.1999
2302,452.595438130782,269.1680022003129,507.1999
2303,452.595438130782,269.1680022003129,507.1999
2304,452.595438130782,269.1680022003129,507.1999
2305,452.595438130782,269.1680022003129,507.1999
2306,452.595438130782,269.1680022003129,507.1999
2307,452.595438130782,269.1680022003129,507.1999
2308,452.595438130782,269.1680022003129,507.1999
2309,452.595438130782,269.1680022003129,507.1999
2310,452.595438130782,269.1680022003129,507.1999
2311,452.595438130782,269.1680022003129,507.1999
2312,452.595438130782,269.1680022003129,507.1999
2313,462.44063506799284,270.09581266809255,506.8416
2314,462.44063506799284,270.09581266809255,506.8416
2315,452.595438130782,269.1680022003129,507.1999
2316,452.595438130782,269.1680022003129,507.1999
2317,452.595438130782,269.1680022003129,507.1999
2318,452.595438130782,269.1680022003129,507.1999
2319,452.595438130782,269.1680022003129,507.1999
2320,452.595438130782,269.1680022003129,507.1999
2321,452.595438130782,269.1680022003129,507.1999
2322,452.595438130782,269.1680022003129,507.1999
2323,452.595438130782,269.1680022003129,507.1999
2324,452.595438130782,269.1680022003129,507.1999
2325,452.595438130782,269.1680022003129,507.1999
2326,452.595438130782,269.1680022003129,507.1999
2327,462.44063506799284,270.09581266809255,506.8416
2328,452.595438130782,269.1680022003129,507.1999
2329,452.595438130782,269.1680022003129,507.1999
2330,452.595438130782,269.1680022003129,507.1999
2331,452.595438130782,269.1680022003129,507.1999
2332,452.595438130782,269.1680022003129,507.1999
2333,452.595438130782,269.1680022003129,507.1999
2334,462.44063506799284,270.09581266809255,506.8416
2335,452.595438130782,269.1680022003129,507.1999
2336,452.595438130782,269.1680022003129,507.1999
2337,452.595438130782,269.1680022003129,507.1999
2338,452.595438130782,269.1680022003129,507.1999
2339,452.595438130782,269.1680022003129,507.1999
2340,452.595438130782,269.1680022003129,507.1999
2341,462.44063506799284,270.09581266809255,506.8416
2342,452.595438130782,269.1680022003129,507.1999
2343,452.595438130782,269.1680022003129,507.1999
2344,452.595438130782,269.1680022003129,507.1999
2345,452.595438130782,269.1680022003129,507.1999
2346,452.595438130782,269.1680022003129,507.1999
2347,452.595438130782,269.1680022003129,507.1999
2348,452.595438130782,269.1680022003129,507.1999
2349,452.595438130782,269.1680022003129,507.1999
2350,452.595438130782,269.1680022003129,507.1999
2351,452.595438130782,269.1680022003129,507.1999
2352,462.44063506799284,270.09581266809255,506.8416
2353,462.44063506799284,270.09581266809255,506.8416
2354,452.595438130782,269.1680022003129,507.1999
2355,462.44063506799284,270.09581266809255,506.8416
2356,462.44063506799284,270.09581266809255,506.8416
2357,452.595438130782,269.1680022003129,507.1999
2358,452.595438130782,269.1680022003129,507.1999
2359,452.595438130782,269.1680022003129,507.1999
2360,452.595438130782,269.1680022003129,507.1999
2361,452.595438130782,269.1680022003129,507.1999
2362,462.44063506799284,270.09581266809255,506.8416
2363,452.595438130782,269.1680022003129,507.1999
2364,452.595438130782,269.1680022003129,507.1999
2365,452.595438130782,269.1680022003129,507.1999
2366,462.44063506799284,270.09581266809255,506.8416
2367,462.44063506799284,270.09581266809255,506.8416
2368,452.595438130782,269.1680022003129,507.1999
2369,462.44063506799284,270.09581266809255,506.8416
2370,452.595438130782,269.1680022003129,507.1999
2371,452.595438130782,269.1680022003129,507.1999
2372,452.595438130782,269.1680022003129,507.1999
2373,452.595438130782,269.1680022003129,507.1999
2374,452.595438130782,269.1680022003129,507.1999
2375,452.595438130782,269.1680022003129,507.1999
2376,452.595438130782,269.1680022003129,507.1999
2377,452.595438130782,269.1680022003129,507.1999
2378,452.595438130782,269.1680022003129,507.1999
2379,452.595438130782,269.1680022003129,507.1999
2380,452.595438130782,269.1680022003129,507.1999
2381,452.595438130782,269.1680022003129,507.1999
2382,452.595438130782,269.1680022003129,507.1999
2383,452.595438130782,269.1680022003129,507.1999
2384,452.595438130782,269.1680022003129,507.1999
2385,452.595438130782,269.1680022003129,507.1999
2386,452.595438130782,269.1680022003129,507.1999
2387,452.595438130782,269.1680022003129,507.1999
2388,452.595438130782,269.1680022003129,507.1999
2389,452.595438130782,269.1680022003129,507.1999
2390,452.595438130782,269.1680022003129,507.1999
2391,452.595438130782,269.1680022003129,507.1999
2392,452.595438130782,269.1680022003129,507.1999
2393,452.595438130782,269.1680022003129,507.1999
2394,452.595438130782,269.1680022003129,507.1999
2395,452.595438130782,269.1680022003129,507.1999
2396,452.595438130782,269.1680022003129,507.1999
2397,452.595438130782,269.1680022003129,507.1999
2398,452.595438130782,269.1680022003129,507.1999
2399,452.595438130782,269.1680022003129,507.1999
2400,452.595438130782,269.1680022003129,507.1999
2401,452.595438130782,269.1680022003129,507.1999
2402,452.595438130782,269.1680022003129,507.1999
2403,452.595438130782,269.1680022003129,507.1999
2404,452.595438130782,269.1680022003129,507.1999
2405,452.595438130782,269.1680022003129,507.1999
2406,452.595438130782,269.1680022003129,507.1999
2407,452.595438130782,269.1680022003129,507.1999
2408,452.595438130782,269.1680022003129,507.1999
2409,452.595438130782,269.1680022003129,507.1999
2410,452.595438130782,269.1680022003129,507.1999
2411,452.595438130782,269.1680022003129,507.1999
2412,452.595438130782,269.1680022003129,507.1999
2413,452.595438130782,269.1680022003129,507.1999
2414,452.595438130782,269.1680022003129,507.1999
2415,452.595438130782,269.1680022003129,507.1999
2416,452.595438130782,269.1680022003129,507.1999
2417,452.595438130782,269.1680022003129,507.1999
2418,452.595438130782,269.1680022003129,507.1999
2419,452.595438130782,269.1680022003129,507.1999
2420,452.595438130782,269.1680022003129,507.1999
2421,452.595438130782,269.1680022003129,507.1999
2422,452.595438130782,269.1680022003129,507.1999
2423,452.595438130782,269.1680022003129,507.1999
2424,452.595438130782,269.1680022003129,507.1999
2425,452.595438130782,269.1680022003129,507.1999
2426,452.595438130782,269.1680022003129,507.1999
2427,452.595438130782,269.1680022003129,507.1999
2428,452.595438130782,269.1680022003129,507.1999
2429,452.595438130782,269.1680022003129,507.1999
2430,452.595438130782,269.1680022003129,507.1999
2431,452.595438130782,269.1680022003129,507.1999
2432,452.595438130782,269.1680022003129,507.1999
2433,462.44063506799284,270.09581266809255,506.8416
2434,452.595438130782,269.1680022003129,507.1999
2435,452.595438130782,269.1680022003129,507.1999
2436,452.595438130782,269.1680022003129,507.1999
2437,452.595438130782,269.1680022003129,507.1999
2438,452.595438130782,269.1680022003129,507.1999
2439,462.44063506799284,270.09581266809255,506.8416
2440,452.595438130782,269.1680022003129,507.1999
2441,452.595438130782,269.1680022003129,507.1999
2442,452.595438130782,269.1680022003129,507.1999
2443,452.595438130782,269.1680022003129,507.1999
2444,452.595438130782,269.1680022003129,507.1999
2445,452.595438130782,269.1680022003129,507.1999
2446,452.595438130782,269.1680022003129,507.1999
2447,452.595438130782,269.1680022003129,507.1999
2448,452.595438130782,269.1680022003129,507.1999
2449,452.595438130782,269.1680022003129,507.1999
2450,452.595438130782,269.1680022003129,507.1999
2451,452.595438130782,269.1680022003129,507.1999
2452,452.595438130782,269.1680022003129,507.1999
2453,452.595438130782,269.1680022003129,507.1999
2454,452.595438130782,269.1680022003129,507.1999
2455,452.595438130782,269.1680022003129,507.1999
2456,452.595438130782,269.1680022003129,507.1999
2457,452.595438130782,269.1680022003129,507.1999
2458,452.595438130782,269.1680022003129,507.1999
2459,452.595438130782,269.1680022003129,507.1999
2460,452.595438130782,269.1680022003129,507.1999
2461,452.595438130782,269.1680022003129,507.1999
2462,452.595438130782,269.1680022003129,507.1999
2463,452.595438130782,269.1680022003129,507.1999
2464,452.595438130782,269.1680022003129,507.1999
2465,452.595438130782,269.1680022003129,507.1999
2466,462.44063506799284,270.09581266809255,506.8416
2467,452.595438130782,269.1680022003129,507.1999
2468,452.595438130782,269.1680022003129,507.1999
2469,452.595438130782,269.1680022003129,507.1999
2470,452.595438130782,269.1680022003129,507.1999
2471,452.595438130782,269.1680022003129,507.1999
2472,452.595438130782,269.1680022003129,507.1999
2473,452.595438130782,269.1680022003129,507.1999
2474,452.595438130782,269.1680022003129,507.1999
2475,452.595438130782,269.1680022003129,507.1999
2476,452.595438130782,269.1680022003129,507.1999
2477,452.595438130782,269.1680022003129,507.1999
2478,452.595438130782,269.1680022003129,507.1999
2479,452.595438130782,269.1680022003129,507.1999
2480,452.595438130782,269.1680022003129,507.1999
2481,452.595438130782,269.1680022003129,507.1999
2482,452.595438130782,269.1680022003129,507.1999
2483,452.595438130782,269.1680022003129,507.1999
2484,452.595438130782,269.1680022003129,507.1999
2485,452.595438130782,269.1680022003129,507.1999
2486,452.595438130782,269.1680022003129,507.1999
2487,452.595438130782,269.1680022003129,507.1999
2488,452.595438130782,269.1680022003129,507.1999
2489,452.595438130782,269.1680022003129,507.1999
2490,452.595438130782,269.1680022003129,507.1999
2491,452.595438130782,269.1680022003129,507.1999
2492,452.595438130782,269.1680022003129,507.1999
2493,452.595438130782,269.1680022003129,507.1999
2494,452.595438130782,269.1680022003129,507.1999
2495,452.595438130782,269.1680022003129,507.1999
2496,452.595438130782,269.1680022003129,507.1999
2497,452.595438130782,269.1680022003129,507.1999
2498,452.595438130782,269.1680022003129,507.1999
2499,452.595438130782,269.1680022003129,507.1999
2500,452.595438130782,269.1680022003129,507.1999
2501,452.595438130782,269.1680022003129,507.1999
2502,452.595438130782,269.1680022003129,507.1999
2503,452.595438130782,269.1680022003129,507.1999
2504,452.595438130782,269.1680022003129,507.1999
2505,452.595438130782,269.1680022003129,507.1999
2506,452.595438130782,269.1680022003129,507.1999
2507,452.595438130782,269.1680022003129,507.1999
2508,452.595438130782,269.1680022003129,507.1999
2509,452.595438130782,269.1680022003129,507.1999
2510,452.595438130782,269.1680022003129,507.1999
2511,462.44063506799284,270.09581266809255,506.8416
2512,452.595438130782,269.1680022003129,507.1999
2513,452.595438130782,269.1680022003129,507.1999
2514,452.595438130782,269.1680022003129,507.1999
2515,452.595438130782,269.1680022003129,507.1999
2516,452.595438130782,269.1680022003129,507.1999
2517,452.595438130782,269.1680022003129,507.1999
2518,452.595438130782,269.1680022003129,507.1999
2519,452.595438130782,269.1680022003129,507.1999
2520,452.595438130782,269.1680022003129,507.1999
2521,452.595438130782,269.1680022003129,507.1999
2522,452.595438130782,269.1680022003129,507.1999
2523,452.595438130782,269.1680022003129,507.1999
2524,452.595438130782,269.1680022003129,507.1999
2525,452.595438130782,269.1680022003129,507.1999
2526,452.595438130782,269.1680022003129,507.1999
2527,452.595438130782,269.1680022003129,507.1999
2528,452.595438130782,269.1680022003129,507.1999
2529,452.595438130782,269.1680022003129,507.1999
2530,452.595438130782,269.1680022003129,507.1999
2531,462.44063506799284,270.09581266809255,506.8416
2532,452.595438130782,269.1680022003129,507.1999
2533,462.44063506799284,270.09581266809255,506.8416
2534,452.595438130782,269.1680022003129,507.1999
2535,452.595438130782,269.1680022003129,507.1999
2536,452.595438130782,269.1680022003129,507.1999
2537,452.595438130782,269.1680022003129,507.1999
2538,452.595438130782,269.1680022003129,507.1999
2539,452.595438130782,269.1680022003129,507.1999
2540,452.595438130782,269.1680022003129,507.1999
2541,452.595438130782,269.1680022003129,507.1999
2542,452.595438130782,269.1680022003129,507.1999
2543,452.595438130782,269.1680022003129,507.1999
2544,452.595438130782,269.1680022003129,507.1999
2545,452.595438130782,269.1680022003129,507.1999
2546,452.595438130782,269.1680022003129,507.1999
2547,452.595438130782,269.1680022003129,507.1999
2548,452.595438130782,269.1680022003129,507.1999
2549,452.595438130782,269.1680022003129,507.1999
2550,452.595438130782,269.1680022003129,507.1999
2551,452.595438130782,269.1680022003129,507.1999
2552,452.595438130782,269.1680022003129,507.1999
2553,452.595438130782,269.1680022003129,507.1999
2554,462.44063506799284,270.09581266809255,506.8416
2555,452.595438130782,269.1680022003129,507.1999
2556,462.44063506799284,270.09581266809255,506.8416
2557,462.44063506799284,270.09581266809255,506.8416
2558,462.44063506799284,270.09581266809255,506.8416
2559,462.44063506799284,270.09581266809255,506.8416
2560,452.595438130782,269.1680022003129,507.1999
2561,452.595438130782,269.1680022003129,507.1999
2562,462.44063506799284,270.09581266809255,506.8416
2563,452.595438130782,269.1680022003129,507.1999
2564,452.595438130782,269.1680022003129,507.1999
2565,452.595438130782,269.1680022003129,507.1999
2566,452.595438130782,269.1680022003129,507.1999
2567,452.595438130782,269.1680022003129,507.1999
2568,452.595438130782,269.1680022003129,507.1999
2569,452.595438130782,269.1680022003129,507.1999
2570,452.595438130782,269.1680022003129,507.1999
2571,462.44063506799284,270.09581266809255,506.8416
2572,462.44063506799284,270.09581266809255,506.8416
2573,452.595438130782,269.1680022003129,507.1999
2574,452.595438130782,269.1680022003129,507.1999
2575,452.595438130782,269.1680022003129,507.1999
2576,452.595438130782,269.1680022003129,507.1999
2577,452.595438130782,269.1680022003129,507.1999
2578,452.595438130782,269.1680022003129,507.1999
2579,452.595438130782,269.1680022003129,507.1999
2580,462.44063506799284,270.09581266809255,506.8416
2581,452.595438130782,269.1680022003129,507.1999
2582,452.595438130782,269.1680022003129,507.1999
2583,452.595438130782,269.1680022003129,507.1999
2584,452.595438130782,269.1680022003129,507.1999
2585,462.44063506799284,270.09581266809255,506.8416
2586,452.595438130782,269.1680022003129,507.1999
2587,452.595438130782,269.1680022003129,507.1999
2588,452.595438130782,269.1680022003129,507.1999
2589,452.595438130782,269.1680022003129,507.1999
2590,452.595438130782,269.1680022003129,507.1999
2591,452.595438130782,269.1680022003129,507.1999
2592,452.595438130782,269.1680022003129,507.1999
2593,452.595438130782,269.1680022003129,507.1999
2594,452.595438130782,269.1680022003129,507.1999
2595,462.44063506799284,270.09581266809255,506.8416
2596,452.595438130782,269.1680022003129,507.1999
2597,452.595438130782,269.1680022003129,507.1999
2598,452.595438130782,269.1680022003129,507.1999
2599,452.595438130782,269.1680022003129,507.1999
2600,452.595438130782,269.1680022003129,507.1999
2601,452.595438130782,269.1680022003129,507.1999
2602,452.595438130782,269.1680022003129,507.1999
2603,462.44063506799284,270.09581266809255,506.8416
2604,452.595438130782,269.1680022003129,507.1999
2605,452.595438130782,269.1680022003129,507.1999
2606,452.595438130782,269.1680022003129,507.1999
2607,452.595438130782,269.1680022003129,507.1999
2608,452.595438130782,269.1680022003129,507.1999
2609,452.595438130782,269.1680022003129,507.1999
2610,452.595438130782,269.1680022003129,507.1999
2611,452.595438130782,269.1680022003129,507.1999
2612,452.595438130782,269.1680022003129,507.1999
2613,452.595438130782,269.1680022003129,507.1999
2614,452.595438130782,269.1680022003129,507.1999
2615,452.595438130782,269.1680022003129,507.1999
2616,462.44063506799284,270.09581266809255,506.8416
2617,452.595438130782,269.1680022003129,507.1999
2618,452.595438130782,269.1680022003129,507.1999
2619,452.595438130782,269.1680022003129,507.1999
2620,452.595438130782,269.1680022003129,507.1999
2621,452.595438130782,269.1680022003129,507.1999
2622,452.595438130782,269.1680022003129,507.1999
2623,452.595438130782,269.1680022003129,507.1999
2624,452.595438130782,269.1680022003129,507.1999
2625,452.595438130782,269.1680022003129,507.1999
2626,452.595438130782,269.1680022003129,507.1999
2627,452.595438130782,269.1680022003129,507.1999
2628,452.595438130782,269.1680022003129,507.1999
2629,452.595438130782,269.1680022003129,507.1999
2630,452.595438130782,269.1680022003129,507.1999
2631,452.595438130782,269.1680022003129,507.1999
2632,452.595438130782,269.1680022003129,507.1999
2633,452.595438130782,269.1680022003129,507.1999
2634,452.595438130782,269.1680022003129,507.1999
2635,452.595438130782,269.1680022003129,507.1999
2636,452.595438130782,269.1680022003129,507.1999
2637,452.595438130782,269.1680022003129,507.1999
2638,452.595438130782,269.1680022003129,507.1999
2639,452.595438130782,269.1680022003129,507.1999
2640,452.595438130782,269.1680022003129,507.1999
2641,452.595438130782,269.1680022003129,507.1999
2642,452.595438130782,269.1680022003129,507.1999
2643,452.595438130782,269.1680022003129,507.1999
2644,452.595438130782,269.1680022003129,507.1999
2645,452.595438130782,269.1680022003129,507.1999
2646,452.595438130782,269.1680022003129,507.1999
2647,452.595438130782,269.1680022003129,507.1999
2648,452.595438130782,269.1680022003129,507.1999
2649,452.595438130782,269.1680022003129,507.1999
2650,452.595438130782,269.1680022003129,507.1999
2651,452.595438130782,269.1680022003129,507.1999
2652,452.595438130782,269.1680022003129,507.1999
2653,452.595438130782,269.1680022003129,507.1999
2654,452.595438130782,269.1680022003129,507.1999
2655,452.595438130782,269.1680022003129,507.1999
2656,452.595438130782,269.1680022003129,507.1999
2657,452.595438130782,269.1680022003129,507.1999
2658,452.595438130782,269.1680022003129,507.1999
2659,452.595438130782,269.1680022003129,507.1999
2660,452.595438130782,269.1680022003129,507.1999
2661,452.595438130782,269.1680022003129,507.1999
2662,452.595438130782,269.1680022003129,507.1999
2663,452.595438130782,269.1680022003129,507.1999
2664,452.595438130782,269.1680022003129,507.1999
2665,452.595438130782,269.1680022003129,507.1999
2666,452.595438130782,269.1680022003129,507.1999
2667,452.595438130782,269.1680022003129,507.1999
2668,452.595438130782,269.1680022003129,507.1999
2669,452.595438130782,269.1680022003129,507.1999
2670,452.595438130782,269.1680022003129,507.1999
2671,452.595438130782,269.1680022003129,507.1999
2672,452.595438130782,269.1680022003129,507.1999
2673,452.595438130782,269.1680022003129,507.1999
2674,452.595438130782,269.1680022003129,507.1999
2675,452.595438130782,269.1680022003129,507.1999
2676,462.44063506799284,270.09581266809255,506.8416
2677,452.595438130782,269.1680022003129,507.1999
2678,452.595438130782,269.1680022003129,507.1999
2679,452.595438130782,269.1680022003129,507.1999
2680,452.595438130782,269.1680022003129,507.1999
2681,452.595438130782,269.1680022003129,507.1999
2682,452.595438130782,269.1680022003129,507.1999
2683,452.595438130782,269.1680022003129,507.1999
2684,452.595438130782,269.1680022003129,507.1999
2685,452.595438130782,269.1680022003129,507.1999
2686,452.595438130782,269.1680022003129,507.1999
2687,452.595438130782,269.1680022003129,507.1999
2688,452.595438130782,269.1680022003129,507.1999
2689,452.595438130782,269.1680022003129,507.1999
2690,452.595438130782,269.1680022003129,507.1999
2691,452.595438130782,269.1680022003129,507.1999
2692,452.595438130782,269.1680022003129,507.1999
2693,452.595438130782,269.1680022003129,507.1999
2694,452.595438130782,269.1680022003129,507.1999
2695,452.595438130782,269.1680022003129,507.1999
2696,452.595438130782,269.1680022003129,507.1999
2697,452.595438130782,269.1680022003129,507.1999
2698,452.595438130782,269.1680022003129,507.1999
2699,452.595438130782,269.1680022003129,507.1999
2700,452.595438130782,269.1680022003129,507.1999
2701,452.595438130782,269.1680022003129,507.1999
2702,452.595438130782,269.1680022003129,507.1999
2703,452.595438130782,269.1680022003129,507.1999
2704,452.595438130782,269.1680022003129,507.1999
2705,452.595438130782,269.1680022003129,507.1999
2706,452.595438130782,269.1680022003129,507.1999
2707,452.595438130782,269.1680022003129,507.1999
2708,452.595438130782,269.1680022003129,507.1999
2709,452.595438130782,269.1680022003129,507.1999
2710,452.595438130782,269.1680022003129,507.1999
2711,452.595438130782,269.1680022003129,507.1999
2712,452.595438130782,269.1680022003129,507.1999
2713,452.595438130782,269.1680022003129,507.1999
2714,452.595438130782,269.1680022003129,507.1999
2715,452.595438130782,269.1680022003129,507.1999
2716,452.595438130782,269.1680022003129,507.1999
2717,452.595438130782,269.1680022003129,507.1999
2718,452.595438130782,269.1680022003129,507.1999
2719,452.595438130782,269.1680022003129,507.1999
2720,452.595438130782,269.1680022003129,507.1999
2721,452.595438130782,269.1680022003129,507.1999
2722,452.595438130782,269.1680022003129,507.1999
2723,452.595438130782,269.1680022003129,507.1999
2724,452.595438130782,269.1680022003129,507.1999
2725,452.595438130782,269.1680022003129,507.1999
2726,452.595438130782,269.1680022003129,507.1999
2727,452.595438130782,269.1680022003129,507.1999
2728,452.595438130782,269.1680022003129,507.1999
2729,452.595438130782,269.1680022003129,507.1999
2730,452.595438130782,269.1680022003129,507.1999
2731,452.595438130782,269.1680022003129,507.1999
2732,452.595438130782,269.1680022003129,507.1999
2733,452.595438130782,269.1680022003129,507.1999
2734,452.595438130782,269.1680022003129,507.1999
2735,452.595438130782,269.1680022003129,507.1999
2736,452.595438130782,269.1680022003129,507.1999
2737,452.595438130782,269.1680022003129,507.1999
2738,452.595438130782,269.1680022003129,507.1999
2739,452.595438130782,269.1680022003129,507.1999
2740,452.595438130782,269.1680022003129,507.1999
2741,452.595438130782,269.1680022003129,507.1999
2742,452.595438130782,269.1680022003129,507.1999
2743,452.595438130782,269.1680022003129,507.1999
2744,452.595438130782,269.1680022003129,507.1999
2745,452.595438130782,269.1680022003129,507.1999
2746,452.595438130782,269.1680022003129,507.1999
2747,452.595438130782,269.1680022003129,507.1999
2748,452.595438130782,269.1680022003129,507.1999
2749,452.595438130782,269.1680022003129,507.1999
2750,452.595438130782,269.1680022003129,507.1999
2751,452.595438130782,269.1680022003129,507.1999
2752,452.595438130782,269.1680022003129,507.1999
2753,452.595438130782,269.1680022003129,507.1999
2754,452.595438130782,269.1680022003129,507.1999
2755,452.595438130782,269.1680022003129,507.1999
2756,452.595438130782,269.1680022003129,507.1999
2757,452.595438130782,269.1680022003129,507.1999
2758,452.595438130782,269.1680022003129,507.1999
2759,452.595438130782,269.1680022003129,507.1999
2760,452.595438130782,269.1680022003129,507.1999
2761,452.595438130782,269.1680022003129,507.1999
2762,452.595438130782,269.1680022003129,507.1999
2763,452.595438130782,269.1680022003129,507.1999
2764,452.595438130782,269.1680022003129,507.1999
2765,452.595438130782,269.1680022003129,507.1999
2766,452.595438130782,269.1680022003129,507.1999
2767,452.595438130782,269.1680022003129,507.1999
2768,452.595438130782,269.1680022003129,507.1999
2769,452.595438130782,269.1680022003129,507.1999
2770,452.595438130782,269.1680022003129,507.1999
2771,452.595438130782,269.1680022003129,507.1999
2772,452.595438130782,269.1680022003129,507.1999
2773,452.595438130782,269.1680022003129,507.1999
2774,452.595438130782,269.1680022003129,507.1999
2775,452.595438130782,269.1680022003129,507.1999
2776,452.595438130782,269.1680022003129,507.1999
2777,452.595438130782,269.1680022003129,507.1999
2778,452.595438130782,269.1680022003129,507.1999
2779,452.595438130782,269.1680022003129,507.1999
2780,452.595438130782,269.1680022003129,507.1999
2781,452.595438130782,269.1680022003129,507.1999
2782,452.595438130782,269.1680022003129,507.1999
2783,452.595438130782,269.1680022003129,507.1999
2784,452.595438130782,269.1680022003129,507.1999
2785,452.595438130782,269.1680022003129,507.1999
2786,452.595438130782,269.1680022003129,507.1999
2787,452.595438130782,269.1680022003129,507.1999
2788,452.595438130782,269.1680022003129,507.1999
2789,452.595438130782,269.1680022003129,507.1999
2790,452.595438130782,269.1680022003129,507.1999
2791,452.595438130782,269.1680022003129,507.1999
2792,452.595438130782,269.1680022003129,507.1999
2793,452.595438130782,269.1680022003129,507.1999
2794,452.595438130782,269.1680022003129,507.1999
2795,452.595438130782,269.1680022003129,507.1999
2796,452.595438130782,269.1680022003129,507.1999
2797,452.595438130782,269.1680022003129,507.1999
2798,452.595438130782,269.1680022003129,507.1999
2799,452.595438130782,269.1680022003129,507.1999
2800,452.595438130782,269.1680022003129,507.1999
2801,452.595438130782,269.1680022003129,507.1999
2802,452.595438130782,269.1680022003129,507.1999
2803,452.595438130782,269.1680022003129,507.1999
2804,452.595438130782,269.1680022003129,507.1999
2805,452.595438130782,269.1680022003129,507.1999
2806,452.595438130782,269.1680022003129,507.1999
2807,452.595438130782,269.1680022003129,507.1999
2808,452.595438130782,269.1680022003129,507.1999
2809,452.595438130782,269.1680022003129,507.1999
2810,452.595438130782,269.1680022003129,507.1999
2811,452.595438130782,269.1680022003129,507.1999
2812,452.595438130782,269.1680022003129,507.1999
2813,452.595438130782,269.1680022003129,507.1999
2814,452.595438130782,269.1680022003129,507.1999
2815,452.595438130782,269.1680022003129,507.1999
2816,452.595438130782,269.1680022003129,507.1999
2817,452.595438130782,269.1680022003129,507.1999
2818,452.595438130782,269.1680022003129,507.1999
2819,452.595438130782,269.1680022003129,507.1999
2820,452.595438130782,269.1680022003129,507.1999
2821,452.595438130782,269.1680022003129,507.1999
2822,452.595438130782,269.1680022003129,507.1999
2823,452.595438130782,269.1680022003129,507.1999
2824,452.595438130782,269.1680022003129,507.1999
2825,452.595438130782,269.1680022003129,507.1999
2826,452.595438130782,269.1680022003129,507.1999
2827,452.595438130782,269.1680022003129,507.1999
2828,452.595438130782,269.1680022003129,507.1999
2829,452.595438130782,269.1680022003129,507.1999
2830,452.595438130782,269.1680022003129,507.1999
2831,452.595438130782,269.1680022003129,507.1999
2832,452.595438130782,269.1680022003129,507.1999
2833,452.595438130782,269.1680022003129,507.1999
2834,452.595438130782,269.1680022003129,507.1999
2835,452.595438130782,269.1680022003129,507.1999
2836,452.595438130782,269.1680022003129,507.1999
2837,452.595438130782,269.1680022003129,507.1999
2838,452.595438130782,269.1680022003129,507.1999
2839,452.595438130782,269.1680022003129,507.1999
2840,452.595438130782,269.1680022003129,507.1999
2841,452.595438130782,269.1680022003129,507.1999
2842,452.595438130782,269.1680022003129,507.1999
2843,452.595438130782,269.1680022003129,507.1999
2844,452.595438130782,269.1680022003129,507.1999
2845,452.595438130782,269.1680022003129,507.1999
2846,452.595438130782,269.1680022003129,507.1999
2847,452.595438130782,269.1680022003129,507.1999
2848,452.595438130782,269.1680022003129,507.1999
2849,452.595438130782,269.1680022003129,507.1999
2850,452.595438130782,269.1680022003129,507.1999
2851,452.595438130782,269.1680022003129,507.1999
2852,452.595438130782,269.1680022003129,507.1999
2853,452.595438130782,269.1680022003129,507.1999
2854,452.595438130782,269.1680022003129,507.1999
2855,452.595438130782,269.1680022003129,507.1999
2856,452.595438130782,269.1680022003129,507.1999
2857,452.595438130782,269.1680022003129,507.1999
2858,452.595438130782,269.1680022003129,507.1999
2859,452.595438130782,269.1680022003129,507.1999
2860,452.595438130782,269.1680022003129,507.1999
2861,452.595438130782,269.1680022003129,507.1999
2862,452.595438130782,269.1680022003129,507.1999
2863,452.595438130782,269.1680022003129,507.1999
2864,452.595438130782,269.1680022003129,507.1999
2865,452.595438130782,269.1680022003129,507.1999
2866,452.595438130782,269.1680022003129,507.1999
2867,452.595438130782,269.1680022003129,507.1999
2868,452.595438130782,269.1680022003129,507.1999
2869,452.595438130782,269.1680022003129,507.1999
2870,452.595438130782,269.1680022003129,507.1999
2871,452.595438130782,269.1680022003129,507.1999
2872,452.595438130782,269.1680022003129,507.1999
2873,452.595438130782,269.1680022003129,507.1999
2874,452.595438130782,269.1680022003129,507.1999
2875,452.595438130782,269.1680022003129,507.1999
2876,452.595438130782,269.1680022003129,507.1999
2877,452.595438130782,269.1680022003129,507.1999
2878,452.595438130782,269.1680022003129,507.1999
2879,452.595438130782,269.1680022003129,507.1999
2880,452.595438130782,269.1680022003129,507.1999
2881,452.595438130782,269.1680022003129,507.1999
2882,452.595438130782,269.1680022003129,507.1999
2883,452.595438130782,269.1680022003129,507.1999
2884,452.595438130782,269.1680022003129,507.1999
2885,452.595438130782,269.1680022003129,507.1999
2886,452.595438130782,269.1680022003129,507.1999
2887,452.595438130782,269.1680022003129,507.1999
2888,452.595438130782,269.1680022003129,507.1999
2889,452.595438130782,269.1680022003129,507.1999
2890,452.595438130782,269.1680022003129,507.1999
2891,452.595438130782,269.1680022003129,507.1999
2892,452.595438130782,269.1680022003129,507.1999
2893,452.595438130782,269.1680022003129,507.1999
2894,452.595438130782,269.1680022003129,507.1999
2895,452.595438130782,269.1680022003129,507.1999
2896,452.595438130782,269.1680022003129,507.1999
2897,452.595438130782,269.1680022003129,507.1999
2898,452.595438130782,269.1680022003129,507.1999
2899,452.595438130782,269.1680022003129,507.1999
2900,452.595438130782,269.1680022003129,507.1999
2901,452.595438130782,269.1680022003129,507.1999
2902,452.595438130782,269.1680022003129,507.1999
2903,452.595438130782,269.1680022003129,507.1999
2904,452.595438130782,269.1680022003129,507.1999
2905,452.595438130782,269.1680022003129,507.1999
2906,452.595438130782,269.1680022003129,507.1999
2907,452.595438130782,269.1680022003129,507.1999
2908,452.595438130782,269.1680022003129,507.1999
2909,452.595438130782,269.1680022003129,507.1999
2910,452.595438130782,269.1680022003129,507.1999
2911,452.595438130782,269.1680022003129,507.1999
2912,452.595438130782,269.1680022003129,507.1999
2913,452.595438130782,269.1680022003129,507.1999
2914,452.595438130782,269.1680022003129,507.1999
2915,452.595438130782,269.1680022003129,507.1999
2916,452.595438130782,269.1680022003129,507.1999
2917,452.595438130782,269.1680022003129,507.1999
2918,452.595438130782,269.1680022003129,507.1999
2919,452.595438130782,269.1680022003129,507.1999
2920,452.595438130782,269.1680022003129,507.1999
2921,452.595438130782,269.1680022003129,507.1999
2922,452.595438130782,269.1680022003129,507.1999
2923,452.595438130782,269.1680022003129,507.1999
2924,452.595438130782,269.1680022003129,507.1999
2925,452.595438130782,269.1680022003129,507.1999
2926,452.595438130782,269.1680022003129,507.1999
2927,452.595438130782,269.1680022003129,507.1999
2928,452.595438130782,269.1680022003129,507.1999
2929,452.595438130782,269.1680022003129,507.1999
2930,452.595438130782,269.1680022003129,507.1999
2931,452.595438130782,269.1680022003129,507.1999
2932,452.595438130782,269.1680022003129,507.1999
2933,452.595438130782,269.1680022003129,507.1999
2934,452.595438130782,269.1680022003129,507.1999
2935,452.595438130782,269.1680022003129,507.1999
2936,452.595438130782,269.1680022003129,507.1999
2937,452.595438130782,269.1680022003129,507.1999
2938,452.595438130782,269.1680022003129,507.1999
2939,452.595438130782,269.1680022003129,507.1999
2940,452.595438130782,269.1680022003129,507.1999
2941,452.595438130782,269.1680022003129,507.1999
2942,452.595438130782,269.1680022003129,507.1999
2943,452.595438130782,269.1680022003129,507.1999
2944,452.595438130782,269.1680022003129,507.1999
2945,452.595438130782,269.1680022003129,507.1999
2946,452.595438130782,269.1680022003129,507.1999
2947,452.595438130782,269.1680022003129,507.1999
2948,452.595438130782,269.1680022003129,507.1999
2949,452.595438130782,269.1680022003129,507.1999
2950,452.595438130782,269.1680022003129,507.1999
2951,452.595438130782,269.1680022003129,507.1999
2952,452.595438130782,269.1680022003129,507.1999
2953,452.595438130782,269.1680022003129,507.1999
2954,452.595438130782,269.1680022003129,507.1999
2955,452.595438130782,269.1680022003129,507.1999
2956,452.595438130782,269.1680022003129,507.1999
2957,452.595438130782,269.1680022003129,507.1999
2958,452.595438130782,269.1680022003129,507.1999
2959,452.595438130782,269.1680022003129,507.1999
2960,452.595438130782,269.1680022003129,507.1999
2961,452.595438130782,269.1680022003129,507.1999
2962,452.595438130782,269.1680022003129,507.1999
2963,452.595438130782,269.1680022003129,507.1999
2964,452.595438130782,269.1680022003129,507.1999
2965,452.595438130782,269.1680022003129,507.1999
2966,452.595438130782,269.1680022003129,507.1999
2967,452.595438130782,269.1680022003129,507.1999
2968,452.595438130782,269.1680022003129,507.1999
2969,452.595438130782,269.1680022003129,507.1999
2970,452.595438130782,269.1680022003129,507.1999
2971,452.595438130782,269.1680022003129,507.1999
2972,452.595438130782,269.1680022003129,507.1999
2973,452.595438130782,269.1680022003129,507.1999
2974,452.595438130782,269.1680022003129,507.1999
2975,452.595438130782,269.1680022003129,507.1999
2976,452.595438130782,269.1680022003129,507.1999
2977,452.595438130782,269.1680022003129,507.1999
2978,452.595438130782,269.1680022003129,507.1999
2979,452.595438130782,269.1680022003129,507.1999
2980,452.595438130782,269.1680022003129,507.1999
2981,452.595438130782,269.1680022003129,507.1999
2982,452.595438130782,269.1680022003129,507.1999
2983,452.595438130782,269.1680022003129,507.1999
2984,452.595438130782,269.1680022003129,507.1999
2985,452.595438130782,269.1680022003129,507.1999
2986,452.595438130782,269.1680022003129,507.1999
2987,452.595438130782,269.1680022003129,507.1999
2988,452.595438130782,269.1680022003129,507.1999
2989,452.595438130782,269.1680022003129,507.1999
2990,452.595438130782,269.1680022003129,507.1999
2991,452.595438130782,269.1680022003129,507.1999
2992,452.595438130782,269.1680022003129,507.1999
2993,452.595438130782,269.1680022003129,507.1999
2994,452.595438130782,269.1680022003129,507.1999
2995,452.595438130782,269.1680022003129,507.1999
2996,452.595438130782,269.1680022003129,507.1999
2997,452.595438130782,269.1680022003129,507.1999
2998,452.595438130782,269.1680022003129,507.1999
2999,452.595438130782,269.1680022003129,507.1999
3000,452.595438130782,269.1680022003129,507.1999
3001,452.595438130782,269.1680022003129,507.1999
3002,452.595438130782,269.1680022003129,507.1999
3003,452.595438130782,269.1680022003129,507.1999
3004,452.595438130782,269.1680022003129,507.1999
3005,452.595438130782,269.1680022003129,507.1999
3006,452.595438130782,269.1680022003129,507.1999
3007,452.595438130782,269.1680022003129,507.1999
3008,452.595438130782,269.1680022003129,507.1999
3009,452.595438130782,269.1680022003129,507.1999
3010,452.595438130782,269.1680022003129,507.1999
3011,452.595438130782,269.1680022003129,507.1999
3012,452.595438130782,269.1680022003129,507.1999
3013,452.595438130782,269.1680022003129,507.1999
3014,452.595438130782,269.1680022003129,507.1999
3015,452.595438130782,269.1680022003129,507.1999
3016,452.595438130782,269.1680022003129,507.1999
3017,452.595438130782,269.1680022003129,507.1999
3018,452.595438130782,269.1680022003129,507.1999
3019,452.595438130782,269.1680022003129,507.1999
3020,452.595438130782,269.1680022003129,507.1999
3021,452.595438130782,269.1680022003129,507.1999
3022,452.595438130782,269.1680022003129,507.1999
3023,452.595438130782,269.1680022003129,507.1999
3024,452.595438130782,269.1680022003129,507.1999
3025,452.595438130782,269.1680022003129,507.1999
3026,452.595438130782,269.1680022003129,507.1999
3027,452.595438130782,269.1680022003129,507.1999
3028,452.595438130782,269.1680022003129,507.1999
3029,452.595438130782,269.1680022003129,507.1999
3030,452.595438130782,269.1680022003129,507.1999
3031,452.595438130782,269.1680022003129,507.1999
3032,452.595438130782,269.1680022003129,507.1999
3033,452.595438130782,269.1680022003129,507.1999
3034,452.595438130782,269.1680022003129,507.1999
3035,452.595438130782,269.1680022003129,507.1999
3036,452.595438130782,269.1680022003129,507.1999
3037,452.595438130782,269.1680022003129,507.1999
3038,452.595438130782,269.1680022003129,507.1999
3039,452.595438130782,269.1680022003129,507.1999
3040,452.595438130782,269.1680022003129,507.1999
3041,452.595438130782,269.1680022003129,507.1999
3042,452.595438130782,269.1680022003129,507.1999
3043,452.595438130782,269.1680022003129,507.1999
3044,452.595438130782,269.1680022003129,507.1999
3045,452.595438130782,269.1680022003129,507.1999
3046,452.595438130782,269.1680022003129,507.1999
3047,452.595438130782,269.1680022003129,507.1999
3048,452.595438130782,269.1680022003129,507.1999
3049,452.595438130782,269.1680022003129,507.1999
3050,452.595438130782,269.1680022003129,507.1999
3051,452.595438130782,269.1680022003129,507.1999
3052,452.595438130782,269.1680022003129,507.1999
3053,452.595438130782,269.1680022003129,507.1999
3054,452.595438130782,269.1680022003129,507.1999
3055,452.595438130782,269.1680022003129,507.1999
3056,452.595438130782,269.1680022003129,507.1999
3057,452.595438130782,269.1680022003129,507.1999
3058,452.595438130782,269.1680022003129,507.1999
3059,452.595438130782,269.1680022003129,507.1999
3060,452.595438130782,269.1680022003129,507.1999
3061,452.595438130782,269.1680022003129,507.1999
3062,452.595438130782,269.1680022003129,507.1999
3063,452.595438130782,269.1680022003129,507.1999
3064,452.595438130782,269.1680022003129,507.1999
3065,452.595438130782,269.1680022003129,507.1999
3066,452.595438130782,269.1680022003129,507.1999
3067,452.595438130782,269.1680022003129,507.1999
3068,452.595438130782,269.1680022003129,507.1999
3069,452.595438130782,269.1680022003129,507.1999
3070,452.595438130782,269.1680022003129,507.1999
3071,452.595438130782,269.1680022003129,507.1999
3072,452.595438130782,269.1680022003129,507.1999
3073,452.595438130782,269.1680022003129,507.1999
3074,452.595438130782,269.1680022003129,507.1999
3075,452.595438130782,269.1680022003129,507.1999
3076,452.595438130782,269.1680022003129,507.1999
3077,452.595438130782,269.1680022003129,507.1999
3078,452.595438130782,269.1680022003129,507.1999
3079,452.595438130782,269.1680022003129,507.1999
3080,452.595438130782,269.1680022003129,507.1999
3081,452.595438130782,269.1680022003129,507.1999
3082,452.595438130782,269.1680022003129,507.1999
3083,452.595438130782,269.1680022003129,507.1999
3084,452.595438130782,269.1680022003129,507.1999
3085,452.595438130782,269.1680022003129,507.1999
3086,452.595438130782,269.1680022003129,507.1999
3087,452.595438130782,269.1680022003129,507.1999
3088,452.595438130782,269.1680022003129,507.1999
3089,452.595438130782,269.1680022003129,507.1999
3090,452.595438130782,269.1680022003129,507.1999
3091,452.595438130782,269.1680022003129,507.1999
3092,452.595438130782,269.1680022003129,507.1999
3093,452.595438130782,269.1680022003129,507.1999
3094,452.595438130782,269.1680022003129,507.1999
3095,452.595438130782,269.1680022003129,507.1999
3096,452.595438130782,269.1680022003129,507.1999
3097,452.595438130782,269.1680022003129,507.1999
3098,452.595438130782,269.1680022003129,507.1999
3099,452.595438130782,269.1680022003129,507.1999
3100,452.595438130782,269.1680022003129,507.1999
3101,452.595438130782,269.1680022003129,507.1999
3102,452.595438130782,269.1680022003129,507.1999
3103,452.595438130782,269.1680022003129,507.1999
3104,452.595438130782,269.1680022003129,507.1999
3105,452.595438130782,269.1680022003129,507.1999
3106,452.595438130782,269.1680022003129,507.1999
3107,452.595438130782,269.1680022003129,507.1999
3108,452.595438130782,269.1680022003129,507.1999
3109,452.595438130782,269.1680022003129,507.1999
3110,452.595438130782,269.1680022003129,507.1999
3111,452.595438130782,269.1680022003129,507.1999
3112,452.595438130782,269.1680022003129,507.1999
3113,452.595438130782,269.1680022003129,507.1999
3114,452.595438130782,269.1680022003129,507.1999
3115,452.595438130782,269.1680022003129,507.1999
3116,452.595438130782,269.1680022003129,507.1999
3117,452.595438130782,269.1680022003129,507.1999
3118,452.595438130782,269.1680022003129,507.1999
3119,452.595438130782,269.1680022003129,507.1999
3120,452.595438130782,269.1680022003129,507.1999
3121,452.595438130782,269.1680022003129,507.1999
3122,452.595438130782,269.1680022003129,507.1999
3123,452.595438130782,269.1680022003129,507.1999
3124,452.595438130782,269.1680022003129,507.1999
3125,452.595438130782,269.1680022003129,507.1999
3126,452.595438130782,269.1680022003129,507.1999
3127,452.595438130782,269.1680022003129,507.1999
3128,452.595438130782,269.1680022003129,507.1999
3129,452.595438130782,269.1680022003129,507.1999
3130,452.595438130782,269.1680022003129,507.1999
3131,452.595438130782,269.1680022003129,507.1999
3132,452.595438130782,269.1680022003129,507.1999
3133,452.595438130782,269.1680022003129,507.1999
3134,452.595438130782,269.1680022003129,507.1999
3135,452.595438130782,269.1680022003129,507.1999
3136,452.595438130782,269.1680022003129,507.1999
3137,452.595438130782,269.1680022003129,507.1999
3138,452.595438130782,269.1680022003129,507.1999
3139,452.595438130782,269.1680022003129,507.1999
3140,452.595438130782,269.1680022003129,507.1999
3141,452.595438130782,269.1680022003129,507.1999
3142,452.595438130782,269.1680022003129,507.1999
3143,452.595438130782,269.1680022003129,507.1999
3144,452.595438130782,269.1680022003129,507.1999
3145,452.595438130782,269.1680022003129,507.1999
3146,452.595438130782,269.1680022003129,507.1999
3147,452.595438130782,269.1680022003129,507.1999
3148,452.595438130782,269.1680022003129,507.1999
3149,452.595438130782,269.1680022003129,507.1999
3150,452.595438130782,269.1680022003129,507.1999
3151,452.595438130782,269.1680022003129,507.1999
3152,452.595438130782,269.1680022003129,507.1999
3153,452.595438130782,269.1680022003129,507.1999
3154,452.595438130782,269.1680022003129,507.1999
3155,452.595438130782,269.1680022003129,507.1999
3156,452.595438130782,269.1680022003129,507.1999
3157,452.595438130782,269.1680022003129,507.1999
3158,452.595438130782,269.1680022003129,507.1999
3159,452.595438130782,269.1680022003129,507.1999
3160,452.595438130782,269.1680022003129,507.1999
3161,452.595438130782,269.1680022003129,507.1999
3162,452.595438130782,269.1680022003129,507.1999
3163,452.595438130782,269.1680022003129,507.1999
3164,452.595438130782,269.1680022003129,507.1999
3165,452.595438130782,269.1680022003129,507.1999
3166,452.595438130782,269.1680022003129,507.1999
3167,452.595438130782,269.1680022003129,507.1999
3168,452.595438130782,269.1680022003129,507.1999
3169,452.595438130782,269.1680022003129,507.1999
3170,452.595438130782,269.1680022003129,507.1999
3171,452.595438130782,269.1680022003129,507.1999
3172,452.595438130782,269.1680022003129,507.1999
3173,452.595438130782,269.1680022003129,507.1999
3174,452.595438130782,269.1680022003129,507.1999
3175,452.595438130782,269.1680022003129,507.1999
3176,452.595438130782,269.1680022003129,507.1999
3177,452.595438130782,269.1680022003129,507.1999
3178,452.595438130782,269.1680022003129,507.1999
3179,452.595438130782,269.1680022003129,507.1999
3180,452.595438130782,269.1680022003129,507.1999
3181,452.595438130782,269.1680022003129,507.1999
3182,452.595438130782,269.1680022003129,507.1999
3183,452.595438130782,269.1680022003129,507.1999
3184,452.595438130782,269.1680022003129,507.1999
3185,452.595438130782,269.1680022003129,507.1999
3186,452.595438130782,269.1680022003129,507.1999
3187,452.595438130782,269.1680022003129,507.1999
3188,452.595438130782,269.1680022003129,507.1999
3189,452.595438130782,269.1680022003129,507.1999
3190,452.595438130782,269.1680022003129,507.1999
3191,452.595438130782,269.1680022003129,507.1999
3192,452.595438130782,269.1680022003129,507.1999
3193,452.595438130782,269.1680022003129,507.1999
3194,452.595438130782,269.1680022003129,507.1999
3195,452.595438130782,269.1680022003129,507.1999
3196,452.595438130782,269.1680022003129,507.1999
3197,452.595438130782,269.1680022003129,507.1999
3198,452.595438130782,269.1680022003129,507.1999
3199,452.595438130782,269.1680022003129,507.1999
3200,452.595438130782,269.1680022003129,507.1999
3201,452.595438130782,269.1680022003129,507.1999
3202,452.595438130782,269.1680022003129,507.1999
3203,452.595438130782,269.1680022003129,507.1999
3204,452.595438130782,269.1680022003129,507.1999
3205,452.595438130782,269.1680022003129,507.1999
3206,452.595438130782,269.1680022003129,507.1999
3207,452.595438130782,269.1680022003129,507.1999
3208,452.595438130782,269.1680022003129,507.1999
3209,452.595438130782,269.1680022003129,507.1999
3210,452.595438130782,269.1680022003129,507.1999
3211,452.595438130782,269.1680022003129,507.1999
3212,452.595438130782,269.1680022003129,507.1999
3213,452.595438130782,269.1680022003129,507.1999
3214,452.595438130782,269.1680022003129,507.1999
3215,452.595438130782,269.1680022003129,507.1999
3216,452.595438130782,269.1680022003129,507.1999
3217,452.595438130782,269.1680022003129,507.1999
3218,452.595438130782,269.1680022003129,507.1999
3219,452.595438130782,269.1680022003129,507.1999
3220,452.595438130782,269.1680022003129,507.1999
3221,452.595438130782,269.1680022003129,507.1999
3222,452.595438130782,269.1680022003129,507.1999
3223,452.595438130782,269.1680022003129,507.1999
3224,452.595438130782,269.1680022003129,507.1999
3225,452.595438130782,269.1680022003129,507.1999
3226,452.595438130782,269.1680022003129,507.1999
3227,452.595438130782,269.1680022003129,507.1999
3228,452.595438130782,269.1680022003129,507.1999
3229,452.595438130782,269.1680022003129,507.1999
3230,452.595438130782,269.1680022003129,507.1999
3231,452.595438130782,269.1680022003129,507.1999
3232,452.595438130782,269.1680022003129,507.1999
3233,452.595438130782,269.1680022003129,507.1999
3234,452.595438130782,269.1680022003129,507.1999
3235,452.595438130782,269.1680022003129,507.1999
3236,452.595438130782,269.1680022003129,507.1999
3237,452.595438130782,269.1680022003129,507.1999
3238,452.595438130782,269.1680022003129,507.1999
3239,452.595438130782,269.1680022003129,507.1999
3240,452.595438130782,269.1680022003129,507.1999
3241,452.595438130782,269.1680022003129,507.1999
3242,452.595438130782,269.1680022003129,507.1999
3243,452.595438130782,269.1680022003129,507.1999
3244,452.595438130782,269.1680022003129,507.1999
3245,452.595438130782,269.1680022003129,507.1999
3246,452.595438130782,269.1680022003129,507.1999
3247,452.595438130782,269.1680022003129,507.1999
3248,452.595438130782,269.1680022003129,507.1999
3249,452.595438130782,269.1680022003129,507.1999
3250,452.595438130782,269.1680022003129,507.1999
3251,452.595438130782,269.1680022003129,507.1999
3252,452.595438130782,269.1680022003129,507.1999
3253,452.595438130782,269.1680022003129,507.1999
3254,452.595438130782,269.1680022003129,507.1999
3255,452.595438130782,269.1680022003129,507.1999
3256,452.595438130782,269.1680022003129,507.1999
3257,452.595438130782,269.1680022003129,507.1999
3258,452.595438130782,269.1680022003129,507.1999
3259,452.595438130782,269.1680022003129,507.1999
3260,452.595438130782,269.1680022003129,507.1999
3261,452.595438130782,269.1680022003129,507.1999
3262,452.595438130782,269.1680022003129,507.1999
3263,452.595438130782,269.1680022003129,507.1999
3264,452.595438130782,269.1680022003129,507.1999
3265,452.595438130782,269.1680022003129,507.1999
3266,452.595438130782,269.1680022003129,507.1999
3267,452.595438130782,269.1680022003129,507.1999
3268,452.595438130782,269.1680022003129,507.1999
3269,452.595438130782,269.1680022003129,507.1999
3270,452.595438130782,269.1680022003129,507.1999
3271,452.595438130782,269.1680022003129,507.1999
3272,452.595438130782,269.1680022003129,507.1999
3273,452.595438130782,269.1680022003129,507.1999
3274,452.595438130782,269.1680022003129,507.1999
3275,452.595438130782,269.1680022003129,507.1999
3276,452.595438130782,269.1680022003129,507.1999
3277,452.595438130782,269.1680022003129,507.1999
3278,452.595438130782,269.1680022003129,507.1999
3279,452.595438130782,269.1680022003129,507.1999
3280,452.595438130782,269.1680022003129,507.1999
3281,452.595438130782,269.1680022003129,507.1999
3282,452.595438130782,269.1680022003129,507.1999
3283,452.595438130782,269.1680022003129,507.1999
3284,452.595438130782,269.1680022003129,507.1999
3285,452.595438130782,269.1680022003129,507.1999
3286,452.595438130782,269.1680022003129,507.1999
3287,452.595438130782,269.1680022003129,507.1999
3288,452.595438130782,269.1680022003129,507.1999
3289,452.595438130782,269.1680022003129,507.1999
3290,452.595438130782,269.1680022003129,507.1999
3291,452.595438130782,269.1680022003129,507.1999
3292,452.595438130782,269.1680022003129,507.1999
3293,452.595438130782,269.1680022003129,507.1999
3294,452.595438130782,269.1680022003129,507.1999
3295,452.595438130782,269.1680022003129,507.1999
3296,452.595438130782,269.1680022003129,507.1999
3297,452.595438130782,269.1680022003129,507.1999
3298,452.595438130782,269.1680022003129,507.1999
3299,452.595438130782,269.1680022003129,507.1999
3300,452.595438130782,269.1680022003129,507.1999
3301,452.595438130782,269.1680022003129,507.1999
3302,452.595438130782,269.1680022003129,507.1999
3303,452.595438130782,269.1680022003129,507.1999
3304,452.595438130782,269.1680022003129,507.1999
3305,452.595438130782,269.1680022003129,507.1999
3306,452.595438130782,269.1680022003129,507.1999
3307,452.595438130782,269.1680022003129,507.1999
3308,452.595438130782,269.1680022003129,507.1999
3309,452.595438130782,269.1680022003129,507.1999
3310,452.595438130782,269.1680022003129,507.1999
3311,452.595438130782,269.1680022003129,507.1999
3312,452.595438130782,269.1680022003129,507.1999
3313,452.595438130782,269.1680022003129,507.1999
3314,452.595438130782,269.1680022003129,507.1999
3315,452.595438130782,269.1680022003129,507.1999
3316,452.595438130782,269.1680022003129,507.1999
3317,452.595438130782,269.1680022003129,507.1999
3318,452.595438130782,269.1680022003129,507.1999
3319,452.595438130782,269.1680022003129,507.1999
3320,452.595438130782,269.1680022003129,507.1999
3321,452.595438130782,269.1680022003129,507.1999
3322,452.595438130782,269.1680022003129,507.1999
3323,452.595438130782,269.1680022003129,507.1999
3324,452.595438130782,269.1680022003129,507.1999
3325,452.595438130782,269.1680022003129,507.1999
3326,462.44063506799284,270.09581266809255,506.8416
3327,452.595438130782,269.1680022003129,507.1999
3328,452.595438130782,269.1680022003129,507.1999
3329,452.595438130782,269.1680022003129,507.1999
3330,452.595438130782,269.1680022003129,507.1999
3331,452.595438130782,269.1680022003129,507.1999
3332,452.595438130782,269.1680022003129,507.1999
3333,452.595438130782,269.1680022003129,507.1999
3334,452.595438130782,269.1680022003129,507.1999
3335,452.595438130782,269.1680022003129,507.1999
3336,452.595438130782,269.1680022003129,507.1999
3337,452.595438130782,269.1680022003129,507.1999
3338,452.595438130782,269.1680022003129,507.1999
3339,452.595438130782,269.1680022003129,507.1999
3340,452.595438130782,269.1680022003129,507.1999
3341,452.595438130782,269.1680022003129,507.1999
3342,452.595438130782,269.1680022003129,507.1999
3343,452.595438130782,269.1680022003129,507.1999
3344,452.595438130782,269.1680022003129,507.1999
3345,452.595438130782,269.1680022003129,507.1999
3346,452.595438130782,269.1680022003129,507.1999
3347,452.595438130782,269.1680022003129,507.1999
3348,452.595438130782,269.1680022003129,507.1999
3349,452.595438130782,269.1680022003129,507.1999
3350,452.595438130782,269.1680022003129,507.1999
3351,452.595438130782,269.1680022003129,507.1999
3352,452.595438130782,269.1680022003129,507.1999
3353,452.595438130782,269.1680022003129,507.1999
3354,452.595438130782,269.1680022003129,507.1999
3355,452.595438130782,269.1680022003129,507.1999
3356,452.595438130782,269.1680022003129,507.1999
3357,452.595438130782,269.1680022003129,507.1999
3358,452.595438130782,269.1680022003129,507.1999
3359,452.595438130782,269.1680022003129,507.1999
3360,452.595438130782,269.1680022003129,507.1999
3361,452.595438130782,269.1680022003129,507.1999
3362,452.595438130782,269.1680022003129,507.1999
3363,452.595438130782,269.1680022003129,507.1999
3364,452.595438130782,269.1680022003129,507.1999
3365,452.595438130782,269.1680022003129,507.1999
3366,452.595438130782,269.1680022003129,507.1999
3367,452.595438130782,269.1680022003129,507.1999
3368,452.595438130782,269.1680022003129,507.1999
3369,452.595438130782,269.1680022003129,507.1999
3370,452.595438130782,269.1680022003129,507.1999
3371,452.595438130782,269.1680022003129,507.1999
3372,452.595438130782,269.1680022003129,507.1999
3373,452.595438130782,269.1680022003129,507.1999
3374,452.595438130782,269.1680022003129,507.1999
3375,452.595438130782,269.1680022003129,507.1999
3376,452.595438130782,269.1680022003129,507.1999
3377,452.595438130782,269.1680022003129,507.1999
3378,452.595438130782,269.1680022003129,507.1999
3379,452.595438130782,269.1680022003129,507.1999
3380,452.595438130782,269.1680022003129,507.1999
3381,452.595438130782,269.1680022003129,507.1999
3382,452.595438130782,269.1680022003129,507.1999
3383,452.595438130782,269.1680022003129,507.1999
3384,452.595438130782,269.1680022003129,507.1999
3385,452.595438130782,269.1680022003129,507.1999
3386,452.595438130782,269.1680022003129,507.1999
3387,452.595438130782,269.1680022003129,507.1999
3388,452.595438130782,269.1680022003129,507.1999
3389,452.595438130782,269.1680022003129,507.1999
3390,452.595438130782,269.1680022003129,507.1999
3391,452.595438130782,269.1680022003129,507.1999
3392,452.595438130782,269.1680022003129,507.1999
3393,452.595438130782,269.1680022003129,507.1999
3394,452.595438130782,269.1680022003129,507.1999
3395,452.595438130782,269.1680022003129,507.1999
3396,452.595438130782,269.1680022003129,507.1999
3397,452.595438130782,269.1680022003129,507.1999
3398,452.595438130782,269.1680022003129,507.1999
3399,452.595438130782,269.1680022003129,507.1999
3400,452.595438130782,269.1680022003129,507.1999
3401,452.595438130782,269.1680022003129,507.1999
3402,452.595438130782,269.1680022003129,507.1999
3403,452.595438130782,269.1680022003129,507.1999
3404,452.595438130782,269.1680022003129,507.1999
3405,452.595438130782,269.1680022003129,507.1999
3406,452.595438130782,269.1680022003129,507.1999
3407,452.595438130782,269.1680022003129,507.1999
3408,452.595438130782,269.1680022003129,507.1999
3409,452.595438130782,269.1680022003129,507.1999
3410,452.595438130782,269.1680022003129,507.1999
3411,452.595438130782,269.1680022003129,507.1999
3412,452.595438130782,269.1680022003129,507.1999
3413,452.595438130782,269.1680022003129,507.1999
3414,452.595438130782,269.1680022003129,507.1999
3415,452.595438130782,269.1680022003129,507.1999
3416,452.595438130782,269.1680022003129,507.1999
3417,452.595438130782,269.1680022003129,507.1999
3418,452.595438130782,269.1680022003129,507.1999
3419,452.595438130782,269.1680022003129,507.1999
3420,452.595438130782,269.1680022003129,507.1999
3421,452.595438130782,269.1680022003129,507.1999
3422,452.595438130782,269.1680022003129,507.1999
3423,452.595438130782,269.1680022003129,507.1999
3424,452.595438130782,269.1680022003129,507.1999
3425,462.44063506799284,270.09581266809255,506.8416
3426,452.595438130782,269.1680022003129,507.1999
3427,452.595438130782,269.1680022003129,507.1999
3428,452.595438130782,269.1680022003129,507.1999
3429,452.595438130782,269.1680022003129,507.1999
3430,452.595438130782,269.1680022003129,507.1999
3431,452.595438130782,269.1680022003129,507.1999
3432,452.595438130782,269.1680022003129,507.1999
3433,452.595438130782,269.1680022003129,507.1999
3434,452.595438130782,269.1680022003129,507.1999
3435,452.595438130782,269.1680022003129,507.1999
3436,452.595438130782,269.1680022003129,507.1999
3437,452.595438130782,269.1680022003129,507.1999
3438,452.595438130782,269.1680022003129,507.1999
3439,452.595438130782,269.1680022003129,507.1999
3440,452.595438130782,269.1680022003129,507.1999
3441,452.595438130782,269.1680022003129,507.1999
3442,452.595438130782,269.1680022003129,507.1999
3443,452.595438130782,269.1680022003129,507.1999
3444,452.595438130782,269.1680022003129,507.1999
3445,452.595438130782,269.1680022003129,507.1999
3446,452.595438130782,269.1680022003129,507.1999
3447,452.595438130782,269.1680022003129,507.1999
3448,452.595438130782,269.1680022003129,507.1999
3449,452.595438130782,269.1680022003129,507.1999
3450,452.595438130782,269.1680022003129,507.1999
3451,452.595438130782,269.1680022003129,507.1999
3452,452.595438130782,269.1680022003129,507.1999
3453,452.595438130782,269.1680022003129,507.1999
3454,452.595438130782,269.1680022003129,507.1999
3455,452.595438130782,269.1680022003129,507.1999
3456,452.595438130782,269.1680022003129,507.1999
3457,452.595438130782,269.1680022003129,507.1999
3458,452.595438130782,269.1680022003129,507.1999
3459,452.595438130782,269.1680022003129,507.1999
3460,452.595438130782,269.1680022003129,507.1999
3461,452.595438130782,269.1680022003129,507.1999
3462,452.595438130782,269.1680022003129,507.1999
3463,452.595438130782,269.1680022003129,507.1999
3464,452.595438130782,269.1680022003129,507.1999
3465,452.595438130782,269.1680022003129,507.1999
3466,452.595438130782,269.1680022003129,507.1999
3467,452.595438130782,269.1680022003129,507.1999
3468,452.595438130782,269.1680022003129,507.1999
3469,452.595438130782,269.1680022003129,507.1999
3470,452.595438130782,269.1680022003129,507.1999
3471,452.595438130782,269.1680022003129,507.1999
3472,452.595438130782,269.1680022003129,507.1999
3473,452.595438130782,269.1680022003129,507.1999
3474,452.595438130782,269.1680022003129,507.1999
3475,452.595438130782,269.1680022003129,507.1999
3476,452.595438130782,269.1680022003129,507.1999
3477,452.595438130782,269.1680022003129,507.1999
3478,452.595438130782,269.1680022003129,507.1999
3479,452.595438130782,269.1680022003129,507.1999
3480,452.595438130782,269.1680022003129,507.1999
3481,452.595438130782,269.1680022003129,507.1999
3482,452.595438130782,269.1680022003129,507.1999
3483,452.595438130782,269.1680022003129,507.1999
3484,452.595438130782,269.1680022003129,507.1999
3485,452.595438130782,269.1680022003129,507.1999
3486,452.595438130782,269.1680022003129,507.1999
3487,452.595438130782,269.1680022003129,507.1999
3488,452.595438130782,269.1680022003129,507.1999
3489,452.595438130782,269.1680022003129,507.1999
3490,452.595438130782,269.1680022003129,507.1999
3491,452.595438130782,269.1680022003129,507.1999
3492,452.595438130782,269.1680022003129,507.1999
3493,452.595438130782,269.1680022003129,507.1999
3494,452.595438130782,269.1680022003129,507.1999
3495,452.595438130782,269.1680022003129,507.1999
3496,452.595438130782,269.1680022003129,507.1999
3497,452.595438130782,269.1680022003129,507.1999
3498,452.595438130782,269.1680022003129,507.1999
3499,452.595438130782,269.1680022003129,507.1999
3500,452.595438130782,269.1680022003129,507.1999
