,x,y,z,iter
0,651.7398,-38.2781,937.69794,50
1,385.3676,-517.50745,1210.348,50
2,416.01212,-24.921715,601.2712,50
3,403.95584,-551.5502,1279.3734,50
4,277.4303,-377.60388,877.8125,50
5,257.41055,-350.77032,814.08093,50
6,618.3413,-38.655052,892.47974,50
7,173.65303,-235.44617,546.758,50
8,346.70804,-470.5254,1095.2413,50
9,176.10341,-238.88702,554.9735,50
10,173.65086,-235.30421,546.5795,50
11,601.15393,-41.84043,872.7638,50
12,194.84068,-262.06058,609.7271,50
13,260.50037,-354.6915,823.86505,50
14,278.23624,-377.4901,878.4699,50
15,398.30835,-70.597015,631.0172,50
16,573.6781,-49.78278,845.10205,50
17,155.43954,-208.47592,484.84167,50
18,237.42384,-322.7033,749.2388,50
19,188.25755,-255.612,593.645,50
20,563.83545,-51.17657,833.61395,50
21,618.7418,-39.28772,893.7407,50
22,200.36789,-18.328953,296.1458,50
23,219.17038,-298.22992,692.9621,50
24,251.00804,-342.1373,794.4723,50
25,579.3127,-31.240316,830.53986,50
26,246.13852,-334.91522,778.1515,50
27,281.079,-25.463833,416.28357,50
28,548.69574,-45.510647,805.6694,50
29,191.6731,-259.16803,602.9485,50
30,291.37302,-394.59317,919.2216,50
31,172.0893,-233.53148,542.27136,50
32,257.36237,-349.23682,811.17004,50
33,290.47504,-395.81918,919.50415,50
34,293.44037,-400.33658,929.2487,50
35,373.63464,-509.70724,1182.5333,50
36,541.9754,-740.62354,1718.5099,50
37,141.80533,-40.42938,244.668,50
38,390.9434,-533.014,1238.881,50
39,564.60785,-60.01938,845.4456,50
40,202.4991,-271.9376,633.0724,50
41,351.15698,-478.44928,1111.9159,50
42,275.39743,-374.65048,869.82886,50
43,365.42618,-498.30685,1157.7491,50
44,683.24316,-37.51438,980.1267,50
45,171.35301,-231.71286,538.76514,50
46,658.24634,-36.635284,944.813,50
47,184.26833,-248.1063,576.9977,50
48,265.75784,-362.30905,841.02893,50
49,155.09685,-204.34822,479.8387,50
50,279.8908,-377.39502,880.61536,50
51,558.99316,-50.347965,825.71204,50
52,257.55954,-347.31454,810.3176,50
53,182.10988,-245.94003,571.62384,50
54,626.73535,-31.2806,896.9257,50
55,240.3437,-327.27875,760.2811,50
56,556.5019,-55.84123,829.29254,50
57,127.37981,-168.647,394.61414,50
58,554.7055,-754.98956,1752.4001,50
59,552.8833,-30.867496,793.66394,50
60,669.1953,-37.021988,960.27026,50
61,586.0933,-40.39227,850.4485,50
62,508.8842,-48.873497,755.41425,50
63,318.24625,-434.2254,1007.6246,50
64,278.15402,-371.46252,866.32947,50
65,531.3839,-48.024754,785.0888,50
66,191.1903,-259.67664,603.0502,50
67,630.95624,-28.444628,899.16785,50
68,158.73463,-214.49585,498.50305,50
69,256.3121,-347.22766,806.82385,50
70,348.47803,-473.0929,1101.1969,50
71,250.0701,-339.6884,789.9444,50
72,415.04373,-26.230318,599.4553,50
73,397.78268,-540.46967,1257.8947,50
74,139.07365,-28.122902,227.92473,50
75,394.5418,-538.6819,1251.2213,50
76,244.03305,-329.08524,767.5534,50
77,121.72023,-160.10652,375.64047,50
78,596.7973,-38.26152,862.50464,50
79,189.23009,-256.3091,595.5069,50
80,193.19864,-262.29416,609.473,50
81,197.27544,-263.53882,614.33344,50
82,649.4137,-884.51294,2056.9075,50
83,164.43077,-219.68108,511.62546,50
84,276.7638,-375.67548,872.5947,50
85,567.83575,-54.429794,843.0727,50
86,186.47722,-251.8532,585.42084,50
87,352.09195,-480.27496,1115.5242,50
88,338.00098,-457.27963,1066.0178,50
89,328.72668,-446.60464,1039.2273,50
90,75.341415,-79.20081,205.34772,50
91,411.98038,-556.9148,1298.9615,50
92,250.70776,-341.1388,792.6059,50
93,499.44672,-682.3816,1584.7375,50
94,176.22583,-238.92313,554.9569,50
95,207.34233,-281.91788,654.9219,50
96,487.44724,-658.36383,1531.3228,50
97,398.033,-539.6471,1256.9872,50
98,389.43036,-529.498,1231.7767,50
99,413.20642,-28.116302,598.9183,50
100,202.35536,-274.88132,638.73315,50
101,503.43668,-59.3276,760.8219,50
102,236.54083,-313.46875,732.5022,50
103,165.32394,-222.93594,518.7607,50
104,567.6897,-34.260487,817.80493,50
105,305.87302,-28.565918,453.13635,50
106,383.58438,-514.0839,1203.2158,50
107,204.73201,-277.47467,645.47894,50
108,218.46074,-291.00314,678.94855,50
109,582.4956,-34.994038,838.97205,50
110,394.36246,-538.35846,1248.8833,50
111,256.21878,-343.9631,803.68695,50
112,147.09338,-197.37189,458.77582,50
113,200.87364,-268.8009,626.2579,50
114,133.85112,-179.23846,416.90222,50
115,481.4947,-48.571648,717.5257,50
116,300.61377,-410.0862,952.0454,50
117,326.8134,-42.844234,498.78992,50
118,362.564,-492.6669,1143.9503,50
119,363.46338,-490.5996,1141.0289,50
120,627.2044,-40.149986,906.4256,50
121,215.11029,-291.92123,678.8593,50
122,261.96625,-357.21094,829.597,50
123,312.99252,-426.21127,989.3842,50
124,425.74426,-581.50977,1350.521,50
125,229.327,-310.77258,723.33563,50
126,358.4379,-487.06516,1133.5735,50
127,149.46544,-201.53004,468.2265,50
128,267.7101,-365.05737,847.56476,50
129,159.35791,-215.618,500.90356,50
130,255.59457,-347.89008,808.5182,50
131,615.49896,-37.10368,886.6549,50
132,208.8267,-278.9239,650.3021,50
133,506.94238,-692.5328,1608.2357,50
134,273.9335,-370.94138,864.1242,50
135,432.44772,-590.62695,1371.3204,50
136,296.49762,-403.75385,937.212,50
137,586.08093,-797.56104,1851.1199,50
138,444.60452,-607.34705,1410.2418,50
139,560.6821,-28.594496,802.54816,50
140,257.97836,-27.887564,388.87146,50
141,399.27737,-545.1652,1265.3823,50
142,326.36264,-442.56076,1030.5436,50
143,273.73178,-372.37375,865.90546,50
144,614.11414,-43.372616,892.4283,50
145,454.84085,-27.47721,655.50616,50
146,423.60297,-578.51556,1342.3334,50
147,192.03336,-261.02744,606.04645,50
148,584.31647,-31.019457,837.359,50
149,289.01953,-389.81354,906.74677,50
150,274.83084,-370.00345,863.9026,50
151,514.33417,-702.8146,1631.6323,50
152,376.68506,-59.504097,587.46,50
153,316.75958,-432.1935,1002.798,50
154,260.006,-354.1817,822.5775,50
155,169.67973,-229.95734,534.04095,50
156,354.7715,-484.55505,1125.0758,50
157,189.64084,-257.6056,598.17596,50
158,665.353,-37.02227,955.00995,50
159,368.23993,-502.8066,1167.2244,50
160,222.257,-302.05106,701.40344,50
161,242.05814,-18.802675,353.75925,50
162,203.51125,-275.76895,641.4869,50
163,318.74072,-434.9134,1009.7828,50
164,283.62512,-384.39334,895.1177,50
165,359.03616,-490.3838,1138.7137,50
166,359.8088,-489.6189,1138.3262,50
167,307.4044,-416.94275,968.79767,50
168,259.23682,-351.45667,818.06305,50
169,487.70953,-29.691212,703.0599,50
170,172.66434,-233.65681,542.7768,50
171,596.96484,-46.503452,872.8791,50
172,227.6269,-309.50293,718.67706,50
173,233.12502,-316.47235,735.81793,50
174,470.13797,-635.6309,1477.9314,50
175,331.26926,-452.17047,1049.5424,50
176,272.33847,-365.49005,851.2574,50
177,605.51074,-34.664696,870.24554,50
178,238.9617,-325.50906,755.53357,50
179,337.72705,-453.8162,1056.843,50
180,548.33307,-740.99945,1728.9004,50
181,219.39775,-297.70593,691.5531,50
182,271.01578,-359.7729,840.3531,50
183,232.08656,-315.14963,732.0122,50
184,626.82574,-37.366447,902.4814,50
185,267.07355,-360.87405,841.3125,50
186,135.65225,-181.72595,422.4042,50
187,298.15692,-405.02454,940.48016,50
188,260.12366,-350.065,817.5188,50
189,143.80348,-193.39165,449.63904,50
190,234.65797,-319.18765,741.46625,50
191,156.41205,-211.24124,490.7063,50
192,150.04929,-201.77985,469.61026,50
193,237.4367,-322.9587,750.4253,50
194,244.16454,-331.99063,771.6648,50
195,158.75627,-201.24127,480.6068,50
196,140.4979,-186.71053,435.11493,50
197,281.51917,-378.5524,884.4172,50
198,340.65564,-461.63705,1075.5469,50
199,375.8707,-509.9641,1187.5249,50
200,195.02904,-265.10626,615.7837,50
201,295.73117,-403.2565,936.582,50
202,332.9479,-452.45847,1052.7185,50
203,470.7708,-643.2819,1492.8928,50
204,168.46349,-224.38783,524.9146,50
205,363.94443,-495.906,1152.88,50
206,196.50673,-266.55936,619.04376,50
207,527.68774,-41.377937,771.7385,50
208,154.17555,-206.02872,479.64398,50
209,273.93985,-364.03293,849.9563,50
210,98.646,-108.69297,277.5065,50
211,216.52492,-292.591,680.0848,50
212,242.22475,-329.99887,765.93445,50
213,308.58304,-59.666225,495.0364,50
214,144.92587,-114.89028,346.10043,50
215,283.7939,-378.3208,886.94794,50
216,638.32477,-39.83747,921.2169,50
217,139.03326,-185.4996,431.6708,50
218,262.92062,-356.03952,829.0399,50
219,309.4697,-420.34747,976.21564,50
220,253.96463,-345.75092,802.58386,50
221,230.9532,-313.3328,728.8896,50
222,491.26935,-668.07556,1554.7811,50
223,343.45142,-465.43488,1084.3557,50
224,275.6363,-371.6232,864.60693,50
225,151.7003,-202.53706,471.55942,50
226,463.6582,-631.99054,1468.9392,50
227,282.0132,-379.12848,882.6449,50
228,259.5105,-350.87985,817.7228,50
229,415.2114,-561.1993,1305.0132,50
230,217.44849,-294.13663,684.9191,50
231,253.26628,-342.4714,796.09344,50
232,641.2393,-37.289528,922.20825,50
233,168.12463,-214.16655,506.9282,50
234,225.30194,-306.1805,711.82184,50
235,501.97275,-683.16925,1589.5107,50
236,236.97037,-322.7227,749.5817,50
237,525.9807,-718.53174,1668.3457,50
238,260.2865,-354.84174,823.653,50
239,312.26517,-426.15085,988.95734,50
240,367.749,-502.08078,1165.642,50
241,281.64783,-382.4864,889.7794,50
242,165.35092,-224.19804,520.60864,50
243,300.63437,-404.98175,942.42096,50
244,282.99194,-385.22037,895.3899,50
245,280.2988,-381.3805,886.7861,50
246,261.74847,-353.85822,824.9555,50
247,180.11168,-241.73004,562.5602,50
248,259.38617,-351.8429,818.9722,50
249,342.07693,-467.06482,1084.1924,50
250,290.59094,-392.69675,915.5538,50
251,130.20638,-162.2601,387.67654,50
252,204.86046,-276.96692,644.85114,50
253,201.55069,-273.80908,636.2842,50
254,353.6178,-482.84073,1120.918,50
255,151.68492,-204.68243,475.54303,50
256,189.64731,-257.16833,597.6146,50
257,271.81143,-364.92056,852.918,50
258,416.09457,-568.5185,1320.1576,50
259,223.00061,-301.97836,701.6789,50
260,320.3427,-435.0364,1010.2823,50
261,207.81541,-282.14587,655.9727,50
262,253.68869,-340.77383,796.08325,50
263,468.65817,-632.71735,1476.8351,50
264,166.08707,-225.17796,523.0013,50
265,84.714615,-110.773605,259.46588,50
266,480.27798,-654.09973,1517.9465,50
267,581.7536,-794.95544,1845.9008,50
268,141.20679,-189.57791,440.62836,50
269,607.0353,-37.460697,875.5096,50
270,318.4811,-433.922,1008.39154,50
271,145.57976,-196.13382,455.9757,50
272,280.22342,-381.92532,886.4604,50
273,355.98932,-484.52618,1124.497,50
274,187.90462,-248.52533,583.5717,50
275,214.28392,-291.32434,676.95135,50
276,485.21985,-662.4677,1536.6713,50
277,284.08716,-387.19223,898.7149,50
278,663.18604,-36.196785,951.10895,50
279,472.91046,-645.80914,1499.2491,50
280,238.64836,-323.8922,753.40137,50
281,245.87415,-334.002,776.692,50
282,358.8704,-490.0134,1137.3568,50
283,129.97104,-173.57124,404.4049,50
284,376.34445,-513.96936,1193.5322,50
285,175.66779,-235.9665,549.0842,50
286,268.4072,-363.26627,846.1383,50
287,369.95898,-502.45978,1166.7444,50
288,263.74536,-357.45715,832.1845,50
289,179.94696,-243.83365,566.3333,50
290,340.46155,-463.43533,1077.5366,50
291,137.34824,-136.55301,364.27686,50
292,221.94063,-301.6724,701.0057,50
293,93.16235,-13.726587,144.58887,50
294,447.71564,-76.54256,705.8712,50
295,129.50815,-172.73326,402.6539,50
296,253.0363,-344.79202,800.2766,50
297,241.55614,-326.27484,760.4292,50
298,158.84146,-214.21446,497.68228,50
299,607.47784,-36.1698,874.63086,50
300,603.2104,-41.970932,875.80475,50
301,187.28157,-253.06561,588.0191,50
302,232.51617,-306.75067,717.7502,50
303,175.25015,-232.47128,542.71124,50
304,422.0568,-576.6371,1338.5773,50
305,129.58412,-20.154844,202.12607,50
306,57.493813,-75.39764,176.51082,50
307,242.73256,-324.5354,756.52405,50
308,283.59906,-386.68185,897.3043,50
309,192.49826,-261.43256,607.2391,50
310,319.5983,-435.08337,1011.5948,50
311,588.26373,-32.14245,843.77625,50
312,270.7889,-369.0714,856.57837,50
313,327.47537,-447.0248,1037.4491,50
314,272.94476,-366.32678,856.3451,50
315,179.04706,-242.05203,562.40247,50
316,151.81877,-204.60048,475.37326,50
317,109.95345,-125.64378,312.514,50
318,122.87556,-164.14244,381.69693,50
319,271.3691,-368.16534,856.90204,50
320,249.26227,-339.79187,788.66675,50
321,169.13983,-229.17213,532.6866,50
322,154.49867,-208.56464,484.76245,50
323,315.05157,-87.11221,539.1164,50
324,417.90897,-566.1019,1319.2902,50
325,387.01688,-524.5192,1222.0072,50
326,405.23755,-553.53723,1285.075,50
327,652.975,-35.984203,936.8529,50
328,306.8121,-414.03265,965.9875,50
329,333.70892,-451.77582,1050.082,50
330,682.63715,-37.359184,979.1229,50
331,340.41,-460.0491,1072.8728,50
332,225.14899,-305.0939,709.9532,50
333,213.93242,-287.4678,669.1467,50
334,665.4458,-37.00509,955.0926,50
335,150.50452,-201.81352,470.25665,50
336,134.71338,-104.28271,318.71918,50
337,209.22821,-284.7621,661.1826,50
338,309.97296,-419.29388,974.86194,50
339,413.32684,-564.6708,1310.6027,50
340,394.71887,-538.62036,1250.9734,50
341,212.64174,-288.59702,670.3645,50
342,439.55206,-28.930975,636.2898,50
343,115.61401,-97.165665,283.56262,50
344,95.35594,-123.50898,291.41428,50
345,406.69577,-42.19273,607.2615,50
346,220.49738,-300.12225,697.15466,50
347,282.1624,-378.7808,885.47723,50
348,123.58645,-164.32748,382.6108,50
349,418.04965,-570.86804,1324.1547,50
350,435.45465,-594.87537,1380.3347,50
351,254.1275,-344.59326,801.95447,50
352,588.2706,-801.3785,1859.5529,50
353,372.53168,-507.10263,1179.1768,50
354,374.5839,-511.33658,1186.1985,50
355,633.17194,-865.52954,2009.8997,50
356,121.55924,-71.04218,257.13412,50
357,314.9156,-429.5573,996.7935,50
358,311.4947,-424.5711,986.43085,50
359,140.62183,-188.67604,438.62094,50
360,618.21564,-35.436214,888.53033,50
361,626.911,-36.51657,901.6534,50
362,252.15494,-343.44568,797.1282,50
363,297.6692,-403.88788,940.0207,50
364,130.6854,-174.21988,405.31158,50
365,595.41583,-34.30217,855.9513,50
366,276.17862,-374.6346,871.8547,50
367,382.0505,-509.04648,1194.05,50
368,327.6857,-443.6336,1031.2982,50
369,387.5916,-529.21136,1227.6521,50
370,303.49094,-410.8003,954.9072,50
371,582.2397,-38.565887,842.9189,50
372,581.2521,-794.2231,1842.2675,50
373,590.6356,-33.013744,847.9805,50
374,277.66214,-375.56265,875.26276,50
375,360.6738,-489.74634,1140.147,50
376,96.31217,-95.73586,255.54207,50
377,442.39328,-604.2828,1402.2751,50
378,473.95056,-28.921877,683.29175,50
379,450.42917,-615.44635,1428.611,50
380,518.24744,-708.09534,1643.5253,50
381,355.90118,-485.18735,1125.7932,50
382,199.59099,-271.23175,630.0199,50
383,216.55038,-90.02693,409.63376,50
384,551.90247,-43.935455,807.9512,50
385,193.46211,-263.13843,611.1605,50
386,42.41943,-52.7323,126.595505,50
387,430.48813,-583.03534,1358.949,50
388,171.5664,-231.15929,537.34326,50
389,304.85782,-412.42654,958.7021,50
390,546.4433,-744.08093,1730.6157,50
391,148.13057,-199.6334,463.79797,50
392,261.87256,-356.54117,828.53345,50
393,332.59375,-453.91922,1053.6481,50
394,163.99925,-221.96648,515.5532,50
395,666.40344,-910.65533,2115.0466,50
396,388.75552,-530.83026,1232.5717,50
397,201.19983,-273.772,635.74347,50
398,675.4952,-37.648125,969.6414,50
399,355.07898,-480.83463,1120.4294,50
400,557.0861,-38.5506,808.4626,50
401,282.5502,-385.25656,894.0867,50
402,135.54852,-170.54808,405.6877,50
403,566.96924,-46.220203,831.4111,50
404,229.50903,-41.899567,365.17603,50
405,198.9296,-270.11887,627.70966,50
406,448.9373,-613.39923,1423.9948,50
407,253.5426,-344.3922,799.77527,50
408,169.12112,-16.956385,252.12868,50
409,274.18417,-128.62387,538.0384,50
410,502.75037,-15.669358,710.78235,50
411,225.91776,-78.526695,407.36533,50
412,271.28497,-368.7824,856.39435,50
413,337.62784,-459.9286,1067.4752,50
414,187.93274,-255.28389,592.7594,50
415,244.32301,-331.18582,770.8904,50
416,427.8865,-584.637,1356.9758,50
417,441.26382,-594.6115,1388.7628,50
418,307.6474,-419.77005,974.5905,50
419,231.60394,-314.6756,731.4393,50
420,249.0973,-24.76272,372.41214,50
421,368.7081,-502.53015,1167.9929,50
422,332.829,-94.39091,572.57294,50
423,299.4782,-407.46036,947.45154,50
424,280.199,-378.7536,880.7042,50
425,271.10666,-364.81635,849.20233,50
426,274.60846,-373.1212,866.4809,50
427,533.82544,-729.3963,1691.724,50
428,683.5492,-934.4228,2168.1045,50
429,364.77377,-497.00763,1155.1613,50
430,678.1181,-921.8647,2140.56,50
431,179.59927,-241.7922,562.262,50
432,428.12497,-584.77716,1357.0659,50
433,52.2383,-55.47056,144.26912,50
434,383.81113,-523.80817,1216.4658,50
435,512.06305,-39.07343,747.4429,50
436,579.65564,-47.99036,850.9878,50
437,234.4918,-318.34436,740.4605,50
438,432.7085,-93.2663,706.8884,50
439,238.61078,-324.2675,752.88336,50
440,133.81148,-137.43256,360.41385,50
441,472.84116,-57.8278,716.9628,50
442,263.34164,-358.99915,833.172,50
443,271.1437,-363.8736,847.4739,50
444,376.73148,-513.6778,1193.1912,50
445,144.89313,-190.87656,448.04678,50
446,290.38583,-395.725,919.37134,50
447,331.72974,-452.7651,1051.3187,50
448,235.79596,-319.51727,742.23456,50
449,178.23172,-241.03435,560.63574,50
450,398.76913,-542.9327,1262.5878,50
451,158.86328,-213.67549,497.53458,50
452,190.12975,-252.99326,592.73157,50
453,655.29297,-37.8011,942.0534,50
454,275.11737,-373.72754,869.227,50
455,314.92123,-426.68784,991.5454,50
456,207.73631,-282.33847,655.68634,50
457,191.04845,-257.7172,600.34326,50
458,412.2189,-562.4974,1306.3088,50
459,554.10205,-33.58511,798.4071,50
460,215.07896,-286.90637,671.76385,50
461,472.02515,-58.36989,716.65753,50
462,429.2857,-580.4482,1353.8455,50
463,444.16122,-606.65515,1407.9095,50
464,65.91038,-70.422844,181.30492,50
465,304.7811,-415.82266,965.4012,50
466,338.08185,-460.83923,1070.949,50
467,216.97115,-294.7047,685.19836,50
468,197.49901,-267.15265,620.88995,50
469,208.19402,-282.43765,655.94104,50
470,113.20569,-146.71628,346.42984,50
471,166.68938,-224.82791,522.5396,50
472,454.70944,-80.75705,720.8876,50
473,184.33418,-249.90782,580.8176,50
474,265.0101,-357.97595,834.58374,50
475,472.2364,-634.8639,1484.3053,50
476,428.99072,-586.0461,1359.886,50
477,629.73846,-34.145786,902.9391,50
478,234.4029,-319.44724,741.4545,50
479,417.45642,-569.4949,1321.0035,50
480,352.5003,-40.45428,531.07135,50
481,437.42712,-66.54736,679.2314,50
482,309.68784,-419.64584,977.4061,50
483,566.27905,-46.478104,830.9411,50
484,248.72192,-337.804,785.8492,50
485,414.8794,-562.74304,1310.6521,50
486,137.31903,-177.11049,416.97565,50
487,197.28235,-264.67166,616.13324,50
488,392.10016,-534.4319,1239.94,50
489,589.2658,-38.345158,852.249,50
490,389.64014,-531.2785,1234.7509,50
491,238.00351,-320.71722,748.2179,50
492,182.65689,-247.62149,575.4434,50
493,236.37729,-320.3985,745.83215,50
494,341.8999,-466.78973,1083.9924,50
495,589.31036,-46.551785,862.44696,50
496,468.78192,-637.5675,1480.0427,50
497,144.17378,-194.01189,451.01974,50
0,608.0048,48.141376,746.1911,100
1,125.73109,-221.01442,481.228,100
2,611.52124,48.666214,750.30304,100
3,136.08733,-251.97054,529.62134,100
4,112.88587,-209.81343,444.46884,100
5,112.07157,-209.22458,437.2399,100
6,590.38214,46.54512,724.68274,100
7,97.760956,-51.499405,199.49414,100
8,99.39741,-183.53323,389.8567,100
9,100.71212,-188.57672,388.04846,100
10,210.06969,-3.2400305,282.06528,100
11,595.88434,46.98386,731.44977,100
12,102.69028,-187.50021,387.70392,100
13,96.63494,-180.6377,379.3015,100
14,94.20556,-176.15135,370.078,100
15,561.267,43.723686,689.43604,100
16,572.70856,44.778114,703.27167,100
17,155.87186,-17.876171,228.76773,100
18,106.38414,-195.84247,404.16483,100
19,83.259735,-131.96648,289.3696,100
20,520.49084,37.608826,642.6899,100
21,597.4106,47.210724,733.2224,100
22,350.08444,17.49521,444.31787,100
23,114.77689,-213.8341,451.55215,100
24,81.454094,-154.56155,317.31717,100
25,585.38336,45.965424,718.97296,100
26,95.68696,-180.04799,374.9545,100
27,461.70844,14.707346,599.5473,100
28,560.942,43.65986,689.0243,100
29,509.97412,38.624126,627.53156,100
30,105.61628,-195.79384,415.48505,100
31,101.84076,-189.64867,390.2833,100
32,151.15514,-280.02002,581.00433,100
33,98.7228,-184.15207,388.63904,100
34,111.29575,-207.47826,436.48022,100
35,116.70305,-217.22021,455.21417,100
36,209.69972,-385.75162,812.88,100
37,508.66782,36.172783,628.7261,100
38,114.9966,-213.91064,452.86777,100
39,568.1704,43.757507,698.4356,100
40,110.19283,-204.37723,421.86658,100
41,95.986725,-177.53366,375.99744,100
42,119.34202,-221.85027,466.68796,100
43,143.661,-265.50043,558.4933,100
44,609.2319,48.4949,747.4795,100
45,94.13772,-175.94847,369.33484,100
46,607.278,48.254356,745.16425,100
47,275.66504,-26.032518,396.83435,100
48,102.86944,-192.00423,405.1582,100
49,119.993576,-163.32239,384.38184,100
50,110.38476,-200.74686,430.4651,100
51,588.44104,46.33031,722.3376,100
52,91.81107,-170.11479,358.98383,100
53,102.77998,-192.65018,401.17343,100
54,609.79974,48.57791,748.14655,100
55,96.695076,-180.80037,379.93265,100
56,564.8556,43.429585,694.413,100
57,236.65492,-16.998655,338.50223,100
58,170.423,-314.4129,661.75397,100
59,582.849,46.206676,715.3226,100
60,605.4233,48.156338,742.8768,100
61,581.22784,45.45435,713.7632,100
62,569.1757,44.186348,699.28174,100
63,143.96811,-267.00244,565.77124,100
64,137.74115,-255.29906,529.14764,100
65,502.04803,33.884872,622.84845,100
66,130.50941,-74.65743,277.5141,100
67,613.0997,48.74315,752.29315,100
68,275.37292,5.8287244,356.9168,100
69,122.63755,-227.70938,477.4753,100
70,102.471,-183.63567,395.60388,100
71,90.43695,-169.97507,354.80298,100
72,474.98703,34.836655,587.2176,100
73,107.300835,-194.71516,417.59595,100
74,481.22424,33.455387,597.8011,100
75,149.85262,-277.3142,585.50635,100
76,92.65347,-164.98694,354.41742,100
77,271.9492,-67.977356,461.01947,100
78,592.0723,46.52823,726.91486,100
79,94.91169,-179.57175,368.38437,100
80,96.33107,-180.7287,377.49673,100
81,132.31723,-245.18095,507.7488,100
82,135.72183,-250.74672,533.887,100
83,96.65089,-182.75363,376.49408,100
84,104.61441,-196.03372,408.1139,100
85,544.61664,40.485413,671.1021,100
86,98.7001,-186.75705,384.66922,100
87,103.14022,-192.749,404.06485,100
88,128.8341,-233.48122,502.2457,100
89,123.92502,-229.76361,487.66776,100
90,468.1609,35.23105,576.6065,100
91,94.04125,-173.87563,368.05637,100
92,96.621216,-181.38554,378.58508,100
93,139.58707,-257.46863,549.1028,100
94,92.84443,-173.22462,364.1325,100
95,95.51252,-179.38605,374.56055,100
96,186.46338,-343.51474,723.0319,100
97,119.194435,-219.78435,468.49246,100
98,110.00583,-200.93523,429.99103,100
99,532.96265,41.480125,655.1192,100
100,91.06238,-173.01157,356.62415,100
101,545.86066,41.805046,671.2209,100
102,155.13266,-283.851,588.53754,100
103,92.59836,-105.693756,269.7004,100
104,592.38715,46.98024,726.9158,100
105,373.73193,19.332636,473.59344,100
106,97.01796,-174.43846,374.8427,100
107,96.1959,-182.08975,374.39618,100
108,121.29271,-223.03935,461.89322,100
109,593.18036,46.77251,728.14386,100
110,123.84812,-230.14632,485.2545,100
111,102.23243,-180.4475,391.116,100
112,156.58502,-136.50044,388.77722,100
113,122.05363,-202.57503,432.85065,100
114,241.90787,-27.068392,353.9085,100
115,543.8648,41.39679,669.06213,100
116,106.15177,-198.2223,416.6208,100
117,511.28754,38.970493,628.939,100
118,119.25006,-222.03032,464.16147,100
119,141.13698,-261.35803,546.4439,100
120,589.39075,46.377743,723.5523,100
121,90.665924,-169.25175,355.53824,100
122,95.08251,-178.00891,374.10745,100
123,116.85914,-217.46448,457.52612,100
124,116.319115,-216.64005,457.71164,100
125,104.58902,-195.2483,411.557,100
126,114.33921,-210.66496,449.44778,100
127,111.58527,-140.85616,335.50757,100
128,101.56293,-191.12215,397.00043,100
129,110.53239,-130.56717,327.55563,100
130,116.95636,-217.44847,460.47314,100
131,604.0301,47.748314,741.38416,100
132,121.168495,-226.13217,469.8154,100
133,135.4962,-250.86993,532.8997,100
134,97.198074,-181.82947,381.93964,100
135,114.78059,-213.80614,449.931,100
136,127.963,-237.25174,498.88828,100
137,169.64644,-313.2389,662.23004,100
138,105.54942,-195.19994,414.96634,100
139,610.383,48.64449,748.85016,100
140,561.74805,44.028316,689.84436,100
141,116.84762,-217.45049,459.171,100
142,133.75969,-247.00279,526.09985,100
143,104.933495,-192.13634,410.36075,100
144,589.694,46.302704,724.0225,100
145,530.57166,40.880466,652.92523,100
146,112.272484,-209.14467,440.7127,100
147,93.37321,-176.48746,366.05795,100
148,604.8103,47.839622,742.5766,100
149,134.64902,-249.88936,517.6878,100
150,113.132355,-199.46335,433.07733,100
151,119.16004,-219.59702,468.05423,100
152,353.95547,24.842813,438.2844,100
153,98.991806,-185.18869,388.16254,100
154,96.394806,-179.78778,378.80536,100
155,96.139275,-181.91287,376.78726,100
156,128.40215,-238.37779,505.29633,100
157,97.29462,-183.28386,380.51114,100
158,608.24316,48.274876,746.3937,100
159,108.15754,-201.58264,425.5473,100
160,97.059845,-181.89572,380.43112,100
161,446.38083,32.785294,550.5659,100
162,88.46489,-166.21843,347.3064,100
163,110.503975,-205.94644,433.4067,100
164,106.17384,-195.83899,416.7972,100
165,108.03766,-201.50986,425.22366,100
166,113.997986,-206.10806,443.21768,100
167,142.59938,-264.23773,557.20984,100
168,95.4178,-171.64404,367.70166,100
169,547.3531,42.396103,672.8934,100
170,93.42819,-174.46455,359.02695,100
171,572.5574,44.846504,702.96466,100
172,97.53521,-183.06157,381.98657,100
173,100.738205,-187.21138,396.21396,100
174,170.32564,-314.2073,662.7197,100
175,132.54749,-246.05272,521.5613,100
176,126.08257,-231.8635,480.55374,100
177,573.8062,44.94679,704.6904,100
178,102.71475,-191.97778,402.80118,100
179,133.19649,-247.46335,515.31494,100
180,148.52257,-267.47656,577.3205,100
181,101.26649,-189.66571,396.00812,100
182,139.17575,-256.8358,532.1141,100
183,108.96068,-203.28694,426.92953,100
184,599.9557,47.569492,736.22217,100
185,100.7704,-187.76506,396.7264,100
186,419.90955,25.94668,526.1027,100
187,113.73503,-212.54973,442.64682,100
188,93.00434,-170.0595,361.11624,100
189,81.87451,-131.335,288.99213,100
190,86.25039,-162.97954,338.32846,100
191,106.569374,-138.56789,325.97266,100
192,73.76172,-117.953926,255.39532,100
193,101.10309,-190.30202,392.3615,100
194,99.75703,-186.7797,391.31378,100
195,334.5927,-39.083817,505.17188,100
196,265.6742,-45.8956,409.94473,100
197,98.30403,-178.685,382.02908,100
198,100.87694,-184.44286,393.70847,100
199,115.41678,-214.78094,454.49924,100
200,94.07917,-175.97139,369.39322,100
201,97.40285,-182.64026,381.7931,100
202,112.26689,-208.83876,442.00183,100
203,155.54509,-287.68076,607.0954,100
204,103.113754,-152.78018,349.6329,100
205,116.59032,-209.10016,451.11078,100
206,79.39428,-149.24336,309.48453,100
207,496.0231,37.88353,610.1139,100
208,316.0862,-38.134262,466.1984,100
209,155.563,-226.41907,509.30762,100
210,354.28735,-22.765585,508.00012,100
211,122.43007,-228.01903,475.05646,100
212,94.85189,-179.71104,371.70642,100
213,537.7736,41.640297,660.7548,100
214,484.00317,25.568195,609.39905,100
215,125.53269,-202.26988,452.76523,100
216,600.699,47.40744,737.345,100
217,410.8465,25.281826,512.55896,100
218,86.975365,-154.29619,329.56747,100
219,133.25005,-246.89105,517.9942,100
220,105.715706,-197.31786,415.22488,100
221,96.94593,-180.75797,381.49295,100
222,147.34273,-273.0201,579.56573,100
223,113.3052,-207.11421,443.26016,100
224,119.597374,-223.01115,462.52402,100
225,102.82119,-193.66733,400.68326,100
226,139.45438,-258.23605,548.3238,100
227,139.82652,-259.40686,538.0603,100
228,99.24421,-184.90526,390.5657,100
229,192.6439,-354.45728,746.22034,100
230,95.88384,-178.9404,377.0583,100
231,104.57028,-195.28958,409.70886,100
232,596.29565,47.02452,731.97504,100
233,408.36774,-32.75121,582.29,100
234,95.554245,-178.69577,374.88486,100
235,155.35161,-287.37933,610.8143,100
236,96.9354,-181.3168,381.01147,100
237,126.5135,-234.33492,497.76224,100
238,99.97232,-187.01323,391.6113,100
239,101.60973,-190.23923,397.52863,100
240,130.9823,-242.7113,515.1882,100
241,98.49942,-182.75249,386.74756,100
242,94.84832,-179.14035,371.81747,100
243,124.698494,-232.07936,480.9091,100
244,99.83415,-186.55563,392.98734,100
245,96.23578,-178.57971,377.91418,100
246,125.415634,-233.04115,493.8395,100
247,299.4868,-74.24057,492.24197,100
248,103.74954,-193.19243,408.6602,100
249,152.49113,-282.4281,596.6392,100
250,92.64486,-172.55614,363.28455,100
251,358.5013,-54.547623,543.657,100
252,77.95635,-135.62038,284.76797,100
253,88.54583,-165.62672,346.71378,100
254,142.67926,-264.79745,560.8228,100
255,268.26978,6.1727285,346.503,100
256,214.94914,-39.809753,341.5958,100
257,98.01673,-174.176,375.18066,100
258,152.14987,-282.1099,596.633,100
259,113.33862,-211.1637,443.10904,100
260,121.138565,-225.17258,474.4964,100
261,92.60821,-172.98766,363.70895,100
262,109.36443,-178.65025,396.7565,100
263,149.9193,-271.31094,584.55164,100
264,71.886635,-127.950264,266.45178,100
265,349.8384,9.252933,450.85416,100
266,194.575,-359.55664,761.27014,100
267,173.60695,-320.5056,681.95776,100
268,271.88815,8.892942,349.13303,100
269,590.80975,46.589252,725.2173,100
270,126.615746,-235.42413,497.82962,100
271,252.66772,3.7497852,328.83557,100
272,120.08853,-223.19763,468.52936,100
273,102.804016,-192.03276,403.00922,100
274,162.39238,-94.711395,350.9016,100
275,99.88892,-186.61824,392.94263,100
276,178.79103,-330.61313,699.43835,100
277,97.59968,-182.55734,383.5931,100
278,610.52985,48.631424,749.0507,100
279,123.086426,-228.54675,481.39294,100
280,186.80617,-34.723217,295.90506,100
281,95.84083,-180.51936,375.4154,100
282,131.63211,-244.23799,515.0962,100
283,354.55496,23.445776,440.8836,100
284,126.60379,-235.15504,495.8221,100
285,103.21495,-193.65494,398.6994,100
286,91.706215,-162.22002,349.43835,100
287,141.46025,-261.74866,549.13,100
288,92.51916,-172.53009,362.88712,100
289,108.64215,-106.27888,285.94998,100
290,111.94752,-207.57132,440.52292,100
291,485.70905,24.05243,613.4776,100
292,96.09764,-179.78561,377.0246,100
293,456.94437,34.076523,562.9866,100
294,546.28973,41.44794,672.18646,100
295,260.99753,-2.8160715,351.3347,100
296,119.402084,-222.51361,463.46542,100
297,96.40103,-178.91927,378.3421,100
298,251.5677,-24.904598,363.60684,100
299,584.297,45.9713,717.27185,100
300,571.2551,44.41337,701.74396,100
301,63.192806,-115.900894,241.21432,100
302,144.42102,-216.44724,480.91812,100
303,269.31775,-101.18291,488.2289,100
304,121.31864,-225.35606,477.52045,100
305,487.761,36.938892,600.4688,100
306,333.29346,9.338627,432.73865,100
307,102.80352,-193.8122,400.42416,100
308,104.4315,-194.98009,406.93387,100
309,101.3841,-189.46889,397.4755,100
310,95.21063,-177.6526,374.48758,100
311,561.83527,44.13978,690.0577,100
312,98.1503,-183.68938,385.31992,100
313,120.432846,-223.85504,471.28555,100
314,93.194984,-169.59108,361.35065,100
315,98.2115,-185.00108,384.26245,100
316,96.20021,-181.79286,376.8062,100
317,462.89417,17.794987,590.66693,100
318,130.73438,-160.65472,387.58057,100
319,99.56221,-186.54306,390.29004,100
320,97.57882,-182.67194,382.87146,100
321,98.932686,-184.67342,389.7296,100
322,92.97231,-176.12549,365.30634,100
323,518.2604,37.332478,639.99176,100
324,134.64304,-247.76224,529.49243,100
325,129.10558,-237.97899,507.67072,100
326,143.80011,-266.73727,565.14606,100
327,614.0484,48.80877,753.4745,100
328,97.80726,-163.51419,358.00677,100
329,159.18452,-294.0131,617.28687,100
330,608.7798,48.481915,746.90173,100
331,109.70505,-203.14001,431.4616,100
332,90.12724,-160.59175,344.18042,100
333,86.58872,-148.71834,313.33377,100
334,608.53937,48.437847,746.61755,100
335,218.161,-29.050762,330.2092,100
336,401.74146,-48.38162,593.94244,100
337,94.15674,-176.28343,370.1348,100
338,129.69185,-240.46788,504.97717,100
339,150.87231,-278.92395,585.50476,100
340,116.45535,-216.42609,458.2979,100
341,100.811775,-162.07443,349.32266,100
342,483.2061,36.552914,594.7621,100
343,418.88812,26.666615,521.4729,100
344,438.64267,25.819838,551.8679,100
345,555.58105,44.162716,681.5352,100
346,98.22383,-184.19133,385.0201,100
347,108.31552,-187.27045,408.6295,100
348,107.09917,-123.26861,306.08353,100
349,151.29959,-279.93378,591.145,100
350,149.37701,-276.38666,583.3694,100
351,94.15667,-177.58496,369.5211,100
352,171.60802,-316.52487,665.1342,100
353,105.42333,-196.5416,415.02704,100
354,112.10944,-209.22449,437.78537,100
355,143.9686,-266.88724,565.8401,100
356,415.36478,30.642902,512.34106,100
357,137.86491,-255.2984,537.9132,100
358,122.64006,-227.93304,481.3057,100
359,161.05359,-129.03102,383.7106,100
360,594.31067,46.940636,729.49164,100
361,602.31696,47.685745,739.23035,100
362,100.44792,-188.41632,392.38922,100
363,101.89067,-189.8577,401.09933,100
364,489.6794,37.29953,602.539,100
365,603.30774,47.801754,740.4085,100
366,96.532265,-174.57764,373.96042,100
367,122.0801,-202.49419,448.65646,100
368,142.01218,-262.9439,553.2194,100
369,124.42887,-230.90564,485.8678,100
370,129.20563,-240.00911,501.1599,100
371,594.09436,46.863644,729.23987,100
372,134.80486,-249.95572,528.2416,100
373,605.2632,47.904827,742.88586,100
374,98.350555,-184.5337,385.31403,100
375,105.042984,-194.99236,413.4981,100
376,407.0877,-35.42254,584.01685,100
377,143.35202,-265.48483,559.86475,100
378,580.11884,45.465786,712.50146,100
379,116.97067,-217.61232,458.61472,100
380,129.78688,-240.95592,509.1444,100
381,130.20013,-241.72707,510.34607,100
382,92.48056,-175.62422,361.28268,100
383,465.92905,15.820862,597.2301,100
384,592.5127,46.554012,727.491,100
385,121.29993,-225.81476,470.9607,100
386,308.99,19.107197,385.5279,100
387,123.88322,-228.86784,487.38275,100
388,272.33725,-48.869236,422.43994,100
389,134.98909,-251.1749,522.2065,100
390,190.47275,-351.27762,748.3195,100
391,270.68585,0.3678068,360.53513,100
392,104.550125,-195.33063,410.7512,100
393,117.84841,-219.49976,458.43594,100
394,99.03755,-136.90823,319.81863,100
395,183.33286,-338.66507,720.23956,100
396,127.05753,-236.16447,499.8655,100
397,95.56174,-180.11902,375.1174,100
398,605.9376,48.16939,743.4758,100
399,105.683876,-193.65831,413.5566,100
400,560.82556,43.742344,689.10016,100
401,125.80781,-233.57571,492.34348,100
402,463.0252,23.381838,584.196,100
403,580.21436,45.7108,712.1611,100
404,439.8359,31.227459,543.6469,100
405,89.7558,-168.71791,351.88007,100
406,166.1977,-307.29553,649.23615,100
407,119.250656,-221.78226,466.2684,100
408,411.58267,23.34813,519.0915,100
409,493.71057,28.198614,618.9757,100
410,606.3978,48.096497,744.24835,100
411,517.0062,37.29027,638.4008,100
412,127.84879,-237.35838,497.01428,100
413,124.72973,-231.57828,486.98654,100
414,95.873116,-181.28542,372.29575,100
415,106.12625,-195.95616,416.9946,100
416,168.30229,-310.71164,654.9288,100
417,117.041916,-211.21526,454.74945,100
418,110.042656,-205.21693,432.13016,100
419,94.68801,-174.58855,370.34375,100
420,423.98557,29.146835,526.54175,100
421,114.33213,-212.82808,450.2834,100
422,516.1844,37.077465,637.57574,100
423,97.59275,-182.07555,384.4789,100
424,120.49335,-223.99525,469.82162,100
425,115.698906,-215.89536,446.80792,100
426,141.79373,-263.25592,547.5896,100
427,168.88539,-312.27402,660.3113,100
428,140.44714,-260.53635,550.78815,100
429,101.56687,-181.43246,391.04263,100
430,220.31967,-407.5479,864.61053,100
431,131.94547,-114.786095,327.14468,100
432,137.99164,-255.55243,539.05145,100
433,329.66522,-54.395336,520.1754,100
434,120.11788,-223.36218,472.37027,100
435,561.44775,43.727654,689.7869,100
436,584.45715,45.750813,717.67676,100
437,95.614136,-179.46423,375.07965,100
438,504.31015,28.964182,632.1685,100
439,184.11522,-136.75194,424.82526,100
440,468.32993,26.152658,587.779,100
441,561.2725,43.12401,690.02954,100
442,91.959274,-173.8156,360.9705,100
443,131.01286,-242.88579,509.46582,100
444,106.101875,-197.56921,417.59393,100
445,226.68312,-84.11776,423.65048,100
446,111.45565,-207.56685,438.87918,100
447,117.85525,-219.21008,460.7002,100
448,105.83754,-198.48201,411.91464,100
449,91.908295,-169.5405,358.75842,100
450,122.792816,-227.65787,483.4212,100
451,87.05689,-161.77852,340.3609,100
452,101.881134,-184.97693,395.07303,100
453,604.8505,47.922554,742.28937,100
454,95.27602,-174.97618,372.21088,100
455,130.44281,-241.78535,507.552,100
456,93.71428,-175.99298,366.35437,100
457,89.15717,-163.60938,345.71634,100
458,117.16062,-217.24858,460.91748,100
459,597.2069,47.275925,732.97943,100
460,111.90322,-169.799,386.29834,100
461,531.2305,39.881695,654.1645,100
462,131.20503,-241.4065,515.8561,100
463,127.29585,-236.64119,500.42953,100
464,77.398384,-131.73569,283.22147,100
465,113.00243,-210.49484,442.68033,100
466,128.64006,-238.20546,506.2894,100
467,95.57702,-179.11989,374.9971,100
468,105.220184,-197.5846,409.99918,100
469,87.866,-166.40712,342.52576,100
470,371.95053,-7.5732427,510.224,100
471,102.253426,-192.40938,396.68546,100
472,518.4653,37.368744,640.2441,100
473,89.51426,-168.30783,351.42847,100
474,95.803566,-177.86371,375.85724,100
475,107.231094,-190.65433,412.39478,100
476,121.40702,-225.71529,477.99783,100
477,600.2803,47.548492,736.8275,100
478,103.27278,-193.86824,403.24014,100
479,123.15067,-228.90125,483.96634,100
480,550.51385,42.556065,676.5443,100
481,491.6494,36.46047,605.926,100
482,119.198105,-217.97488,466.9083,100
483,558.69086,43.151096,686.71173,100
484,96.554344,-180.77466,379.0551,100
485,127.022446,-231.75833,497.1525,100
486,446.4548,15.088913,572.1203,100
487,156.88739,-96.3864,334.58032,100
488,114.48594,-213.00706,448.16232,100
489,587.4609,46.397396,721.0644,100
490,119.91598,-223.03645,469.87866,100
491,96.80112,-172.58086,370.98074,100
492,86.04742,-161.59488,337.27637,100
493,97.91634,-182.07,385.11182,100
494,104.600334,-195.51631,412.7313,100
495,586.293,45.938705,719.9093,100
496,142.39594,-263.74142,556.4154,100
497,340.74533,18.120317,430.3397,100
0,533.7589,90.171875,625.0986,150
1,396.32324,-395.83075,1146.745,150
2,539.01056,91.57062,630.77856,150
3,183.86043,-279.08017,664.68994,150
4,159.60068,-231.5668,562.84875,150
5,186.917,-268.81332,657.0787,150
6,511.72208,85.71222,600.01794,150
7,125.89677,-125.375435,356.17792,150
8,183.9639,-240.3124,610.67957,150
9,117.21956,-187.3088,432.60382,150
10,122.16492,-127.93881,354.31097,150
11,488.3705,80.694954,574.22736,150
12,112.000786,-184.01169,418.30005,150
13,158.54971,-217.40158,539.27386,150
14,144.0861,-204.95795,498.8364,150
15,379.38898,46.276367,469.62445,150
16,410.21503,64.28807,485.60843,150
17,126.503654,-188.82065,447.63068,150
18,119.660484,-191.47224,442.32587,150
19,154.93326,-130.36551,388.096,150
20,301.40244,30.707632,378.82922,150
21,518.59204,87.256454,608.036,150
22,152.85417,-143.87782,422.21817,150
23,154.49535,-236.11603,560.7506,150
24,109.949036,-183.76282,403.0647,150
25,504.8559,84.73565,591.9719,150
26,145.87794,-205.82068,502.57974,150
27,319.99866,-85.86126,578.39905,150
28,356.47873,43.8303,439.7701,150
29,408.05463,61.80112,485.34857,150
30,202.33789,-274.2928,688.4081,150
31,114.25914,-180.52693,416.24512,150
32,177.0375,-297.32675,667.87823,150
33,187.16217,-245.07878,622.69586,150
34,154.89424,-231.41264,555.39795,150
35,165.25206,-251.7963,598.62036,150
36,259.79364,-400.16098,945.9993,150
37,265.1517,-24.388174,398.29193,150
38,155.5485,-229.01755,553.12524,150
39,446.00452,67.401146,530.6597,150
40,121.294426,-206.68213,455.73676,150
41,170.16081,-230.43452,575.92346,150
42,197.63826,-299.4731,713.69006,150
43,187.85646,-273.69266,664.9446,150
44,540.4007,91.94154,632.27423,150
45,213.87498,-283.33096,718.5208,150
46,528.98706,89.207275,620.6292,150
47,116.89557,-180.42313,419.94705,150
48,184.1333,-250.18126,626.1327,150
49,221.7115,-144.22261,524.4069,150
50,328.17966,-360.90787,998.60474,150
51,477.25058,76.785545,562.7295,150
52,139.48302,-201.25722,486.1951,150
53,127.27257,-205.88387,474.79352,150
54,543.38464,92.56354,635.69086,150
55,124.141174,-194.62912,454.69424,150
56,431.03168,63.865963,514.29224,150
57,146.24597,-114.58816,358.85336,150
58,208.20033,-317.95718,754.86835,150
59,389.76907,18.435596,527.4802,150
60,443.6762,81.8358,518.75433,150
61,470.09518,76.854454,553.1104,150
62,475.65997,77.67142,559.71954,150
63,325.80542,-410.70087,1069.062,150
64,165.96939,-279.6299,625.393,150
65,229.77702,-51.69546,381.81924,150
66,172.10138,-230.52582,579.14343,150
67,545.89,92.979904,638.5899,150
68,172.21735,-113.3524,404.8755,150
69,197.26479,-303.90207,718.5561,150
70,329.73898,-320.1821,939.56866,150
71,147.01382,-206.19601,504.7803,150
72,413.9535,47.957428,519.53156,150
73,272.8405,-243.25471,743.95374,150
74,422.52225,52.250484,524.1719,150
75,223.21252,-310.23404,770.91095,150
76,188.43828,-232.31708,603.6512,150
77,171.31067,-118.09948,408.95822,150
78,514.45526,85.99726,603.38416,150
79,111.76054,-180.65082,412.32324,150
80,131.62341,-200.78423,475.4938,150
81,192.92128,-320.89923,727.63885,150
82,262.74786,-327.11026,854.42914,150
83,111.412704,-185.35533,417.19498,150
84,117.134674,-192.92413,439.89243,150
85,444.46436,70.285484,525.4613,150
86,114.80692,-187.80928,428.62375,150
87,164.03494,-244.8776,588.06586,150
88,281.93866,-324.06223,877.34937,150
89,201.85167,-268.19257,678.6892,150
90,388.9652,46.78055,482.85733,150
91,174.96027,-232.99918,586.79004,150
92,136.88463,-212.94704,500.87222,150
93,230.43129,-300.9729,768.60297,150
94,256.86707,-302.4324,809.5679,150
95,125.83606,-194.4642,457.01147,150
96,231.71545,-355.718,842.5502,150
97,304.75543,-350.33636,950.0775,150
98,278.20834,-315.71814,859.3039,150
99,438.52942,57.802208,539.6959,150
100,140.80276,-132.90039,373.1489,150
101,381.18845,58.501106,452.7162,150
102,194.97351,-327.68958,729.2693,150
103,158.73341,-145.2764,433.7366,150
104,400.27954,26.381191,531.83075,150
105,338.7978,8.425001,467.768,150
106,213.26952,-255.30531,674.6572,150
107,120.766365,-186.45076,436.2247,150
108,132.35544,-224.66884,501.70108,150
109,492.25333,81.78859,578.5496,150
110,187.26508,-275.08612,665.88586,150
111,361.82016,-377.70087,1070.9187,150
112,111.2333,-185.86261,416.9367,150
113,111.91907,-189.80869,421.1035,150
114,118.896805,-184.38469,430.44708,150
115,346.62973,41.55134,426.23947,150
116,135.16655,-211.49628,495.9661,150
117,341.45712,25.379051,444.86398,150
118,147.4153,-241.19537,553.64655,150
119,151.7245,-239.02045,558.62213,150
120,453.6038,71.24245,536.80414,150
121,183.7231,-233.32825,598.4211,150
122,135.65031,-197.72478,475.10358,150
123,153.09933,-237.05574,559.2043,150
124,191.87314,-251.48051,639.0849,150
125,145.04341,-215.74207,517.97375,150
126,221.66527,-276.56592,719.51434,150
127,126.28891,-196.75148,461.4037,150
128,158.02193,-229.71313,557.67236,150
129,169.54341,-221.63602,560.47656,150
130,158.1869,-233.36595,563.34674,150
131,519.4455,86.93121,609.14246,150
132,127.406654,-216.83707,482.06305,150
133,184.59264,-264.84628,648.0518,150
134,149.25815,-212.12636,517.7006,150
135,160.1365,-226.2254,555.27454,150
136,142.51544,-225.57693,526.2085,150
137,266.4831,-368.3048,917.60474,150
138,226.98335,-270.61447,717.5466,150
139,543.40436,92.58966,635.7133,150
140,438.246,70.3947,517.2868,150
141,213.53192,-275.09015,705.9679,150
142,252.89165,-321.67053,832.0115,150
143,152.22707,-226.79375,544.83704,150
144,511.87234,85.23996,600.63855,150
145,406.82736,52.060547,501.52692,150
146,176.8311,-251.81209,617.884,150
147,131.40201,-198.49152,471.4594,150
148,502.00537,83.62397,589.5542,150
149,139.61246,-223.2273,518.0978,150
150,349.1313,-356.1746,1019.85046,150
151,252.01306,-307.7095,810.303,150
152,179.96619,-130.97234,443.84692,150
153,209.36008,-253.58156,666.7851,150
154,153.52097,-216.9826,531.6819,150
155,117.45198,-187.65619,433.54495,150
156,177.05342,-263.26627,633.60046,150
157,129.68602,-200.50815,472.26328,150
158,534.6056,90.55965,625.8865,150
159,180.69333,-254.47627,627.5772,150
160,139.75519,-206.61816,496.2596,150
161,281.77634,-28.196321,432.945,150
162,130.81978,-195.119,464.57703,150
163,162.65765,-238.43336,577.2733,150
164,224.42624,-275.17804,721.71985,150
165,214.09802,-254.87798,674.9893,150
166,302.8077,-329.64304,914.9428,150
167,138.95708,-230.75774,525.9982,150
168,189.65352,-222.81827,591.45294,150
169,440.35483,68.93754,523.5309,150
170,110.71573,-182.31831,413.1976,150
171,454.34167,73.73764,535.15173,150
172,124.641136,-196.71126,458.77185,150
173,214.8735,-282.8125,719.3857,150
174,271.67523,-403.5578,970.9285,150
175,202.86552,-287.1667,707.2875,150
176,143.44302,-243.1289,541.8067,150
177,501.94772,84.004684,588.74176,150
178,140.18773,-208.78227,500.47238,150
179,159.86882,-263.6364,602.4582,150
180,421.23813,-440.0599,1249.6707,150
181,152.64926,-206.39383,512.78107,150
182,180.21846,-302.28152,678.46466,150
183,131.35777,-217.32101,496.11093,150
184,521.20844,87.88474,610.9054,150
185,173.22246,-230.14746,579.5892,150
186,281.02332,-81.87209,515.58606,150
187,156.52968,-225.74599,549.74756,150
188,131.55363,-196.37729,467.30396,150
189,134.42838,-198.75323,475.51236,150
190,176.70981,-238.12561,597.3888,150
191,111.6102,-182.85477,416.08032,150
192,131.21156,-194.3184,463.17172,150
193,114.88886,-174.40634,407.4642,150
194,151.15846,-210.87743,518.3172,150
195,303.83212,-143.71516,642.53,150
196,109.38214,-184.28377,407.21948,150
197,206.08907,-252.08261,659.07996,150
198,215.8599,-256.32355,679.27435,150
199,143.64983,-216.38876,516.799,150
200,120.11177,-201.6885,455.26154,150
201,143.37,-205.89027,499.4713,150
202,189.46265,-279.53238,675.4575,150
203,199.49872,-311.2772,731.46594,150
204,176.25514,-195.41147,532.18176,150
205,309.8031,-319.98416,909.22363,150
206,157.28671,-200.33302,511.2589,150
207,132.41185,-142.77971,390.71252,150
208,155.58577,-170.42949,448.48404,150
209,155.23514,-230.26797,554.3197,150
210,186.18756,-117.35142,431.2881,150
211,120.804855,-200.77676,456.31473,150
212,140.80865,-209.11035,501.92767,150
213,349.9266,23.333942,461.09717,150
214,299.8249,14.675441,392.24536,150
215,253.55966,-271.01764,755.2961,150
216,531.8404,89.52855,623.14154,150
217,96.788086,-161.16689,356.8305,150
218,170.02892,-171.23921,487.40137,150
219,133.10205,-220.16273,502.5411,150
220,146.17635,-214.85265,518.25946,150
221,170.07103,-230.99765,576.69055,150
222,229.28098,-344.7758,825.05725,150
223,262.03397,-302.63892,816.3434,150
224,145.2276,-243.24553,550.10004,150
225,114.86294,-187.39244,428.2779,150
226,249.53146,-324.8463,831.7976,150
227,139.79073,-227.25645,523.3859,150
228,147.62903,-218.75232,526.3606,150
229,377.56537,-575.2569,1366.2195,150
230,124.98979,-194.60933,456.03586,150
231,154.17252,-226.02016,546.704,150
232,491.53476,80.55798,578.0411,150
233,131.01218,-200.786,457.26288,150
234,145.85158,-208.2218,506.47,150
235,249.31073,-340.13782,853.0261,150
236,129.35225,-204.31729,476.88663,150
237,206.40266,-273.88135,693.70575,150
238,150.21213,-218.05899,528.979,150
239,117.05624,-184.70866,428.5248,150
240,240.77788,-315.80008,805.6941,150
241,186.51039,-242.81305,618.19586,150
242,131.92781,-200.94107,476.4406,150
243,168.7925,-273.97705,631.64453,150
244,179.19131,-244.35822,610.16766,150
245,217.96698,-286.41843,729.0535,150
246,167.32936,-259.05164,611.1861,150
247,155.9941,-153.85593,425.83728,150
248,208.70737,-285.66916,714.34973,150
249,200.43747,-299.277,718.7685,150
250,121.69536,-190.91231,445.2879,150
251,127.33374,-175.27293,416.40405,150
252,126.091324,-190.66096,450.60773,150
253,110.86193,-183.0792,413.204,150
254,236.49088,-333.79535,823.43964,150
255,130.26823,-146.82011,390.73712,150
256,140.2666,-145.22156,405.50372,150
257,191.28308,-217.50092,585.8721,150
258,192.40683,-287.81732,690.6775,150
259,154.62074,-249.76465,577.103,150
260,168.05092,-246.85011,597.2192,150
261,123.94913,-189.79001,446.37094,150
262,243.95216,-210.07594,653.57477,150
263,369.49313,-408.40662,1129.5818,150
264,120.341805,-185.25407,433.59335,150
265,118.15152,-180.3293,421.68237,150
266,322.12396,-459.83582,1127.363,150
267,389.53015,-484.42578,1269.9924,150
268,163.22226,-190.52788,505.3813,150
269,522.19727,87.67147,612.09326,150
270,177.52934,-249.07329,614.9929,150
271,163.62076,-73.37239,326.00568,150
272,143.87593,-235.40656,540.434,150
273,183.55437,-243.17722,614.9519,150
274,133.39792,-120.97972,358.53812,150
275,134.59467,-207.00714,489.18826,150
276,250.65599,-383.2671,909.3015,150
277,145.30797,-201.20546,493.97864,150
278,543.20026,92.49855,635.53613,150
279,169.37325,-233.27414,579.3833,150
280,116.67299,-183.57559,425.55682,150
281,123.940506,-194.72023,454.39096,150
282,169.19499,-254.45348,609.11523,150
283,160.06717,-101.43701,364.50687,150
284,207.4353,-320.74774,757.209,150
285,115.17316,-196.03362,432.90375,150
286,225.27733,-248.911,682.78674,150
287,160.08815,-247.0374,583.53766,150
288,204.05983,-246.48727,647.69916,150
289,115.52293,-189.59113,432.29648,150
290,220.2723,-277.91928,719.4497,150
291,426.55478,66.88193,504.89297,150
292,197.23553,-248.02667,641.02405,150
293,276.81094,-53.071896,465.4672,150
294,339.55222,36.969204,420.2457,150
295,115.174644,-158.92209,386.60504,150
296,165.7345,-279.1838,624.87085,150
297,170.22704,-222.8303,563.3994,150
298,109.32375,-174.39133,395.28043,150
299,466.9126,77.02788,548.89844,150
300,512.9502,85.50987,601.8379,150
301,163.91997,-193.1535,510.84833,150
302,148.76183,-236.05753,532.09,150
303,120.853096,-193.72005,433.56952,150
304,234.84094,-299.44556,772.783,150
305,367.17194,52.219814,440.77753,150
306,117.523895,-129.61363,344.1156,150
307,112.734505,-180.85382,414.5442,150
308,200.92825,-281.8434,697.0342,150
309,132.34013,-199.75606,475.00058,150
310,143.72458,-206.79103,501.2988,150
311,402.25974,37.61357,518.17615,150
312,159.93822,-230.98265,562.3624,150
313,147.5121,-230.75269,541.67914,150
314,188.45825,-219.65044,584.6226,150
315,127.01566,-191.82396,453.84662,150
316,132.03348,-193.80075,463.8147,150
317,392.0266,54.387844,471.8501,150
318,129.5347,-216.2766,478.6091,150
319,157.04147,-224.74538,548.6539,150
320,119.216896,-193.70972,444.98083,150
321,162.5077,-230.26094,564.9505,150
322,132.26044,-195.32617,466.65887,150
323,397.12622,52.69282,480.56464,150
324,339.94534,-392.87662,1064.1919,150
325,262.10577,-298.12183,809.1385,150
326,236.76976,-302.62256,780.4637,150
327,547.32117,93.22845,640.26654,150
328,160.90962,-199.16313,514.3517,150
329,178.69168,-267.5661,641.91656,150
330,542.59033,92.40515,634.7839,150
331,195.28575,-270.31424,672.27094,150
332,179.15028,-227.97174,584.0778,150
333,135.614,-202.86288,484.61737,150
334,543.60077,92.535904,635.9674,150
335,158.01752,-127.131035,403.23364,150
336,403.69888,59.66831,481.87738,150
337,139.29019,-198.87515,482.12558,150
338,174.36708,-284.13208,653.50055,150
339,171.2089,-280.61282,643.5349,150
340,220.82156,-291.00186,740.0342,150
341,114.884605,-182.35333,419.15884,150
342,287.01743,-6.2084637,401.20346,150
343,201.23741,-53.81348,344.17758,150
344,310.588,-56.135635,520.3863,150
345,387.049,52.788383,471.02426,150
346,113.0274,-187.17467,424.3953,150
347,219.6694,-221.33612,633.941,150
348,109.62084,-185.25992,409.66608,150
349,292.80942,-401.4054,1004.1512,150
350,185.58337,-278.51614,667.115,150
351,124.01605,-190.34256,447.31415,150
352,196.59343,-318.3069,734.4486,150
353,147.94946,-222.46072,532.1583,150
354,135.59543,-209.42113,494.15448,150
355,198.71127,-279.2131,689.99506,150
356,120.11389,-183.9883,430.52,150
357,153.63535,-238.50368,561.9502,150
358,187.31203,-257.60245,641.9233,150
359,112.84086,-191.93726,422.9341,150
360,433.6155,65.78651,519.4607,150
361,507.13474,84.58636,596.0372,150
362,141.08586,-207.78581,499.92355,150
363,166.84714,-239.02284,584.5029,150
364,327.9852,-13.360079,482.99655,150
365,481.64337,74.165405,576.34924,150
366,269.8581,-289.48148,806.7576,150
367,442.93842,-439.00156,1278.4835,150
368,169.16867,-273.72073,632.05347,150
369,205.9795,-284.37198,708.41943,150
370,206.45227,-307.77454,739.4325,150
371,512.53827,86.02237,601.06946,150
372,254.35257,-330.71216,847.5225,150
373,526.23114,88.4157,616.7552,150
374,124.66823,-205.88042,469.77423,150
375,145.05768,-216.60553,519.3265,150
376,147.44046,-206.106,487.65,150
377,216.55434,-317.19913,768.51276,150
378,458.57892,66.34044,555.2989,150
379,147.4632,-240.35646,552.6665,150
380,256.19894,-333.55228,854.34894,150
381,187.55528,-264.4745,652.2767,150
382,116.40985,-181.29135,420.5065,150
383,370.0307,29.39615,472.54785,150
384,468.124,75.03532,554.15497,150
385,171.6004,-289.08517,651.1835,150
386,135.24376,-180.23509,448.89325,150
387,270.81628,-321.3391,857.45654,150
388,138.65227,-108.297325,345.22025,150
389,162.0181,-267.46393,611.2544,150
390,303.30066,-421.87775,1047.9364,150
391,140.00838,-152.6981,417.09396,150
392,148.34918,-223.41997,534.01746,150
393,151.75607,-237.99905,557.76086,150
394,208.03136,-248.60262,656.6775,150
395,274.92465,-373.51157,938.62244,150
396,243.24568,-310.70917,801.8181,150
397,127.077034,-193.09016,456.03964,150
398,541.48834,92.13391,633.5373,150
399,198.11343,-239.58212,628.53516,150
400,436.28598,57.861904,536.1477,150
401,186.86507,-283.62378,675.557,150
402,348.91812,26.813261,445.01913,150
403,405.7877,55.505817,489.31693,150
404,183.62125,-69.65318,354.24847,150
405,152.36993,-197.91971,499.81705,150
406,228.77248,-346.85007,826.63104,150
407,222.75862,-334.40015,800.57166,150
408,179.00381,-110.76601,409.40833,150
409,258.9966,-88.76633,474.27667,150
410,527.1445,88.917854,618.29895,150
411,402.81384,61.02626,479.12103,150
412,150.78651,-241.52148,560.3569,150
413,157.24132,-247.90637,579.69275,150
414,113.42903,-164.36218,389.25885,150
415,247.3212,-285.58856,768.7335,150
416,228.91974,-362.84952,845.7573,150
417,276.2536,-325.1894,871.44916,150
418,179.59879,-246.04262,613.38666,150
419,171.18442,-228.34012,573.5263,150
420,364.57895,49.7819,442.8666,150
421,194.13756,-268.81323,668.36755,150
422,210.09796,-83.38979,412.86374,150
423,172.91545,-228.65442,576.3219,150
424,155.9651,-254.35063,584.7631,150
425,134.49893,-225.5388,510.38083,150
426,151.20073,-253.87035,573.4629,150
427,235.43584,-348.95773,840.4697,150
428,286.3184,-381.92044,968.2046,150
429,271.16473,-283.9944,800.68207,150
430,353.3191,-483.46667,1210.6859,150
431,127.05014,-194.05165,457.91916,150
432,198.95717,-295.6269,711.13153,150
433,255.94077,-148.68118,581.179,150
434,252.61476,-325.5902,837.46967,150
435,417.2125,59.41803,504.9663,150
436,405.91232,39.086956,509.6186,150
437,146.47165,-211.66304,513.17017,150
438,370.13928,-17.81719,534.27637,150
439,132.52217,-191.60107,460.46692,150
440,228.86276,-49.475525,377.59094,150
441,426.5769,66.610054,505.1677,150
442,180.74629,-219.43376,573.55054,150
443,182.86018,-282.30383,666.6759,150
444,240.67352,-289.76486,767.1358,150
445,255.02347,-127.28292,548.1062,150
446,219.86134,-286.35318,731.59515,150
447,144.68066,-216.77905,519.0328,150
448,126.84861,-210.21527,478.90997,150
449,156.61093,-214.79791,531.66956,150
450,234.53229,-288.98434,756.757,150
451,163.61528,-206.37727,528.95953,150
452,133.6566,-195.38705,468.78018,150
453,522.71796,88.08541,612.464,150
454,216.6336,-269.2381,701.66156,150
455,183.16585,-283.54663,668.8208,150
456,128.24965,-189.04526,451.08923,150
457,172.56297,-215.63234,555.525,150
458,294.94644,-339.818,920.27466,150
459,528.4293,89.28135,619.2,150
460,199.57663,-231.84915,619.0061,150
461,446.14734,71.517876,526.44885,150
462,269.99008,-339.49622,883.20154,150
463,248.29639,-335.63382,845.1159,150
464,121.914925,-170.16965,412.7424,150
465,166.45479,-253.59402,603.0871,150
466,239.97708,-307.20258,791.70245,150
467,155.75471,-219.69553,538.6181,150
468,114.50883,-192.85037,432.67395,150
469,131.1387,-189.03925,454.84506,150
470,297.5203,-104.15647,573.411,150
471,111.07176,-184.4978,415.76825,150
472,389.20038,14.249782,518.2853,150
473,165.44917,-221.99323,555.7152,150
474,168.79488,-228.8844,571.35504,150
475,310.95578,-328.66434,924.64124,150
476,207.36813,-278.6241,702.15265,150
477,519.47723,86.63549,611.05273,150
478,114.16834,-185.57278,424.55338,150
479,257.47617,-322.2425,839.7153,150
480,407.4597,61.083115,487.66296,150
481,221.02509,-48.1608,363.4266,150
482,225.87206,-267.27356,710.4353,150
483,433.22092,68.88804,511.7688,150
484,126.10952,-193.46996,455.39728,150
485,325.8665,-360.9947,995.6595,150
486,191.14783,-140.20372,453.86002,150
487,111.9582,-179.88214,412.1432,150
488,208.26402,-265.44946,684.038,150
489,493.28735,81.59037,579.46484,150
490,153.69135,-233.65607,556.3917,150
491,196.53705,-244.60005,634.0882,150
492,156.67528,-214.06435,530.95197,150
493,147.44188,-212.70177,515.9474,150
494,153.48415,-236.14243,559.2959,150
495,480.2701,78.00978,565.539,150
496,204.64032,-289.87302,713.8295,150
497,170.96822,-125.40237,421.93497,150
0,510.93042,83.94007,609.14056,200
1,221.60272,-240.97191,674.93787,200
2,511.56528,83.96699,610.0748,200
3,88.47957,-218.40837,437.7049,200
4,85.45493,-181.96648,381.25235,200
5,86.13396,-200.45332,411.81653,200
6,501.71356,82.244705,598.2579,200
7,395.19244,33.80558,503.42627,200
8,82.598885,-171.93346,357.69705,200
9,74.93304,-199.4964,375.04037,200
10,414.03333,48.700096,515.9309,200
11,506.00018,83.175156,603.0562,200
12,386.38266,4.0500016,529.46686,200
13,97.186935,-156.99342,357.49893,200
14,80.542755,-187.547,380.3246,200
15,463.99127,70.835106,559.0046,200
16,491.6373,79.27609,587.4248,200
17,261.31036,-71.27285,449.1238,200
18,77.72026,-198.75903,379.2767,200
19,215.50722,-99.650826,417.5502,200
20,423.21368,64.4646,509.45044,200
21,506.80234,83.17858,604.19403,200
22,371.60593,12.404906,502.25388,200
23,96.99331,-192.95953,424.09894,200
24,273.25388,-124.469826,537.27545,200
25,502.85797,81.68169,600.7689,200
26,119.081436,-157.29787,380.83676,200
27,307.62796,-93.947754,563.05457,200
28,490.95087,77.94009,588.3792,200
29,435.99872,58.155563,534.1779,200
30,82.812775,-204.02011,410.00717,200
31,243.06839,-85.60974,439.47488,200
32,100.930786,-253.28844,495.3394,200
33,120.3948,-171.52222,418.7546,200
34,89.45848,-193.83687,409.767,200
35,83.93289,-196.25174,400.6285,200
36,129.47453,-273.84122,580.16895,200
37,384.4725,16.405804,519.91125,200
38,79.329666,-197.09514,392.5335,200
39,501.79538,82.33092,598.3387,200
40,265.0474,-138.02368,544.9,200
41,86.46088,-195.21248,404.1267,200
42,83.19523,-205.41568,412.23944,200
43,91.323006,-197.17995,416.70984,200
44,506.9379,83.077736,604.6684,200
45,96.42094,-194.06575,421.31012,200
46,506.1225,81.37013,606.0834,200
47,293.29562,-49.70053,462.65305,200
48,117.07372,-199.6856,462.52902,200
49,157.36464,-151.90633,437.53558,200
50,152.02275,-210.30447,526.7981,200
51,487.52023,78.21821,582.52246,200
52,331.74286,-57.732536,530.9514,200
53,161.04938,-168.0749,441.14255,200
54,508.94952,83.42087,607.08563,200
55,148.7869,-129.0614,373.90692,200
56,500.99976,81.59908,597.9011,200
57,399.06064,50.48004,491.56314,200
58,90.141716,-210.872,433.1939,200
59,459.914,61.35056,567.6844,200
60,499.5898,80.03138,598.4122,200
61,497.41904,81.520195,593.0723,200
62,492.63657,80.214714,587.8506,200
63,204.45389,-272.7515,712.2495,200
64,142.97832,-233.42688,512.7615,200
65,481.0251,77.22638,574.9181,200
66,88.75121,-196.52568,410.37192,200
67,510.42407,83.705,608.8361,200
68,430.7048,49.008327,542.409,200
69,121.73976,-211.39561,491.09717,200
70,199.33926,-194.9487,568.94257,200
71,171.0987,-120.74254,407.8746,200
72,475.87164,70.88973,577.6074,200
73,194.7335,-139.40314,467.91577,200
74,484.36502,72.1926,586.9847,200
75,113.86356,-200.45062,462.00793,200
76,109.58512,-163.69882,386.42368,200
77,338.3574,-28.535389,512.4369,200
78,508.3387,82.97061,606.75024,200
79,373.93503,30.044966,478.70078,200
80,73.51355,-188.82364,361.77048,200
81,115.34461,-260.12463,535.39734,200
82,105.37824,-199.2125,446.4462,200
83,353.68768,1.7105284,484.39,200
84,254.00082,-82.360344,450.56522,200
85,495.72858,80.91862,591.3829,200
86,277.5414,-53.802658,445.34732,200
87,86.063416,-198.90068,409.58597,200
88,155.85658,-196.32698,510.13864,200
89,85.77105,-193.81746,402.7441,200
90,486.95078,75.70278,585.5657,200
91,81.747574,-182.71797,377.96246,200
92,80.971085,-176.38531,350.66635,200
93,135.23044,-214.28342,507.74872,200
94,212.63089,-252.38513,682.50287,200
95,149.75275,-122.636284,369.6053,200
96,95.510864,-193.41803,421.43942,200
97,133.18353,-205.62949,497.61908,200
98,129.21051,-167.57205,424.5135,200
99,506.5224,80.452835,607.5272,200
100,346.22803,-21.430147,512.8483,200
101,468.23157,74.1991,561.1174,200
102,139.9312,-271.74902,565.8998,200
103,361.16687,-0.017242894,505.2652,200
104,417.01895,48.719055,523.81976,200
105,418.8104,34.901337,546.50977,200
106,93.49961,-178.33113,390.6743,200
107,165.64359,-162.47362,463.13892,200
108,258.95703,-148.97443,551.4157,200
109,498.66324,81.01297,595.5331,200
110,111.11733,-202.98831,461.94946,200
111,170.23701,-227.19414,582.889,200
112,140.83844,-180.9341,432.20392,200
113,322.18216,-46.042767,499.8203,200
114,322.1671,-57.367645,516.5163,200
115,493.0996,79.20321,589.40106,200
116,84.01537,-214.45328,408.35422,200
117,487.15463,78.62708,582.046,200
118,111.548546,-226.70934,456.94272,200
119,94.139656,-228.38199,454.8919,200
120,481.94324,78.12798,575.2628,200
121,140.86125,-172.41454,445.34787,200
122,103.37568,-172.43765,386.16302,200
123,79.04013,-208.65878,402.48502,200
124,99.178215,-173.6286,375.97336,200
125,90.25637,-194.09604,411.55573,200
126,106.651,-195.24428,438.17822,200
127,263.39807,-66.309006,443.9916,200
128,90.64255,-186.23962,396.0436,200
129,141.96855,-142.73898,393.45636,200
130,102.309944,-193.878,433.07407,200
131,519.7972,85.349144,619.8292,200
132,130.30547,-234.7275,496.1199,200
133,90.0901,-212.22081,433.3449,200
134,121.097115,-162.9963,397.67587,200
135,105.68334,-178.72641,408.83862,200
136,89.77031,-216.429,418.6009,200
137,164.89862,-241.13248,603.1268,200
138,115.88958,-188.45486,440.0779,200
139,507.3421,83.116356,605.1998,200
140,490.99658,78.64663,586.8733,200
141,101.34119,-190.39265,422.89093,200
142,150.32996,-224.25282,554.06226,200
143,93.28012,-183.76784,397.0057,200
144,510.9216,83.85644,609.1436,200
145,493.22894,77.29572,592.92175,200
146,119.10338,-142.98927,363.99252,200
147,142.03755,-114.28095,352.69092,200
148,496.60742,79.14243,595.15515,200
149,85.7585,-220.662,425.37405,200
150,220.1252,-216.57346,630.1379,200
151,146.70456,-185.16693,481.005,200
152,255.11365,-94.68226,478.77017,200
153,100.45624,-180.24588,401.61218,200
154,75.21522,-177.62518,357.08725,200
155,148.98637,-147.30087,396.07587,200
156,94.995995,-191.04971,414.4475,200
157,137.97054,-129.67601,361.74435,200
158,507.81674,83.28601,605.64136,200
159,81.66679,-205.97308,408.5008,200
160,76.33882,-190.95381,376.2937,200
161,471.26,73.78278,565.5228,200
162,182.80367,-101.04266,383.60968,200
163,105.386986,-168.85487,371.2076,200
164,109.44867,-185.39693,427.10715,200
165,122.038445,-147.06242,377.1466,200
166,153.44055,-207.93367,527.8094,200
167,75.24297,-198.97133,388.38818,200
168,177.65758,-128.87946,425.3063,200
169,505.48608,81.49995,604.30457,200
170,275.47403,-85.48947,485.80536,200
171,496.51355,81.08998,592.1883,200
172,106.66856,-148.8764,349.96548,200
173,94.29182,-198.28331,424.5055,200
174,129.239,-216.09181,510.0688,200
175,106.58045,-198.11052,446.55057,200
176,156.3005,-231.86894,530.8557,200
177,496.56467,81.066376,592.52625,200
178,77.14124,-180.93098,364.35953,200
179,82.55033,-207.89186,400.7261,200
180,212.95207,-271.10208,719.4728,200
181,260.66766,-87.234825,475.1123,200
182,213.7057,-177.79445,532.07697,200
183,82.0738,-222.21754,421.86447,200
184,499.0978,80.7288,596.71136,200
185,159.72786,-142.70052,419.42703,200
186,399.0556,30.80062,521.9151,200
187,87.12899,-191.14883,401.06473,200
188,126.641495,-167.06755,403.57965,200
189,172.69803,-119.79353,397.81152,200
190,79.36777,-183.44695,373.89462,200
191,132.74365,-174.08675,416.26157,200
192,291.4857,-52.797436,462.31638,200
193,297.78442,-43.017483,461.85248,200
194,117.47114,-158.61575,389.57147,200
195,347.31424,-60.994713,567.6013,200
196,370.96198,31.938192,473.45584,200
197,125.257484,-171.02448,422.17938,200
198,106.80928,-193.43407,435.82452,200
199,77.02541,-198.80759,391.62457,200
200,79.193146,-209.74496,403.58884,200
201,106.39443,-156.91963,363.83624,200
202,90.86712,-197.14598,419.0001,200
203,130.85373,-243.30528,548.35876,200
204,261.67224,-96.13219,495.20255,200
205,148.0673,-202.70845,506.1378,200
206,340.88297,-42.00537,527.1671,200
207,341.27325,-7.5282717,479.18713,200
208,381.45193,14.496034,509.34793,200
209,86.42561,-203.68987,415.20975,200
210,391.83356,9.474982,541.4791,200
211,132.85829,-138.57918,368.71002,200
212,95.90561,-166.93092,376.7398,200
213,478.7386,76.18072,572.6721,200
214,391.35608,46.635727,484.619,200
215,115.925735,-166.37361,394.15015,200
216,512.08093,84.173485,610.39026,200
217,357.27417,-4.2200828,496.7847,200
218,195.12889,-114.203384,429.41782,200
219,79.66307,-212.73663,406.9902,200
220,115.155,-160.68806,383.2105,200
221,73.213844,-189.8528,365.14865,200
222,111.734604,-198.87753,452.0448,200
223,137.31306,-187.26738,469.64236,200
224,313.7115,-124.49927,596.0903,200
225,89.901,-226.47984,430.2372,200
226,114.32463,-200.23265,461.7453,200
227,89.39121,-229.59488,445.141,200
228,83.862335,-204.36012,411.28293,200
229,272.12326,-395.46292,992.1882,200
230,125.40392,-142.50426,364.3378,200
231,105.74387,-166.18332,376.7912,200
232,507.81943,83.03946,605.89575,200
233,395.4123,30.662676,509.60144,200
234,105.52021,-157.29384,364.39163,200
235,143.43309,-219.56866,537.8204,200
236,84.49093,-225.88327,432.53897,200
237,99.44712,-195.50777,430.50784,200
238,100.797295,-173.89339,373.35474,200
239,225.9951,-87.685616,424.04825,200
240,128.63359,-211.90872,502.9683,200
241,78.91371,-189.78131,380.31888,200
242,76.36749,-193.60161,379.2297,200
243,97.11317,-246.70035,479.3947,200
244,90.388855,-196.69667,414.42264,200
245,92.54818,-189.60077,407.39014,200
246,112.60721,-232.80728,502.6569,200
247,424.10828,49.484333,527.7704,200
248,83.55239,-191.10464,393.75977,200
249,99.562744,-200.87794,438.96295,200
250,156.42111,-162.38406,433.91928,200
251,249.75186,-148.27567,538.70953,200
252,254.06721,-76.65742,445.418,200
253,278.61188,-51.556725,444.68784,200
254,152.10487,-236.82265,576.6299,200
255,365.3163,16.67879,487.65738,200
256,308.02814,-59.557766,506.50168,200
257,151.323,-164.06848,444.2181,200
258,85.11741,-209.04759,421.01672,200
259,82.6146,-206.12703,411.682,200
260,86.490166,-225.07254,437.63913,200
261,202.46413,-124.32344,447.6774,200
262,192.07828,-160.74294,500.42944,200
263,176.61293,-231.21146,599.0166,200
264,315.92703,-42.804733,489.39188,200
265,221.9958,-90.0521,421.13687,200
266,180.05418,-268.96487,667.29126,200
267,200.2388,-269.18353,700.33875,200
268,333.9433,-30.86172,507.95413,200
269,499.55896,81.88105,595.66864,200
270,91.008865,-192.78438,411.69757,200
271,382.89484,41.765152,479.67056,200
272,88.59169,-233.6864,442.47543,200
273,90.93237,-158.05138,355.66943,200
274,402.6071,26.868599,530.4888,200
275,82.48737,-207.97394,413.1445,200
276,121.32995,-218.2584,499.2894,200
277,131.9616,-153.92567,392.52307,200
278,508.7642,83.257065,607.04095,200
279,81.20498,-193.40515,391.0503,200
280,76.16901,-176.12964,357.5406,200
281,179.99536,-101.36516,377.90872,200
282,89.321945,-190.30661,405.05035,200
283,407.01,48.549324,508.11417,200
284,118.26835,-230.2074,509.8533,200
285,328.4636,-1.977486,453.68213,200
286,129.14685,-138.64162,378.42838,200
287,82.279495,-218.38113,419.74374,200
288,114.54356,-155.77711,381.30157,200
289,173.78789,-147.97974,431.84003,200
290,103.318146,-192.1262,426.2491,200
291,475.89282,76.548836,568.6095,200
292,110.81212,-182.5272,420.05676,200
293,453.73923,64.364365,553.45746,200
294,489.33658,79.222626,584.2332,200
295,385.6312,10.38176,528.5847,200
296,133.39032,-257.93906,537.2369,200
297,120.86558,-155.29709,380.00827,200
298,378.62338,35.9598,479.23703,200
299,489.9257,77.89451,587.71436,200
300,503.99893,82.31215,601.0712,200
301,311.5298,-60.42374,510.9289,200
302,341.91046,-55.29476,542.9863,200
303,259.9664,-92.54756,473.39365,200
304,114.06067,-201.58827,459.67896,200
305,469.539,70.62589,567.255,200
306,410.208,51.13243,507.46088,200
307,361.66232,8.92862,491.87927,200
308,157.54611,-236.69205,584.975,200
309,82.99528,-223.54637,422.9106,200
310,126.30725,-167.34045,392.064,200
311,472.5779,68.96055,575.67194,200
312,80.011345,-193.20924,385.76822,200
313,79.86158,-202.09116,400.10904,200
314,167.93954,-140.48221,429.5772,200
315,84.32344,-188.43677,366.9259,200
316,225.55577,-81.356224,414.5674,200
317,470.70557,75.08246,563.07623,200
318,231.6887,-116.56096,466.44397,200
319,79.88162,-210.70782,407.83652,200
320,175.69458,-140.87456,424.44177,200
321,110.08535,-195.64282,444.7569,200
322,236.19318,-76.67331,420.3127,200
323,438.5304,65.92948,528.445,200
324,181.30284,-245.58112,630.3333,200
325,140.83841,-167.79411,439.7634,200
326,138.2961,-212.99208,517.2687,200
327,513.0666,84.0036,612.22174,200
328,203.70229,-123.353165,452.63287,200
329,84.80567,-195.12212,404.71902,200
330,508.3038,83.288315,606.3569,200
331,81.41424,-196.69125,397.63208,200
332,167.74535,-117.73417,395.01477,200
333,82.66686,-183.62764,367.12802,200
334,507.45944,83.18813,605.2337,200
335,455.28082,68.6945,548.3545,200
336,428.40912,65.5502,515.13293,200
337,246.22316,-89.07194,459.3785,200
338,79.28995,-206.20673,403.64645,200
339,92.86387,-217.9545,447.50818,200
340,83.120834,-222.61902,426.41537,200
341,288.88522,-83.83878,508.50885,200
342,409.60782,55.92308,499.47885,200
343,402.45465,53.620674,492.69122,200
344,464.17276,62.5963,572.4037,200
345,467.26077,71.86714,562.1814,200
346,94.033,-172.70956,368.06042,200
347,176.44481,-190.231,528.7232,200
348,390.08163,6.2984624,531.481,200
349,181.0475,-259.07156,654.94214,200
350,101.14139,-208.60931,451.02017,200
351,213.75659,-86.58482,398.30197,200
352,114.63548,-276.00778,544.9777,200
353,153.20093,-132.39206,389.71933,200
354,91.37171,-187.61746,400.72104,200
355,85.72934,-194.59134,402.06888,200
356,335.39453,-21.883545,489.7341,200
357,86.24655,-209.37051,423.00555,200
358,85.688614,-191.19867,400.49997,200
359,170.69789,-202.76485,507.31476,200
360,496.13885,79.26063,594.49243,200
361,490.9129,77.713036,589.21716,200
362,94.65856,-203.64868,407.17627,200
363,114.31926,-202.94974,466.3182,200
364,394.41013,25.324144,520.8419,200
365,515.54144,84.39468,614.8171,200
366,176.65411,-199.94493,544.5604,200
367,210.99915,-256.20242,690.2321,200
368,84.71283,-215.03273,424.78452,200
369,93.62345,-191.78746,413.93558,200
370,100.187416,-195.40128,432.36963,200
371,508.67877,82.84325,607.40497,200
372,147.03972,-225.27275,551.58734,200
373,513.0431,84.08137,611.80426,200
374,75.593605,-199.18466,379.72736,200
375,79.00185,-180.93013,363.3667,200
376,291.53714,-127.1904,567.8305,200
377,175.09106,-250.38695,633.1306,200
378,498.21225,77.266655,600.392,200
379,132.52834,-126.66525,352.62787,200
380,145.90674,-219.68768,541.422,200
381,85.32652,-183.5114,383.5127,200
382,281.57047,-65.01333,470.62607,200
383,425.82947,49.68428,530.45245,200
384,510.40793,82.76085,609.78064,200
385,122.06317,-289.36603,578.42413,200
386,305.86777,-51.00039,482.97153,200
387,185.45189,-250.39012,639.3906,200
388,392.17566,36.128593,496.87158,200
389,115.73537,-276.58612,548.78485,200
390,173.70015,-246.62596,626.0093,200
391,385.03992,6.2409973,532.06024,200
392,91.95224,-191.85004,409.52094,200
393,83.41328,-214.44743,421.34265,200
394,103.84348,-163.89246,381.37473,200
395,156.15001,-271.07004,627.7747,200
396,105.88685,-196.00212,442.40073,200
397,159.49352,-125.248,384.26917,200
398,510.3029,83.67243,608.6677,200
399,148.2954,-138.80879,400.1771,200
400,488.43036,76.03387,587.85315,200
401,89.638725,-194.68452,411.04538,200
402,438.71802,63.317978,531.32513,200
403,444.1234,65.631584,536.7104,200
404,453.39023,69.669495,545.32904,200
405,310.7226,-58.56731,504.52032,200
406,105.96597,-203.81721,454.2855,200
407,90.75814,-236.16658,457.2105,200
408,382.0493,27.484028,501.90414,200
409,369.5261,-8.181632,521.5366,200
410,494.66122,75.84589,597.90564,200
411,476.23102,75.682335,569.8507,200
412,80.592766,-214.57513,415.1168,200
413,80.90605,-217.53922,413.83484,200
414,283.76685,-84.79708,503.52734,200
415,116.07585,-198.02643,455.70938,200
416,130.61723,-237.50932,541.0326,200
417,154.19353,-222.75272,554.12494,200
418,84.29694,-195.32492,401.04898,200
419,86.40465,-184.24278,386.36276,200
420,423.89468,54.819138,525.22675,200
421,96.03237,-177.42662,390.53516,200
422,378.96106,-0.1771259,534.8251,200
423,106.94129,-172.63992,397.7608,200
424,97.18121,-232.08849,468.63116,200
425,228.95432,-152.75734,514.2098,200
426,104.68609,-255.5448,501.82306,200
427,114.34193,-233.75366,505.55518,200
428,181.15909,-245.69073,629.0862,200
429,150.89523,-187.80095,487.94458,200
430,213.8284,-273.7464,729.004,200
431,229.37128,-98.32982,436.972,200
432,90.66639,-201.53058,419.9085,200
433,334.20538,-63.158424,556.5288,200
434,105.27341,-197.01544,442.8123,200
435,506.8123,81.39253,606.51807,200
436,436.6833,55.629,538.1057,200
437,98.07133,-180.67693,384.86646,200
438,470.47772,73.610115,564.01544,200
439,312.14166,-55.58617,500.73764,200
440,458.8732,71.663925,550.3294,200
441,501.64386,81.80531,598.2378,200
442,120.39138,-166.54173,408.4771,200
443,105.98512,-216.83159,469.6188,200
444,137.33044,-202.853,497.09482,200
445,378.19626,-11.743699,550.33307,200
446,116.18366,-203.83723,468.32663,200
447,163.09073,-108.33278,366.23257,200
448,148.12906,-185.33456,452.38013,200
449,90.2265,-182.67235,389.19965,200
450,81.19303,-216.35011,416.5443,200
451,152.1378,-129.59773,392.6195,200
452,107.70004,-176.8181,401.45142,200
453,510.58002,83.716225,609.03937,200
454,102.331276,-172.15411,394.00818,200
455,89.49297,-222.84375,442.3044,200
456,86.14121,-194.45862,402.41022,200
457,147.74866,-159.78325,429.85876,200
458,156.1279,-220.8067,553.829,200
459,506.09402,81.736305,605.4624,200
460,194.6185,-121.22587,438.76752,200
461,510.75476,83.23759,609.6258,200
462,104.53794,-194.92241,436.97733,200
463,173.61327,-245.83394,624.18243,200
464,246.45029,-95.49724,467.54028,200
465,99.234474,-199.64418,436.9176,200
466,138.74213,-218.97017,525.2789,200
467,116.45214,-166.13948,391.9257,200
468,291.72437,-23.55565,428.03967,200
469,337.53027,-11.618695,480.48853,200
470,357.881,-47.45832,569.3001,200
471,316.68256,-18.75923,456.8942,200
472,454.44342,69.38809,546.51276,200
473,109.23516,-169.36551,392.3568,200
474,86.29986,-184.37724,387.83572,200
475,113.662674,-168.89793,405.1514,200
476,116.84576,-197.63199,458.47058,200
477,505.51617,82.147766,603.95294,200
478,99.50206,-217.45807,426.77423,200
479,151.6508,-221.0138,550.02576,200
480,500.53796,80.68152,598.5087,200
481,402.39517,52.487804,494.39844,200
482,111.493164,-173.97638,407.0648,200
483,464.06177,72.88515,556.85065,200
484,192.62221,-113.48148,419.90482,200
485,187.65881,-231.74599,614.60065,200
486,349.68137,-37.005722,530.1995,200
487,317.41556,-41.45895,487.094,200
488,114.07917,-144.78542,362.6873,200
489,495.32916,79.84262,591.9565,200
490,79.79587,-208.30037,408.29956,200
491,129.92314,-184.6552,449.98956,200
492,93.639946,-158.29495,356.51767,200
493,98.99227,-165.97348,362.19153,200
494,81.81917,-188.48247,385.66223,200
495,499.85406,81.79322,596.02136,200
496,106.10809,-197.72888,445.36368,200
497,391.98615,25.034399,518.3294,200
0,589.7222,139.5649,680.5743,250
1,195.41264,-287.20062,694.0517,250
2,602.5959,141.92247,696.2729,250
3,104.24415,-276.69452,540.9812,250
4,148.50522,-182.60966,448.56543,250
5,307.56488,-164.85612,641.3547,250
6,537.1328,128.65541,618.20087,250
7,397.22803,22.039392,533.6431,250
8,96.09086,-232.61363,468.45026,250
9,259.78217,-84.74913,462.11285,250
10,382.3366,33.849472,498.63913,250
11,558.8696,132.78078,644.3489,250
12,453.91995,49.667305,586.7942,250
13,113.35403,-192.12285,407.17117,250
14,91.92311,-177.6955,360.74268,250
15,505.40668,93.39504,611.3142,250
16,598.22003,139.27171,692.9955,250
17,395.31686,63.73973,485.14932,250
18,522.3513,20.790024,725.7086,250
19,229.4493,-95.87042,435.1229,250
20,558.9922,111.87737,667.7705,250
21,605.4285,143.54198,698.4957,250
22,460.85468,95.94969,544.21497,250
23,110.667625,-247.74106,524.50433,250
24,443.90387,35.764584,587.79443,250
25,586.399,138.87555,676.47156,250
26,326.52902,-55.84128,520.616,250
27,232.6906,-112.15949,484.62564,250
28,567.56616,133.42993,655.7378,250
29,620.0755,122.922424,744.04034,250
30,90.43445,-232.53502,453.57663,250
31,386.5,22.085718,517.20386,250
32,82.8431,-238.38174,435.85654,250
33,126.13991,-219.5701,485.84415,250
34,99.747284,-223.98543,462.7387,250
35,118.27307,-184.75867,405.08432,250
36,123.35446,-326.89392,632.5,250
37,435.40582,83.3989,521.54205,250
38,107.458244,-207.55048,444.93112,250
39,235.58563,-33.480843,385.57794,250
40,264.5591,-120.87439,515.697,250
41,94.089806,-251.21967,487.19562,250
42,105.66007,-206.59088,415.65247,250
43,103.991325,-243.78853,503.69434,250
44,601.80615,142.111,694.9501,250
45,96.078255,-220.2924,448.08945,250
46,576.3755,138.60616,662.76965,250
47,409.47302,19.679989,555.3674,250
48,114.029976,-232.63196,499.89587,250
49,141.69736,-211.30101,495.9503,250
50,132.19026,-225.10918,507.76263,250
51,584.21533,117.49807,698.28906,250
52,324.0928,-42.72948,510.51233,250
53,246.82507,-129.209,498.63202,250
54,602.5975,142.34085,695.8065,250
55,224.90956,-99.76875,438.7821,250
56,600.9721,141.86761,693.922,250
57,580.95886,118.837494,691.9121,250
58,88.98375,-248.34865,463.86188,250
59,508.43655,119.51882,587.1835,250
60,595.04877,141.12245,686.3696,250
61,560.7034,132.43124,647.2438,250
62,598.9574,140.91649,692.2213,250
63,181.69943,-356.37537,798.19714,250
64,174.31122,-222.83122,529.622,250
65,526.9929,96.61255,639.319,250
66,92.71007,-244.2317,458.28757,250
67,602.9901,142.61613,696.03265,250
68,451.55646,90.74345,536.53906,250
69,99.99197,-242.99464,491.40176,250
70,185.117,-235.02713,595.75397,250
71,178.32329,-151.58578,448.50403,250
72,347.648,26.505062,468.25046,250
73,277.13937,-93.43012,515.89056,250
74,551.84955,130.42007,636.7519,250
75,109.2943,-227.41666,485.73187,250
76,141.36842,-179.2022,431.42624,250
77,291.50275,-76.29442,512.07886,250
78,602.2475,143.3922,694.0833,250
79,465.5552,69.43852,580.6754,250
80,102.1092,-189.03522,401.29147,250
81,133.60573,-207.24016,449.73053,250
82,100.903404,-243.89584,496.58914,250
83,378.63467,-25.520454,563.5581,250
84,316.78485,-64.86572,517.6013,250
85,597.95447,138.69305,693.24347,250
86,336.62286,-5.659861,478.0875,250
87,94.54801,-226.53288,455.48026,250
88,127.53344,-216.66603,485.9388,250
89,99.89166,-221.42271,460.2297,250
90,511.89035,106.43593,605.52277,250
91,95.09399,-222.28018,447.8637,250
92,78.81674,-212.8967,394.94263,250
93,115.990204,-236.77731,511.18304,250
94,125.71628,-223.17667,497.57697,250
95,135.41353,-172.8517,410.40875,250
96,96.55913,-243.6413,485.7175,250
97,109.511185,-221.42688,475.1446,250
98,107.237144,-213.27615,455.69952,250
99,540.25226,125.33516,625.52484,250
100,359.22232,9.362159,498.27118,250
101,558.93335,134.14508,642.8889,250
102,147.83105,-275.52515,574.129,250
103,374.99405,34.421425,491.05786,250
104,499.03925,112.48776,581.1349,250
105,434.2946,79.110344,528.9437,250
106,127.48891,-198.8616,454.60034,250
107,111.583336,-209.80902,454.39276,250
108,445.11832,-7.9955587,643.29865,250
109,594.43805,142.28604,684.2518,250
110,99.75871,-234.58136,480.66708,250
111,121.614784,-230.6406,506.27142,250
112,480.20425,64.09373,607.9265,250
113,353.185,-54.44755,560.9508,250
114,469.83337,23.978008,642.23517,250
115,557.6242,125.51725,650.4328,250
116,87.41221,-231.84406,442.76743,250
117,512.7435,121.01139,591.73517,250
118,107.3732,-241.42348,460.1761,250
119,98.617714,-284.113,528.4658,250
120,599.2292,139.93787,693.60156,250
121,150.7977,-193.7492,474.7112,250
122,149.88664,-186.68506,457.6894,250
123,81.47268,-210.29501,395.1815,250
124,107.89029,-198.34367,421.9875,250
125,111.306885,-237.65471,510.63358,250
126,115.610985,-230.74442,500.289,250
127,322.5661,-52.72011,510.4525,250
128,127.95488,-191.86002,432.7302,250
129,253.54556,-85.37764,461.24677,250
130,101.94046,-240.71466,495.79083,250
131,605.5133,144.21252,697.7989,250
132,300.4814,-187.9143,665.0975,250
133,99.381676,-241.00371,488.5611,250
134,181.40756,-157.28004,464.31433,250
135,132.65874,-201.57071,465.09314,250
136,87.339775,-230.84766,426.37833,250
137,141.28613,-285.58713,631.49976,250
138,115.02783,-211.15034,458.31757,250
139,602.19476,141.95108,695.68536,250
140,587.7069,132.825,684.9892,250
141,98.96058,-229.43295,467.89597,250
142,155.41377,-288.44946,660.8797,250
143,125.31437,-207.93755,464.62747,250
144,603.3753,142.59647,696.6113,250
145,487.1392,113.199265,564.14233,250
146,176.83517,-141.77785,421.5955,250
147,160.39424,-145.25768,406.03244,250
148,539.9015,118.42107,633.0365,250
149,90.06586,-263.90433,482.64877,250
150,196.5365,-244.72095,626.1118,250
151,134.43817,-241.48355,540.97064,250
152,435.7258,71.67094,534.6639,250
153,210.86761,-113.9289,436.59546,250
154,122.74289,-192.53746,428.71017,250
155,247.85526,-88.8116,446.14395,250
156,110.92475,-215.90475,462.12292,250
157,255.45203,-88.71607,456.46292,250
158,580.75964,137.72699,669.87256,250
159,94.209885,-248.96149,483.44113,250
160,203.75906,-103.90563,410.77408,250
161,534.0168,122.16548,620.09064,250
162,249.10594,-93.43782,466.5533,250
163,92.87865,-232.93596,430.5722,250
164,124.88354,-203.15956,454.47083,250
165,119.41766,-199.74667,434.01678,250
166,119.83368,-218.80525,479.3825,250
167,109.03884,-201.43419,430.52798,250
168,154.1816,-199.99548,490.57788,250
169,591.8643,133.5109,690.4821,250
170,314.4669,-86.11317,539.8978,250
171,601.00287,143.08313,692.6787,250
172,276.20627,-65.89295,465.75897,250
173,89.48846,-259.37912,477.62558,250
174,125.094086,-253.0319,557.23364,250
175,107.79234,-233.27122,492.40805,250
176,344.71103,-130.79402,650.9953,250
177,417.50586,106.39763,477.37677,250
178,84.30451,-225.79958,427.22342,250
179,100.77488,-227.02936,433.59778,250
180,191.0991,-314.07425,744.8112,250
181,339.01932,-3.9028525,481.88123,250
182,221.38626,-162.58728,515.49194,250
183,88.072266,-227.34894,421.50543,250
184,590.3736,140.68665,680.2914,250
185,233.7019,-127.318405,498.2803,250
186,489.0025,104.47497,575.1462,250
187,96.06657,-223.57156,451.2522,250
188,159.25168,-156.01178,424.72687,250
189,120.27976,-202.5414,439.53815,250
190,138.82793,-186.74443,426.62488,250
191,245.49892,-160.167,543.22504,250
192,376.15216,-16.150484,546.4283,250
193,296.50912,-56.031624,479.47583,250
194,136.24852,-170.51396,411.4026,250
195,493.75266,112.22693,573.8634,250
196,451.25546,50.461544,580.32666,250
197,125.63906,-195.59114,445.50104,250
198,126.74019,-225.2121,500.0096,250
199,95.263756,-226.8632,462.09702,250
200,115.20937,-189.56033,408.64044,250
201,156.99313,-170.40717,443.71826,250
202,96.54395,-231.40631,470.8149,250
203,116.82504,-274.5943,569.07104,250
204,315.99835,-59.857,527.64386,250
205,180.28683,-228.70284,578.4016,250
206,386.65604,43.28255,499.39133,250
207,292.11737,-53.016556,471.64722,250
208,543.8146,99.23011,661.03723,250
209,260.6829,-161.50058,570.0298,250
210,429.38705,72.415825,530.86224,250
211,157.0589,-149.38661,405.49155,250
212,98.77223,-208.72948,428.98965,250
213,526.3786,117.157974,615.4052,250
214,427.7624,45.843857,550.99365,250
215,134.79076,-204.10701,471.6546,250
216,603.72955,142.26944,697.4685,250
217,425.4913,11.554963,589.6805,250
218,272.16165,-76.55158,479.20645,250
219,119.64924,-162.52269,378.0247,250
220,206.71976,-105.28123,415.96698,250
221,279.39172,-66.449326,469.95416,250
222,156.46889,-270.4934,618.53156,250
223,131.09563,-225.11305,506.11124,250
224,456.82236,-50.036453,715.7333,250
225,368.10522,-40.267223,565.8748,250
226,109.54216,-236.50475,501.9049,250
227,142.54439,-218.35274,484.28192,250
228,92.599144,-230.31941,453.2941,250
229,152.1901,-344.5312,723.22644,250
230,285.1219,-81.681694,489.66287,250
231,102.813576,-222.62074,431.68106,250
232,600.0051,137.13614,698.0125,250
233,572.7181,126.53468,670.8497,250
234,81.34698,-190.54707,373.85822,250
235,144.84152,-271.4845,616.6367,250
236,87.68871,-257.1475,469.58243,250
237,98.88395,-248.22226,497.04346,250
238,139.48607,-181.8445,423.08557,250
239,162.06827,-151.27081,422.19836,250
240,113.721275,-250.0379,532.9378,250
241,99.592575,-215.26944,447.10257,250
242,105.03205,-190.87918,389.22516,250
243,99.03958,-279.8499,513.0587,250
244,90.64347,-231.0748,450.43726,250
245,105.62358,-214.60248,446.86404,250
246,127.9547,-308.81424,632.16675,250
247,534.90436,83.93525,665.7405,250
248,156.0606,-172.14731,441.04282,250
249,137.00139,-303.63287,645.6603,250
250,97.03266,-213.22481,413.4863,250
251,102.37646,-234.34981,452.66614,250
252,469.23907,90.15862,561.8709,250
253,337.25748,-13.703589,496.50385,250
254,110.70164,-243.92975,516.8625,250
255,545.92255,123.80599,635.70416,250
256,259.0707,-94.06954,484.29828,250
257,136.05011,-212.8991,491.88135,250
258,92.4992,-259.42618,491.38516,250
259,90.3721,-263.3992,484.8465,250
260,153.95267,-246.41551,536.0313,250
261,199.2739,-165.8277,499.37308,250
262,176.42522,-201.03217,524.52966,250
263,161.63586,-281.47,651.62646,250
264,348.10538,-34.908176,525.25214,250
265,264.9725,-86.197136,480.31256,250
266,197.20316,-379.87286,858.653,250
267,129.27663,-252.5304,562.2523,250
268,409.389,74.09896,498.4304,250
269,595.1466,140.66098,687.00195,250
270,96.734024,-240.1557,482.35583,250
271,406.84772,64.726715,501.1416,250
272,86.9735,-229.9422,440.38055,250
273,90.56651,-239.4923,451.7356,250
274,384.1276,20.22848,527.92096,250
275,95.07087,-242.4497,478.2049,250
276,126.80995,-264.4283,577.1819,250
277,156.15907,-151.46686,407.58347,250
278,602.0572,142.03131,695.39795,250
279,95.56756,-204.4523,421.90005,250
280,125.69428,-183.37296,413.6741,250
281,369.38538,-54.209236,584.33466,250
282,98.41018,-195.87466,382.6436,250
283,398.44162,62.697712,492.3027,250
284,122.342865,-259.0056,562.094,250
285,370.69925,-9.08593,530.14667,250
286,134.01662,-190.49257,440.74936,250
287,87.62413,-258.529,466.12744,250
288,134.95372,-191.92944,447.1463,250
289,110.45307,-190.57848,395.17413,250
290,122.201225,-230.01427,502.64038,250
291,599.03375,137.64209,696.0555,250
292,111.86284,-205.59601,445.68472,250
293,429.1844,90.24629,506.52563,250
294,577.2331,129.44395,674.0915,250
295,420.28967,75.5364,510.19983,250
296,122.92916,-251.0095,505.73114,250
297,105.54204,-201.50682,426.75415,250
298,436.74246,79.70615,526.5594,250
299,383.8349,79.908554,456.926,250
300,605.1976,142.80026,698.9535,250
301,308.8963,-38.664417,476.0805,250
302,376.86005,-76.10261,625.58264,250
303,466.77435,42.0999,614.52374,250
304,111.70509,-224.93654,483.0968,250
305,546.046,126.3034,632.8045,250
306,409.36176,67.041245,504.16434,250
307,434.002,85.3294,517.47375,250
308,127.79619,-291.84155,611.7429,250
309,147.65675,-182.12057,432.17587,250
310,267.60678,-59.70015,444.82697,250
311,690.834,169.76027,826.2764,250
312,109.644455,-197.5862,417.042,250
313,87.49236,-239.86002,453.63556,250
314,157.94157,-213.94392,522.19025,250
315,191.47832,-151.42062,454.16644,250
316,144.94514,-147.12268,391.7887,250
317,550.9707,124.55905,641.64307,250
318,269.4693,-66.74501,455.71136,250
319,83.59693,-188.48648,371.9394,250
320,86.44671,-240.35957,444.24774,250
321,112.608315,-233.41957,502.8706,250
322,338.71677,-27.104204,504.0133,250
323,490.37625,95.346596,587.397,250
324,178.00087,-309.94574,719.86206,250
325,127.88986,-231.77464,514.50146,250
326,131.51721,-236.16144,527.20526,250
327,599.8948,142.67761,691.55133,250
328,141.97946,-178.93329,434.54364,250
329,91.10531,-230.02602,452.93796,250
330,602.35156,142.10675,695.72974,250
331,85.82183,-200.44324,400.1052,250
332,228.43974,-101.35956,448.72113,250
333,85.39242,-246.47658,444.95154,250
334,602.6526,142.1788,696.0665,250
335,433.64615,83.119225,519.05414,250
336,471.65158,46.467033,616.77576,250
337,291.13156,-88.96535,526.563,250
338,75.12856,-204.63774,382.62292,250
339,83.221596,-244.58939,441.65503,250
340,136.62164,-229.00113,484.10068,250
341,357.3262,19.013403,480.42236,250
342,532.5888,126.296814,614.0174,250
343,531.39453,118.093155,620.84674,250
344,420.3513,85.39597,499.21432,250
345,601.74255,132.93968,705.9925,250
346,128.10654,-192.02667,434.09967,250
347,167.82477,-198.40091,510.148,250
348,466.6414,67.583664,583.1873,250
349,103.09909,-281.80804,542.58374,250
350,95.62091,-231.26067,465.84018,250
351,436.4348,8.281547,608.52454,250
352,86.992836,-254.25885,467.63208,250
353,110.16782,-208.4111,435.94193,250
354,86.162926,-211.29596,409.79138,250
355,86.906075,-226.96573,436.30035,250
356,463.8808,93.53065,551.35864,250
357,92.35788,-247.74706,478.63644,250
358,92.16328,-225.10728,450.8553,250
359,359.7544,-95.05785,625.8466,250
360,573.92316,137.57954,660.3698,250
361,571.2511,136.92596,657.289,250
362,280.78723,-159.98671,595.3371,250
363,97.49376,-236.26257,476.17297,250
364,418.13174,66.690346,513.6816,250
365,609.63226,141.66989,706.5501,250
366,144.65689,-211.61609,501.5905,250
367,143.05746,-253.66774,576.8729,250
368,86.72183,-245.54626,458.78107,250
369,98.79418,-232.6168,475.65347,250
370,104.245766,-219.93921,461.86627,250
371,560.2706,133.9307,645.0558,250
372,115.367744,-246.10086,529.5063,250
373,602.83527,143.35374,694.95575,250
374,164.41568,-150.37585,420.68045,250
375,85.84285,-202.79121,405.78223,250
376,352.59344,-97.94037,618.2462,250
377,162.44904,-315.2476,709.9801,250
378,537.0374,128.58934,618.02264,250
379,98.06578,-225.50284,444.00302,250
380,126.93579,-247.2651,548.99896,250
381,142.58655,-195.2224,461.67203,250
382,381.4894,39.131645,493.89096,250
383,514.9855,41.28515,688.1962,250
384,572.2404,133.94514,661.88654,250
385,103.86789,-285.97592,545.77814,250
386,516.9132,102.98853,616.82526,250
387,200.45264,-331.70285,775.6791,250
388,360.35065,-53.59256,568.8473,250
389,86.57171,-256.7908,461.8709,250
390,147.95905,-279.5841,634.9773,250
391,414.53992,64.78021,512.31067,250
392,105.51201,-227.3046,479.21725,250
393,87.971695,-250.6124,454.91095,250
394,153.66269,-172.62177,434.2268,250
395,123.806145,-273.88022,582.77673,250
396,101.50703,-225.09244,467.98752,250
397,293.40823,-70.66417,508.1617,250
398,603.2911,142.7935,696.26575,250
399,136.04703,-214.15651,491.5051,250
400,568.6204,135.97592,654.5473,250
401,100.85661,-223.89015,463.82712,250
402,527.5245,119.244446,614.3184,250
403,435.35037,14.691882,601.36774,250
404,507.42087,112.57821,592.8193,250
405,361.11673,8.176528,498.0992,250
406,104.86142,-242.40494,504.8122,250
407,100.64889,-257.50427,468.66827,250
408,416.36823,78.952614,503.70178,250
409,530.3454,97.06248,644.00684,250
410,540.7383,129.86382,621.9156,250
411,546.6667,114.341324,647.16174,250
412,96.03342,-222.24179,454.19424,250
413,82.43013,-236.49092,425.67514,250
414,359.71704,-8.490048,520.5767,250
415,120.71382,-240.32549,525.25867,250
416,136.77068,-317.1117,658.88306,250
417,150.138,-243.25421,563.3274,250
418,86.40373,-191.92455,382.31323,250
419,119.12959,-207.31065,436.15088,250
420,454.86096,98.84875,533.791,250
421,118.90627,-191.68718,415.56393,250
422,360.3318,-14.115659,536.6968,250
423,117.26236,-199.27937,439.12167,250
424,99.24677,-274.47073,524.5083,250
425,354.35403,-67.30294,579.3416,250
426,98.90123,-271.33246,501.0294,250
427,121.349106,-284.3274,589.5835,250
428,114.69002,-230.60419,497.90784,250
429,124.6303,-214.86806,479.49686,250
430,153.90215,-307.96072,684.76324,250
431,296.716,-119.63608,563.4415,250
432,91.93657,-234.1602,458.05783,250
433,323.3521,-33.01408,502.78574,250
434,107.969345,-239.42027,505.45242,250
435,552.70386,128.85321,639.4108,250
436,514.66345,54.209892,671.75104,250
437,218.5735,-116.91219,455.6701,250
438,571.17584,124.3728,671.08044,250
439,298.72696,-60.002575,484.04663,250
440,551.8255,121.26377,646.57275,250
441,588.7146,118.14731,704.0055,250
442,139.94942,-202.30255,475.33862,250
443,101.84435,-255.33647,512.61414,250
444,117.7289,-229.06157,497.81656,250
445,323.38892,-51.50185,530.59656,250
446,104.879364,-227.19875,479.1528,250
447,86.491776,-236.4577,427.87115,250
448,282.93558,-147.59,580.4793,250
449,96.62904,-213.1761,439.72675,250
450,195.61789,-118.49559,418.0866,250
451,161.03851,-160.4477,434.2642,250
452,119.44076,-191.68286,431.69043,250
453,602.6542,142.86453,695.2736,250
454,132.40216,-195.39368,451.38995,250
455,89.8283,-256.1875,479.18973,250
456,169.65115,-204.84062,498.16757,250
457,151.96188,-181.80031,456.23907,250
458,144.27629,-263.40244,597.76025,250
459,527.3758,126.62501,606.5702,250
460,286.81232,-91.57813,528.15393,250
461,506.53842,119.270325,584.988,250
462,121.69092,-229.72232,504.02063,250
463,150.77608,-295.13165,662.07214,250
464,253.77731,-79.84881,451.1356,250
465,103.86131,-206.32747,428.88727,250
466,149.45782,-270.17133,612.62726,250
467,239.91165,-123.201675,500.79813,250
468,279.52063,-95.952385,503.40506,250
469,398.40866,57.228714,496.18457,250
470,363.7661,-8.0569,535.0533,250
471,368.25903,26.481535,487.2994,250
472,597.44775,138.59758,692.4545,250
473,106.82681,-202.31871,425.94333,250
474,153.78986,-149.37335,406.14124,250
475,120.87737,-221.34941,488.31628,250
476,108.64782,-228.27107,486.3572,250
477,602.90533,142.38118,696.17706,250
478,121.67894,-200.79839,423.1867,250
479,113.01132,-246.35643,523.8583,250
480,462.40527,105.357506,537.32764,250
481,471.51797,103.83528,551.3373,250
482,115.518105,-227.7651,493.75745,250
483,537.84595,122.83448,624.97345,250
484,191.02946,-128.20197,429.74875,250
485,154.8175,-271.03275,621.0492,250
486,491.4405,72.931526,615.49365,250
487,427.74213,-5.42422,615.0234,250
488,105.45695,-232.76785,449.91,250
489,605.4181,143.16295,698.84143,250
490,86.75358,-231.8389,442.21426,250
491,126.70195,-208.38162,467.77145,250
492,243.45824,-97.1221,467.57782,250
493,312.40408,-57.107685,515.2034,250
494,130.8097,-199.76859,447.70456,250
495,599.7986,138.12657,696.57153,250
496,110.69242,-235.15047,501.89746,250
497,373.30652,35.472137,485.31653,250
0,570.00146,185.02327,631.5295,300
1,125.60873,-217.16212,531.12683,300
2,554.28186,178.6331,613.41705,300
3,130.3479,-329.83295,627.5514,300
4,62.844513,-158.96318,313.18597,300
5,322.21967,-163.78351,671.9619,300
6,569.77106,185.10986,630.9671,300
7,476.80133,132.4239,547.00494,300
8,270.4048,-126.5188,572.2452,300
9,228.83792,-142.59373,500.33328,300
10,520.4861,163.55672,580.93945,300
11,566.92303,184.71236,626.8937,300
12,467.25153,101.4787,563.0754,300
13,70.57617,-157.28883,322.1374,300
14,87.03167,-259.70804,469.88577,300
15,586.71545,191.4401,647.2683,300
16,600.98413,196.991,662.31635,300
17,288.64084,11.634114,406.41992,300
18,508.98962,97.58545,633.49097,300
19,308.2768,-7.381781,457.94437,300
20,510.5587,161.32559,568.1362,300
21,570.8311,186.41663,630.5631,300
22,504.114,154.64175,566.91437,300
23,93.286095,-203.84766,445.10468,300
24,605.8897,193.88031,671.7413,300
25,557.4176,181.2128,616.5678,300
26,523.3083,148.41277,598.14874,300
27,230.5116,-125.70309,511.09268,300
28,593.6085,194.77359,654.2325,300
29,584.8532,189.39407,646.40466,300
30,134.7819,-248.99109,529.3312,300
31,300.77292,-45.40952,481.99948,300
32,99.922035,-313.15192,560.23944,300
33,381.71967,95.640366,449.83365,300
34,93.93657,-277.43314,530.4126,300
35,187.0501,-14.567443,313.70987,300
36,203.787,-482.58176,953.24976,300
37,446.0484,111.7876,530.268,300
38,167.54785,7.2045374,249.84917,300
39,568.85645,184.17047,630.94885,300
40,244.4485,-146.3927,534.8297,300
41,274.41086,-154.35919,618.9936,300
42,88.35395,-178.9402,369.6974,300
43,105.08487,-283.9382,540.6082,300
44,557.47046,176.639,619.67456,300
45,89.50498,-272.1136,491.22485,300
46,577.31885,188.3577,638.2834,300
47,546.27563,175.1119,605.3829,300
48,226.05835,-76.57316,441.2862,300
49,303.2872,-32.398434,499.80502,300
50,83.449005,-181.61835,400.04794,300
51,574.1264,188.01428,633.269,300
52,647.10126,210.82849,713.9485,300
53,106.98121,-293.0847,529.9579,300
54,573.5517,187.61089,632.3559,300
55,364.05518,31.848866,502.13675,300
56,570.4171,184.71461,632.69275,300
57,556.68286,181.05608,614.7339,300
58,273.909,-201.66573,666.1518,300
59,562.2855,177.88576,628.2652,300
60,565.3857,184.41994,624.6341,300
61,559.0653,181.88863,618.1811,300
62,570.0818,186.07281,629.8487,300
63,338.996,-473.03967,1170.2563,300
64,261.09204,-195.82234,626.4909,300
65,532.18713,164.67152,595.1889,300
66,101.32028,-233.31068,454.88968,300
67,568.8266,185.67203,628.4015,300
68,581.7452,190.53656,641.5725,300
69,106.830444,-308.6963,584.08673,300
70,151.41348,-95.07527,373.55466,300
71,354.66397,18.164293,509.3543,300
72,523.4616,163.00127,588.3896,300
73,535.82605,169.6584,597.9309,300
74,581.1455,190.27118,641.3883,300
75,146.8336,-226.51736,518.9559,300
76,538.9669,139.22206,629.3225,300
77,205.8864,-148.77534,483.97922,300
78,570.71173,185.69403,631.5532,300
79,537.1195,173.61568,594.06555,300
80,64.172195,-157.45676,314.7098,300
81,115.34734,-332.89053,604.3805,300
82,99.75339,-284.98087,539.47754,300
83,442.53607,97.6859,531.29395,300
84,266.37735,-123.17574,538.1151,300
85,570.6657,186.0626,630.7804,300
86,441.29227,119.25852,510.71713,300
87,167.90137,-190.52205,492.97028,300
88,98.21051,-176.9807,411.80536,300
89,114.96994,-330.1707,606.197,300
90,598.0114,196.01323,659.3375,300
91,167.12154,-149.26231,446.5902,300
92,543.74335,119.55896,658.49396,300
93,90.136765,-234.87123,469.92834,300
94,406.99045,59.995907,555.8895,300
95,212.6993,-9.568013,324.59763,300
96,131.45969,-223.41458,493.44452,300
97,75.89066,-175.0162,370.75043,300
98,67.30442,-133.37486,301.69714,300
99,587.49786,191.1586,650.14,300
100,501.4861,149.25555,569.33704,300
101,544.8777,174.58685,606.2348,300
102,245.84654,-243.25464,667.0946,300
103,416.52774,95.81244,500.233,300
104,538.77515,166.2511,602.9257,300
105,508.11038,149.61789,582.2456,300
106,271.89975,-1.5901345,413.99478,300
107,153.2908,-21.472563,266.60175,300
108,213.335,-204.73639,570.4488,300
109,496.7168,154.3382,555.04205,300
110,185.27731,-205.73912,569.1289,300
111,87.444244,-231.2485,441.4523,300
112,151.65262,-267.0055,560.29004,300
113,289.44995,-109.14774,551.716,300
114,509.19025,153.41351,573.34564,300
115,586.7327,192.30066,646.8725,300
116,240.08305,-176.15953,581.1088,300
117,571.3687,186.88782,630.38043,300
118,319.67645,-117.435455,607.122,300
119,308.61633,-233.00049,766.3375,300
120,566.03217,184.61583,625.27203,300
121,96.8082,-216.08406,464.47885,300
122,77.329544,-152.63257,321.80692,300
123,177.30434,-184.46341,507.53464,300
124,88.89115,-239.12808,467.39264,300
125,95.76968,-259.36572,500.67258,300
126,101.97331,-262.26108,537.01855,300
127,270.97452,-78.350655,480.7918,300
128,152.73276,-130.92458,393.87698,300
129,312.3857,27.67025,419.31662,300
130,102.811295,-284.51562,558.6499,300
131,576.1491,187.34966,637.9528,300
132,300.54572,-173.36783,652.30237,300
133,106.41963,-304.53958,584.761,300
134,84.45616,-190.47461,407.9701,300
135,258.1573,-19.475296,407.47043,300
136,395.37634,-58.052353,647.4024,300
137,167.09105,-328.18726,732.8212,300
138,313.3478,70.8759,377.5848,300
139,562.6074,179.35497,624.3693,300
140,479.21536,156.25208,529.82855,300
141,169.13937,-187.73978,512.58386,300
142,161.54321,-380.4087,815.6968,300
143,101.79099,-158.15413,383.24063,300
144,580.6626,190.23853,640.6678,300
145,553.55927,176.67908,617.3481,300
146,129.49939,-117.72332,345.7451,300
147,359.4145,-30.945024,561.9213,300
148,548.8649,178.74779,606.05524,300
149,249.56131,-225.89256,659.8808,300
150,163.81705,-96.07781,374.21365,300
151,88.726326,-198.86612,431.44492,300
152,451.9056,95.015656,550.22845,300
153,399.4717,69.27273,499.2086,300
154,109.78105,-84.911575,291.42783,300
155,110.692444,-188.13194,398.60483,300
156,161.05566,-86.118645,373.01178,300
157,424.20334,74.384705,530.7021,300
158,566.6766,185.25467,625.39606,300
159,152.02734,-256.6348,555.50433,300
160,330.88113,13.059782,468.49014,300
161,579.0569,189.01842,639.91473,300
162,403.96866,84.68963,496.01917,300
163,267.5587,-113.48559,526.72,300
164,96.90332,-245.20268,511.42215,300
165,84.999725,-245.86009,464.81873,300
166,85.98872,-93.369385,281.5443,300
167,98.87328,-246.83353,511.33698,300
168,134.68599,-216.05177,508.36017,300
169,578.0888,189.07367,638.31116,300
170,364.85886,-50.51775,594.1968,300
171,572.57733,187.03514,632.1465,300
172,395.8611,69.29645,497.23077,300
173,220.82408,-238.79753,646.81854,300
174,104.66984,-248.82317,537.11646,300
175,117.32526,-199.09769,457.1203,300
176,369.77512,-100.08191,663.0095,300
177,552.9299,179.84486,611.1448,300
178,170.1012,-175.43175,491.29825,300
179,186.89291,-169.57349,501.77362,300
180,153.7355,-239.54926,582.47736,300
181,417.53052,65.482544,528.2313,300
182,488.9604,43.49715,664.54285,300
183,98.61933,-281.27905,507.5347,300
184,573.4724,187.9146,632.51544,300
185,326.656,14.227301,464.7842,300
186,555.71484,181.29045,613.3339,300
187,290.96112,-24.391973,450.99603,300
188,217.51353,-99.642395,435.6493,300
189,140.63661,-41.564857,275.87524,300
190,217.89159,-42.460983,378.38895,300
191,419.1245,-58.431175,685.5032,300
192,461.08832,99.89652,555.836,300
193,407.88858,-13.863625,610.8964,300
194,305.0104,34.550705,402.6853,300
195,602.0963,196.2776,664.1335,300
196,555.15283,180.515,613.35986,300
197,81.00873,-200.64395,408.56824,300
198,102.78115,-214.01042,480.7544,300
199,90.40252,-281.08032,505.71945,300
200,246.80289,-32.759483,417.5493,300
201,349.49673,42.609837,464.10675,300
202,120.57134,-359.6946,677.42175,300
203,180.19771,-378.22324,777.9184,300
204,325.1873,-8.204809,494.26395,300
205,149.79276,-205.94884,514.9921,300
206,627.9777,205.30937,692.49176,300
207,287.0826,-11.459897,428.50006,300
208,561.1693,176.94003,624.5562,300
209,545.04175,81.53705,710.65027,300
210,458.55066,111.51863,555.51135,300
211,120.866875,-107.14124,323.7646,300
212,66.342964,-158.67279,317.74167,300
213,567.6533,184.91405,627.34985,300
214,471.67218,137.29951,535.3975,300
215,102.54918,-192.36992,442.13248,300
216,573.7249,187.24524,634.0415,300
217,533.9211,159.5364,602.02374,300
218,476.14172,128.42805,550.51965,300
219,383.56726,94.19251,455.5343,300
220,455.23453,113.72937,541.2547,300
221,362.55225,-89.108475,647.65015,300
222,94.02511,-202.43419,447.87973,300
223,74.61528,-121.91504,294.82217,300
224,521.7294,125.0459,620.91016,300
225,285.7071,-142.38612,587.6224,300
226,153.27428,-298.72055,640.47925,300
227,312.2253,-214.86697,738.6451,300
228,116.18558,-294.7446,549.6582,300
229,294.11847,-523.97504,1159.4655,300
230,538.8042,137.07979,631.6639,300
231,301.5244,-26.163893,474.4188,300
232,585.4639,191.84554,645.3667,300
233,502.29968,149.16422,567.4228,300
234,321.90652,-17.036547,507.36508,300
235,128.44876,-328.6743,666.5139,300
236,116.95697,-318.79465,586.168,300
237,150.17719,-252.54967,575.28827,300
238,442.1533,-12.31077,662.2684,300
239,441.98193,101.14834,536.2885,300
240,129.18912,-342.75256,690.0492,300
241,138.62976,-101.66959,337.5936,300
242,148.26086,-219.10388,491.63376,300
243,144.59221,-406.8615,751.96814,300
244,95.16985,-237.01743,455.3914,300
245,145.18129,-230.3511,505.17145,300
246,203.20586,-347.0031,765.8565,300
247,458.2924,115.969,536.83514,300
248,126.58351,-180.86256,410.29337,300
249,156.94725,-403.01907,785.97345,300
250,360.28745,-115.39802,674.10297,300
251,490.87515,-16.447485,743.3304,300
252,578.4113,187.13579,639.4199,300
253,269.12677,-33.29418,420.95648,300
254,151.21078,-320.4752,680.76013,300
255,568.4578,185.52055,627.06384,300
256,292.409,-15.595878,448.4999,300
257,94.55297,-196.22855,431.27136,300
258,251.79652,-211.74286,649.3727,300
259,119.63797,-328.3742,604.4657,300
260,233.88039,-202.30347,608.2016,300
261,155.58568,-198.41379,490.2484,300
262,155.30423,-208.4247,518.39136,300
263,115.61972,-232.77643,541.1846,300
264,541.3486,159.42114,612.6673,300
265,411.393,71.61904,515.12665,300
266,245.76227,-495.88687,1103.7789,300
267,202.96822,-221.50656,607.17773,300
268,497.92682,153.54982,559.41895,300
269,570.16235,185.60979,630.8634,300
270,143.75232,-340.68317,672.6392,300
271,491.1596,153.17,548.6077,300
272,90.5244,-267.70535,493.14554,300
273,189.14723,-129.53908,446.5057,300
274,559.3081,181.24806,619.6706,300
275,120.55379,-216.93324,470.62335,300
276,188.8736,-330.01297,785.1969,300
277,345.1664,-1.4028956,499.6183,300
278,573.1278,187.67702,631.8114,300
279,109.92971,-171.49606,390.6627,300
280,316.9093,-14.097052,475.74463,300
281,639.0075,197.13705,715.4001,300
282,119.06799,-215.73299,441.30246,300
283,480.8406,147.06712,540.52856,300
284,99.32832,-262.64508,537.65857,300
285,368.04675,9.376945,518.8987,300
286,81.06646,-126.5406,309.11075,300
287,324.0196,-166.7168,683.6442,300
288,210.08342,31.058842,277.40115,300
289,212.8211,-182.26851,546.68823,300
290,98.928085,-211.76894,471.05984,300
291,577.3969,189.10497,636.9979,300
292,107.21845,-172.20668,379.0318,300
293,549.01373,173.77379,612.14105,300
294,560.9506,182.98647,619.3518,300
295,540.4436,174.09935,598.2591,300
296,289.16916,-193.38924,674.92725,300
297,78.0389,-214.72816,415.62384,300
298,538.184,171.90074,597.09424,300
299,543.4504,174.95016,603.1228,300
300,576.45514,187.8963,637.49976,300
301,425.70428,87.695915,517.5537,300
302,371.16373,-64.2415,616.73615,300
303,470.8562,76.90032,596.34686,300
304,93.24117,-266.4713,516.433,300
305,584.0747,189.7191,646.8615,300
306,511.9778,149.84937,585.4769,300
307,524.3538,160.63672,590.15955,300
308,204.85713,-389.76538,843.6755,300
309,198.143,-180.86957,507.42545,300
310,148.17747,-174.70929,423.55392,300
311,503.88824,152.4662,571.7429,300
312,87.875496,-242.48059,473.81854,300
313,125.27627,-253.38925,513.6769,300
314,94.20001,-174.32472,384.51196,300
315,109.95163,-247.9384,473.40604,300
316,99.22554,-162.5497,362.24274,300
317,541.2557,174.16193,600.63336,300
318,124.50777,-191.37888,420.37363,300
319,250.9922,-158.90782,581.73065,300
320,99.355095,-250.90517,474.76996,300
321,89.02925,-199.10025,428.1128,300
322,432.02615,86.20812,527.9549,300
323,499.87097,146.04562,566.7917,300
324,121.40563,-285.45413,621.35956,300
325,84.28245,-216.8433,442.1774,300
326,82.187546,-177.317,393.74255,300
327,571.91254,186.52422,632.214,300
328,216.93518,-46.71564,383.79346,300
329,106.8717,-322.97668,598.0681,300
330,575.9231,187.91418,635.3214,300
331,427.95584,71.11962,539.202,300
332,432.36316,100.41679,518.03265,300
333,523.90015,100.33796,651.684,300
334,573.52576,187.73186,632.93555,300
335,542.43884,175.23126,600.08466,300
336,520.75757,167.72864,576.90356,300
337,421.35086,88.332756,523.5953,300
338,312.81693,-44.713444,508.78943,300
339,148.82286,-408.94324,766.0902,300
340,260.68063,-167.08818,584.8391,300
341,602.48193,197.64099,663.8219,300
342,511.52765,123.7724,604.9748,300
343,539.67017,174.72441,596.8194,300
344,534.6675,165.42159,603.1763,300
345,605.0265,199.24864,665.8256,300
346,336.33057,-8.693027,492.8572,300
347,136.103,-102.7717,358.29846,300
348,422.30316,65.257645,535.51697,300
349,253.4794,-349.85858,843.36475,300
350,129.56818,-257.21573,542.41254,300
351,546.54645,166.1836,613.9411,300
352,96.32767,-308.45667,555.5281,300
353,244.1635,-20.564392,375.9408,300
354,211.39076,-118.98268,458.74686,300
355,396.57047,-47.707222,638.85,300
356,528.8134,162.2713,592.50964,300
357,126.56221,-293.64832,572.6161,300
358,96.28934,-295.15292,553.2566,300
359,284.3322,-179.30476,638.8558,300
360,571.4523,186.10948,632.1622,300
361,560.99884,181.02568,622.7746,300
362,255.2198,-192.66263,615.4268,300
363,114.99127,-259.6299,531.11945,300
364,461.75412,117.11026,540.0706,300
365,579.17303,188.88026,640.1118,300
366,118.2602,-204.48587,489.05646,300
367,95.8414,-186.85132,400.46375,300
368,207.0015,-239.1821,633.133,300
369,91.988785,-255.72635,499.78082,300
370,194.70154,-125.788475,474.0085,300
371,571.483,185.5295,633.12524,300
372,102.59744,-237.42513,511.51993,300
373,574.8423,187.03137,636.29785,300
374,511.64478,75.37571,661.02234,300
375,200.91986,-184.10652,526.35114,300
376,406.23285,-80.82079,693.48584,300
377,162.34985,-297.84332,678.7328,300
378,570.9435,184.56047,633.838,300
379,141.78064,-172.77333,435.13577,300
380,81.80972,-189.70763,408.7404,300
381,85.345856,-204.39317,401.07727,300
382,504.37686,151.66685,572.4676,300
383,488.8677,141.89168,555.4027,300
384,574.4599,187.64124,634.5611,300
385,130.54407,-410.33252,743.99756,300
386,576.05725,188.16791,635.4041,300
387,140.76532,-265.2804,636.7959,300
388,538.17017,154.61116,612.8823,300
389,124.84759,-369.48923,696.54333,300
390,141.61983,-320.30075,652.0595,300
391,534.10254,164.22177,600.33154,300
392,81.69852,-201.74512,397.8825,300
393,246.95001,-193.54639,612.102,300
394,208.54218,-48.12103,385.8477,300
395,166.31639,-308.8786,704.2094,300
396,74.525986,-199.01106,390.8759,300
397,260.92404,-75.64265,482.65564,300
398,579.7048,190.31091,638.83057,300
399,165.31297,-44.14503,300.9221,300
400,550.03485,176.72699,611.3472,300
401,79.825165,-198.5444,407.33905,300
402,575.2852,187.21706,635.49506,300
403,497.36145,153.02126,556.9945,300
404,542.43866,175.14789,600.3869,300
405,561.64777,180.74667,621.936,300
406,78.92702,-205.47034,404.22952,300
407,125.20402,-353.85962,655.1303,300
408,406.2752,74.21652,520.1635,300
409,541.6979,155.34268,617.67255,300
410,535.71967,167.84187,601.2182,300
411,575.73706,187.95552,636.143,300
412,91.07709,-264.08694,507.38855,300
413,134.87666,-188.37708,433.1837,300
414,499.28375,135.94815,585.3247,300
415,91.192505,-224.2108,470.8892,300
416,202.89272,-428.7848,884.34607,300
417,74.15071,-156.85619,347.7474,300
418,434.7218,80.465996,537.8627,300
419,85.87603,-230.2005,448.56616,300
420,406.58606,61.189133,534.6431,300
421,255.64178,-60.038166,445.00375,300
422,489.75867,132.14433,575.5842,300
423,88.9854,-180.52783,391.89703,300
424,315.17786,-235.48323,776.5654,300
425,445.75134,68.69245,568.3538,300
426,209.96672,-276.9739,663.09424,300
427,151.76479,-379.29596,735.56854,300
428,103.97056,-221.17732,493.03754,300
429,95.51107,-164.51213,376.35587,300
430,166.89763,-320.829,718.37354,300
431,460.73373,4.499096,671.62225,300
432,369.76233,-4.0932283,564.98804,300
433,321.1519,21.311733,445.74796,300
434,132.3856,-326.00763,659.58453,300
435,581.24994,188.53264,644.27765,300
436,527.83606,165.5964,588.2446,300
437,370.16135,34.92159,512.0306,300
438,576.72473,188.59663,636.2807,300
439,603.20715,192.62723,669.081,300
440,570.13074,185.96852,629.8731,300
441,577.36426,189.21881,636.7175,300
442,355.8968,9.757734,526.17065,300
443,121.07473,-355.55554,662.5769,300
444,80.98907,-192.6977,405.81763,300
445,197.25551,-165.06369,505.46683,300
446,93.09824,-268.42883,512.33887,300
447,470.1136,112.73276,556.08527,300
448,385.12094,-109.07986,705.95764,300
449,87.48801,-264.49646,490.54523,300
450,427.15167,79.12425,530.7193,300
451,210.22948,26.026554,289.2031,300
452,82.83752,-225.35712,431.528,300
453,568.73096,185.89882,627.85876,300
454,90.33295,-91.332954,272.2809,300
455,275.6181,-228.10945,708.2088,300
456,388.30374,-127.624176,737.21356,300
457,214.5967,-72.98952,410.0746,300
458,100.019,-222.13905,492.79843,300
459,551.7477,178.57121,611.5291,300
460,427.6136,88.77153,529.4132,300
461,575.3691,186.92131,637.3334,300
462,336.41235,-34.21389,553.5428,300
463,97.34086,-284.26877,544.1924,300
464,75.05421,-209.45432,401.52048,300
465,88.59476,-176.28096,367.6837,300
466,121.15091,-244.63565,567.1678,300
467,356.8916,13.848446,521.44543,300
468,435.06003,40.07318,584.1206,300
469,412.53488,70.95807,515.3731,300
470,347.33463,1.0181314,521.06964,300
471,337.97852,16.374506,465.63083,300
472,593.60455,194.83546,654.1951,300
473,84.86547,-249.40775,466.4076,300
474,326.6355,-13.980122,484.42456,300
475,77.45285,-199.30318,395.9203,300
476,96.9836,-258.84116,501.8735,300
477,575.9924,188.23381,636.2019,300
478,326.87692,-45.294086,525.0291,300
479,173.86649,-197.66052,528.091,300
480,551.7112,178.14348,611.7788,300
481,477.62964,135.9048,551.73175,300
482,194.19385,-73.16609,381.1499,300
483,529.4117,164.33467,591.4632,300
484,331.23337,11.908664,464.22977,300
485,82.17985,-139.29117,341.02936,300
486,512.7755,138.59802,593.28516,300
487,434.01218,47.62225,575.2801,300
488,455.5603,81.531265,568.33185,300
489,578.6614,189.23119,639.01843,300
490,96.58413,-277.70773,504.66962,300
491,96.12888,-220.01373,470.54532,300
492,319.3032,41.352867,435.8918,300
493,102.03191,-243.53352,462.6361,300
494,77.29869,-194.82446,382.09488,300
495,564.79193,184.04015,624.3855,300
496,97.738304,-282.49933,530.4044,300
497,520.8585,161.79372,582.0402,300
0,649.5848,235.02998,684.97144,350
1,136.5194,-197.40764,516.1519,350
2,565.7657,186.49898,610.8227,350
3,103.461296,-283.39398,494.11404,350
4,69.739075,-101.29027,247.06783,350
5,119.225464,-314.04935,525.50946,350
6,650.66034,235.22957,686.3391,350
7,549.0003,179.14981,594.33044,350
8,240.75162,-110.447975,473.84515,350
9,175.25049,-169.76872,428.14923,350
10,600.981,208.65834,641.37775,350
11,631.04407,227.43047,665.89844,350
12,541.55554,158.75136,601.2636,350
13,96.125755,-198.96828,368.80096,350
14,175.09839,-104.9299,373.57358,350
15,587.9913,197.17216,632.23315,350
16,660.29517,239.87254,695.14496,350
17,563.07605,185.50905,608.748,350
18,410.65668,26.098808,543.98914,350
19,99.63302,-240.30872,429.82083,350
20,571.18774,191.12335,614.17096,350
21,613.4348,219.36736,648.80273,350
22,583.2514,194.52812,632.00836,350
23,109.97398,-228.23608,493.43704,350
24,516.63477,101.98088,617.2264,350
25,611.15753,218.04866,646.7063,350
26,536.90283,166.49669,589.1222,350
27,179.25261,-140.96426,435.94617,350
28,653.93256,237.37733,688.96564,350
29,273.62363,-143.85973,537.9532,350
30,107.986176,-287.7062,494.02,350
31,466.72104,88.61158,564.092,350
32,98.26444,-259.34573,464.5869,350
33,92.4882,-182.18633,391.74216,350
34,105.70124,-235.85309,476.76886,350
35,100.1863,-110.7115,289.63058,350
36,144.13937,-313.48367,667.23944,350
37,566.8293,191.47275,608.79034,350
38,66.26186,-135.72688,280.87778,350
39,655.27856,235.76219,692.4631,350
40,495.93103,99.65087,590.184,350
41,111.548004,-243.43895,460.58755,350
42,94.24564,-232.89778,426.0306,350
43,103.05321,-233.33301,467.7465,350
44,502.5891,112.38698,588.3386,350
45,107.01896,-266.82343,496.05554,350
46,671.4201,244.92249,706.42,350
47,531.90735,161.84773,586.3648,350
48,111.8296,-159.70303,354.36313,350
49,88.61866,-182.85542,392.12646,350
50,111.95212,-194.8905,459.41486,350
51,640.3599,231.13818,675.2526,350
52,676.8942,243.79813,714.4546,350
53,125.81992,-270.3376,478.09888,350
54,569.4375,191.83025,611.33453,350
55,482.63776,97.95191,584.3999,350
56,665.8175,240.97372,702.43036,350
57,543.93256,144.18219,617.63904,350
58,103.34256,-282.139,492.12158,350
59,681.7577,249.06824,716.84344,350
60,632.96375,228.15897,667.7652,350
61,616.9124,219.99162,652.76324,350
62,556.5695,189.03456,596.1054,350
63,173.38083,-392.98846,809.7023,350
64,137.59354,-259.05768,477.974,350
65,628.34393,225.34262,663.7985,350
66,106.93485,-272.59393,502.97183,350
67,620.5661,222.58139,655.5786,350
68,666.78595,242.9116,701.646,350
69,116.56226,-246.69815,529.6146,350
70,205.2934,-25.368132,348.8619,350
71,366.29318,14.136824,508.23993,350
72,604.7689,211.97836,644.15265,350
73,225.76955,-61.066395,419.21487,350
74,663.15656,240.60796,698.9889,350
75,178.3039,-157.92429,432.4214,350
76,305.37738,-56.280445,492.15982,350
77,333.63416,-40.817516,530.34454,350
78,656.3933,237.84093,691.91473,350
79,590.40027,207.06946,627.7875,350
80,99.41474,-187.6468,410.60953,350
81,109.95684,-297.3238,530.11395,350
82,111.784645,-213.51976,481.9155,350
83,556.0982,183.21167,600.57446,350
84,360.83798,-36.87099,536.7005,350
85,635.3049,229.05667,670.36115,350
86,507.73492,143.07526,572.23175,350
87,102.675095,-256.14545,445.5485,350
88,80.34592,-133.40369,310.39508,350
89,114.56683,-217.65886,409.59528,350
90,668.60724,243.10185,704.15216,350
91,104.82021,-189.04599,428.7129,350
92,367.67487,-13.796317,529.95435,350
93,119.71845,-203.56024,477.81244,350
94,137.24112,-109.534195,372.64246,350
95,389.54044,51.494316,496.8758,350
96,144.39908,-176.80835,414.75082,350
97,92.83488,-185.8948,394.91867,350
98,91.33688,-142.69194,344.44583,350
99,701.8854,255.55185,739.2793,350
100,592.05176,200.87474,637.391,350
101,565.2711,192.49574,605.2101,350
102,171.60916,-299.12357,578.9741,350
103,549.67725,166.81332,610.3141,350
104,239.75917,-76.9878,413.25632,350
105,628.35876,215.21747,675.98566,350
106,104.8698,-120.02285,339.57184,350
107,114.08499,-194.17284,457.08405,350
108,460.5424,40.118008,598.4888,350
109,579.9651,199.05907,619.4513,350
110,120.02586,-251.67728,545.05505,350
111,100.66015,-243.42024,468.1926,350
112,309.10382,-121.237,553.158,350
113,445.04962,65.59264,552.2478,350
114,485.1621,105.39683,569.6822,350
115,674.16907,245.62364,709.592,350
116,237.00047,-143.68602,486.7779,350
117,622.5974,220.34567,661.41547,350
118,108.05001,-287.3561,483.0179,350
119,101.95715,-274.54294,488.21634,350
120,632.1753,227.02483,667.4796,350
121,112.82421,-162.43985,370.13916,350
122,108.86323,-181.6436,430.69983,350
123,281.85428,18.387573,379.34308,350
124,131.40002,-161.70245,372.1536,350
125,116.24359,-284.1396,553.9246,350
126,109.409225,-189.60367,446.94522,350
127,102.01527,-226.14627,450.48694,350
128,151.0909,-200.16902,431.513,350
129,480.17758,100.36507,571.7587,350
130,140.66606,-276.977,626.7972,350
131,667.0997,242.65807,702.4974,350
132,165.66164,-244.66968,499.49902,350
133,104.75423,-214.09195,460.78473,350
134,73.72982,-136.5786,297.60397,350
135,108.54135,-223.72693,475.7255,350
136,239.17331,-159.60081,504.41037,350
137,133.73969,-267.9329,599.3242,350
138,63.156757,-103.63383,241.30551,350
139,537.79626,158.56921,596.61444,350
140,689.0841,251.47302,724.8874,350
141,109.53827,-228.30388,487.56598,350
142,141.91473,-265.54468,618.82733,350
143,94.98997,-101.92118,285.8844,350
144,640.3295,231.92519,674.79626,350
145,661.3844,238.93303,698.14703,350
146,314.58862,-2.6761303,441.4385,350
147,116.251144,-145.06999,335.72723,350
148,550.82605,185.52318,591.1789,350
149,175.25877,-222.59418,505.14438,350
150,585.3073,195.6333,631.1001,350
151,96.69193,-156.78148,373.07382,350
152,167.45729,-202.37457,458.52695,350
153,266.2303,-12.238343,389.93228,350
154,76.26592,-116.157455,283.19122,350
155,213.08394,-125.21457,426.91687,350
156,76.60596,-163.64156,337.39648,350
157,544.60077,157.18251,607.8224,350
158,620.56,221.05214,656.5052,350
159,106.04908,-252.70964,491.64868,350
160,450.06458,91.6837,535.3435,350
161,686.88727,250.18546,723.27594,350
162,447.9067,56.456467,566.9233,350
163,303.876,-63.73564,485.68857,350
164,108.09496,-200.87862,451.84708,350
165,80.53738,-136.637,314.91718,350
166,98.55305,-181.31998,409.98447,350
167,114.6672,-205.58829,469.17804,350
168,107.91414,-141.42023,349.9719,350
169,641.19,231.31136,676.21234,350
170,576.1696,186.26231,626.6723,350
171,612.1361,218.513,647.44946,350
172,370.9581,38.64561,482.36945,350
173,107.39259,-293.5,519.47205,350
174,176.33612,-324.51138,765.4663,350
175,107.04416,-235.67679,489.86902,350
176,522.7673,140.81427,590.78546,350
177,593.4592,208.37704,630.2453,350
178,150.57092,-150.77426,390.69138,350
179,423.91125,58.048508,531.70087,350
180,138.67754,-246.14064,588.58167,350
181,569.42126,181.1184,623.1719,350
182,319.71457,-87.673035,542.8654,350
183,145.04019,-217.22403,445.1246,350
184,615.27264,221.01276,649.68115,350
185,130.41891,-134.2882,356.44748,350
186,574.82837,198.65707,613.1962,350
187,99.662704,-250.92352,457.85593,350
188,247.16484,-103.57792,448.5311,350
189,100.31198,-241.33862,460.99417,350
190,97.70254,-235.57343,447.59406,350
191,151.80856,-235.17935,475.00388,350
192,455.55157,71.143486,563.57245,350
193,261.67462,-60.87168,426.41397,350
194,101.38184,-211.65591,389.36823,350
195,495.74707,159.19713,545.5738,350
196,644.9505,232.0451,681.2209,350
197,81.92501,-151.94644,313.68048,350
198,122.80158,-201.25629,488.465,350
199,109.46382,-237.78294,495.07626,350
200,135.4969,-136.41888,357.34268,350
201,154.70618,-73.82809,310.40466,350
202,108.183655,-239.04132,436.73923,350
203,117.70716,-267.2259,548.27795,350
204,315.43918,-20.276997,475.77634,350
205,92.425644,-121.16203,325.18604,350
206,725.01337,266.33078,761.35046,350
207,103.48971,-217.42505,397.94547,350
208,610.12976,212.50421,649.15295,350
209,105.09692,-274.54416,504.86856,350
210,504.02814,118.434105,597.3746,350
211,139.1743,-216.24564,439.7193,350
212,207.27383,-90.65765,386.48306,350
213,624.33185,222.93633,660.1277,350
214,535.14905,160.18959,591.2508,350
215,102.79592,-192.69757,432.12372,350
216,658.67957,239.51266,693.5229,350
217,455.59158,47.732353,583.5268,350
218,179.71417,-18.99082,292.96356,350
219,472.37857,96.33877,570.78516,350
220,418.90042,48.655518,544.84326,350
221,149.81046,-185.89714,439.55353,350
222,124.8711,-189.97952,478.17725,350
223,79.60001,-123.22631,299.34775,350
224,605.13306,208.87616,645.45966,350
225,450.86426,50.335716,574.6344,350
226,105.274,-218.82828,420.85657,350
227,160.03204,-253.59343,518.656,350
228,107.76344,-270.31256,495.673,350
229,180.73682,-434.58542,851.3329,350
230,189.54245,-157.28967,441.77396,350
231,262.75082,-7.003273,378.6008,350
232,585.32513,196.5527,629.04236,350
233,638.32886,228.52316,674.6434,350
234,94.51988,-152.28238,331.52783,350
235,138.70145,-268.75,613.4853,350
236,108.23231,-270.13028,461.4444,350
237,102.84162,-225.47002,468.0025,350
238,305.61493,-81.21356,513.8213,350
239,171.32372,-87.93028,341.92023,350
240,109.59043,-243.21164,504.0255,350
241,133.83534,-81.18213,301.53427,350
242,97.105125,-245.14122,425.1345,350
243,111.184074,-308.7045,544.8324,350
244,116.35426,-212.47078,488.5837,350
245,100.132286,-260.6219,470.35394,350
246,112.685036,-290.0927,543.9215,350
247,529.0847,139.55756,600.43494,350
248,110.45136,-230.29565,479.89584,350
249,141.60416,-320.38348,664.5657,350
250,278.46182,-67.67364,458.56702,350
251,125.69022,-312.30157,539.4564,350
252,497.89542,130.32098,568.13995,350
253,462.29398,81.95998,568.60004,350
254,113.51409,-230.46336,508.04535,350
255,573.8774,199.1802,611.74084,350
256,261.9136,-76.386826,470.0981,350
257,110.09993,-190.99283,442.15753,350
258,108.06801,-281.74692,521.9708,350
259,105.52438,-279.24167,495.84494,350
260,104.065186,-242.36702,424.59082,350
261,301.78247,-73.08682,532.1005,350
262,120.4196,-120.90104,349.03323,350
263,128.4657,-213.62454,526.84735,350
264,410.7652,3.6383774,567.18005,350
265,609.36115,215.46904,646.63727,350
266,190.99997,-373.99487,847.8654,350
267,123.106766,-291.27847,582.7172,350
268,579.56165,196.05696,623.3386,350
269,647.51636,234.33286,682.82117,350
270,112.560814,-293.41458,523.9259,350
271,536.7183,167.09578,589.71423,350
272,104.377846,-239.1118,428.96738,350
273,276.46164,-74.297745,461.0281,350
274,512.0744,115.05118,615.23096,350
275,105.84468,-230.21791,469.25842,350
276,138.4777,-285.85284,627.80524,350
277,336.24374,-10.127189,476.3875,350
278,590.92163,204.3942,629.8517,350
279,116.597015,-228.17302,514.31995,350
280,506.28302,131.13136,584.9182,350
281,305.75687,22.60283,404.67572,350
282,90.35516,-228.70667,403.23187,350
283,518.8,152.21259,577.6424,350
284,141.21388,-254.88632,605.3061,350
285,536.3733,164.78088,589.54065,350
286,308.30472,42.33408,391.5896,350
287,103.43121,-281.3156,487.22583,350
288,533.84625,151.21646,598.9566,350
289,106.85175,-295.06763,509.1806,350
290,121.95863,-187.11284,469.10077,350
291,653.9727,237.50395,688.84686,350
292,94.573,-205.12086,374.62936,350
293,663.5159,239.66028,700.1853,350
294,624.87787,224.3554,660.09125,350
295,587.7001,201.33028,629.21173,350
296,472.61432,67.84602,589.1504,350
297,105.60952,-231.84503,465.0082,350
298,523.26556,166.29478,571.2428,350
299,619.2436,218.65485,657.9134,350
300,676.1234,246.51328,711.5365,350
301,472.59778,104.36371,559.41376,350
302,531.3988,155.73685,589.8655,350
303,346.55634,-86.171265,571.15356,350
304,94.9543,-208.54189,421.24228,350
305,674.74054,242.29063,713.85,350
306,616.9253,214.90694,658.0412,350
307,667.2012,238.54955,706.89154,350
308,138.15205,-322.9526,654.1634,350
309,524.7614,163.74797,575.1476,350
310,337.58484,-79.502846,545.6818,350
311,622.42957,219.77498,661.69244,350
312,109.45613,-199.6898,449.70312,350
313,87.52264,-221.84193,398.2729,350
314,113.552055,-177.08768,432.51187,350
315,140.97029,-182.30893,400.3132,350
316,75.070984,-168.34122,324.1371,350
317,628.95404,225.26797,665.1816,350
318,414.06552,14.517621,559.1614,350
319,229.23422,15.755238,316.77344,350
320,101.05729,-263.05106,451.0897,350
321,113.16096,-248.07372,517.7632,350
322,375.59393,-15.456371,535.1537,350
323,509.0788,113.686615,595.32574,350
324,112.58921,-223.37611,494.8183,350
325,112.645164,-207.16103,471.92783,350
326,95.22242,-172.4346,391.8107,350
327,642.85254,232.5323,677.89233,350
328,88.8978,-140.77191,333.01227,350
329,100.87947,-272.99814,481.53812,350
330,570.0446,191.67915,612.34216,350
331,207.04626,-75.156006,368.74054,350
332,622.0269,214.16055,666.81036,350
333,455.80164,68.36026,566.37134,350
334,627.0264,225.90712,661.506,350
335,581.4014,194.47083,629.14056,350
336,548.29346,181.89845,591.57916,350
337,502.02197,132.49097,572.2845,350
338,307.89636,-70.05146,504.45667,350
339,103.464935,-280.9021,489.1794,350
340,105.69023,-249.6577,479.18436,350
341,685.57715,247.79709,723.7258,350
342,606.98334,210.78714,646.5936,350
343,667.2565,241.45682,703.81805,350
344,628.10406,221.93378,667.7501,350
345,645.97235,226.92712,686.8732,350
346,77.91405,-159.5734,325.35922,350
347,336.47586,58.92991,428.9563,350
348,529.1628,150.34227,592.324,350
349,118.02268,-322.57733,568.6535,350
350,115.6328,-205.4366,407.19446,350
351,476.83994,105.895004,560.2726,350
352,101.49002,-233.02295,458.52975,350
353,96.044975,-229.05771,423.22498,350
354,98.29255,-249.11108,449.54065,350
355,91.83717,-181.82169,348.25632,350
356,294.7088,-68.57434,481.6628,350
357,104.01218,-271.29456,497.4581,350
358,110.97258,-220.62276,480.94424,350
359,397.13715,-38.72864,591.9295,350
360,621.9977,223.17953,657.04663,350
361,648.7277,234.02316,684.81805,350
362,320.05603,-97.047,549.1783,350
363,116.09857,-248.70654,529.4126,350
364,609.7202,212.09079,649.90704,350
365,689.28156,251.88362,724.93463,350
366,205.99553,-51.047653,376.1952,350
367,395.57675,55.176434,515.84656,350
368,138.7058,-229.81285,469.9264,350
369,110.801155,-239.37886,493.51443,350
370,105.03124,-242.52304,481.03415,350
371,666.82635,241.55695,703.1968,350
372,112.51973,-227.90163,501.29248,350
373,656.3732,238.26067,691.5266,350
374,94.68018,-223.7623,402.94098,350
375,96.29077,-242.16508,420.89734,350
376,302.7652,-147.07355,576.91766,350
377,141.99585,-290.1896,641.99945,350
378,681.2922,247.24077,718.3899,350
379,208.24681,-47.51154,344.4983,350
380,124.939644,-28.607157,237.8366,350
381,92.27783,-207.15266,405.25473,350
382,530.9472,150.76363,600.5816,350
383,533.4385,143.83018,602.71216,350
384,643.88403,233.01039,678.55884,350
385,117.79253,-307.67453,574.057,350
386,564.1551,187.15747,610.6199,350
387,152.89638,-244.32327,616.8576,350
388,601.8868,207.61757,642.60724,350
389,104.35303,-247.56396,483.1953,350
390,105.988945,-242.35654,490.87817,350
391,566.8373,182.20097,618.893,350
392,112.57293,-233.15927,503.28955,350
393,106.14377,-280.34802,479.16602,350
394,100.54728,-217.01662,408.8755,350
395,148.99678,-294.25778,663.82416,350
396,114.68063,-214.24702,488.38867,350
397,395.92963,0.9682653,570.9874,350
398,632.25226,228.41925,666.5436,350
399,313.7134,-27.024471,464.114,350
400,623.63617,222.962,659.7881,350
401,111.9742,-198.84888,459.0223,350
402,671.0696,243.59895,707.2039,350
403,593.2931,208.96939,629.5784,350
404,583.8062,201.78934,622.50964,350
405,605.1273,198.80562,659.2424,350
406,111.63007,-243.08162,510.66806,350
407,114.58396,-284.3663,489.41672,350
408,461.94238,80.76375,572.50793,350
409,394.69852,-34.004616,583.4144,350
410,597.255,204.90482,641.41345,350
411,652.8617,236.82509,687.8471,350
412,98.39365,-221.08719,443.79083,350
413,93.025314,-238.6856,428.71432,350
414,517.3929,137.63866,592.1866,350
415,112.49591,-229.47786,500.20193,350
416,146.91907,-356.3324,700.25,350
417,103.48983,-192.35094,436.71906,350
418,475.33884,143.30026,527.6262,350
419,242.92484,-70.40964,429.6842,350
420,594.4454,200.21738,642.2098,350
421,145.61401,-144.80806,373.2559,350
422,643.3362,232.25838,678.42554,350
423,92.83737,-181.40332,367.34488,350
424,114.33844,-310.3423,558.51935,350
425,549.31805,171.879,601.8982,350
426,136.50737,-289.32248,519.00745,350
427,108.897835,-275.43124,521.3411,350
428,115.77324,-196.51279,465.59766,350
429,111.16454,-183.30475,433.66272,350
430,153.99025,-289.2583,673.2423,350
431,412.61343,-18.898962,597.1984,350
432,124.618256,-191.20815,414.12817,350
433,90.57935,-158.75684,352.62155,350
434,122.30647,-261.06372,559.74445,350
435,688.39166,249.91722,725.7262,350
436,527.53015,133.9527,603.3146,350
437,296.51022,-72.4076,516.8056,350
438,621.664,221.25401,657.8447,350
439,504.89175,123.8708,582.8238,350
440,588.9516,203.91792,627.783,350
441,655.2621,238.0786,689.8358,350
442,351.9234,2.9568422,516.7916,350
443,108.86515,-300.51434,520.3465,350
444,99.25866,-204.42076,425.2273,350
445,368.7703,-19.10717,563.4469,350
446,109.511505,-250.66504,501.6818,350
447,332.59128,-32.178024,494.74124,350
448,430.23367,9.909437,589.14496,350
449,97.276634,-225.34676,437.8791,350
450,138.83363,-168.19455,382.31067,350
451,472.601,116.996216,545.00946,350
452,107.1746,-187.30981,430.80734,350
453,581.8203,202.67947,618.9923,350
454,498.37585,114.24179,593.9955,350
455,167.32707,-248.14354,527.4717,350
456,156.70914,-233.10484,477.61563,350
457,123.20851,-138.97765,355.40387,350
458,107.389175,-209.2632,469.50287,350
459,546.8829,181.59532,592.1036,350
460,488.29218,106.24095,577.37885,350
461,652.2098,236.03957,687.7376,350
462,87.177765,-191.2426,393.90048,350
463,112.74837,-228.39883,497.6632,350
464,83.933044,-197.8352,363.883,350
465,127.00794,-171.30074,383.47086,350
466,147.04076,-234.30775,591.2911,350
467,233.32971,-88.04028,442.09503,350
468,348.98935,-42.290142,527.6833,350
469,510.30252,143.45586,574.696,350
470,421.4902,63.28485,524.67346,350
471,584.6435,190.8434,637.59186,350
472,617.7935,218.49437,654.73883,350
473,102.04673,-226.20271,449.03793,350
474,196.7524,-51.088028,343.1651,350
475,98.33313,-201.75226,426.10733,350
476,224.05612,-119.02044,445.9255,350
477,655.2319,238.24564,689.85815,350
478,548.956,175.34427,597.4688,350
479,97.02148,-236.77669,452.80167,350
480,618.3493,221.48877,653.91626,350
481,582.73236,191.75479,633.9532,350
482,104.25545,-242.70659,477.05338,350
483,452.757,85.07613,545.42804,350
484,469.23273,90.56305,563.4466,350
485,114.453766,-235.50006,515.68774,350
486,343.00266,-95.43612,573.9252,350
487,518.9955,138.6022,587.37994,350
488,341.3737,48.696327,430.3094,350
489,630.2787,226.35246,665.4586,350
490,111.857056,-245.50072,511.75058,350
491,99.05475,-217.88776,407.67316,350
492,434.58444,131.93575,481.23132,350
493,279.5723,-67.73922,456.9155,350
494,293.65378,-50.619713,484.7733,350
495,619.6904,221.70943,655.1643,350
496,108.73987,-215.21437,477.05557,350
497,547.3239,176.19055,595.8401,350
0,684.9898,279.7325,738.72534,400
1,138.09248,-172.70374,495.6147,400
2,681.4147,276.01657,734.81494,400
3,104.13,-267.324,502.77435,400
4,135.96748,-183.88095,451.1888,400
5,119.206,-344.5242,557.2148,400
6,401.49197,21.857828,579.25586,400
7,400.7882,13.985607,581.59125,400
8,90.74641,-201.52222,400.1012,400
9,101.994865,-255.38864,473.97614,400
10,350.11862,-43.153843,576.5792,400
11,656.5242,262.631,710.75073,400
12,520.1179,143.26633,615.2996,400
13,104.36992,-198.9231,440.8296,400
14,115.90874,-189.24695,434.19376,400
15,585.32135,210.60306,654.5926,400
16,720.80664,297.9675,774.6262,400
17,452.04123,83.2638,585.3629,400
18,587.2129,157.1725,691.9201,400
19,103.53213,-229.27632,462.6439,400
20,592.8104,204.0841,664.1795,400
21,695.17267,285.04633,748.6598,400
22,478.5961,96.28576,625.6923,400
23,130.08058,-189.90733,511.19412,400
24,341.31607,-76.81419,555.25934,400
25,639.35913,252.50746,698.31726,400
26,366.1439,-14.934688,538.4325,400
27,198.66481,-185.82666,522.21246,400
28,686.8741,277.33194,746.8619,400
29,752.47455,304.80753,810.3061,400
30,102.09799,-250.61217,483.2809,400
31,304.27695,-75.73215,514.3968,400
32,108.14286,-266.52002,519.82684,400
33,141.67705,-183.151,484.01538,400
34,112.41914,-225.53297,499.3817,400
35,194.46712,-145.51617,485.42896,400
36,133.14586,-321.21906,637.9141,400
37,373.3023,-27.332607,595.50543,400
38,135.03427,-179.52782,458.1406,400
39,1112.3444,501.66803,1183.9738,400
40,467.35583,80.46919,592.91315,400
41,94.79561,-196.8184,414.69165,400
42,113.74186,-203.39804,478.7429,400
43,109.384895,-180.21927,434.53128,400
44,665.0018,263.97287,720.18036,400
45,113.14451,-211.72598,487.05573,400
46,708.1123,291.42517,762.8556,400
47,428.85306,48.226654,569.6357,400
48,126.12661,-185.9086,459.62952,400
49,130.01215,-175.91838,461.1518,400
50,132.06233,-175.03375,454.91846,400
51,688.904,280.4612,742.3544,400
52,586.7277,197.40353,683.3752,400
53,106.38814,-300.41592,506.91666,400
54,703.00433,289.38513,755.8257,400
55,155.99301,-189.30205,469.3326,400
56,669.17523,270.99097,723.73413,400
57,583.11316,205.99976,650.6642,400
58,101.7484,-219.17952,457.6129,400
59,635.8646,246.06966,702.1501,400
60,668.0499,269.88434,723.4246,400
61,661.8082,266.08853,716.17487,400
62,683.3857,278.7479,737.0273,400
63,165.56288,-280.096,698.18,400
64,104.99602,-277.77087,505.08228,400
65,586.50464,211.77856,653.1894,400
66,106.90242,-212.53497,471.94833,400
67,694.6727,284.8421,748.18286,400
68,719.58264,297.08023,773.6529,400
69,109.750244,-189.61806,453.52914,400
70,165.67795,-183.48654,517.9562,400
71,190.20479,-175.27983,493.6979,400
72,616.35284,235.2623,682.21783,400
73,362.8211,-65.638916,641.14044,400
74,576.5487,203.73308,656.70795,400
75,98.565475,-243.64499,457.0733,400
76,398.9943,34.41713,572.4121,400
77,155.78735,-193.61317,480.56076,400
78,704.5305,289.30908,759.42255,400
79,388.8678,14.2771845,545.3994,400
80,128.91946,-176.11554,454.06183,400
81,110.872116,-282.67197,536.59485,400
82,128.6804,-196.96265,517.70276,400
83,385.36655,-6.9380827,563.7954,400
84,332.12637,-47.091496,537.17096,400
85,636.0867,247.1025,693.5527,400
86,395.21124,10.545509,576.8089,400
87,100.910736,-207.47664,443.79248,400
88,141.28873,-177.14131,479.7395,400
89,107.348694,-192.61115,434.67123,400
90,640.30676,252.49171,699.788,400
91,125.51688,-182.36084,446.76416,400
92,248.70741,-66.362755,449.25818,400
93,105.02296,-204.15776,448.14297,400
94,162.85817,-173.94934,505.24585,400
95,156.26955,-184.03178,468.0928,400
96,103.828354,-201.58086,441.28165,400
97,124.7837,-168.83762,464.48355,400
98,120.28258,-173.13861,447.5083,400
99,699.04626,285.3959,755.5322,400
100,458.40955,70.052185,621.298,400
101,595.5207,221.16667,661.75037,400
102,137.11578,-380.4339,635.7107,400
103,467.9119,91.45924,608.7058,400
104,436.6502,58.253593,593.21747,400
105,550.1128,164.07028,664.95416,400
106,185.33649,-139.48015,453.33627,400
107,125.51274,-171.05563,470.57596,400
108,163.18991,-267.91846,508.3766,400
109,602.6398,216.8113,668.59467,400
110,125.12146,-220.93031,534.098,400
111,111.59081,-192.68102,464.85254,400
112,176.4504,-226.8258,478.80728,400
113,527.21765,159.33087,627.4209,400
114,500.3214,92.31345,623.64636,400
115,687.72766,280.7613,742.12146,400
116,100.1721,-239.62123,439.369,400
117,636.2427,249.02292,692.3153,400
118,109.183975,-314.09683,497.86502,400
119,96.357216,-226.2352,444.00967,400
120,624.0815,229.8468,687.9385,400
121,116.65053,-175.99815,437.22702,400
122,129.71452,-173.88693,453.82474,400
123,162.73921,-154.54788,450.70105,400
124,98.75489,-225.38173,443.3401,400
125,118.700676,-252.52379,545.89307,400
126,117.67423,-179.34929,459.69522,400
127,110.51203,-240.93973,507.15317,400
128,125.22439,-186.88995,442.86197,400
129,160.77231,-185.08592,460.258,400
130,141.8793,-213.42137,569.7822,400
131,711.68475,293.25476,766.0309,400
132,129.32019,-331.92792,541.5117,400
133,134.00113,-186.34471,516.6034,400
134,145.43462,-184.05908,474.3697,400
135,145.95299,-184.17009,470.8386,400
136,150.71213,-220.37878,452.85028,400
137,142.04237,-199.92346,553.59503,400
138,140.87106,-183.62381,455.30362,400
139,696.0326,285.11084,748.6461,400
140,694.93195,282.61752,749.0849,400
141,104.683655,-209.48155,447.4205,400
142,146.7819,-211.14587,578.6057,400
143,137.93996,-172.21211,463.70407,400
144,715.4126,295.52228,768.9358,400
145,607.62854,223.68562,684.583,400
146,193.6503,-179.49902,502.98636,400
147,241.89763,-147.05637,514.18475,400
148,575.9294,207.16345,642.2982,400
149,96.491875,-248.51613,455.8162,400
150,307.40564,-46.54062,517.561,400
151,124.83324,-176.84212,448.23935,400
152,380.4143,-2.968707,544.2895,400
153,132.05873,-181.92274,450.8953,400
154,143.05563,-180.52365,482.1816,400
155,114.235664,-254.50327,443.806,400
156,142.5343,-179.56769,477.8099,400
157,400.77997,16.43782,582.4704,400
158,702.56036,288.85672,756.09314,400
159,104.275085,-273.43936,504.03268,400
160,131.38167,-183.58969,439.97604,400
161,708.9695,290.02457,766.0131,400
162,154.93513,-199.46411,454.3738,400
163,159.19818,-203.69534,462.7848,400
164,129.41833,-168.89702,463.75525,400
165,131.40117,-177.42375,451.22873,400
166,137.42485,-178.92393,470.8319,400
167,125.68311,-232.41008,548.2945,400
168,132.07547,-177.27809,455.03687,400
169,664.03076,266.49277,718.32635,400
170,448.83514,62.30911,593.8076,400
171,701.9036,288.14365,756.43286,400
172,108.50963,-192.57222,442.7064,400
173,96.73018,-251.93704,455.27225,400
174,195.11517,-320.38483,818.59283,400
175,126.84073,-185.56927,498.19376,400
176,122.68463,-269.83405,468.41937,400
177,644.27673,251.19673,701.5417,400
178,97.936295,-217.37135,439.15747,400
179,200.169,-135.82474,466.8566,400
180,149.10524,-206.16977,576.7699,400
181,470.89786,95.769356,602.87006,400
182,99.67851,-272.71774,465.29126,400
183,103.73788,-297.6324,506.17395,400
184,685.8844,280.64365,739.51636,400
185,117.76832,-208.85121,436.48706,400
186,620.63306,236.74826,680.0435,400
187,112.365395,-179.88562,436.49606,400
188,148.52887,-246.48497,478.61978,400
189,120.11981,-207.0823,452.8286,400
190,119.63484,-182.52122,436.88354,400
191,118.28438,-282.9855,479.48087,400
192,115.93248,-195.8497,426.0996,400
193,449.72433,60.93401,598.18524,400
194,113.94817,-191.68347,443.3559,400
195,612.5425,194.93828,735.12616,400
196,591.11285,216.32027,657.82263,400
197,124.04998,-185.1691,443.26273,400
198,124.35702,-182.14476,482.86145,400
199,109.10157,-268.90945,523.0314,400
200,139.029,-218.08829,476.03226,400
201,154.32944,-183.6028,465.2123,400
202,106.6523,-233.57716,491.06247,400
203,116.48333,-249.3102,534.19257,400
204,179.4485,-185.34293,490.00406,400
205,156.95898,-181.65001,528.33795,400
206,708.7716,287.7505,768.9515,400
207,106.48812,-207.77,445.1256,400
208,498.55524,119.65061,607.1358,400
209,103.2388,-249.02576,485.5269,400
210,483.5977,107.17435,619.03625,400
211,115.577995,-224.31549,456.2019,400
212,110.18789,-177.29848,433.0042,400
213,577.0759,207.88837,645.5634,400
214,434.10233,41.428066,587.9688,400
215,113.65738,-174.65656,442.40234,400
216,703.33246,289.30188,757.00714,400
217,261.21225,-86.7604,474.33682,400
218,347.43713,-22.460848,547.8072,400
219,281.65536,-94.086555,545.6532,400
220,403.98227,3.6076615,609.9921,400
221,111.80476,-183.06139,440.4316,400
222,127.40632,-173.93779,471.39386,400
223,147.23158,-179.41168,490.1206,400
224,644.9669,249.89049,702.8516,400
225,189.15523,-229.07718,503.43484,400
226,101.17241,-241.14523,471.7907,400
227,108.44542,-271.87006,465.00385,400
228,102.37928,-247.7508,476.07535,400
229,194.60149,-424.8662,883.2417,400
230,181.90758,-159.93613,461.81174,400
231,169.56621,-175.51477,480.10947,400
232,678.94086,274.60867,733.4762,400
233,661.73334,265.78406,717.3304,400
234,165.57018,-172.27539,480.0205,400
235,125.77985,-225.30228,541.1881,400
236,108.5509,-326.54678,530.8948,400
237,115.839134,-204.5781,487.58734,400
238,246.49718,-138.12653,491.0739,400
239,175.83006,-179.56216,487.25327,400
240,123.01536,-212.61217,519.73456,400
241,154.86867,-179.74031,454.81067,400
242,102.17237,-251.2794,470.71814,400
243,104.97235,-269.16437,507.05118,400
244,116.2415,-189.8692,473.26608,400
245,108.05389,-267.12772,516.7515,400
246,114.88674,-275.12582,548.26337,400
247,545.6307,166.50443,627.29724,400
248,109.15671,-247.92648,504.3234,400
249,129.90216,-253.19635,581.034,400
250,110.78012,-215.6405,452.17606,400
251,111.36827,-303.58536,519.8277,400
252,448.86847,65.17553,597.41846,400
253,308.98825,-92.40206,575.24567,400
254,153.22218,-204.62915,583.25775,400
255,606.03094,222.67902,680.46234,400
256,203.67172,-183.9758,519.58,400
257,120.219154,-173.77333,444.51273,400
258,100.28215,-234.88873,466.40424,400
259,102.28087,-228.1375,464.02115,400
260,99.735855,-241.09705,448.77383,400
261,158.68602,-197.39062,484.40836,400
262,143.76509,-172.68507,468.13898,400
263,172.65916,-216.00842,638.46027,400
264,236.95323,-136.53041,480.47668,400
265,362.18127,-32.1059,575.91205,400
266,230.27164,-337.36734,917.27716,400
267,119.819374,-264.03876,557.7566,400
268,396.19757,-5.73976,608.4025,400
269,683.1119,278.4863,736.9099,400
270,99.278595,-236.8918,466.06628,400
271,245.89261,-157.07841,527.4135,400
272,97.79326,-263.37836,443.03723,400
273,109.72146,-205.2657,447.94934,400
274,412.77316,1.0925481,633.40265,400
275,121.11246,-194.17847,490.31165,400
276,138.20317,-202.44829,547.6364,400
277,187.12718,-216.36737,492.7172,400
278,701.6523,288.75592,754.7452,400
279,107.14191,-200.7227,456.9108,400
280,101.94791,-235.50075,465.2866,400
281,387.93744,14.941903,560.1845,400
282,102.88519,-199.54015,439.39386,400
283,490.7684,120.247086,609.5238,400
284,158.8934,-239.91833,641.47107,400
285,291.69073,-110.18463,518.38446,400
286,140.3237,-179.75397,463.91388,400
287,102.033005,-270.29404,490.39816,400
288,295.59756,-69.353966,536.5873,400
289,102.92769,-270.41983,491.81534,400
290,118.292206,-179.71675,457.72812,400
291,706.6676,290.72894,760.5212,400
292,115.147606,-178.10628,440.95035,400
293,650.4845,257.7685,710.46405,400
294,648.7445,258.9273,703.3783,400
295,488.27243,102.1336,634.4065,400
296,128.63997,-261.23975,476.11642,400
297,111.33381,-185.98532,450.8985,400
298,335.74353,-62.847847,535.2639,400
299,677.5342,275.14893,731.7499,400
300,714.9941,295.33786,768.5787,400
301,402.09158,16.385284,588.93274,400
302,326.61386,-63.311775,521.80963,400
303,192.34532,-253.67833,538.61743,400
304,115.070435,-178.16049,443.12064,400
305,500.9164,118.63574,635.9463,400
306,482.2676,94.12152,633.41266,400
307,568.9089,191.20616,660.2072,400
308,121.05257,-263.31393,563.55273,400
309,180.04114,-196.77971,477.23715,400
310,108.203514,-214.86678,437.7752,400
311,545.5124,182.41171,627.9779,400
312,110.626335,-192.57147,454.92404,400
313,99.00046,-236.26913,460.78705,400
314,109.10998,-194.53473,442.05374,400
315,105.81157,-273.1217,464.58597,400
316,136.3644,-188.9703,454.8142,400
317,589.5498,216.36752,660.3291,400
318,113.32953,-265.4316,472.1447,400
319,139.70338,-180.98352,480.69754,400
320,104.29459,-221.84131,447.65775,400
321,122.80845,-191.95035,494.77805,400
322,402.60635,19.565727,569.86865,400
323,606.5527,228.87854,670.8602,400
324,131.00401,-184.3928,504.5941,400
325,122.58006,-172.32272,463.7588,400
326,126.85984,-176.27086,481.37997,400
327,710.56384,292.9117,764.4969,400
328,140.00443,-175.50546,459.76373,400
329,113.171455,-243.70117,520.3481,400
330,706.2975,291.10266,758.95087,400
331,163.24933,-169.27045,444.52747,400
332,216.26178,-152.66063,515.6855,400
333,132.40526,-264.7771,475.6707,400
334,701.3307,288.5057,754.42865,400
335,329.79907,-72.06742,574.80835,400
336,565.0956,196.80946,639.76215,400
337,181.9936,-161.34978,481.3332,400
338,106.090836,-212.8031,432.07825,400
339,106.96409,-254.79832,502.1755,400
340,105.807945,-237.5068,486.29208,400
341,387.24255,-10.776703,602.5915,400
342,639.46936,249.97612,700.4666,400
343,628.3766,244.39606,688.0904,400
344,584.4532,204.393,669.32965,400
345,580.50934,211.129,643.755,400
346,106.9495,-187.6043,436.33405,400
347,155.79196,-178.05211,502.666,400
348,446.5763,70.98882,591.1895,400
349,130.62245,-310.39725,620.9512,400
350,106.919624,-207.59303,462.91177,400
351,554.80585,183.02896,633.8695,400
352,103.8661,-246.60507,487.36414,400
353,107.527855,-213.03741,468.82016,400
354,101.33597,-214.62549,446.1435,400
355,237.76608,-150.1129,485.8747,400
356,290.07516,-68.28156,495.81802,400
357,104.78939,-222.59123,472.78296,400
358,108.69561,-201.3472,461.6327,400
359,103.629295,-289.82553,478.2672,400
360,670.94763,271.09897,724.60864,400
361,687.6074,279.94308,743.7327,400
362,126.74285,-296.99362,493.3229,400
363,120.428474,-208.7127,507.29303,400
364,355.5484,-25.36552,567.6537,400
365,727.26056,301.12494,781.3609,400
366,149.41711,-177.29512,501.5956,400
367,134.14703,-175.57286,500.53778,400
368,93.561554,-230.61107,422.3742,400
369,106.64466,-220.25519,473.73245,400
370,110.68956,-187.89777,452.40234,400
371,701.21893,287.54282,756.3095,400
372,116.66795,-186.38925,468.20206,400
373,682.08417,278.16382,735.85815,400
374,99.68289,-269.59924,467.40402,400
375,103.60872,-251.50682,461.21973,400
376,470.7231,38.369938,632.90216,400
377,172.91324,-276.3232,713.4509,400
378,573.51807,194.63333,664.9574,400
379,132.50464,-189.35014,462.43155,400
380,134.70984,-184.76973,514.82086,400
381,111.82536,-211.44208,455.54553,400
382,476.09915,103.961525,606.73114,400
383,545.41766,157.1454,633.56506,400
384,699.9291,287.91608,753.2351,400
385,119.80845,-329.02722,601.4528,400
386,557.0786,183.42592,649.6246,400
387,192.98973,-249.5586,729.18744,400
388,553.98834,183.82791,635.2216,400
389,117.44633,-214.85287,506.06165,400
390,113.43504,-222.71591,502.24432,400
391,359.4973,-42.062416,593.7152,400
392,109.27756,-200.29565,463.82883,400
393,98.942924,-252.46535,465.6529,400
394,253.38348,-87.359055,495.8565,400
395,164.46715,-236.89238,650.7684,400
396,127.306625,-198.50679,514.79755,400
397,157.51685,-205.03525,479.3698,400
398,711.111,293.51892,764.4843,400
399,265.6072,-94.96216,517.4478,400
400,605.80927,227.32112,674.8731,400
401,115.71228,-174.7344,444.57843,400
402,631.2062,246.28096,693.1196,400
403,526.0797,152.50015,611.1029,400
404,588.91376,212.67976,654.84174,400
405,416.1621,12.189273,624.9318,400
406,121.603745,-210.9338,512.68195,400
407,103.100105,-257.45148,490.90613,400
408,371.70273,-34.83429,603.33234,400
409,543.5783,147.39903,638.2222,400
410,499.22748,115.29015,639.88574,400
411,617.6022,238.02057,677.252,400
412,116.9858,-183.6811,449.5902,400
413,104.857666,-244.12149,488.1115,400
414,421.3573,33.535027,600.3124,400
415,112.93857,-208.92337,483.91214,400
416,131.22896,-253.82108,584.39264,400
417,133.4373,-169.34453,479.1934,400
418,244.45842,-122.70701,534.07526,400
419,125.811775,-212.46468,460.74988,400
420,469.48438,99.17793,601.2687,400
421,99.949814,-209.59589,440.35934,400
422,661.122,264.08185,720.45135,400
423,109.25347,-185.43869,437.193,400
424,118.21081,-258.81854,549.96564,400
425,314.81985,-77.483574,524.2189,400
426,113.285286,-319.6161,568.7288,400
427,104.23525,-231.86177,480.7505,400
428,131.73167,-177.47101,496.45453,400
429,116.03779,-171.88297,440.8432,400
430,162.44643,-211.48999,611.6413,400
431,396.0457,-15.621171,576.00464,400
432,107.6559,-187.07845,435.5983,400
433,130.37334,-202.68825,452.15173,400
434,126.36657,-199.27809,514.36,400
435,711.4014,292.33368,766.94867,400
436,583.83466,196.50702,657.18585,400
437,208.1847,-177.17363,516.3057,400
438,652.0111,260.78876,706.6971,400
439,243.96071,-131.63248,524.2554,400
440,585.3494,210.95619,651.3378,400
441,719.2949,297.34534,772.9632,400
442,182.52307,-182.93689,503.75778,400
443,106.24656,-264.3982,508.11188,400
444,115.64327,-172.52945,440.6751,400
445,214.33975,-169.73659,528.38074,400
446,108.24751,-219.76924,479.26367,400
447,407.41635,18.27719,595.1239,400
448,252.45607,-103.622116,477.40497,400
449,103.28799,-229.25586,472.14536,400
450,110.577866,-253.62273,461.30453,400
451,136.05812,-193.07173,434.3878,400
452,124.358955,-176.06757,472.96262,400
453,668.48236,269.47995,722.561,400
454,126.29912,-183.2987,446.8503,400
455,92.99547,-198.3876,408.43704,400
456,106.01859,-298.14078,513.75354,400
457,120.63112,-176.44077,440.53537,400
458,121.83644,-177.31262,470.6099,400
459,598.75885,226.77118,663.4044,400
460,449.83255,50.56939,630.58777,400
461,559.55225,191.87122,631.1351,400
462,140.96162,-178.54797,471.46353,400
463,137.60278,-245.00334,594.8645,400
464,107.97012,-188.48657,435.4943,400
465,102.37297,-253.63924,488.09714,400
466,158.70822,-216.18237,611.3256,400
467,157.37508,-191.39864,476.4431,400
468,334.32977,-24.82903,511.28964,400
469,369.2611,-26.520473,586.5057,400
470,279.55545,-105.69753,538.98303,400
471,228.74753,-139.63783,500.59683,400
472,656.93353,262.21506,712.1517,400
473,105.95809,-203.08461,442.41925,400
474,113.87305,-193.04553,443.10306,400
475,108.53514,-189.75966,439.34985,400
476,113.16534,-180.94113,450.2302,400
477,712.43945,293.80197,766.429,400
478,353.48364,-21.690977,523.63837,400
479,107.377014,-192.62157,447.9072,400
480,665.0496,268.30643,719.7189,400
481,427.61188,32.2156,614.7671,400
482,106.89133,-249.32126,499.37616,400
483,502.65717,141.07112,601.41547,400
484,161.46849,-181.45944,458.2542,400
485,133.30472,-192.09999,523.9937,400
486,360.42966,-60.14677,567.1893,400
487,298.54443,-113.12969,528.96545,400
488,319.41364,-72.77021,579.3466,400
489,697.8834,286.13705,750.5402,400
490,104.67678,-202.12152,434.38486,400
491,105.656715,-289.0722,503.17847,400
492,398.05576,33.124825,542.5299,400
493,130.98535,-227.31049,465.87552,400
494,122.79901,-200.46419,443.9231,400
495,673.8784,273.1731,728.23846,400
496,130.28691,-200.9849,526.88574,400
497,626.07666,238.65056,694.9709,400
0,633.06134,252.5462,666.3172,450
1,188.27016,-194.30667,653.6953,450
2,551.5095,143.5442,629.7287,450
3,129.42438,-246.21663,556.84143,450
4,131.63602,-178.43481,487.37195,450
5,123.40725,-359.83746,528.0072,450
6,638.6972,256.5128,671.54584,450
7,349.9138,-5.632684,520.96954,450
8,133.19287,-178.37773,502.96396,450
9,109.300575,-212.91171,447.16534,450
10,355.40872,-3.6281276,523.1983,450
11,620.24286,242.2273,655.59973,450
12,284.85028,-156.28156,530.34326,450
13,120.33623,-185.08253,470.09842,450
14,135.41792,-174.35811,473.77048,450
15,544.61414,192.0427,594.85925,450
16,607.98114,237.80081,643.65466,450
17,224.63852,-172.58662,514.6857,450
18,140.92067,-228.28448,473.00754,450
19,113.35085,-239.7136,491.97058,450
20,588.0195,208.27034,634.7956,450
21,625.5731,248.78198,659.1663,450
22,274.60202,-86.06386,523.3965,450
23,181.87723,-212.57909,669.425,450
24,127.873985,-318.6896,490.55072,450
25,530.1294,183.66722,582.49567,450
26,255.2621,-82.563255,471.73468,450
27,145.96194,-186.3857,493.70572,450
28,639.13477,260.3102,670.8708,450
29,647.01886,244.44951,687.7482,450
30,128.34435,-206.06348,518.42334,450
31,198.84148,-160.04427,470.52646,450
32,123.35626,-209.75372,505.37454,450
33,162.17184,-174.68282,563.0423,450
34,142.18694,-189.02898,543.77655,450
35,136.10397,-175.56032,491.8671,450
36,164.23196,-240.43152,654.0984,450
37,426.0816,74.38005,540.3452,450
38,146.70471,-167.2696,503.9554,450
39,638.70435,258.91516,671.10114,450
40,164.0868,-219.45592,472.7997,450
41,132.40439,-184.66772,509.11996,450
42,130.51346,-178.34912,495.7021,450
43,137.533,-178.19623,517.02454,450
44,528.3919,103.67228,629.2434,450
45,116.18454,-231.94247,498.15335,450
46,636.6227,258.7232,667.8729,450
47,303.2007,-134.3344,535.7751,450
48,138.36374,-172.53334,506.66397,450
49,140.3325,-177.8873,499.29587,450
50,190.46225,-194.15553,655.88544,450
51,603.78595,228.90134,642.8841,450
52,163.6175,-170.06259,466.49872,450
53,101.934425,-290.9871,496.07333,450
54,587.1776,194.8965,641.57526,450
55,130.02992,-179.27383,460.69266,450
56,609.6828,237.75304,645.263,450
57,217.15596,-211.09352,519.9607,450
58,128.76497,-238.38474,547.195,450
59,479.91028,133.19075,570.12634,450
60,561.26447,205.53615,604.55884,450
61,608.76215,228.66028,649.00775,450
62,621.1893,245.19739,655.52246,450
63,202.44032,-301.88748,812.6008,450
64,115.338066,-280.53668,539.06494,450
65,363.39676,-56.09644,545.7006,450
66,118.69975,-199.95998,481.7069,450
67,626.8678,244.5429,662.65704,450
68,607.84875,241.84969,643.3697,450
69,130.00076,-199.22932,517.2248,450
70,195.34662,-181.93637,624.04144,450
71,150.94502,-170.66629,457.83606,450
72,509.82266,160.39209,571.4355,450
73,176.10481,-166.13757,539.53546,450
74,456.84842,109.06034,557.92316,450
75,120.14605,-211.52823,495.42587,450
76,153.00226,-168.06879,482.8906,450
77,170.75237,-168.09586,479.79346,450
78,644.9538,261.61014,676.90814,450
79,290.64798,-130.97452,517.86993,450
80,149.94795,-168.0949,527.4527,450
81,111.670204,-247.72252,493.14804,450
82,169.3772,-209.3233,635.545,450
83,154.5078,-182.86777,451.9876,450
84,111.25964,-202.29439,441.12115,450
85,605.3523,228.88274,644.4288,450
86,132.4764,-216.60735,474.47607,450
87,130.49495,-181.342,499.59976,450
88,173.8608,-172.44548,569.2707,450
89,129.59135,-186.32103,502.8965,450
90,567.1708,210.44461,610.81934,450
91,143.03648,-168.31102,514.02563,450
92,116.97673,-208.7278,473.40253,450
93,160.23795,-188.28104,589.10065,450
94,160.46152,-169.29175,547.8825,450
95,140.28363,-185.09213,461.0721,450
96,122.37066,-221.24004,510.51974,450
97,179.87337,-190.02199,634.2063,450
98,148.0057,-168.13068,527.36255,450
99,632.6268,255.80438,665.4344,450
100,299.8771,-59.699913,517.8425,450
101,552.88403,195.56381,600.2114,450
102,117.33528,-341.28317,513.07666,450
103,273.55792,-89.95969,513.8709,450
104,462.22098,109.102585,544.27905,450
105,448.95154,90.169685,579.7202,450
106,167.99907,-165.27385,528.46136,450
107,156.09943,-169.15417,540.5282,450
108,110.41464,-314.68704,496.52942,450
109,536.9384,121.48913,627.73193,450
110,167.09181,-219.19217,640.0156,450
111,136.84644,-185.57716,524.8708,450
112,154.17824,-255.92104,466.6279,450
113,465.59497,119.92547,562.7419,450
114,497.97946,89.0265,601.9387,450
115,534.5667,176.6539,590.7409,450
116,128.9956,-176.41728,489.60376,450
117,186.70181,-203.99432,512.2617,450
118,104.66027,-278.84183,497.43228,450
119,119.329796,-236.4262,512.25183,450
120,622.3345,238.68045,660.09784,450
121,131.12593,-175.92021,494.4978,450
122,128.32678,-176.8729,479.86215,450
123,143.05519,-173.30753,490.54486,450
124,116.93767,-211.4771,483.9536,450
125,149.24738,-224.43808,598.51654,450
126,143.57751,-173.5767,527.01886,450
127,104.86583,-300.2924,496.93277,450
128,125.42304,-180.71898,459.85782,450
129,132.72726,-183.08237,453.59543,450
130,202.41074,-234.08893,744.06604,450
131,656.92,268.0963,688.4554,450
132,115.61084,-322.3073,487.03412,450
133,189.10257,-239.85207,717.79736,450
134,148.9581,-171.83372,504.57602,450
135,138.01166,-169.30319,492.84656,450
136,108.60812,-255.27931,486.3494,450
137,243.69458,-299.44168,916.3178,450
138,132.75768,-179.54524,487.46576,450
139,564.3125,159.54288,635.2738,450
140,557.8997,204.49304,604.3725,450
141,150.13123,-202.47182,579.07153,450
142,227.3689,-264.37903,838.4505,450
143,145.9944,-168.5062,511.7729,450
144,626.0947,245.90945,660.8963,450
145,553.3455,203.75824,601.4005,450
146,130.85182,-175.23796,465.4554,450
147,122.24462,-214.89189,461.58243,450
148,436.99982,43.581333,559.9395,450
149,120.32453,-229.69247,510.24765,450
150,137.86775,-198.01004,471.66284,450
151,152.54034,-172.6544,549.4586,450
152,115.65445,-207.8959,471.58057,450
153,139.5573,-173.53976,476.13565,450
154,151.02649,-169.17624,526.14764,450
155,118.40807,-197.26411,463.30606,450
156,154.71097,-168.29468,529.8357,450
157,143.23318,-188.29877,454.7988,450
158,633.42145,248.08589,668.9329,450
159,122.32643,-223.3297,512.66223,450
160,124.23079,-178.85115,465.02768,450
161,538.431,187.10715,600.8139,450
162,112.3704,-246.41763,471.0452,450
163,114.69297,-204.64328,446.71198,450
164,181.60455,-200.44061,653.4834,450
165,141.26056,-173.5152,496.46338,450
166,180.93216,-183.62144,613.5463,450
167,131.97417,-179.92091,502.3463,450
168,137.83865,-172.23444,503.14856,450
169,573.2204,215.08119,613.15015,450
170,171.16606,-237.82071,489.01135,450
171,591.7342,227.95808,629.44946,450
172,126.80924,-185.23639,473.1995,450
173,123.61913,-205.57314,501.9029,450
174,218.30482,-247.70229,797.4106,450
175,185.00809,-208.5917,672.1627,450
176,110.654686,-255.15181,497.061,450
177,568.16473,166.40837,636.18604,450
178,124.87924,-180.14703,479.17444,450
179,140.56093,-177.07076,447.71042,450
180,186.44466,-217.8001,686.9645,450
181,165.91206,-192.17026,477.68234,450
182,133.10167,-238.84712,479.26996,450
183,119.937325,-222.36882,505.08206,450
184,606.63275,231.98683,644.03265,450
185,137.41798,-172.28802,485.441,450
186,515.91565,172.88132,573.2257,450
187,124.04769,-183.79475,481.93857,450
188,116.126884,-206.58188,467.11554,450
189,122.53573,-184.33453,473.54858,450
190,125.315125,-181.09377,470.67844,450
191,128.98302,-267.79584,483.2745,450
192,118.02144,-194.87698,455.55148,450
193,134.25555,-192.95923,456.07565,450
194,122.78791,-184.51527,474.1049,450
195,373.36243,-4.6724133,590.2809,450
196,474.49707,116.65935,558.31445,450
197,134.10704,-173.56473,486.35645,450
198,152.42624,-169.62389,538.9566,450
199,137.64151,-206.40935,546.7183,450
200,114.42037,-218.55148,478.77454,450
201,124.139,-182.42136,467.24274,450
202,127.45642,-219.08786,526.25287,450
203,166.08667,-251.16908,669.9748,450
204,157.63118,-175.88525,470.66672,450
205,157.13806,-174.19574,562.39844,450
206,465.39017,115.71085,572.4133,450
207,120.680176,-183.66449,464.13074,450
208,402.92758,-2.133328,560.09485,450
209,115.071396,-291.3899,541.28986,450
210,335.87027,-44.369373,553.09155,450
211,127.46538,-173.54544,469.80365,450
212,124.93657,-181.28343,473.22534,450
213,581.04224,218.95158,620.899,450
214,428.4412,63.718094,546.23145,450
215,145.15611,-169.91806,525.3623,450
216,647.0109,261.19244,679.2924,450
217,280.81027,-68.6876,499.38364,450
218,141.61028,-180.68553,454.51907,450
219,155.5044,-161.12378,466.88754,450
220,158.28255,-163.50266,462.70496,450
221,126.99169,-192.27109,468.8306,450
222,217.27689,-223.41585,762.2592,450
223,148.95895,-170.02432,511.13077,450
224,419.02234,-32.12082,594.4273,450
225,107.905136,-281.56723,472.05698,450
226,165.03223,-198.15305,612.0133,450
227,106.25883,-271.08865,495.7077,450
228,120.591965,-233.251,515.88434,450
229,128.53778,-283.55325,587.66846,450
230,126.86356,-181.86746,477.3657,450
231,141.16599,-171.05562,507.55173,450
232,608.5207,233.84872,645.9536,450
233,558.2853,181.85857,615.0352,450
234,140.12325,-183.78505,492.00806,450
235,153.44345,-197.91531,583.69556,450
236,101.412544,-305.51276,492.8742,450
237,178.97334,-225.77988,676.71204,450
238,110.86738,-244.64282,485.15488,450
239,129.57893,-180.46991,469.2533,450
240,183.6842,-231.47015,695.0034,450
241,135.8463,-173.98962,500.67545,450
242,112.95872,-207.26135,466.29898,450
243,126.67374,-265.80276,569.7252,450
244,158.22574,-185.40636,581.1276,450
245,116.14971,-262.11133,524.84393,450
246,147.20041,-254.49652,620.3206,450
247,430.5573,1.7991822,582.4428,450
248,138.58263,-180.18274,507.92645,450
249,185.10182,-261.9228,730.70264,450
250,118.152145,-197.2717,470.94418,450
251,199.04874,-222.74277,500.6692,450
252,193.06851,-138.52994,460.67853,450
253,133.22623,-199.70099,459.69165,450
254,195.81136,-211.2053,700.1109,450
255,529.0524,182.73796,581.26965,450
256,141.41876,-180.05223,464.64438,450
257,142.83778,-168.45044,516.2276,450
258,115.499886,-214.78958,473.84708,450
259,131.67389,-208.64088,530.5747,450
260,130.21088,-182.14813,499.71707,450
261,169.05154,-167.68817,497.3511,450
262,162.5766,-167.2183,536.98114,450
263,213.60515,-231.79997,765.981,450
264,122.38098,-199.68541,447.69873,450
265,386.91672,22.235437,538.0,450
266,349.2646,-395.535,1271.1001,450
267,150.66316,-198.03188,575.6664,450
268,420.59988,63.832085,546.4119,450
269,582.166,223.1147,620.12244,450
270,142.18108,-226.7386,579.6401,450
271,168.73514,-225.79922,496.1977,450
272,117.98095,-216.20494,492.09787,450
273,124.623344,-178.0602,477.10767,450
274,346.0865,-23.92813,546.3676,450
275,147.49442,-172.86316,538.1477,450
276,222.23044,-298.3257,860.843,450
277,114.55273,-207.39478,467.04208,450
278,588.4294,202.12404,638.4852,450
279,154.19342,-191.91167,578.2937,450
280,143.912,-178.33029,457.70557,450
281,128.86052,-184.21169,452.7086,450
282,138.57028,-193.5051,537.6338,450
283,437.21344,87.945526,550.4498,450
284,219.99359,-242.70786,795.38165,450
285,153.25058,-274.12402,505.4558,450
286,139.68982,-167.12022,487.79248,450
287,114.88309,-216.03014,481.3974,450
288,153.98843,-161.7477,479.54254,450
289,118.140564,-211.39978,489.1503,450
290,164.67444,-184.13278,593.0752,450
291,637.70886,257.71225,670.0614,450
292,135.87634,-173.08661,493.67108,450
293,478.4354,129.5582,568.0183,450
294,543.78674,192.5718,590.53485,450
295,195.43362,-144.36708,481.60974,450
296,105.60677,-287.41254,476.64145,450
297,149.32466,-179.3568,552.07196,450
298,419.21094,68.27496,533.28064,450
299,619.4871,245.09799,653.8517,450
300,646.35205,261.60318,678.31647,450
301,141.73334,-176.08478,473.65674,450
302,365.32843,-51.86815,542.99866,450
303,245.16652,-230.82666,543.84216,450
304,148.17732,-180.72127,549.89496,450
305,350.77118,-22.207924,561.21484,450
306,296.01224,-63.848686,525.71606,450
307,408.38242,54.66989,538.90076,450
308,137.7584,-248.39986,586.3586,450
309,119.13259,-185.96005,445.9623,450
310,113.20449,-214.83171,467.31216,450
311,498.84067,151.2495,564.722,450
312,130.59602,-177.54913,495.30072,450
313,129.41547,-214.31372,528.98535,450
314,157.81265,-172.14157,555.5009,450
315,116.45667,-202.25662,469.71194,450
316,134.8487,-173.6072,483.50064,450
317,496.902,148.31755,563.9,450
318,158.01788,-214.04228,458.15253,450
319,157.26636,-170.89214,545.05786,450
320,115.69259,-229.23656,494.85025,450
321,135.1001,-169.388,497.94675,450
322,125.11737,-204.33147,461.5481,450
323,493.79053,147.40796,561.6137,450
324,211.50432,-228.88493,758.45105,450
325,168.69174,-181.77478,599.6222,450
326,164.54753,-182.34135,589.91034,450
327,638.38007,256.51968,670.99677,450
328,153.01372,-164.52045,509.7053,450
329,130.11725,-256.31082,569.6672,450
330,588.5735,195.4522,642.96686,450
331,141.59883,-173.12712,468.5339,450
332,150.72906,-167.15417,492.7291,450
333,112.6509,-252.29417,493.0516,450
334,632.82025,248.91063,667.61127,450
335,182.60567,-170.66158,481.4036,450
336,462.6668,106.66979,548.7579,450
337,175.83708,-148.0514,483.40222,450
338,129.36517,-188.4986,467.56177,450
339,127.72994,-229.64957,536.39136,450
340,116.26008,-213.98444,486.37396,450
341,163.09756,-194.84201,475.74472,450
342,537.4613,187.98546,589.35876,450
343,482.56964,129.79582,557.7758,450
344,527.5666,179.05046,590.3536,450
345,542.14514,184.92935,590.14764,450
346,154.26726,-175.79036,473.29437,450
347,168.9138,-167.7225,537.5593,450
348,157.18745,-159.45122,447.7036,450
349,108.62616,-294.4293,530.6491,450
350,144.4867,-193.8905,554.8609,450
351,143.0978,-182.825,451.0527,450
352,132.64778,-219.3952,543.4531,450
353,127.98669,-202.81268,512.9031,450
354,121.791855,-198.41006,489.17813,450
355,120.58757,-185.79811,474.88483,450
356,138.48048,-187.94238,450.99603,450
357,137.2163,-190.9474,531.35834,450
358,150.05934,-183.281,558.3436,450
359,113.13672,-244.32338,497.97324,450
360,598.8932,226.15439,637.8977,450
361,635.5771,255.37775,668.31006,450
362,106.12598,-293.98895,494.99536,450
363,182.12799,-224.88828,684.266,450
364,392.79074,31.212717,543.1443,450
365,661.22925,270.64886,692.7664,450
366,182.82407,-179.7098,603.9131,450
367,197.96564,-192.92563,656.1218,450
368,127.3048,-197.71765,507.32343,450
369,146.99707,-191.02867,559.88245,450
370,165.44518,-174.71117,563.63245,450
371,643.86945,261.64017,675.6729,450
372,191.1528,-227.2821,708.88654,450
373,643.4147,260.9925,675.2344,450
374,124.065475,-186.65504,469.37888,450
375,114.609245,-235.05313,495.51834,450
376,359.11533,-134.40752,604.2483,450
377,208.39569,-271.7878,799.0848,450
378,554.86786,206.32703,601.62006,450
379,135.68079,-176.18147,486.8651,450
380,184.7644,-203.04463,663.79535,450
381,116.47631,-200.87927,472.99176,450
382,384.8663,27.825472,541.97003,450
383,410.48468,-50.222874,598.0847,450
384,624.8974,247.89311,658.6598,450
385,113.15039,-285.72818,543.8673,450
386,518.501,166.80856,594.0021,450
387,264.62213,-281.31122,946.0607,450
388,250.26701,-128.85179,498.31033,450
389,166.33469,-225.8206,645.3493,450
390,207.00772,-266.2346,790.3752,450
391,271.6413,-88.29961,515.2526,450
392,139.62633,-173.48624,517.9286,450
393,117.45934,-199.46559,476.8284,450
394,137.8046,-187.80292,491.37463,450
395,284.26678,-317.9801,1034.213,450
396,142.55528,-186.64136,542.19336,450
397,133.93083,-184.60553,459.40573,450
398,633.92004,249.7276,668.413,450
399,134.51576,-177.13406,486.6207,450
400,454.20407,109.38903,547.28394,450
401,146.42209,-167.60252,521.2164,450
402,490.23044,141.87468,559.1007,450
403,525.5916,129.54254,607.1136,450
404,496.15033,127.82672,573.7845,450
405,149.46184,-182.87784,472.3899,450
406,167.33458,-225.1825,646.8796,450
407,134.84578,-238.53839,565.6811,450
408,365.202,-9.463902,554.2093,450
409,484.578,43.850178,619.56006,450
410,544.84094,200.96872,590.7351,450
411,569.6407,208.22392,612.7163,450
412,128.65274,-178.9967,487.2278,450
413,128.92456,-246.19191,556.9351,450
414,206.77347,-118.303116,461.3168,450
415,136.75638,-178.4387,514.9672,450
416,189.30269,-286.1731,764.70245,450
417,217.51318,-215.79291,745.596,450
418,156.70631,-164.43181,477.6312,450
419,133.40897,-175.44576,485.74484,450
420,368.77866,1.8816397,532.3695,450
421,125.99545,-189.20323,493.46912,450
422,594.3001,228.00949,632.2239,450
423,137.51256,-174.03331,499.37228,450
424,141.9749,-226.84799,579.3298,450
425,125.06182,-259.79227,478.12946,450
426,104.071304,-281.8671,501.3775,450
427,138.9435,-226.1156,570.2237,450
428,166.72522,-195.23111,612.65356,450
429,164.74454,-179.94435,588.3469,450
430,255.83768,-275.80225,917.27344,450
431,113.36969,-238.20627,488.2621,450
432,145.31601,-168.731,519.95807,450
433,139.75238,-182.45474,466.84158,450
434,156.2597,-199.53072,591.93744,450
435,604.4043,240.0855,639.7331,450
436,568.63635,181.67442,627.0104,450
437,130.70871,-186.9319,455.70084,450
438,598.3277,229.26186,635.67084,450
439,140.66461,-187.93733,464.71036,450
440,535.72034,175.41362,591.12604,450
441,646.9389,262.6741,678.73,450
442,153.76237,-166.73459,473.00305,450
443,132.85986,-243.385,566.5265,450
444,141.1968,-169.63496,509.65118,450
445,175.91777,-163.09691,481.26974,450
446,136.426,-178.26709,514.33374,450
447,156.02661,-183.9957,464.25687,450
448,133.39874,-272.5275,483.65714,450
449,134.18634,-174.53355,503.3025,450
450,133.69685,-180.04092,508.21658,450
451,124.03993,-192.37373,480.88382,450
452,126.467125,-180.19107,485.5838,450
453,611.8111,231.97765,650.76794,450
454,146.27711,-168.33011,490.0168,450
455,127.82037,-215.36598,524.6244,450
456,129.36336,-201.27121,517.4365,450
457,142.00684,-171.97139,496.70755,450
458,166.02145,-195.02339,610.365,450
459,483.94583,144.6423,548.9803,450
460,223.55257,-130.03644,503.154,450
461,562.11084,208.68588,603.5835,450
462,171.22173,-185.86392,609.2076,450
463,169.0789,-235.51889,662.4079,450
464,127.362686,-177.76918,481.5228,450
465,134.887,-172.5449,494.82452,450
466,201.59616,-228.58083,735.3699,450
467,144.17082,-173.67041,492.48502,450
468,114.66711,-221.57553,474.86627,450
469,209.90367,-146.92319,489.09253,450
470,204.41231,-168.84053,505.5754,450
471,140.03476,-193.898,451.19244,450
472,560.7925,188.72581,613.0675,450
473,116.70159,-208.6558,461.02374,450
474,138.10132,-175.7345,494.00607,450
475,128.10965,-177.89049,488.83508,450
476,159.81136,-182.82362,580.62103,450
477,658.12024,267.1496,689.9996,450
478,113.13067,-230.32442,479.5594,450
479,132.12697,-183.26378,507.81998,450
480,437.34546,90.27228,535.7133,450
481,316.7408,-77.82545,539.1381,450
482,120.490074,-190.39398,479.27463,450
483,494.87994,131.85953,568.145,450
484,146.76239,-178.6004,454.23758,450
485,178.84561,-208.83221,658.25854,450
486,290.37854,-181.29103,554.5319,450
487,124.064476,-292.0079,472.40857,450
488,133.49387,-182.18108,473.03214,450
489,640.1753,255.4914,673.41675,450
490,139.19534,-173.34415,515.72485,450
491,127.89625,-195.59296,506.9971,450
492,125.93658,-192.82373,476.559,450
493,129.55511,-189.33513,468.68484,450
494,123.74613,-180.92877,476.39594,450
495,618.5431,244.52275,653.04407,450
496,206.97421,-246.46559,768.65173,450
497,369.68863,-13.175368,534.51575,450
0,572.4518,225.56712,618.63257,500
1,116.8299,-217.6029,516.1291,500
2,544.17694,180.16736,603.5361,500
3,91.92501,-323.4793,520.23706,500
4,137.94627,-243.3295,511.42093,500
5,100.01091,-434.79666,524.2902,500
6,415.01584,76.15362,539.214,500
7,418.9546,82.90461,532.74713,500
8,116.65481,-214.65205,472.15323,500
9,86.70782,-359.83783,480.30807,500
10,446.59076,115.19035,539.7832,500
11,576.00476,230.14178,621.5967,500
12,385.1175,20.132124,525.38055,500
13,101.006004,-264.1931,490.5363,500
14,114.703964,-194.70094,458.11795,500
15,503.9085,174.2366,563.5068,500
16,568.8934,228.26762,614.3742,500
17,306.45135,-121.948265,537.8025,500
18,331.45328,-80.56015,528.35516,500
19,98.68922,-356.43506,516.9585,500
20,501.0455,138.1628,574.4512,500
21,598.79126,248.39754,643.55164,500
22,423.48987,91.61584,540.85114,500
23,129.82729,-191.96759,529.2991,500
24,219.65474,-289.7791,542.96655,500
25,199.37004,-229.333,592.33545,500
26,392.02347,24.921188,525.8796,500
27,135.65633,-269.63788,516.3873,500
28,594.6834,245.21881,637.9246,500
29,450.213,106.892914,528.2281,500
30,82.547066,-348.75452,478.02283,500
31,144.56664,-310.9175,476.21478,500
32,83.498436,-304.6042,466.56204,500
33,128.43973,-177.45984,486.4528,500
34,96.234535,-275.6227,490.9794,500
35,120.289314,-181.87737,476.1449,500
36,128.84143,-294.80267,622.95044,500
37,311.39505,-73.89603,548.2592,500
38,164.54482,-142.81468,477.52045,500
39,551.9428,215.48396,599.951,500
40,331.25046,-39.978535,524.996,500
41,89.32381,-300.1805,474.11072,500
42,111.70086,-223.31361,496.8025,500
43,128.37123,-181.68645,508.47934,500
44,528.6818,136.2131,610.68146,500
45,103.24815,-267.80438,497.10538,500
46,576.2875,234.4557,623.14716,500
47,556.37494,221.74086,607.0999,500
48,98.73772,-314.2137,504.28073,500
49,101.401306,-256.72845,499.04382,500
50,163.76033,-156.84128,553.7344,500
51,605.4922,252.56808,649.8235,500
52,246.63866,-187.67415,530.6759,500
53,79.44243,-345.67642,480.13513,500
54,580.37634,227.093,626.14825,500
55,102.19465,-240.4924,469.03693,500
56,587.29626,241.29533,633.97107,500
57,446.202,45.645515,566.33887,500
58,120.68865,-398.10687,541.55585,500
59,574.78394,233.7808,619.8576,500
60,600.059,248.78764,643.64435,500
61,548.9852,210.0414,598.63086,500
62,540.9482,178.12715,659.0936,500
63,146.28204,-391.44046,736.8486,500
64,91.72068,-441.75153,527.02515,500
65,470.22455,121.20789,547.75806,500
66,91.89487,-311.74103,487.38266,500
67,608.841,253.65353,652.46533,500
68,597.66614,248.48286,642.6742,500
69,93.76028,-291.96225,503.68738,500
70,176.98993,-154.74457,514.0153,500
71,424.21573,82.10513,555.75134,500
72,194.6461,-297.88718,663.64465,500
73,200.20157,-161.66861,539.8025,500
74,457.32175,128.03418,549.4896,500
75,142.34914,-378.4536,523.99713,500
76,255.28302,-84.78718,518.4981,500
77,153.75182,-202.69327,513.13416,500
78,319.22885,-48.574055,540.79395,500
79,483.21945,157.6625,548.8686,500
80,138.99329,-166.82347,499.91925,500
81,81.93978,-385.97623,492.32532,500
82,133.4174,-207.58275,556.9287,500
83,208.37013,-217.08981,519.26715,500
84,98.06862,-215.62317,409.0227,500
85,567.8784,223.90651,614.30646,500
86,310.96524,-72.497505,531.31836,500
87,93.97354,-281.0808,483.526,500
88,168.29176,-164.73236,503.52325,500
89,88.6917,-341.65433,485.45306,500
90,583.4279,238.46176,630.3651,500
91,108.173386,-224.01653,483.22012,500
92,337.5504,10.636284,509.61514,500
93,144.17503,-168.3134,502.58014,500
94,123.68302,-159.2773,470.17877,500
95,303.05948,-133.31563,529.6583,500
96,90.53027,-385.23608,495.99323,500
97,129.96758,-173.99739,505.21475,500
98,141.1009,-168.19962,483.5571,500
99,586.3881,239.5449,636.1624,500
100,470.34262,136.32411,568.86884,500
101,512.2397,191.07956,567.6781,500
102,98.47792,-413.3632,508.62976,500
103,448.902,115.503426,549.75903,500
104,560.73346,208.833,609.3362,500
105,510.2357,183.9625,581.40564,500
106,196.88649,-149.90138,529.0528,500
107,120.033264,-211.19057,455.09064,500
108,365.5736,-40.293896,535.0436,500
109,515.96783,195.95122,573.75073,500
110,126.87553,-194.07094,521.95605,500
111,90.54013,-302.39877,499.2782,500
112,114.05564,-371.67236,490.64706,500
113,454.96356,127.1823,539.7639,500
114,466.08163,108.215614,550.0589,500
115,568.1861,227.2276,614.3668,500
116,102.74853,-238.85114,472.79355,500
117,321.10562,-51.460335,518.4271,500
118,105.28561,-382.67334,507.70718,500
119,104.69883,-305.58948,507.3712,500
120,589.4541,242.36354,633.63,500
121,122.53293,-190.81555,481.63287,500
122,124.479576,-171.45383,477.1867,500
123,119.24037,-188.55247,452.5784,500
124,103.21078,-268.979,493.22305,500
125,108.33504,-371.03296,606.82806,500
126,122.52524,-187.28828,485.98068,500
127,88.40796,-420.8339,508.94714,500
128,116.806435,-191.4695,455.9034,500
129,206.81133,-171.24231,508.14944,500
130,165.28763,-223.74806,660.08136,500
131,596.9292,247.18497,642.61316,500
132,109.4179,1.5541915,183.4266,500
133,126.59628,-202.45529,529.06683,500
134,167.02592,-166.42636,503.99976,500
135,125.69153,-181.70824,451.13876,500
136,232.7143,-130.49506,480.07864,500
137,180.4332,-251.9697,726.02167,500
138,141.35612,-198.3414,490.08868,500
139,564.4473,203.48175,616.4025,500
140,550.41754,210.05893,599.28625,500
141,94.491554,-283.19156,493.72003,500
142,202.04866,-249.35028,779.9187,500
143,147.10077,-180.34308,494.2993,500
144,603.4108,250.20076,646.8329,500
145,574.9023,232.92583,624.4248,500
146,119.38752,-193.17056,458.97562,500
147,120.386345,-309.56158,510.97574,500
148,381.1522,28.21524,516.36237,500
149,88.15524,-287.57474,465.0563,500
150,139.33018,-344.8016,526.94867,500
151,150.17232,-160.90787,491.73715,500
152,90.79646,-334.94406,494.54135,500
153,146.8621,-210.34677,497.8437,500
154,132.64711,-173.4104,472.256,500
155,109.928185,-327.14468,510.21426,500
156,142.24649,-157.28902,486.39508,500
157,426.5177,88.65178,534.34875,500
158,595.43616,245.85973,640.0091,500
159,82.60278,-331.1438,489.93127,500
160,159.9086,-180.82077,480.72266,500
161,548.57196,213.87773,606.83484,500
162,89.75044,-340.22375,475.80386,500
163,156.63907,-210.01517,475.0793,500
164,128.78976,-203.51125,537.92487,500
165,134.67856,-186.14294,477.92563,500
166,151.73679,-153.77295,500.34473,500
167,119.587944,-222.56932,529.4197,500
168,109.27067,-219.97824,481.0911,500
169,551.2585,207.43393,600.2214,500
170,352.10718,-22.306522,521.4552,500
171,579.29254,236.57983,624.6286,500
172,100.53532,-278.0788,490.0894,500
173,90.48166,-281.70676,468.7762,500
174,182.14343,-252.82161,733.3859,500
175,112.53972,-210.12486,487.56052,500
176,83.15551,-326.62842,471.24524,500
177,5781.1313,2618.3376,6387.0137,500
178,109.398254,-227.48804,487.46808,500
179,273.41125,-98.8232,496.80872,500
180,117.42467,-250.28995,551.0462,500
181,286.37833,-127.596855,539.5033,500
182,259.26743,-158.97696,529.00726,500
183,98.84552,-267.90298,487.30142,500
184,582.8492,233.33316,627.3163,500
185,128.49217,-189.41273,475.03778,500
186,489.77072,163.30289,555.0296,500
187,96.07949,-374.04297,483.87198,500
188,126.7977,-267.03015,503.2113,500
189,129.13657,-180.37839,462.47928,500
190,116.48778,-206.88672,470.67883,500
191,102.39297,-326.06372,445.4629,500
192,146.95578,-315.09344,505.25854,500
193,244.7935,-122.73018,498.79077,500
194,93.97713,-270.95764,484.6897,500
195,477.32294,171.40657,544.9344,500
196,471.30435,139.91336,548.1847,500
197,100.737465,-273.0354,477.87772,500
198,123.68781,-184.44951,491.2889,500
199,88.71221,-327.38605,516.43134,500
200,110.70107,-292.54633,512.0368,500
201,125.37613,-201.94281,456.89044,500
202,84.56049,-279.1519,459.32263,500
203,102.15208,-264.26358,511.82043,500
204,354.64462,-12.817893,532.89014,500
205,136.97827,-177.73595,488.48035,500
206,511.8186,181.283,588.9007,500
207,104.46856,-394.77673,520.96576,500
208,484.61005,155.60739,554.56824,500
209,92.71176,-402.9816,490.9266,500
210,432.43777,100.31735,545.853,500
211,107.40977,-186.9773,446.58286,500
212,103.67329,-252.60356,490.81482,500
213,570.77545,228.18681,617.4057,500
214,513.1253,183.00047,579.426,500
215,157.65385,-176.25656,493.0992,500
216,605.05945,251.97955,649.52655,500
217,154.26695,-263.9596,480.50208,500
218,169.72882,-186.04726,488.74625,500
219,281.20456,-77.23246,531.57465,500
220,264.04575,-112.23026,537.7687,500
221,96.04497,-284.13232,482.4879,500
222,167.15295,-168.65518,595.8519,500
223,129.30894,-174.09917,460.1912,500
224,444.04855,31.352932,575.218,500
225,125.30443,-366.7117,493.6523,500
226,108.90591,-239.89287,509.13034,500
227,99.96365,-407.29465,504.86264,500
228,88.34628,-309.87646,484.12802,500
229,102.18706,-429.28033,606.8782,500
230,128.8371,-177.10036,450.16867,500
231,108.30243,-224.2929,477.2152,500
232,610.1105,255.37103,654.0295,500
233,13968.518,6358.5205,15398.162,500
234,149.33188,-186.14331,486.37418,500
235,88.965866,-395.24274,553.60803,500
236,89.15355,-410.76126,500.24228,500
237,127.577225,-206.70453,536.95886,500
238,126.6466,-291.54718,477.35495,500
239,139.7584,-221.49187,484.51492,500
240,128.87218,-211.80199,548.43396,500
241,124.64496,-239.51389,499.95148,500
242,111.3781,-358.464,518.71075,500
243,912.8233,348.01944,1155.6641,500
244,116.43896,-227.48257,523.4475,500
245,81.26148,-385.4489,495.46164,500
246,78.27185,-377.43167,491.58813,500
247,423.91483,69.644104,527.19507,500
248,108.78123,-231.07423,488.14566,500
249,119.35522,-268.24146,573.63275,500
250,96.42398,-362.00375,487.52142,500
251,90.1193,-400.5777,496.8743,500
252,242.77374,-132.51318,511.9,500
253,98.12793,-304.69287,495.8839,500
254,177.22084,-233.85909,701.1579,500
255,484.28018,165.7506,539.7836,500
256,197.69159,-225.44827,538.5014,500
257,107.81525,-227.64323,480.30444,500
258,90.8782,-226.16101,421.08762,500
259,107.84795,-234.96542,495.69406,500
260,101.75368,-261.84616,487.0326,500
261,199.92467,-231.6254,566.82965,500
262,159.55647,-173.25496,506.95343,500
263,138.95013,-207.91924,573.046,500
264,150.30818,-241.64932,462.5664,500
265,5133.407,2355.4065,5621.901,500
266,289.70493,-361.82385,1103.7091,500
267,106.29099,-264.81253,528.5054,500
268,456.04532,129.26529,539.0947,500
269,1695.9498,786.6153,1819.4423,500
270,103.39088,-252.77565,509.05722,500
271,440.8775,84.01502,535.69,500
272,165.19424,-325.1164,522.24475,500
273,105.42612,-241.99626,467.32043,500
274,463.24573,134.21368,548.4891,500
275,121.53309,-191.67451,496.6914,500
276,171.94296,-258.40915,708.4269,500
277,119.65277,-349.10727,510.21103,500
278,574.36395,219.38036,621.8128,500
279,105.55993,-232.34482,475.3967,500
280,351.6553,-13.957471,512.461,500
281,160.70709,-294.7369,493.71854,500
282,124.45385,-223.71637,546.5834,500
283,439.01877,111.68807,525.71545,500
284,215.32523,-278.6183,844.92505,500
285,305.80087,-103.82437,510.54318,500
286,117.56897,-184.80788,446.98923,500
287,97.20592,-274.6956,492.40384,500
288,411.83023,61.872635,574.52997,500
289,86.648705,-309.00082,479.69388,500
290,137.0288,-172.52411,508.0577,500
291,592.1215,244.30066,638.83655,500
292,124.80411,-190.94685,475.65634,500
293,563.2576,223.55591,618.38165,500
294,551.8194,215.89113,600.13513,500
295,324.6213,-52.995037,546.37024,500
296,87.27319,-318.34778,475.872,500
297,121.67981,-196.9364,504.59344,500
298,481.31564,153.81885,558.0487,500
299,186.0276,-275.408,595.58527,500
300,602.33136,250.47075,646.7032,500
301,249.458,-153.97049,504.3402,500
302,66.30169,-124.57679,218.68259,500
303,304.53598,-163.62006,545.8299,500
304,98.37676,-268.11343,491.30725,500
305,351.35495,-19.734549,547.38165,500
306,477.46176,145.52545,572.7118,500
307,399.6809,58.11448,529.83154,500
308,102.746544,-425.8486,616.7141,500
309,318.02853,-66.458954,515.47723,500
310,193.48384,-240.76923,577.17163,500
311,444.3967,119.13906,532.65546,500
312,106.27664,-246.25496,486.68274,500
313,105.11856,-246.47266,488.11948,500
314,123.797646,-198.15657,513.8572,500
315,90.66915,-296.85922,476.36142,500
316,110.3402,-217.11642,460.40292,500
317,487.54352,157.31927,557.3767,500
318,14521.248,6684.583,15606.315,500
319,135.0467,-164.14983,493.23178,500
320,90.236465,-285.14932,477.97113,500
321,118.15202,-223.80035,527.7557,500
322,272.20822,-145.65051,515.19305,500
323,427.19495,78.73363,530.4829,500
324,92.46296,-307.66678,510.61954,500
325,124.49005,-214.01921,534.7388,500
326,144.81604,-161.8384,523.63666,500
327,584.4871,237.42372,629.5407,500
328,175.46117,-154.92342,513.09515,500
329,77.57132,-352.4021,478.67526,500
330,583.7258,227.5306,629.7545,500
331,191.50829,-175.64131,511.50027,500
332,201.80383,-166.5714,526.5183,500
333,99.412865,-434.2539,523.47894,500
334,610.72656,254.86617,654.2788,500
335,364.4904,4.2470965,535.7134,500
336,453.56668,101.91837,538.89374,500
337,234.03749,-116.033295,532.50867,500
338,180.3306,-166.93921,485.92853,500
339,102.3816,-258.76242,505.93805,500
340,93.50281,-299.72787,478.69205,500
341,359.75836,-10.907735,509.6476,500
342,574.6458,230.72792,620.956,500
343,520.4741,190.81868,586.86334,500
344,576.78485,234.14803,626.26044,500
345,647.128,274.0858,690.39575,500
346,185.66786,-313.813,575.5492,500
347,166.41693,-176.1595,499.46722,500
348,318.5536,-32.64606,507.79028,500
349,90.7228,-432.77078,542.2024,500
350,110.76702,-190.95172,457.13257,500
351,162.5392,-191.52516,479.17072,500
352,90.09127,-287.55728,486.38354,500
353,113.80099,-218.51323,497.82465,500
354,100.44193,-266.2491,499.34552,500
355,83.130646,-321.05627,481.3485,500
356,351.13562,-3.2205439,499.48022,500
357,109.71302,-239.89833,510.0918,500
358,133.03409,-178.99292,518.1844,500
359,98.39848,-263.39294,472.92136,500
360,586.7885,239.15263,631.4634,500
361,591.7776,243.79454,637.249,500
362,300.63757,-199.31537,567.3523,500
363,123.33371,-233.36913,554.5956,500
364,362.07532,-1.5463461,530.8917,500
365,598.24915,247.81213,642.2128,500
366,147.51064,-156.62347,479.328,500
367,101.931816,-196.52272,442.0712,500
368,87.880356,-293.05988,477.4352,500
369,88.14887,-378.41376,500.4121,500
370,125.944954,-168.24991,477.28964,500
371,242.684,-145.58963,532.1606,500
372,157.86295,-226.07993,643.0665,500
373,586.32684,240.5507,631.9456,500
374,120.479294,-185.09232,478.5078,500
375,95.21126,-294.21265,489.25,500
376,353.97543,-88.67178,549.4371,500
377,176.7217,-313.06158,773.2158,500
378,563.109,224.2567,613.0445,500
379,106.55943,-286.0812,479.177,500
380,141.77748,-217.17981,590.61786,500
381,83.52834,-339.18036,485.48877,500
382,392.2602,48.760384,515.331,500
383,40443.35,18454.832,43348.402,500
384,611.9305,255.9838,656.07983,500
385,83.28409,-392.94916,524.7552,500
386,574.20703,232.83284,624.76215,500
387,169.94843,-238.12828,687.1568,500
388,404.38202,66.34879,518.3774,500
389,113.06954,-240.80296,528.9792,500
390,155.0377,-284.6547,688.5188,500
391,472.27966,140.32835,566.55035,500
392,115.78538,-224.47572,516.98975,500
393,95.11886,-264.78897,478.17828,500
394,142.50981,-261.04846,506.4733,500
395,124.760895,-227.34886,552.9521,500
396,107.98214,-246.45467,509.20978,500
397,137.79715,-256.4865,491.77448,500
398,612.672,255.481,655.78925,500
399,133.72313,-232.23831,500.48013,500
400,193.13144,-233.81941,550.5822,500
401,129.25221,-172.38301,491.80835,500
402,11481.24,5293.203,12221.354,500
403,77067.23,35915.676,81876.09,500
404,453.05087,70.31077,558.74506,500
405,369.5787,22.842722,514.2834,500
406,125.595825,-239.8743,567.5053,500
407,101.69468,-252.92542,487.69177,500
408,404.6443,60.35404,535.37805,500
409,437.51315,-2.8409126,591.8126,500
410,544.8755,212.8232,590.6888,500
411,584.6784,239.3046,630.29315,500
412,105.79725,-239.75026,490.89862,500
413,87.56153,-361.21008,530.1439,500
414,356.33023,6.7453895,523.6441,500
415,92.91838,-283.09766,491.81693,500
416,178.99474,-301.96384,768.8744,500
417,171.26823,-175.66121,617.6816,500
418,194.36916,-198.30885,522.63446,500
419,140.60428,-211.37654,487.3375,500
420,470.57968,147.4071,543.52795,500
421,105.38238,-239.2823,486.30994,500
422,583.0844,238.93391,628.0012,500
423,133.18083,-180.95728,486.29053,500
424,104.67612,-252.96744,509.607,500
425,264.02396,-149.26848,524.49927,500
426,87.440834,-402.21664,494.67072,500
427,110.74351,-230.22928,504.9587,500
428,144.82921,-174.1898,542.63574,500
429,121.62787,-204.12425,510.84525,500
430,214.35088,-214.5941,769.18134,500
431,106.98624,-411.93488,529.73737,500
432,118.74396,-211.87881,514.68756,500
433,235.57701,-203.86783,560.6863,500
434,109.994705,-243.59952,520.4326,500
435,590.0727,243.1532,636.6459,500
436,538.508,202.78,589.1417,500
437,116.66052,-331.1676,529.0685,500
438,584.0991,239.26299,629.6554,500
439,300.70306,-82.73538,534.1534,500
440,463.59613,113.10808,545.222,500
441,601.2969,249.85643,646.00635,500
442,342.20068,-36.963497,575.764,500
443,79.938675,-347.6412,490.6895,500
444,97.62853,-273.32733,489.28415,500
445,416.1702,77.33309,536.55786,500
446,98.69339,-283.62543,515.0158,500
447,156.48193,-198.14148,494.1986,500
448,263.2273,-107.478035,515.87036,500
449,105.601776,-246.2932,497.0881,500
450,252.22418,-216.3465,526.43494,500
451,112.979065,-316.52222,498.02628,500
452,101.90645,-268.65018,500.5844,500
453,561.41144,221.40628,607.91595,500
454,144.46132,-176.01172,465.10413,500
455,107.829056,-225.17877,482.68417,500
456,81.55776,-378.50287,484.28644,500
457,109.626045,-221.50539,475.7763,500
458,111.6125,-231.0315,507.89377,500
459,528.531,195.08781,578.32605,500
460,401.00674,50.444656,562.2189,500
461,511.31915,205.38057,552.002,500
462,187.30933,-149.29443,509.7979,500
463,105.511505,-272.85162,531.7868,500
464,115.03751,-204.83154,472.47446,500
465,91.4152,-295.13046,469.80978,500
466,154.31879,-202.37228,609.46454,500
467,167.27307,-224.6,527.1393,500
468,127.03081,-264.00833,467.55313,500
469,191.13486,-216.33023,531.87756,500
470,99.59763,-331.57013,512.56415,500
471,339.24756,-29.994707,524.35156,500
472,534.85254,200.97353,586.25793,500
473,183.94208,-333.0784,531.191,500
474,108.147125,-298.40936,509.135,500
475,85.75099,-334.9366,483.06882,500
476,153.85548,-210.76993,615.89984,500
477,601.2534,248.69415,645.0027,500
478,89.24276,-339.5679,473.88214,500
479,103.35867,-253.48256,493.2837,500
480,500.0419,158.69308,562.3676,500
481,321.95026,-62.69169,530.6448,500
482,92.96825,-243.87073,447.10043,500
483,500.25275,147.44537,568.58685,500
484,245.55292,-156.85895,503.48892,500
485,140.17467,-204.91858,573.50244,500
486,395.52536,-76.43782,593.3389,500
487,430.95813,43.08873,550.42017,500
488,259.53586,-125.485214,529.91113,500
489,592.99603,243.86424,637.1379,500
490,114.38544,-233.82669,522.6378,500
491,91.742775,-306.42004,492.2936,500
492,137.02449,-329.6255,509.85458,500
493,192.24849,-221.14844,514.9093,500
494,196.81157,-185.57559,536.9589,500
495,602.59503,250.58237,647.30334,500
496,183.40407,-256.56937,738.06433,500
497,383.7696,-16.88663,537.19916,500
0,627.4924,251.05585,672.3608,550
1,143.07472,-121.132484,425.63947,550
2,511.48026,134.16144,583.77026,550
3,110.17928,-162.93315,434.8958,550
4,142.21164,-170.36104,462.426,550
5,183.17879,-312.6632,488.15234,550
6,631.1189,253.72432,676.7826,550
7,437.33542,79.058556,538.44653,550
8,142.55737,-146.12912,449.68237,550
9,95.22513,-214.46886,413.40662,550
10,549.70074,188.58841,616.62964,550
11,596.4907,229.03845,646.43134,550
12,657.67523,269.0021,695.9699,550
13,96.73956,-190.46574,406.4493,550
14,135.59349,-146.55655,432.26584,550
15,600.9493,230.49388,653.83264,550
16,632.4633,257.46616,678.9923,550
17,408.76404,49.93969,539.26166,550
18,298.13486,-43.15719,484.05588,550
19,95.89354,-269.49063,449.9456,550
20,582.8366,211.05536,630.3671,550
21,614.7561,243.05779,663.70105,550
22,436.33102,74.205086,561.32465,550
23,145.68744,-135.16199,505.7771,550
24,112.43114,-299.69937,473.62112,550
25,420.57794,77.411415,545.16534,550
26,299.91107,144.36989,344.11673,550
27,144.39493,-176.57217,450.19177,550
28,613.9727,245.308,663.8254,550
29,523.66583,160.6664,606.9261,550
30,101.591835,-214.12251,437.8581,550
31,247.94228,-173.70726,471.66794,550
32,118.179,-206.39914,451.62766,550
33,181.58186,-98.22212,441.1842,550
34,104.14256,-195.93599,433.3607,550
35,174.56897,-110.97489,470.55463,550
36,140.57867,-147.10745,503.8918,550
37,420.91635,63.235897,549.1935,550
38,155.37442,-121.945366,464.70352,550
39,650.63855,267.02734,695.3702,550
40,1055.6985,474.67175,1083.7961,550
41,152.16696,-170.4611,417.44968,550
42,129.57121,-139.10635,442.02136,550
43,135.95474,-140.44089,478.4316,550
44,498.96634,128.54272,573.1698,550
45,154.72623,-293.03235,505.9129,550
46,639.11194,261.56552,685.2657,550
47,572.3034,204.12755,619.37463,550
48,176.63206,-228.29692,432.48358,550
49,106.63125,-183.26097,431.96967,550
50,168.37491,-112.638985,505.1595,550
51,633.0132,259.33597,675.3741,550
52,447.728,88.51281,562.49976,550
53,93.37993,-224.05215,415.4112,550
54,581.252,213.29767,632.87683,550
55,129.3489,-171.23741,438.81403,550
56,862.4014,389.30188,896.33374,550
57,427.62488,50.05835,550.9712,550
58,155.83643,-413.1988,583.12946,550
59,601.5745,231.67517,658.2631,550
60,604.5362,235.49265,654.94836,550
61,609.34296,234.97585,656.7105,550
62,595.83826,227.85492,658.12726,550
63,104.72053,-201.14406,458.60205,550
64,102.448906,-414.07697,490.26923,550
65,553.57806,190.28838,613.07324,550
66,137.09827,-196.53802,437.3136,550
67,644.64325,267.3393,688.0002,550
68,607.42554,243.95154,660.71954,550
69,119.25307,-155.97592,450.0529,550
70,165.55624,-111.606995,489.40097,550
71,376.03384,26.254007,547.19324,550
72,557.7621,191.93521,619.7801,550
73,184.9591,-101.735176,464.98376,550
74,325.421,-52.513554,529.56683,550
75,100.230194,-255.0306,451.90237,550
76,409.66788,73.60783,566.303,550
77,389.542,31.483538,538.2332,550
78,681.5263,284.55157,726.6279,550
79,521.31647,155.56236,589.63855,550
80,139.04048,-134.82138,468.68027,550
81,187.01723,-197.44514,470.60495,550
82,140.33049,-138.92937,490.74786,550
83,428.20377,76.82146,543.1449,550
84,103.1723,-208.94597,379.8784,550
85,612.9567,241.56998,658.1033,550
86,240.3658,-79.080215,468.46954,550
87,114.79519,-171.94763,437.6441,550
88,167.93184,-113.15418,483.21127,550
89,352.56653,-16.959948,501.18674,550
90,603.68207,232.69981,657.39404,550
91,135.97758,-148.09319,447.9051,550
92,417.05832,72.85443,573.32416,550
93,152.14029,-138.63342,496.84756,550
94,150.71136,-95.747284,446.81128,550
95,439.74387,87.04028,560.6144,550
96,136.60951,-159.01268,440.86728,550
97,163.27257,-115.41967,500.01767,550
98,160.67502,-120.83165,453.40292,550
99,617.0807,245.10211,668.30536,550
100,457.0383,106.64233,567.18445,550
101,609.2537,238.86058,659.3006,550
102,235.0366,-228.38086,485.16367,550
103,558.1958,199.78772,625.19635,550
104,539.3535,182.95682,606.8253,550
105,528.67145,178.71034,608.8946,550
106,223.15175,-70.90376,458.0111,550
107,131.65468,-141.79163,436.72348,550
108,619.57263,187.11072,678.39856,550
109,553.5074,188.30907,612.1745,550
110,133.49983,-140.66103,479.33987,550
111,127.46981,-157.11838,476.2773,550
112,1060.964,490.49295,1087.764,550
113,510.35873,149.95966,598.6303,550
114,507.95474,144.79398,579.4982,550
115,622.61896,246.89188,670.88184,550
116,104.54647,-136.56332,384.89725,550
117,527.41656,168.22728,595.886,550
118,95.09378,-224.85838,412.39264,550
119,125.19286,-184.55971,417.80356,550
120,641.5123,264.51688,686.07214,550
121,136.68416,-169.518,461.30264,550
122,151.11627,-156.93636,436.781,550
123,275.3706,-28.822502,491.59512,550
124,157.0273,-162.53119,450.13556,550
125,125.54976,-174.18788,492.7933,550
126,135.46997,-145.73083,482.91644,550
127,92.0754,-341.2023,449.5276,550
128,146.42986,-222.5698,500.64795,550
129,285.0689,-17.6129,474.06357,550
130,221.05681,-145.3891,696.0622,550
131,644.7764,265.56494,687.6008,550
132,191.84326,-265.30377,457.51135,550
133,182.31377,-126.4932,577.32196,550
134,232.0284,-72.51128,468.88678,550
135,148.35756,-126.47624,431.28674,550
136,183.58582,-147.19196,418.3766,550
137,235.92421,-137.9136,718.89374,550
138,150.16502,-140.76425,449.4393,550
139,555.24146,190.53825,611.7537,550
140,605.69965,234.62976,652.9251,550
141,120.707565,-166.8686,451.22687,550
142,283.61963,-137.96428,830.9926,550
143,140.80823,-138.8712,463.87393,550
144,640.6484,263.7798,684.71234,550
145,432.7315,88.8996,586.9438,550
146,157.05586,-59.625343,425.0631,550
147,228.71663,-75.81466,454.71964,550
148,377.3661,-27.449059,544.13074,550
149,136.66237,-127.29348,365.5103,550
150,334.59097,-21.03555,510.84485,550
151,174.5426,-108.65067,484.19705,550
152,105.81983,-210.99094,447.09695,550
153,169.99933,-150.7027,452.303,550
154,140.99187,-139.15167,485.43018,550
155,143.98068,-188.0094,437.523,550
156,158.09183,-116.411514,474.89218,550
157,455.62732,109.925835,566.49115,550
158,645.8818,266.5476,688.5154,550
159,104.6852,-251.61,437.7189,550
160,158.35773,-136.89926,433.87064,550
161,623.5971,251.18619,672.7711,550
162,262.674,-110.33893,483.79745,550
163,267.7023,-74.78648,456.3808,550
164,147.44862,-133.21901,504.6855,550
165,167.44371,-123.01613,470.43454,550
166,225.10583,-87.51582,584.7143,550
167,113.96634,-186.95537,461.61566,550
168,147.61214,-138.43063,449.77078,550
169,616.51794,246.23193,664.8267,550
170,449.18948,101.48842,552.472,550
171,634.8045,258.82303,681.0636,550
172,219.15327,-90.25593,455.23578,550
173,99.49383,-197.62466,409.7738,550
174,259.50565,-157.88283,796.27563,550
175,142.53088,-139.09157,493.76248,550
176,80.494896,-228.2268,377.5988,550
177,592.2295,221.56639,640.47614,550
178,131.58542,-129.6457,411.67093,550
179,488.76874,133.57031,590.46454,550
180,145.39032,-135.27423,502.7741,550
181,1201.0983,560.2087,1228.0104,550
182,323.65024,-8.534801,470.2697,550
183,109.75784,-158.51622,416.73364,550
184,618.2718,245.3646,664.6998,550
185,124.40266,-169.78156,462.887,550
186,534.89325,179.93599,605.01843,550
187,94.51115,-233.18129,418.30466,550
188,277.1817,-69.5237,480.09482,550
189,146.3473,-151.2569,412.3604,550
190,162.4525,-135.63681,436.9773,550
191,139.88269,-215.62656,415.40024,550
192,279.04993,-79.83816,466.951,550
193,258.0128,-40.38979,465.3481,550
194,108.99892,-195.03268,448.72385,550
195,590.57574,223.95528,673.4118,550
196,574.7774,207.84264,637.6041,550
197,103.96238,-180.57126,410.72556,550
198,130.9672,-164.16374,469.4748,550
199,99.64326,-212.69576,445.54556,550
200,1920.4274,910.0379,1954.3091,550
201,256.18097,-63.398407,466.44205,550
202,117.36865,-181.77417,436.67868,550
203,120.872826,-156.18958,460.9936,550
204,318.1743,-50.515545,530.82404,550
205,141.69255,-145.65202,499.19965,550
206,576.9366,212.28815,645.84393,550
207,120.35087,-192.52069,423.95514,550
208,574.1628,211.8019,632.9498,550
209,90.67907,-244.33168,433.4694,550
210,372.24155,5.2314587,541.8641,550
211,140.34238,-122.720856,399.4812,550
212,176.65674,-109.68727,453.99496,550
213,579.8159,212.23807,635.8042,550
214,588.18195,222.40059,648.2538,550
215,154.4193,-128.26207,486.1348,550
216,625.2568,250.48293,669.9265,550
217,455.189,100.66064,574.5219,550
218,244.59412,-52.20191,470.94464,550
219,294.9908,-28.888292,499.8127,550
220,265.96045,-40.46205,464.64594,550
221,245.60849,-52.894016,462.3382,550
222,145.5872,-113.58368,466.12268,550
223,190.54605,-95.70462,441.19803,550
224,1204.0188,534.8373,1235.9905,550
225,117.39102,-331.1739,431.69992,550
226,142.64925,-128.73767,488.61377,550
227,119.84222,-277.083,417.39645,550
228,105.118256,-206.49681,444.52094,550
229,110.11488,-164.70403,434.8543,550
230,293.05768,-4.087812,489.95444,550
231,123.0244,-160.79074,459.43094,550
232,640.6092,266.5592,683.6545,550
233,617.06274,245.65897,666.6354,550
234,253.74721,-80.61188,467.55197,550
235,95.62613,-238.42552,435.32388,550
236,159.24617,-279.64948,439.8364,550
237,136.93228,-132.61145,477.0849,550
238,192.99004,-117.35911,432.5861,550
239,234.39748,-63.8691,465.59415,550
240,156.92453,-127.41396,521.6725,550
241,170.33449,-142.03267,450.79214,550
242,190.30652,-176.29034,461.43906,550
243,89.480644,-216.08612,417.65024,550
244,141.58672,-140.56805,499.9529,550
245,82.998184,-290.25885,411.03162,550
246,111.37266,-176.19547,453.49478,550
247,545.80054,181.55215,608.0297,550
248,149.34622,-154.35588,444.93497,550
249,158.96544,-170.09712,568.85913,550
250,187.28731,-168.82478,427.55362,550
251,90.90959,-365.23422,448.24417,550
252,375.64066,18.725721,535.827,550
253,203.84833,-268.32556,533.2144,550
254,158.81438,-133.80829,538.125,550
255,536.3966,188.71567,606.9853,550
256,210.98698,-97.187874,446.28278,550
257,124.786804,-152.58768,444.67645,550
258,183.93631,-96.696396,434.63693,550
259,121.62724,-159.49414,457.0029,550
260,124.063896,-143.60909,429.23444,550
261,165.21878,-166.86534,484.57687,550
262,142.06754,-144.80756,451.63412,550
263,180.12326,-133.76541,584.7937,550
264,262.80853,-56.18508,457.71335,550
265,1127.7461,520.01196,1161.4271,550
266,409.59476,-141.98332,1106.6597,550
267,191.05902,-89.54916,468.71008,550
268,400.78476,11.175282,561.90247,550
269,1227.7793,579.6392,1259.237,550
270,171.92604,-125.439384,547.59674,550
271,327.41977,-57.32973,508.2311,550
272,149.43776,-142.29124,420.99307,550
273,133.92732,-124.854126,387.97363,550
274,541.1417,181.77055,630.1497,550
275,119.62271,-161.93729,456.5191,550
276,225.72194,-145.11877,696.871,550
277,141.06277,-171.98212,412.18262,550
278,598.5158,230.5095,645.1431,550
279,119.81872,-158.65547,455.24243,550
280,294.58664,-29.564377,445.198,550
281,276.64636,-62.44001,469.16174,550
282,133.34029,-152.81352,490.0971,550
283,525.3431,174.23291,597.45026,550
284,217.38876,-151.26355,696.0537,550
285,840.42883,373.87042,867.2223,550
286,185.49365,-100.64636,462.50192,550
287,156.0756,-119.14879,396.1732,550
288,258.0446,-51.920177,489.22565,550
289,93.220276,-238.51869,428.05582,550
290,168.02003,-125.71898,501.75092,550
291,655.68634,277.10782,697.79297,550
292,123.85362,-186.63004,449.56366,550
293,606.50836,235.46574,663.07196,550
294,617.97125,243.63007,665.3045,550
295,438.42642,81.860405,568.3185,550
296,200.08322,-125.73236,431.75815,550
297,128.09915,-153.1003,473.7039,550
298,429.08533,59.439995,557.5236,550
299,2570.5127,1288.6384,2578.6555,550
300,612.53265,239.7214,660.0151,550
301,279.55432,-44.875057,482.74023,550
302,706.3226,333.79178,719.15094,550
303,316.52316,-196.10353,553.40656,550
304,120.60128,-165.16577,454.2812,550
305,437.34406,75.40717,568.0941,550
306,571.43756,207.34476,637.66895,550
307,531.1155,174.54701,608.221,550
308,113.888306,-172.57869,459.5749,550
309,586.8742,222.1233,652.5168,550
310,1838.4148,872.8145,1870.1835,550
311,524.3592,161.65416,596.25275,550
312,140.77196,-155.63493,475.01074,550
313,135.67456,-177.5666,472.05093,550
314,123.528404,-191.064,440.7758,550
315,122.635185,-153.053,404.79587,550
316,130.93892,-144.38483,433.33408,550
317,558.19763,195.43283,617.9881,550
318,149.82794,-295.37885,473.009,550
319,134.44835,-130.9712,448.00586,550
320,109.03569,-212.90524,441.51797,550
321,137.92206,-139.04195,487.29645,550
322,282.66348,-61.097523,467.7059,550
323,402.7035,16.795965,550.1139,550
324,140.9364,-132.7047,494.91995,550
325,130.12526,-147.0355,464.56488,550
326,152.07611,-127.22924,477.2623,550
327,622.85333,250.58798,670.27136,550
328,166.33495,-115.66853,459.3885,550
329,118.24186,-164.01083,448.16638,550
330,618.137,247.62772,663.1779,550
331,259.27924,-44.915493,482.8117,550
332,175.65848,-122.49741,440.0156,550
333,392.9953,-9.130775,547.4201,550
334,641.68243,263.98224,685.2119,550
335,305.1646,-58.50808,516.4677,550
336,549.8101,190.74463,615.4367,550
337,252.7951,-55.87261,486.18866,550
338,206.74126,-79.45469,458.37396,550
339,113.20406,-163.75676,429.6624,550
340,125.68788,-219.7444,475.87,550
341,367.8009,30.753305,513.0644,550
342,560.0958,198.4679,634.08203,550
343,606.2438,239.04857,655.4826,550
344,553.4106,189.05731,619.2107,550
345,631.0185,258.67065,676.2538,550
346,230.06844,-180.9659,504.69745,550
347,191.20859,-92.99589,489.2647,550
348,289.9587,-47.515915,484.77875,550
349,88.544426,-269.09094,397.64874,550
350,122.67564,-167.00504,448.88257,550
351,241.70404,-58.037987,457.67535,550
352,99.11959,-212.09741,426.7898,550
353,113.98245,-183.8944,456.58722,550
354,118.55538,-157.57884,444.79828,550
355,106.469505,-196.28273,451.91132,550
356,192.14954,-140.28102,442.9332,550
357,122.847046,-153.68912,461.7572,550
358,130.97015,-148.7835,474.5635,550
359,212.71458,-88.66027,429.9092,550
360,618.56354,245.7175,665.3863,550
361,636.4536,260.41605,680.5853,550
362,338.409,-49.019165,498.97128,550
363,120.22367,-155.85051,451.58426,550
364,518.1061,159.22574,613.312,550
365,645.0304,267.12997,688.6726,550
366,163.40753,-114.09449,458.3925,550
367,162.77252,-110.1476,497.24136,550
368,122.30299,-147.30003,427.3434,550
369,112.18563,-177.12392,442.28458,550
370,147.24171,-125.166405,471.88272,550
371,598.56537,230.6864,647.0484,550
372,202.71088,-128.76407,630.896,550
373,619.8978,247.96498,667.3638,550
374,145.1652,-156.10599,467.4473,550
375,125.57931,-206.49994,423.92606,550
376,573.054,211.82317,632.85565,550
377,137.47266,-148.46922,496.27734,550
378,609.9723,243.16457,660.7845,550
379,203.75584,-91.953545,436.5795,550
380,186.69986,-95.397736,506.3343,550
381,320.51358,33.123055,469.14835,550
382,388.9854,38.546474,540.54456,550
383,513.34467,134.82994,584.5826,550
384,643.937,265.10165,686.661,550
385,74.83005,-273.68423,407.5564,550
386,739.279,306.67828,826.5998,550
387,211.81264,-150.0096,679.7973,550
388,538.62946,186.67598,611.29315,550
389,125.67912,-158.76839,474.24103,550
390,168.89075,-136.16266,560.96014,550
391,453.98273,97.96183,570.38806,550
392,116.85489,-160.19498,444.68503,550
393,189.95154,36.062668,333.49088,550
394,199.28613,-89.04456,457.66885,550
395,291.73816,-146.82195,850.11554,550
396,125.25057,-151.36835,459.5584,550
397,223.54341,-107.24403,435.77612,550
398,641.2248,263.95898,684.71783,550
399,198.48755,-81.27829,448.92682,550
400,548.4419,184.01315,618.2297,550
401,138.97437,-135.8669,488.5329,550
402,497.55243,137.56343,576.331,550
403,10876.178,5392.5195,11083.793,550
404,536.74854,175.52992,600.3069,550
405,403.78482,62.598682,533.59076,550
406,127.11321,-144.91698,453.3455,550
407,134.46202,-123.95956,427.44885,550
408,445.6223,90.63342,574.9864,550
409,453.55017,59.584282,562.2451,550
410,605.48914,239.74265,655.61914,550
411,592.5598,226.2057,644.5479,550
412,182.75209,-108.85647,477.73065,550
413,99.06332,-202.44188,440.01056,550
414,349.02005,29.804966,524.0483,550
415,111.06508,-185.74744,444.7592,550
416,173.57309,-151.46577,584.626,550
417,207.95546,-127.46852,642.1909,550
418,310.77335,0.6481028,477.73325,550
419,115.42327,-148.2531,414.06473,550
420,588.86053,226.99228,643.81616,550
421,130.43317,-151.47342,440.08643,550
422,626.1707,255.85043,670.7194,550
423,145.95413,-148.37645,470.46866,550
424,110.13275,-179.27467,442.79398,550
425,352.8514,4.501065,497.0972,550
426,87.75622,-248.17358,423.8317,550
427,120.93589,-161.76897,464.4343,550
428,157.1882,-132.37071,507.12436,550
429,126.64549,-160.70914,460.93854,550
430,215.48984,-129.80865,666.0779,550
431,132.4923,-370.35223,486.94354,550
432,229.55376,-57.954018,455.97073,550
433,194.87083,-179.77104,480.20172,550
434,155.5945,-125.56373,472.87357,550
435,629.74,255.30472,674.8742,550
436,493.01123,110.84341,575.01935,550
437,262.1783,-78.58783,466.0768,550
438,609.2808,237.21442,657.05237,550
439,199.3973,-130.32755,459.6987,550
440,1053.265,482.09436,1077.978,550
441,640.2853,262.3394,683.6462,550
442,261.28738,-78.772606,490.4401,550
443,89.293274,-349.7694,426.7291,550
444,116.78516,-163.7182,452.3738,550
445,214.26004,-142.3039,481.2616,550
446,117.91061,-176.68349,469.93973,550
447,176.5268,-95.97674,416.63956,550
448,280.05423,-34.13672,476.9469,550
449,123.89604,-158.57693,468.53174,550
450,426.51404,159.65744,451.64462,550
451,323.69278,15.102796,470.40125,550
452,227.24393,-141.82259,428.61145,550
453,576.6301,209.85124,633.954,550
454,118.9707,-131.48969,380.27692,550
455,113.08754,-167.15215,444.42233,550
456,114.37724,-164.23782,452.93295,550
457,119.298996,-172.07855,449.00943,550
458,135.57216,-130.8084,469.39435,550
459,538.2355,174.13348,604.10675,550
460,346.23193,22.041042,532.14264,550
461,550.7066,189.76067,614.59534,550
462,150.89055,-128.9392,456.2908,550
463,118.962006,-169.70364,458.6518,550
464,133.89345,-175.95506,459.51404,550
465,150.79588,-140.02632,429.81085,550
466,209.92633,-134.44984,659.41064,550
467,143.94373,-159.20279,445.4338,550
468,229.1041,-84.53937,442.8488,550
469,413.93765,39.51943,544.3951,550
470,311.96402,-77.09642,522.5011,550
471,267.4369,-53.921635,471.81973,550
472,566.2861,201.39906,623.0277,550
473,471.32108,129.8444,570.4855,550
474,216.01994,-80.1638,449.64417,550
475,124.2024,-285.31372,432.05975,550
476,178.32553,-111.08071,522.6521,550
477,648.0032,268.53476,690.0969,550
478,126.240585,-280.61603,409.69086,550
479,115.986046,-143.44049,424.90775,550
480,567.1606,205.3852,623.93475,550
481,444.18875,91.128944,581.0281,550
482,116.64991,-160.34053,439.38422,550
483,569.7714,189.37985,647.32947,550
484,300.9553,-6.5878105,481.50095,550
485,166.0759,-136.9893,557.19714,550
486,466.22827,80.564735,563.01215,550
487,448.02277,56.734104,560.09784,550
488,488.28833,141.88806,581.62274,550
489,618.47565,246.98775,667.8886,550
490,130.03152,-137.24522,462.82977,550
491,84.53416,-303.06784,411.4044,550
492,186.76779,-97.83285,447.64713,550
493,236.73824,-75.226974,467.66254,550
494,221.62317,-96.617294,460.75885,550
495,595.4126,226.11755,646.7374,550
496,137.3525,-143.75052,490.31964,550
497,574.1335,207.51645,629.9674,550
0,715.8232,339.79248,761.1261,600
1,106.294044,-226.82574,481.36795,600
2,548.55115,196.30951,669.325,600
3,80.398705,-240.08443,422.35156,600
4,140.22975,-254.19745,515.9237,600
5,105.381,-408.41232,446.59726,600
6,696.82324,271.3466,875.7137,600
7,488.20557,182.43655,549.2123,600
8,204.89091,-113.79607,457.245,600
9,82.60417,-362.42523,428.76935,600
10,510.76688,202.19063,590.20355,600
11,624.94916,280.18866,695.0641,600
12,433.6109,113.78047,515.67865,600
13,87.616844,-336.00366,430.87454,600
14,144.22694,-169.84904,494.1572,600
15,525.27094,212.60954,573.0998,600
16,645.03687,298.72406,696.1848,600
17,404.4373,73.56265,533.92664,600
18,698.6257,332.77377,742.9729,600
19,92.77366,-366.77826,486.03577,600
20,548.26263,224.94412,593.138,600
21,659.3032,294.77774,740.1474,600
22,484.5928,178.72609,553.72076,600
23,134.86685,-164.62015,510.1331,600
24,488.5017,223.47931,532.11755,600
25,617.30884,270.4578,682.2717,600
26,509.2853,174.63939,581.5048,600
27,352.77512,-16.20558,673.5482,600
28,608.805,275.19788,664.299,600
29,330.74237,5.9268584,440.66656,600
30,175.35994,-271.564,483.73917,600
31,394.1521,56.64881,521.26794,600
32,292.66806,36.896626,412.99738,600
33,185.01457,-320.5876,523.4578,600
34,117.58619,-199.86151,487.9253,600
35,155.42516,-177.63611,517.3728,600
36,66.63498,-312.42975,410.78406,600
37,642.22345,299.49362,690.36096,600
38,125.74223,-241.3827,503.46295,600
39,695.044,303.40115,814.95306,600
40,427.456,155.20578,500.76065,600
41,232.05139,-57.84418,420.7307,600
42,120.563095,-184.58444,470.82004,600
43,129.01341,-160.37936,497.31516,600
44,493.9347,63.02975,784.5141,600
45,152.44655,-403.7748,607.9281,600
46,648.3383,266.5261,781.9061,600
47,453.767,163.22386,540.1896,600
48,115.6926,-396.36307,451.36603,600
49,107.85932,-213.20015,479.193,600
50,157.61206,-146.3325,521.5022,600
51,634.8759,279.6712,712.3066,600
52,332.94193,-9.496782,528.699,600
53,87.245865,-354.9325,443.97006,600
54,722.3257,227.34828,1008.6136,600
55,128.44571,-203.11493,503.93118,600
56,597.0391,250.12082,698.8733,600
57,727.67236,317.4031,854.4538,600
58,191.26515,-118.42683,510.04926,600
59,770.37665,350.20328,865.473,600
60,672.6736,282.39328,800.3038,600
61,626.17676,282.8195,685.793,600
62,782.7201,361.15424,859.04846,600
63,76.991325,-444.63693,482.80698,600
64,163.53134,-120.45422,326.66666,600
65,556.3568,246.16483,593.7652,600
66,121.37621,-319.13406,520.2662,600
67,615.4035,180.51218,875.0338,600
68,645.43506,296.91855,697.2504,600
69,101.77947,-223.18262,462.72897,600
70,208.65503,-165.21584,644.8574,600
71,680.1763,268.75983,888.4752,600
72,818.6702,386.81918,880.4414,600
73,350.8081,-65.6198,741.8435,600
74,347.9645,29.435383,541.93604,600
75,437.9263,195.41772,482.42517,600
76,406.21283,62.315186,591.3817,600
77,422.6602,114.945114,522.0892,600
78,602.155,254.3116,699.6056,600
79,510.48065,205.15356,567.2747,600
80,136.58783,-197.61017,521.2198,600
81,102.811485,-376.17413,501.3047,600
82,153.46005,-123.31528,557.10333,600
83,460.57764,152.63889,536.494,600
84,300.6918,-23.977932,491.63217,600
85,587.2262,264.7394,624.6965,600
86,282.33212,-106.74429,572.5688,600
87,134.54338,-142.75568,488.14096,600
88,656.1505,252.17252,866.51965,600
89,426.01956,162.20479,475.85672,600
90,591.1537,270.97266,631.0485,600
91,131.76784,-169.70389,501.2143,600
92,701.8906,-60.70216,1402.5878,600
93,181.6563,-226.83458,583.83246,600
94,161.76881,-160.08421,519.3707,600
95,370.81793,32.753036,522.86707,600
96,214.7621,23.106796,322.88388,600
97,130.5853,-152.87534,500.93057,600
98,201.89119,-126.07626,551.6641,600
99,606.6171,279.65488,646.924,600
100,365.8351,39.222008,573.4844,600
101,570.1611,262.95987,632.5722,600
102,105.46771,-421.13602,461.2227,600
103,357.43408,-12.892571,531.2914,600
104,569.0565,236.9211,643.2781,600
105,549.64465,235.42102,636.1449,600
106,339.61188,19.48985,520.957,600
107,164.77194,-189.55107,532.867,600
108,427.1362,106.460335,500.44913,600
109,450.7193,86.07945,616.74207,600
110,98.94399,-255.09685,478.89435,600
111,97.76715,-277.55273,490.28064,600
112,388.7565,51.479565,503.70657,600
113,470.37888,131.08826,672.0841,600
114,513.19476,205.32683,563.12866,600
115,593.48126,193.01212,815.85333,600
116,87.20055,-283.18497,429.03244,600
117,439.74445,130.01445,507.35773,600
118,213.07854,-250.76364,560.14154,600
119,186.33885,-316.84543,514.40015,600
120,694.7026,310.95642,790.25415,600
121,302.3553,-177.34978,772.93054,600
122,100.1236,-254.12823,474.12628,600
123,241.71706,-128.41124,538.8177,600
124,167.71521,-218.92398,577.71173,600
125,80.299576,-264.16318,452.66046,600
126,100.57678,-148.99875,409.96823,600
127,95.98208,-440.93628,500.19714,600
128,258.6409,-171.09178,638.21356,600
129,242.99637,-117.931206,514.5058,600
130,132.83443,-137.24063,507.59827,600
131,663.7325,315.57562,702.56604,600
132,506.71838,214.72418,626.0493,600
133,166.50465,-128.99524,483.0506,600
134,201.05125,-143.98674,539.74164,600
135,95.530945,-280.2286,472.38303,600
136,341.58746,-23.224878,506.24982,600
137,147.34329,-124.17498,544.9733,600
138,171.65643,-172.57428,510.5995,600
139,677.74115,156.6942,1024.0005,600
140,592.30286,265.98743,649.74695,600
141,88.29643,-396.56302,459.01813,600
142,171.91803,-125.438896,618.2072,600
143,165.46065,-181.92332,531.3843,600
144,664.1607,306.61276,721.3111,600
145,512.4023,172.29349,673.93,600
146,160.23224,-307.99573,492.55585,600
147,285.78784,-95.99358,499.5185,600
148,396.95602,31.654991,571.8144,600
149,136.16203,-301.57202,451.1419,600
150,408.20596,85.72323,497.7942,600
151,163.13896,-133.94434,536.5494,600
152,95.366066,-442.06445,487.4702,600
153,270.77173,-148.48058,557.0154,600
154,130.7952,-177.26993,500.43817,600
155,110.33931,-351.83994,436.56265,600
156,124.10461,-205.15077,502.7845,600
157,458.36417,144.61842,550.0394,600
158,687.74036,296.32938,803.6364,600
159,143.10168,-203.1086,483.47488,600
160,288.06366,-53.559826,510.229,600
161,549.5033,231.40201,635.66315,600
162,174.93355,-251.70499,549.9988,600
163,376.6874,32.823627,515.50366,600
164,146.31624,-134.5103,537.44543,600
165,189.4353,-117.973625,528.85706,600
166,242.90363,-66.10766,607.72797,600
167,377.44366,-199.36601,968.3439,600
168,140.20264,-226.633,517.90204,600
169,641.08215,296.77948,691.9829,600
170,389.1968,50.189674,499.77432,600
171,638.66846,288.55475,701.2932,600
172,189.63834,-223.17674,511.88705,600
173,149.06891,-152.0582,384.42236,600
174,150.73918,-168.30624,600.5696,600
175,148.56413,-198.8012,536.93445,600
176,115.8421,-358.60284,434.04068,600
177,413.6041,48.807938,638.56854,600
178,154.37312,-174.34726,479.531,600
179,322.70166,18.439291,490.77853,600
180,76.46248,-304.9338,433.19992,600
181,297.672,-68.23176,506.27744,600
182,316.9037,-73.184074,498.0775,600
183,100.52896,-256.53546,463.4962,600
184,826.988,378.8813,923.65936,600
185,108.48624,-283.0466,476.75882,600
186,620.96606,271.8848,715.2297,600
187,149.28482,-344.69284,467.74625,600
188,118.31021,-394.8943,500.45074,600
189,210.64815,-161.16322,543.09314,600
190,422.7921,144.6767,504.31415,600
191,170.16936,-208.77272,473.36707,600
192,337.48276,-25.99178,505.03793,600
193,381.05234,43.00747,524.12604,600
194,76.31474,-257.82236,422.37247,600
195,731.80615,307.77286,849.322,600
196,551.1938,233.28429,621.2276,600
197,127.38322,-328.2057,439.42218,600
198,121.36685,-183.14648,489.04922,600
199,69.77782,-291.13818,422.79318,600
200,237.76773,-222.45856,514.6195,600
201,222.38657,-137.98526,553.6068,600
202,78.48207,-251.46484,409.1532,600
203,106.04288,-195.98062,463.6982,600
204,233.91208,-191.17389,595.18146,600
205,119.95199,-211.33374,498.26862,600
206,660.3123,307.309,700.70325,600
207,250.26448,-108.17076,459.97144,600
208,620.18555,277.86438,687.5326,600
209,92.537315,-394.2537,508.67645,600
210,481.29852,167.63777,611.84515,600
211,377.99432,15.238647,686.8272,600
212,93.80304,-262.55884,460.40134,600
213,677.7136,317.80402,725.6558,600
214,536.44415,229.23018,587.21783,600
215,245.91762,-11.404012,489.5869,600
216,666.3495,289.26633,775.78015,600
217,427.33185,32.120552,732.00726,600
218,229.20699,-181.25253,508.73526,600
219,333.02377,-1.7099072,556.7693,600
220,395.57547,71.97681,538.5428,600
221,105.909836,-292.6023,497.53818,600
222,141.7749,-138.36235,526.0905,600
223,182.10005,-272.16608,542.02844,600
224,541.7297,224.06136,588.32776,600
225,127.797134,-347.98505,432.64374,600
226,131.60161,-164.89781,498.9943,600
227,85.164925,-353.8678,422.98193,600
228,91.99136,-356.40894,455.51022,600
229,69.424484,-312.00302,418.717,600
230,410.2155,189.62682,485.71268,600
231,130.9696,-332.19937,531.1928,600
232,651.4549,287.21384,731.69934,600
233,482.88312,152.95447,651.0735,600
234,181.68817,-282.35812,575.7917,600
235,105.54904,-253.16205,346.8875,600
236,104.86615,-391.53833,440.58563,600
237,143.97546,-152.89691,525.18036,600
238,186.90082,-311.0331,595.3236,600
239,181.88504,-186.40625,532.55176,600
240,129.00114,-153.79402,497.7558,600
241,290.33463,-74.140816,556.05096,600
242,221.49344,-297.46368,616.6383,600
243,84.59116,-343.98633,453.90475,600
244,90.53298,-262.1923,452.70917,600
245,83.704926,-394.7213,450.5265,600
246,89.70327,-267.94592,459.59338,600
247,463.40967,144.59822,520.03394,600
248,119.4413,-393.63547,537.1782,600
249,113.37532,-193.01384,501.50827,600
250,208.28043,-231.43259,456.51114,600
251,97.15511,-432.44162,489.17508,600
252,520.99414,209.29591,588.6684,600
253,293.87125,-86.40406,493.4384,600
254,135.65392,-130.90916,519.2379,600
255,571.21454,232.53336,696.52014,600
256,252.89653,-187.86676,609.4469,600
257,98.28275,-357.7051,479.43362,600
258,96.536415,-284.13474,474.5698,600
259,238.90189,-158.73901,611.6488,600
260,144.98181,-292.16544,477.42776,600
261,359.8069,-131.5963,852.87225,600
262,147.12694,-181.66646,515.2282,600
263,103.123146,-209.64244,468.6961,600
264,329.22263,-11.8210535,498.75156,600
265,753.05273,378.20505,780.3424,600
266,215.42917,-122.04508,729.50885,600
267,110.91707,-418.24783,498.41614,600
268,514.3724,195.01733,593.0385,600
269,588.34595,230.44081,724.35406,600
270,89.90753,-221.36546,433.6328,600
271,360.22964,23.383108,499.01175,600
272,186.2324,-233.51428,469.77686,600
273,255.29729,-73.16921,468.56006,600
274,469.61966,171.84923,550.39777,600
275,109.37351,-200.14265,475.68555,600
276,111.714355,-192.84143,499.5818,600
277,389.1809,58.41322,503.1566,600
278,560.81226,174.54605,755.8767,600
279,104.145874,-287.44482,473.15985,600
280,211.41078,-202.69482,569.9508,600
281,455.852,145.98888,545.02295,600
282,101.55958,-218.82309,464.35712,600
283,429.126,119.25435,576.7132,600
284,185.92572,-126.68091,662.0019,600
285,373.5355,52.44428,513.65094,600
286,216.53827,-89.06374,526.4967,600
287,99.97294,-416.88733,482.09607,600
288,286.2986,-58.92984,583.1403,600
289,182.82053,-260.4504,428.68134,600
290,169.66771,-152.48344,534.9856,600
291,614.12103,276.14972,680.2929,600
292,190.39336,-208.3198,576.33276,600
293,717.5029,334.85504,773.74023,600
294,505.01053,195.82747,604.1945,600
295,5377.629,2916.685,5342.68,600
296,282.84494,-83.86371,469.60422,600
297,112.26682,-277.9531,504.1586,600
298,444.20175,123.09013,537.07635,600
299,780.79407,320.8715,953.0457,600
300,549.23315,223.1247,656.76056,600
301,389.94897,76.01838,505.26514,600
302,431.93173,112.06501,498.8019,600
303,258.0549,-167.21954,458.7279,600
304,125.85265,-168.21565,493.4798,600
305,558.98914,246.84055,617.1635,600
306,511.87408,168.71162,664.38293,600
307,523.7972,217.01787,571.24866,600
308,81.508194,-264.53513,437.32266,600
309,471.37802,59.848637,799.56866,600
310,152.22159,-194.58974,523.637,600
311,658.54126,281.15027,773.4393,600
312,101.611496,-228.40028,469.6595,600
313,144.12355,-192.22652,517.35956,600
314,109.86538,-280.21204,503.93167,600
315,124.217804,-270.6278,458.05923,600
316,129.61894,-316.20877,516.14514,600
317,502.29785,192.44678,553.1469,600
318,350.93433,51.64522,524.7339,600
319,176.14197,-140.1048,521.7698,600
320,120.43549,-329.49725,469.43472,600
321,120.44891,-166.55878,499.33102,600
322,395.2958,52.833744,507.52338,600
323,476.2418,162.29759,553.4667,600
324,108.26725,-167.31921,436.0852,600
325,217.83519,-152.85559,620.52167,600
326,159.71307,-135.6147,545.81256,600
327,667.2684,303.4863,738.8197,600
328,247.61316,-156.42859,649.5258,600
329,153.24225,-236.28778,557.2293,600
330,758.2736,236.04453,1072.6595,600
331,277.57632,-98.70175,588.1251,600
332,222.11455,-226.73718,646.13635,600
333,346.44556,1.4527315,514.056,600
334,648.6019,148.52628,990.578,600
335,274.5516,-159.21024,609.97296,600
336,425.9681,107.78205,502.2852,600
337,292.78708,-128.94397,674.9168,600
338,206.1362,-136.28163,497.85684,600
339,82.420296,-282.5299,435.7939,600
340,145.70857,-460.7983,621.066,600
341,329.79276,-36.313904,497.9577,600
342,551.19806,-11.765742,1010.8805,600
343,572.5054,258.6419,611.6436,600
344,716.7115,333.1032,774.4347,600
345,874.6927,400.11548,972.78406,600
346,191.6346,-203.75174,542.44885,600
347,347.05814,-61.8672,669.10803,600
348,410.2914,87.49666,536.5337,600
349,544.72455,235.6994,563.25214,600
350,422.69125,-165.28621,1001.38544,600
351,439.0987,118.331154,519.3748,600
352,76.578064,-275.8114,422.36078,600
353,89.60526,-161.98639,385.31427,600
354,143.2197,-179.82484,517.77167,600
355,139.84541,-207.08487,466.22247,600
356,353.51044,-4.1321435,632.43713,600
357,106.0859,-205.11937,470.86414,600
358,179.18854,-207.36935,576.72363,600
359,385.13605,64.93757,622.3172,600
360,641.2274,292.0758,701.68494,600
361,669.2493,316.29364,716.5002,600
362,452.68274,127.55028,519.7741,600
363,121.78935,-176.80421,486.65186,600
364,502.64038,190.81232,579.24896,600
365,712.68085,332.65103,771.4052,600
366,377.5117,-83.74595,826.15985,600
367,686.8499,-50.469326,1436.5358,600
368,127.99773,-152.96115,495.95352,600
369,636.40283,-68.35068,1288.1487,600
370,130.22455,-146.05316,498.00186,600
371,612.02985,258.92725,713.4038,600
372,151.575,-133.9868,546.17535,600
373,621.8837,283.5916,668.8955,600
374,141.86919,-266.07965,540.5544,600
375,150.57231,-318.23178,498.639,600
376,485.75943,138.31789,585.78534,600
377,105.57332,-218.61473,494.93542,600
378,612.59503,288.66077,646.8399,600
379,145.26851,-209.29163,510.3517,600
380,171.34135,-128.0407,593.5004,600
381,100.9473,-369.46393,502.50287,600
382,301.29828,-101.06035,565.2111,600
383,426.53278,-59.405834,818.98816,600
384,711.3753,271.4652,907.21155,600
385,66.91975,-350.11554,435.71143,600
386,505.00574,188.5564,619.197,600
387,113.225296,-213.51625,521.6674,600
388,492.83414,150.4824,602.34894,600
389,77.504,-257.9857,426.6855,600
390,121.46274,-166.51784,492.59128,600
391,462.97684,168.75946,553.8308,600
392,113.93129,-187.65303,485.33792,600
393,92.97535,-344.16568,445.6492,600
394,309.9832,-41.789112,518.3846,600
395,306.10196,-32.694405,716.3239,600
396,127.11643,-186.23412,503.91135,600
397,305.8896,-40.54594,484.65213,600
398,660.16266,100.49985,1073.2593,600
399,277.99176,12.833845,444.00485,600
400,749.4978,332.59436,865.097,600
401,140.85019,-156.3488,514.5123,600
402,492.43576,129.06892,697.55615,600
403,699.8088,328.12766,770.4851,600
404,513.2473,192.62357,573.9044,600
405,572.9516,254.89038,613.60864,600
406,131.63484,-150.89401,486.4513,600
407,571.21606,304.59534,581.2067,600
408,453.28137,156.30473,534.7257,600
409,349.3272,-16.062305,475.48672,600
410,494.83276,152.61154,633.4393,600
411,631.25635,295.45932,678.9564,600
412,127.306946,-187.09819,504.5045,600
413,94.26481,-240.33585,454.86563,600
414,352.33282,16.786268,538.9474,600
415,81.72712,-370.87024,463.80154,600
416,134.16306,-144.49171,526.06525,600
417,157.60191,-134.18806,565.2084,600
418,325.4486,-36.449432,556.8332,600
419,172.1676,-149.53375,533.56305,600
420,516.9672,214.27538,566.341,600
421,250.739,-83.42716,541.31525,600
422,658.68994,307.6754,705.38416,600
423,178.41617,-141.43144,516.6792,600
424,92.58559,-239.19327,454.59714,600
425,409.45618,75.05884,538.1747,600
426,97.14509,-402.503,461.44608,600
427,118.43124,-161.9477,486.66907,600
428,192.43831,-138.79832,560.72754,600
429,111.28869,-274.49765,495.02777,600
430,150.55243,-131.93849,544.91327,600
431,223.80579,-228.09343,542.44324,600
432,227.13597,-198.0808,497.25247,600
433,296.73563,-105.2601,634.2348,600
434,146.59448,-154.01144,510.2097,600
435,572.7219,253.84058,630.02124,600
436,634.6364,290.8828,678.6154,600
437,134.1484,-199.05688,505.08997,600
438,563.8977,250.87007,616.0867,600
439,190.49457,-286.12604,544.85846,600
440,559.8456,240.95805,598.35004,600
441,694.3705,328.97482,739.07605,600
442,301.53217,-179.7515,774.10986,600
443,82.29529,-414.82718,452.34543,600
444,133.99095,-156.48064,510.70267,600
445,424.97144,73.37077,567.29,600
446,85.802605,-250.85994,440.1393,600
447,208.0316,-164.13406,500.98065,600
448,375.55997,44.82627,530.0938,600
449,101.32652,-233.51654,464.63403,600
450,335.20605,122.033134,363.2518,600
451,386.2503,28.451065,516.5649,600
452,122.82897,-463.1148,574.8046,600
453,694.98376,317.3501,759.99414,600
454,1563.9293,732.60547,1823.297,600
455,125.67462,-173.91974,493.15433,600
456,103.38723,-267.48154,387.7435,600
457,108.84117,-230.50648,482.29544,600
458,139.3566,-157.28528,514.14026,600
459,674.6887,305.4144,743.05835,600
460,792.3728,324.54614,995.5515,600
461,489.32153,157.16618,620.8246,600
462,329.5591,-162.78545,785.75525,600
463,113.424355,-188.1071,484.07727,600
464,142.85973,-283.20975,497.57623,600
465,144.42694,-166.28644,435.62012,600
466,153.22678,-123.54411,556.8661,600
467,235.79666,-156.23251,626.45966,600
468,340.26855,-30.592228,487.48923,600
469,392.6734,35.02602,581.6079,600
470,284.25192,-68.634415,474.1723,600
471,446.0267,161.56656,522.2381,600
472,548.7712,229.61761,603.1395,600
473,258.6999,-168.3729,580.7265,600
474,190.3436,-231.55989,571.07697,600
475,111.87038,-422.0231,535.6596,600
476,144.4078,-149.39212,524.0459,600
477,742.79626,335.16895,839.62756,600
478,425.60013,101.95662,501.8898,600
479,101.16014,-307.4356,484.66702,600
480,550.8369,237.90704,594.29047,600
481,534.6546,221.65237,604.2467,600
482,128.5659,-339.1671,564.1162,600
483,432.47037,104.58676,534.0381,600
484,262.72665,-133.1934,492.02072,600
485,159.43869,-139.25352,536.3495,600
486,449.897,110.9554,527.2416,600
487,365.1641,-11.609838,652.8592,600
488,296.48563,-173.58694,729.12885,600
489,712.4265,319.7681,807.51556,600
490,137.89987,-153.72081,516.2851,600
491,496.01553,202.60379,614.0453,600
492,220.03415,-105.20569,535.06506,600
493,517.2503,-10.050691,963.2133,600
494,362.05496,-149.84546,857.693,600
495,652.08496,305.04092,698.52295,600
496,124.08086,-161.00705,507.52432,600
497,449.79886,116.39855,525.95526,600
0,544.1739,238.95058,552.7688,650
1,191.67961,-77.15209,573.85223,650
2,385.3289,-102.43078,564.3992,650
3,89.81864,-278.4594,487.5638,650
4,168.23923,-143.78075,484.9765,650
5,113.90671,-496.92383,525.06226,650
6,563.9083,252.0806,572.69965,650
7,387.80484,92.60104,471.47705,650
8,207.874,-194.17322,498.15228,650
9,94.31183,-364.247,505.616,650
10,429.38657,137.26437,480.7926,650
11,517.76245,188.9355,545.2038,650
12,356.9355,23.88475,471.8714,650
13,96.92579,-242.75166,473.36334,650
14,126.620964,-142.11865,466.88477,650
15,482.38617,189.5318,512.2295,650
16,557.63525,238.43674,572.18823,650
17,312.5023,27.859367,460.70685,650
18,267.12546,-172.14886,487.42422,650
19,96.41787,-440.75284,524.04895,650
20,470.48593,149.9333,510.3136,650
21,540.4384,224.16527,556.578,650
22,428.11777,146.97455,476.8562,650
23,141.18651,-100.1491,487.60648,650
24,212.31612,-269.9539,479.08655,650
25,447.97644,124.435036,496.54297,650
26,433.7946,148.58917,487.76575,650
27,85.788376,-186.4766,358.49,650
28,519.54553,200.91318,545.5452,650
29,443.796,13.644351,555.3237,650
30,91.392365,-289.0636,480.71008,650
31,217.2249,-219.5035,460.93298,650
32,105.4108,-184.25862,467.73727,650
33,223.07806,-199.99211,505.1271,650
34,109.35397,-130.15623,435.632,650
35,209.0131,-65.634346,509.43988,650
36,104.118095,-155.23131,448.8835,650
37,394.9224,84.06462,469.25156,650
38,185.24446,-94.916725,483.44504,650
39,574.28284,264.0589,581.4962,650
40,320.90244,-3.87156,461.46323,650
41,120.19094,-197.60175,430.6066,650
42,103.379166,-176.02591,433.76334,650
43,189.76216,-72.38431,565.0992,650
44,423.73648,-44.581936,571.3105,650
45,102.925224,-405.81586,513.8342,650
46,593.2245,277.99588,598.9655,650
47,501.02786,205.51765,525.0913,650
48,122.771385,-493.3087,527.3517,650
49,157.3842,-108.60995,449.15933,650
50,227.88644,-57.480644,589.7968,650
51,614.87756,294.66708,619.3115,650
52,372.7952,81.61136,475.0963,650
53,91.849754,-411.7989,515.2033,650
54,541.92725,212.46927,558.36316,650
55,109.10085,-170.29716,448.07373,650
56,523.26447,222.34688,540.01245,650
57,445.41068,158.69872,487.4431,650
58,99.99166,-230.01834,473.4393,650
59,613.9681,294.12473,616.107,650
60,599.5781,279.35294,603.30096,650
61,512.17993,194.54443,536.6313,650
62,503.48087,167.43199,543.25104,650
63,105.47397,-619.23065,630.0045,650
64,101.766136,-515.599,562.2892,650
65,474.29593,150.63756,514.43195,650
66,123.489006,-204.78871,497.1637,650
67,613.9221,280.75165,619.4049,650
68,530.90656,206.1045,558.1985,650
69,91.24777,-251.07542,461.64902,650
70,243.35106,-42.44222,584.12177,650
71,1076.4298,560.6383,1041.1068,650
72,527.54694,238.6801,535.3667,650
73,288.77878,2.6799614,563.1724,650
74,417.35184,127.08074,471.41696,650
75,114.43963,-263.33865,485.0915,650
76,363.1735,73.97604,543.8528,650
77,379.2656,58.168297,468.08252,650
78,536.0876,231.64351,548.9868,650
79,363.7947,20.12921,468.5917,650
80,111.945274,-140.96387,454.23822,650
81,86.81124,-392.28162,515.8844,650
82,224.0062,-89.01366,740.72253,650
83,386.32367,85.7322,472.75534,650
84,182.77174,-105.089775,444.33395,650
85,506.20605,175.89522,541.04,650
86,227.68576,-143.88948,447.81485,650
87,151.6977,-117.20508,518.24884,650
88,327.93372,45.962418,549.91284,650
89,163.57559,-298.81616,462.5624,650
90,514.9025,213.87949,534.1542,650
91,197.25626,-76.9638,598.6593,650
92,435.14792,151.89433,535.82904,650
93,149.18726,-108.55762,482.82306,650
94,194.16997,-67.107765,479.35876,650
95,232.1693,-74.339005,449.1223,650
96,192.20828,-76.31684,509.62152,650
97,170.18379,-88.85811,540.7834,650
98,198.84253,-65.88033,488.7371,650
99,514.95764,216.2459,536.43726,650
100,413.59406,128.54784,484.37518,650
101,489.1069,176.56357,518.2195,650
102,127.65416,-463.3463,519.06213,650
103,335.87064,-27.237318,471.23956,650
104,474.04233,63.690838,567.7199,650
105,514.0533,215.95184,533.4714,650
106,287.23575,9.714925,525.9789,650
107,166.65405,-111.363014,472.98624,650
108,285.98666,-170.13063,492.23254,650
109,505.8706,177.24538,541.17395,650
110,97.79629,-230.09322,481.9909,650
111,96.306244,-257.3911,480.79932,650
112,407.1005,120.95182,478.6578,650
113,400.52258,106.487915,468.24384,650
114,463.17734,154.24745,500.0894,650
115,536.3451,232.98329,550.6722,650
116,99.001205,-159.3365,407.88144,650
117,368.0231,-67.33836,527.2009,650
118,110.48984,-503.56937,537.87585,650
119,184.83223,-98.85699,481.89554,650
120,574.36536,264.25403,582.4827,650
121,226.12576,-35.097412,467.0603,650
122,97.312965,-374.17462,519.6315,650
123,275.1254,0.56719303,489.89343,650
124,147.9021,-122.337875,479.0651,650
125,81.84874,-429.23764,548.30585,650
126,113.10406,-166.28894,479.59872,650
127,123.421455,-488.18692,525.7045,650
128,119.97625,-151.72392,435.59198,650
129,226.69559,-47.03743,476.4162,650
130,146.51889,-94.972404,534.3227,650
131,560.82117,247.20671,572.06256,650
132,149.73831,-387.79623,475.36664,650
133,210.92131,-74.919136,583.73193,650
134,248.49927,-20.108913,462.67276,650
135,139.70491,-120.36788,463.38446,650
136,269.614,-43.929935,451.461,650
137,130.16893,-91.95274,484.72318,650
138,243.70389,-33.951996,510.65152,650
139,523.39606,182.12842,550.4095,650
140,502.17868,191.87933,528.0546,650
141,169.84438,-125.80577,527.5842,650
142,186.82436,-88.68101,635.406,650
143,160.97076,-115.1334,509.56732,650
144,565.23615,242.64256,576.80804,650
145,411.37033,131.89331,462.1149,650
146,96.174355,-448.02942,537.7788,650
147,292.6904,18.597513,459.4477,650
148,246.26196,-354.82657,576.2532,650
149,103.88993,-218.58919,425.33115,650
150,405.38544,120.806015,483.48456,650
151,226.0863,-59.019012,587.3502,650
152,112.87703,-502.35333,537.19183,650
153,178.98602,-111.27509,469.9777,650
154,110.11312,-136.23358,445.1445,650
155,120.99771,-336.815,479.56134,650
156,186.5725,-86.59089,539.8856,650
157,368.247,96.85055,486.16586,650
158,558.3856,244.03288,569.6724,650
159,96.34713,-252.17955,473.07568,650
160,265.262,-0.44525892,463.5001,650
161,518.39075,219.10703,539.4426,650
162,133.39545,-286.13635,472.855,650
163,226.7355,-94.881485,455.73035,650
164,123.451324,-122.05087,479.66342,650
165,260.7852,-25.294493,569.75305,650
166,301.13568,-9.955773,653.288,650
167,99.845,-222.06906,470.5571,650
168,157.36646,-111.43862,498.20404,650
169,568.9329,255.91946,578.2802,650
170,322.81644,8.4032545,459.04465,650
171,555.51447,240.33722,569.3157,650
172,151.2507,-149.30577,452.24365,650
173,120.914955,-204.48204,451.64764,650
174,150.20116,-109.9734,567.16656,650
175,183.22325,-86.699776,522.49384,650
176,96.51411,-347.29373,495.3688,650
177,531.4005,193.84323,560.04944,650
178,197.3947,-82.71308,462.35822,650
179,360.28604,2.1484222,480.79657,650
180,84.48101,-332.15173,492.17615,650
181,389.96005,110.04684,480.82217,650
182,351.6367,42.437424,471.78296,650
183,99.368546,-213.45901,463.91626,650
184,577.92017,266.83438,582.61505,650
185,163.32574,-103.928246,436.08008,650
186,524.7843,224.27094,542.4883,650
187,238.56828,-106.685425,464.48007,650
188,118.9526,-465.63245,515.8573,650
189,230.15517,-42.615643,460.29535,650
190,350.66943,68.48694,462.85233,650
191,98.43406,-328.40442,493.44803,650
192,180.02228,-108.50801,473.15707,650
193,288.68314,14.8227005,462.76553,650
194,85.431755,-327.63678,506.91254,650
195,558.18994,257.90192,574.11694,650
196,490.65604,198.54512,522.0318,650
197,99.572716,-397.335,530.9109,650
198,122.910576,-130.83438,476.00854,650
199,93.87618,-271.10526,489.6884,650
200,346.51987,-46.12278,476.9467,650
201,134.51222,-150.04819,432.76096,650
202,106.605,-176.30673,461.5697,650
203,110.19216,-123.62736,441.87393,650
204,199.98454,-130.19356,424.5295,650
205,165.37415,-112.946365,545.4918,650
206,530.01306,220.83746,555.2307,650
207,106.57074,-512.15656,558.5031,650
208,504.443,210.22923,529.6123,650
209,80.099365,-493.99173,554.33527,650
210,397.94083,91.96023,467.45538,650
211,228.60995,-48.174114,436.48923,650
212,112.16073,-231.76492,494.19742,650
213,495.72037,188.60648,520.26465,650
214,489.72903,198.0021,518.95557,650
215,193.09691,-85.88142,516.43945,650
216,560.93805,239.46397,573.9122,650
217,458.81332,173.77602,509.48676,650
218,311.85715,40.461266,469.19977,650
219,350.57257,80.118484,492.16675,650
220,386.75577,115.059235,485.24323,650
221,332.6365,57.521877,509.40448,650
222,155.712,-97.32207,512.32556,650
223,202.1605,-65.57814,470.91205,650
224,467.45987,158.65642,502.55148,650
225,118.50591,-439.58234,498.85965,650
226,127.35519,-95.86448,440.4633,650
227,120.654655,-412.5073,491.46643,650
228,95.03414,-287.37643,485.10077,650
229,87.47549,-270.20636,472.9426,650
230,324.4801,54.33861,477.97058,650
231,162.86096,-113.37389,488.01788,650
232,576.4976,258.95117,588.4086,650
233,510.63846,213.50365,534.28595,650
234,210.82426,-208.59871,503.23328,650
235,90.41784,-467.64264,536.7848,650
236,100.943214,-480.77765,540.9782,650
237,132.20802,-102.294876,472.5762,650
238,214.44495,-120.092285,452.88016,650
239,188.66606,-118.80832,470.51514,650
240,172.88109,-87.212204,537.80554,650
241,197.41711,-85.74907,472.76755,650
242,114.53761,-343.5408,487.79355,650
243,93.86582,-257.38638,478.29135,650
244,130.7688,-121.57804,482.62018,650
245,90.29827,-277.40018,479.63123,650
246,86.79563,-474.01407,535.2782,650
247,217.2002,-288.37747,486.35504,650
248,117.1533,-243.1902,488.898,650
249,89.306656,-304.15814,506.5681,650
250,109.40536,-396.2202,473.93906,650
251,114.85517,-494.8525,527.73615,650
252,347.37305,54.25859,468.8453,650
253,260.83624,-161.50684,472.09692,650
254,142.46315,-97.0347,528.0474,650
255,534.5305,108.6568,611.0561,650
256,232.30966,-46.60032,439.43823,650
257,111.70294,-191.37645,456.435,650
258,120.530136,-319.8278,512.75116,650
259,102.41262,-203.6454,466.51672,650
260,158.76675,-158.73187,449.28925,650
261,119.03571,-122.911095,414.2571,650
262,142.41809,-141.3925,469.3875,650
263,105.16344,-132.2164,435.29843,650
264,204.98859,-128.01683,461.39142,650
265,388.4191,95.69932,468.70306,650
266,240.99918,-93.862175,790.2743,650
267,151.85123,-119.46325,486.08893,650
268,488.46045,193.30174,516.27783,650
269,530.89014,210.4053,553.71234,650
270,114.05405,-117.271545,450.01492,650
271,321.73184,-37.929142,470.0434,650
272,159.43956,-283.1223,470.43915,650
273,149.43861,-134.06429,454.84344,650
274,414.28033,124.56408,471.42642,650
275,108.11232,-150.56802,457.51392,650
276,101.99275,-188.10808,459.50653,650
277,210.79996,-157.7086,445.16705,650
278,564.9605,234.51689,576.7027,650
279,218.53488,-60.782177,492.46844,650
280,167.81227,-123.618355,421.8902,650
281,285.72543,-17.292189,447.8846,650
282,123.83232,-131.58818,475.5635,650
283,337.82724,-4.1105013,465.2272,650
284,189.99603,-106.82753,680.9648,650
285,159.90671,-340.59415,479.17694,650
286,238.702,-34.97056,532.528,650
287,138.70042,-163.49199,431.2732,650
288,355.16592,83.21431,508.3038,650
289,110.18291,-512.1136,537.73926,650
290,225.11687,-67.42366,615.20386,650
291,546.60645,236.67093,561.3724,650
292,93.17767,-418.54184,488.49063,650
293,518.26495,218.58284,539.7176,650
294,512.29456,194.79305,537.815,650
295,434.10754,161.33391,493.82642,650
296,266.27734,-72.64042,451.9238,650
297,111.247604,-150.12062,458.80692,650
298,382.5337,43.6478,477.06638,650
299,504.53635,182.41898,534.83167,650
300,538.3796,229.5797,553.3789,650
301,200.33607,-133.19713,426.66714,650
302,305.24515,-130.49707,485.38885,650
303,114.19501,-516.9267,543.4579,650
304,132.11745,-123.89881,473.1595,650
305,464.89337,180.8665,499.09924,650
306,446.55328,153.55753,491.1846,650
307,431.2394,138.91737,482.98044,650
308,92.0012,-393.7563,516.1347,650
309,386.4482,125.09435,477.2795,650
310,111.88542,-160.14809,457.6002,650
311,474.00998,187.23192,498.9232,650
312,177.19786,-111.07452,463.13916,650
313,184.23909,-86.50716,542.2501,650
314,197.97395,-79.11627,477.0235,650
315,142.51671,-161.06172,449.56158,650
316,112.68822,-181.21434,455.64774,650
317,426.90677,110.7223,483.88565,650
318,272.70575,-183.995,483.68094,650
319,156.22896,-94.77149,490.26202,650
320,102.56282,-361.0699,523.1185,650
321,101.52184,-188.42245,461.0077,650
322,239.2216,-192.94324,473.67084,650
323,328.9118,-29.660929,474.07974,650
324,113.411934,-133.32622,456.48938,650
325,129.59373,-115.178314,468.68854,650
326,188.965,-77.89331,544.44946,650
327,548.56134,225.83548,563.94635,650
328,218.19656,-55.075794,545.92804,650
329,128.092,-161.06998,463.1131,650
330,614.23724,278.7027,619.3186,650
331,314.87686,28.90906,535.24316,650
332,173.4014,-83.512924,479.41766,650
333,420.78522,140.50534,486.98788,650
334,593.7278,260.46783,604.7264,650
335,204.44125,-83.99086,447.46613,650
336,358.88303,-0.1636567,479.56973,650
337,282.60117,5.7973213,521.61005,650
338,245.74678,-30.339394,489.42908,650
339,92.21445,-261.2254,474.72287,650
340,99.86271,-436.2594,528.2675,650
341,282.31693,-41.39251,426.21445,650
342,508.7018,203.50143,531.1189,650
343,468.17764,171.46509,503.89627,650
344,432.68823,142.29628,487.10025,650
345,650.8711,295.81042,656.60144,650
346,254.2307,-46.16727,434.40497,650
347,308.62567,16.245068,567.4232,650
348,349.76318,50.32314,477.42966,650
349,98.151985,-245.35463,469.22235,650
350,101.61766,-196.904,457.41104,650
351,164.22585,-153.98999,453.74194,650
352,93.2928,-265.27664,482.65735,650
353,87.89113,-316.53192,494.9249,650
354,154.83374,-98.11124,486.99313,650
355,105.918785,-147.77937,441.54666,650
356,95.173096,-448.80698,512.4167,650
357,117.64765,-115.98028,457.28574,650
358,119.027985,-129.97942,462.21515,650
359,115.183044,-191.56688,466.0781,650
360,562.568,248.41228,573.6962,650
361,550.23553,243.67615,561.5155,650
362,271.26767,-110.105675,449.79904,650
363,94.15399,-299.86066,485.06305,650
364,415.57602,140.91557,503.51697,650
365,597.50226,280.2298,601.4835,650
366,231.04327,-28.235483,492.25345,650
367,122.95946,-92.79488,430.0565,650
368,120.21424,-118.64043,466.0375,650
369,143.80377,-179.36769,392.70935,650
370,148.98099,-118.958336,493.07156,650
371,550.6907,245.17842,560.5092,650
372,210.25742,-76.44641,625.87946,650
373,521.304,201.10455,546.0118,650
374,235.25269,-43.82251,463.44247,650
375,99.98742,-330.15872,483.31247,650
376,470.89993,148.54692,518.4871,650
377,124.955605,-127.25478,486.42947,650
378,544.241,240.28911,553.9871,650
379,122.86385,-372.0946,471.19827,650
380,275.91025,-48.81132,748.28613,650
381,278.2367,-2.3291693,495.81967,650
382,370.09116,67.69199,462.84937,650
383,453.59174,131.26495,498.97424,650
384,667.43195,324.73703,667.2963,650
385,79.09426,-466.44247,544.5131,650
386,529.9879,248.27946,540.54724,650
387,96.817024,-256.30032,493.4508,650
388,434.00333,149.67505,489.17526,650
389,114.277145,-130.09291,456.94254,650
390,127.47985,-114.72085,502.50815,650
391,458.95596,172.57458,503.4361,650
392,122.58761,-130.36519,478.6036,650
393,91.43217,-189.31265,411.99826,650
394,255.99443,-21.581676,475.38776,650
395,154.69057,-94.398,551.69977,650
396,123.95961,-127.540596,477.58588,650
397,137.6008,-164.10884,443.2394,650
398,586.4196,256.38614,597.62177,650
399,201.785,-75.53234,502.03387,650
400,503.2277,213.07336,517.52325,650
401,151.30608,-98.615906,488.60577,650
402,363.06595,10.449769,472.3095,650
403,495.76883,206.72307,519.71423,650
404,456.9888,145.83528,498.77557,650
405,358.7164,50.804863,463.62817,650
406,169.95291,-87.02153,531.6147,650
407,91.09038,-346.61252,496.73236,650
408,351.12555,28.003033,458.06955,650
409,473.59113,153.37349,514.3882,650
410,577.61725,256.01797,587.5807,650
411,523.10516,219.92644,541.5673,650
412,194.04657,-90.79696,532.29095,650
413,101.25235,-215.05528,482.09848,650
414,354.85107,84.92539,475.753,650
415,96.995674,-349.68332,517.8645,650
416,166.78288,-85.17436,562.22955,650
417,205.24834,-89.171234,678.87354,650
418,329.85178,57.13473,498.1744,650
419,138.70822,-115.91873,479.6407,650
420,459.14127,160.9984,496.9133,650
421,129.84796,-176.99365,480.59726,650
422,538.0114,220.43143,564.34015,650
423,161.59584,-112.033585,517.8629,650
424,100.70182,-193.5748,453.70386,650
425,275.15567,-32.712273,455.57043,650
426,94.06894,-432.81494,534.8796,650
427,118.50838,-114.78344,464.03104,650
428,175.8995,-96.45946,569.18744,650
429,112.219124,-175.80103,473.69534,650
430,186.93663,-62.251602,579.5656,650
431,101.39583,-520.5485,563.3999,650
432,258.41998,-19.20095,526.37286,650
433,365.03796,-58.03453,518.66473,650
434,225.8629,-59.588543,586.72186,650
435,519.9357,213.22365,539.1023,650
436,323.27344,-163.81642,532.63043,650
437,187.14143,-72.51004,458.81256,650
438,522.56696,219.13661,540.4063,650
439,292.45084,18.150484,480.60092,650
440,409.17035,55.695717,492.02316,650
441,562.95013,251.3578,574.0596,650
442,277.2984,15.214296,471.6074,650
443,79.90015,-433.68784,514.02313,650
444,208.93715,-66.549515,593.60266,650
445,249.18076,-165.34645,460.21555,650
446,91.37291,-281.26495,484.32092,650
447,196.14513,-73.4356,470.89172,650
448,328.53253,51.3512,472.20758,650
449,121.5515,-132.97662,473.16568,650
450,100.702896,-211.37094,465.9913,650
451,330.8663,24.719255,466.324,650
452,174.58154,-450.28876,544.45,650
453,500.9317,164.7501,535.7822,650
454,144.63985,-93.37514,428.568,650
455,146.56573,-103.5173,478.48914,650
456,86.8286,-319.00427,491.31946,650
457,99.156044,-247.02167,481.586,650
458,161.24971,-96.2165,533.6217,650
459,498.30765,198.96985,514.81226,650
460,393.7212,116.41406,526.6288,650
461,518.5802,216.54944,536.8313,650
462,268.91507,-119.79219,464.61942,650
463,130.93262,-115.87918,467.9169,650
464,132.22968,-274.1888,495.42715,650
465,121.89013,-154.60577,478.2249,650
466,194.83188,-87.513725,645.14966,650
467,159.01328,-113.1379,442.9368,650
468,227.39583,-93.3311,452.98474,650
469,424.61618,134.12111,479.66034,650
470,190.80757,-292.6446,486.18027,650
471,190.92485,-158.1604,445.05933,650
472,371.66232,2.6198175,472.18808,650
473,276.94217,-144.18483,485.88162,650
474,146.0066,-134.08762,454.8439,650
475,102.074844,-446.07568,538.08167,650
476,227.16583,-62.40716,601.23096,650
477,556.95856,243.67938,566.7475,650
478,286.69006,-22.977236,429.77664,650
479,103.22152,-163.25867,431.85696,650
480,481.00977,160.7166,519.01056,650
481,451.12396,164.30907,498.21982,650
482,93.1073,-251.53662,465.12762,650
483,428.75073,8.005143,553.19354,650
484,173.78651,-108.84701,438.0706,650
485,305.60837,19.349586,555.4416,650
486,406.61987,38.733727,492.7356,650
487,429.53076,130.7759,478.87836,650
488,268.92578,-35.81635,458.03723,650
489,576.3705,269.70398,581.39264,650
490,192.04466,-70.69597,543.39514,650
491,99.723495,-454.19897,516.6337,650
492,327.04843,27.443918,603.803,650
493,313.4522,42.55744,461.56818,650
494,165.52821,-106.304016,509.3496,650
495,543.9799,229.67421,559.9622,650
496,160.1655,-90.69709,536.6777,650
497,292.2221,-145.92783,484.59528,650
0,579.99896,291.22745,605.38245,700
1,144.74252,-92.569885,510.7492,700
2,319.08237,-170.65846,536.9993,700
3,103.71128,-230.68358,483.39078,700
4,169.0072,-102.156944,482.80353,700
5,234.0594,-221.62167,494.5568,700
6,595.42126,288.6842,625.57794,700
7,378.58185,71.1775,510.17883,700
8,214.48094,-140.3024,525.70215,700
9,111.704475,-318.56482,482.60196,700
10,446.8314,146.54019,527.3686,700
11,597.638,290.65314,628.2028,700
12,381.5437,48.453217,505.07028,700
13,110.57288,-402.11624,507.4198,700
14,134.66391,-133.09659,472.75208,700
15,530.57245,236.40747,576.1521,700
16,600.0139,291.67975,630.3108,700
17,292.4747,-0.36614263,487.8706,700
18,422.29556,91.89844,501.49854,700
19,108.49667,-317.71707,482.929,700
20,528.48035,226.1339,572.2022,700
21,547.8768,244.52557,586.2698,700
22,437.27048,130.55946,517.7421,700
23,139.43623,-83.34807,512.3286,700
24,379.87448,24.281012,495.493,700
25,518.73,203.17012,573.19574,700
26,462.9546,161.16985,530.8719,700
27,130.66862,-334.07977,522.71716,700
28,585.1405,282.16364,616.8752,700
29,538.3172,206.65112,580.46783,700
30,112.18114,-190.01254,475.24997,700
31,365.69632,39.788425,510.14243,700
32,120.4347,-128.27733,469.91833,700
33,177.352,-242.99257,468.68793,700
34,111.12753,-173.53105,472.33154,700
35,173.98032,-76.27857,494.00504,700
36,104.82068,-227.60251,493.58676,700
37,541.38165,244.00024,581.5096,700
38,207.33418,-55.59333,498.50586,700
39,584.65466,282.59634,615.3152,700
40,368.89017,50.592785,506.18948,700
41,110.35275,-211.63596,468.81604,700
42,145.96307,-127.94988,466.24774,700
43,142.1731,-91.42367,501.16702,700
44,350.14978,-112.923225,539.71686,700
45,183.43326,-163.13199,521.6262,700
46,606.0164,299.27438,635.57294,700
47,511.89218,213.83984,565.03235,700
48,140.90125,-455.53796,512.2191,700
49,104.242065,-201.27312,463.89294,700
50,196.00542,-54.247536,561.902,700
51,632.75757,319.72653,661.52954,700
52,304.83713,18.643333,491.6988,700
53,119.53075,-398.5709,489.174,700
54,511.43903,209.73679,550.8849,700
55,122.901505,-180.7401,476.56955,700
56,567.2442,281.62128,599.9465,700
57,571.92175,277.23825,605.06525,700
58,107.835014,-190.17389,446.22693,700
59,620.60266,309.3527,649.0894,700
60,600.61957,297.47247,628.0876,700
61,538.74603,234.51793,579.06104,700
62,583.10046,279.9625,616.3723,700
63,102.67175,-451.1066,510.54376,700
64,147.58241,-489.5625,540.86176,700
65,559.3609,258.49622,594.6052,700
66,117.57396,-257.51315,476.8721,700
67,605.8058,296.11578,635.1099,700
68,566.973,259.71628,603.0183,700
69,96.3009,-269.57657,476.8894,700
70,185.97417,-58.68764,550.7997,700
71,362.14694,46.892532,508.87997,700
72,512.13965,222.7933,556.8807,700
73,222.3778,-39.04779,555.227,700
74,433.15958,154.1471,521.22925,700
75,156.37962,-120.32659,473.30313,700
76,351.33215,84.88449,526.4532,700
77,163.3315,-197.69284,468.7799,700
78,576.7144,277.20285,608.20886,700
79,425.78674,115.802376,493.42044,700
80,121.6814,-122.03759,473.5784,700
81,101.82935,-389.03537,499.45676,700
82,152.29944,-94.40347,578.5525,700
83,326.99014,9.549643,498.30038,700
84,143.00839,-204.19612,465.26672,700
85,539.54,232.92174,580.6937,700
86,206.42104,-153.29755,483.2761,700
87,135.05214,-114.06367,494.8895,700
88,242.63841,-16.613386,506.1842,700
89,165.87367,-115.95473,462.9301,700
90,539.87946,244.92426,583.9299,700
91,151.3724,-74.41786,529.23517,700
92,375.01898,106.57256,518.9519,700
93,183.78525,-70.463036,486.96628,700
94,174.23976,-55.915466,507.71127,700
95,195.4379,-158.41579,475.28824,700
96,207.91426,-52.02925,489.5082,700
97,125.71678,-112.52745,482.7693,700
98,152.86299,-144.13402,486.56876,700
99,550.4317,251.6276,591.36206,700
100,484.13403,200.08565,552.9433,700
101,502.84708,195.73138,551.28033,700
102,334.3421,-72.35203,501.94153,700
103,392.80426,68.39795,511.02164,700
104,485.56052,171.83678,539.6785,700
105,535.5083,239.25146,577.5945,700
106,252.23355,-6.504035,497.8693,700
107,149.10603,-131.89098,477.4975,700
108,397.7335,52.81448,496.1372,700
109,547.6992,250.46501,586.32043,700
110,116.70282,-146.29607,477.38818,700
111,99.15509,-221.3181,445.6818,700
112,361.11224,67.96937,503.33038,700
113,354.45023,65.35165,455.97583,700
114,506.5691,207.97401,558.8519,700
115,580.62683,280.20502,612.7695,700
116,113.69496,-213.12794,480.89355,700
117,424.85645,112.41377,504.9961,700
118,108.88622,-376.9227,498.67624,700
119,256.3131,0.8918419,507.34518,700
120,586.48834,289.3063,619.14166,700
121,133.61156,-146.18443,473.5103,700
122,116.27105,-152.22658,477.47333,700
123,236.7471,-23.425331,502.6259,700
124,124.93961,-158.5015,468.4191,700
125,99.415535,-360.19803,533.0876,700
126,156.59665,-95.58173,488.94373,700
127,203.31618,-382.13193,530.2564,700
128,182.62086,-105.024315,470.43698,700
129,215.16452,-54.334564,483.22537,700
130,161.8848,-75.44877,589.6093,700
131,590.5612,285.96838,621.61597,700
132,219.87393,-264.4669,471.9794,700
133,176.35893,-66.96649,528.1702,700
134,173.90569,-78.471985,496.83377,700
135,104.1888,-225.46922,470.66373,700
136,361.57086,74.72368,501.75073,700
137,134.2823,-120.736,541.5285,700
138,211.87587,-52.656574,492.35464,700
139,460.00076,136.2312,522.1562,700
140,549.7194,250.66602,587.2712,700
141,158.47552,-88.41127,501.22678,700
142,155.2192,-82.66574,577.70264,700
143,137.59395,-116.29695,473.4492,700
144,614.5901,303.3769,643.18695,700
145,524.684,229.15561,568.2021,700
146,122.809944,-468.6841,523.8815,700
147,262.06378,-29.98517,482.83728,700
148,221.63766,-330.8875,526.0454,700
149,158.16942,-78.94885,456.1578,700
150,505.8772,215.41396,566.61115,700
151,142.69977,-93.410774,513.9851,700
152,118.25745,-433.10538,514.36664,700
153,190.94078,-94.2091,474.5774,700
154,123.19275,-130.18193,473.56415,700
155,178.029,-187.79393,477.16962,700
156,169.26996,-66.8116,527.85864,700
157,309.98373,46.97483,487.0258,700
158,596.68896,290.35678,626.7827,700
159,103.28381,-239.44728,469.59024,700
160,280.13397,11.414035,465.42886,700
161,571.5996,271.50644,606.74536,700
162,152.06084,-361.6127,476.67624,700
163,288.85925,-41.059605,482.0311,700
164,109.07164,-194.84653,480.52997,700
165,217.28868,-38.37228,513.8766,700
166,194.81009,-53.926987,558.4954,700
167,116.463806,-150.19788,479.26996,700
168,134.4222,-123.65752,480.2989,700
169,604.00415,300.15347,634.2782,700
170,397.05722,94.038124,512.42725,700
171,579.855,276.8362,613.72107,700
172,170.55466,-151.09198,456.1378,700
173,173.75533,-93.31655,473.2465,700
174,164.44624,-118.67922,643.5661,700
175,162.53761,-74.90302,523.11755,700
176,123.93211,-413.51453,507.20233,700
177,571.0813,263.11563,605.4685,700
178,146.65518,-136.78389,462.973,700
179,516.2967,225.81401,567.4658,700
180,123.70198,-112.19167,491.5658,700
181,342.6314,56.911953,504.71805,700
182,364.9802,47.582077,499.43887,700
183,113.4455,-189.65834,473.83395,700
184,588.63885,288.0576,618.116,700
185,152.863,-193.24538,479.95224,700
186,584.8535,283.95306,616.1835,700
187,119.98495,-255.9862,437.87875,700
188,145.03264,-366.88165,495.51917,700
189,187.95393,-101.46666,474.5958,700
190,403.88995,99.436066,518.1851,700
191,133.54477,-236.03363,470.62717,700
192,203.1988,-97.63206,473.55173,700
193,309.29813,45.77915,490.65356,700
194,101.36159,-256.88443,483.0878,700
195,561.93567,263.30844,634.46405,700
196,543.8627,248.99641,583.4002,700
197,129.87807,-421.26447,515.72095,700
198,124.99074,-112.89056,486.5567,700
199,95.85464,-322.05362,482.64456,700
200,129.35794,-392.7837,498.53534,700
201,148.88527,-129.42126,471.22037,700
202,163.21288,-128.69629,439.7337,700
203,119.20523,-124.00711,481.23553,700
204,351.34387,20.827003,506.37787,700
205,179.48334,-65.37133,552.6695,700
206,680.7815,337.0782,722.4309,700
207,133.81137,-472.8445,534.4841,700
208,585.9405,285.50552,620.73956,700
209,127.38316,-515.0094,555.43585,700
210,410.61142,97.83128,505.41162,700
211,170.37164,-87.70142,472.46606,700
212,189.56755,-108.63581,481.10013,700
213,536.6331,245.86787,572.26196,700
214,515.26953,219.16173,566.19446,700
215,183.79353,-65.04794,519.0879,700
216,587.3121,280.60345,618.6267,700
217,487.73587,194.40207,558.71643,700
218,324.7588,63.843266,499.2254,700
219,340.9077,75.072716,508.01016,700
220,368.26144,102.84605,506.60706,700
221,153.03279,-157.66316,480.82272,700
222,146.41162,-86.53288,498.90878,700
223,193.91579,-80.98329,476.3306,700
224,497.1761,194.81854,547.0414,700
225,179.19662,-295.80466,485.2934,700
226,127.73241,-102.150276,486.14832,700
227,366.574,92.68715,456.45746,700
228,101.007225,-298.91312,479.50546,700
229,114.429085,-148.33255,480.47174,700
230,277.02426,21.687773,490.46115,700
231,169.73706,-90.3343,489.288,700
232,600.80676,293.09393,632.0354,700
233,516.9862,220.86977,572.5549,700
234,249.36311,-72.8639,482.88754,700
235,111.167,-454.57596,513.88324,700
236,130.6217,-436.58005,513.5834,700
237,128.90663,-102.01972,486.73108,700
238,167.45647,-144.34048,458.9452,700
239,174.7648,-116.147606,481.19254,700
240,161.66666,-70.25992,531.7328,700
241,238.6958,-24.746828,490.1411,700
242,193.06181,-192.59402,479.3329,700
243,112.91957,-175.2706,473.9731,700
244,123.20419,-112.15057,484.5694,700
245,101.68752,-332.54837,484.00848,700
246,94.93905,-340.94138,495.27863,700
247,421.17087,105.54827,494.94067,700
248,143.65034,-184.74728,496.89172,700
249,110.44586,-193.93925,494.88443,700
250,137.87279,-283.88956,484.2379,700
251,142.29012,-474.4258,530.7942,700
252,445.30823,149.70856,538.24585,700
253,252.69493,-90.45633,484.51157,700
254,160.20616,-104.77947,615.72437,700
255,574.94635,248.40628,611.3814,700
256,223.10316,-115.07107,476.52808,700
257,102.300476,-257.0672,462.71243,700
258,120.536736,-228.12592,480.0199,700
259,144.43474,-117.73461,475.05762,700
260,150.38417,-126.02416,466.96863,700
261,105.80809,-190.78119,455.22205,700
262,150.15186,-91.17227,489.0506,700
263,128.92041,-97.285576,493.5249,700
264,166.69882,-129.78285,470.3639,700
265,374.83148,62.586246,513.61456,700
266,225.0199,-129.32399,851.6242,700
267,143.70055,-113.1306,494.35062,700
268,550.994,251.9968,588.31757,700
269,556.85376,257.70807,593.8377,700
270,122.99986,-110.40529,482.1025,700
271,305.547,-77.52069,502.72742,700
272,130.76357,-149.07315,465.20236,700
273,168.215,-134.93657,472.52295,700
274,353.57373,10.436453,510.1034,700
275,124.380394,-111.501465,489.81488,700
276,126.892555,-121.82863,510.95294,700
277,268.61746,-81.34917,468.3818,700
278,544.0759,243.04146,575.6036,700
279,132.55005,-174.94458,462.92056,700
280,164.95569,-197.25594,456.2176,700
281,262.51633,-150.21347,488.26102,700
282,110.65244,-193.66629,480.32477,700
283,481.58487,177.5725,544.5087,700
284,175.97444,-106.08737,670.1871,700
285,319.7975,-70.51553,488.5187,700
286,213.89377,-40.46502,507.8956,700
287,110.99756,-175.35442,472.13913,700
288,317.60275,59.269474,500.7924,700
289,124.8771,-467.98178,522.89716,700
290,183.74417,-62.545753,565.3098,700
291,596.9424,296.27332,630.3591,700
292,135.89137,-459.42175,552.8274,700
293,555.9793,256.96054,596.24066,700
294,549.12366,249.19249,585.03564,700
295,482.36572,194.3468,553.80994,700
296,266.0875,-53.55745,474.0982,700
297,109.578026,-199.90768,473.88794,700
298,445.57007,131.2009,528.9446,700
299,529.79736,220.8081,575.7879,700
300,571.653,269.9106,605.04706,700
301,191.1125,-190.09111,477.84247,700
302,441.13538,126.771904,515.4073,700
303,378.3669,30.32509,493.11093,700
304,136.651,-85.84478,504.89954,700
305,487.08185,195.78322,553.5886,700
306,445.53802,142.39606,530.0441,700
307,473.6674,175.21013,543.1352,700
308,94.06234,-260.92242,462.83755,700
309,323.363,59.007183,501.295,700
310,135.85075,-377.31436,549.37415,700
311,530.47577,235.16273,572.7199,700
312,116.6783,-222.85414,477.02386,700
313,137.20352,-116.0007,486.16727,700
314,173.1091,-104.688286,471.65884,700
315,118.2344,-223.40535,482.1835,700
316,126.02635,-161.8672,478.5621,700
317,507.50833,208.62683,560.2668,700
318,250.47932,-228.0466,490.385,700
319,141.80316,-94.694534,500.52884,700
320,108.225525,-345.29446,488.559,700
321,116.04226,-153.12544,484.53763,700
322,278.93176,-85.286064,484.37274,700
323,435.9683,122.31466,519.3683,700
324,129.84178,-100.08415,501.68448,700
325,118.10611,-144.39258,482.6473,700
326,136.99847,-100.91674,499.06357,700
327,555.3111,250.8888,590.59283,700
328,201.86519,-45.61829,520.98065,700
329,140.15463,-136.48514,459.79782,700
330,580.8781,277.40018,609.1207,700
331,218.59459,-40.7181,515.0498,700
332,236.43729,-27.522764,488.66284,700
333,504.22632,211.85645,557.0723,700
334,619.841,306.74203,648.7655,700
335,344.26846,49.941387,507.52444,700
336,355.05194,-34.397068,498.2381,700
337,224.21068,-32.903244,504.2363,700
338,261.26862,8.881414,486.58978,700
339,101.3439,-247.9101,471.1728,700
340,120.979904,-434.05542,532.8237,700
341,435.5096,143.81523,525.8131,700
342,436.61682,111.57023,517.79565,700
343,519.1951,221.69391,569.1602,700
344,480.06717,176.93468,547.73706,700
345,756.0976,387.25772,782.8094,700
346,200.16347,-191.05663,479.48746,700
347,257.52826,-5.2932963,520.8044,700
348,363.7306,52.04564,505.25555,700
349,134.56192,-156.86212,474.59195,700
350,115.23344,-218.74944,466.29764,700
351,225.4933,-95.15501,474.66364,700
352,97.144035,-308.269,474.62894,700
353,102.99474,-245.43874,487.10187,700
354,130.76683,-132.53223,476.82547,700
355,105.88604,-220.55829,477.89407,700
356,145.82935,-382.88547,488.31488,700
357,123.68412,-107.982475,482.37146,700
358,129.76459,-115.39036,486.08395,700
359,145.15929,-136.98001,458.2192,700
360,572.5711,270.89792,605.99005,700
361,585.37683,281.29633,616.8692,700
362,294.77402,-126.10878,479.59543,700
363,117.551155,-152.17981,493.281,700
364,423.04443,149.65047,533.67554,700
365,605.93884,297.03436,635.26294,700
366,167.7213,-101.51508,478.96765,700
367,119.63353,-119.91518,464.4508,700
368,141.92786,-95.5348,504.82462,700
369,117.98522,-180.97443,473.22168,700
370,144.92589,-100.127716,496.25085,700
371,566.46826,269.8474,598.6578,700
372,171.12778,-68.53517,530.0828,700
373,573.5286,270.18692,607.7836,700
374,221.4966,-48.558025,479.63742,700
375,117.4837,-338.49774,476.3725,700
376,305.9917,-189.7669,560.4604,700
377,117.473404,-167.61118,502.84842,700
378,538.06165,240.26376,577.30786,700
379,128.64688,-146.43196,471.04547,700
380,183.38306,-66.681335,615.80646,700
381,121.4734,-198.70848,488.80328,700
382,429.4438,126.6818,520.37555,700
383,579.7874,290.28665,610.74896,700
384,645.17566,326.0761,672.2947,700
385,96.56559,-330.92786,491.55856,700
386,574.88074,286.69684,609.2446,700
387,97.51823,-358.14145,525.1669,700
388,457.28958,161.6896,540.00574,700
389,127.118164,-101.138016,485.25372,700
390,137.77893,-98.68096,533.696,700
391,508.25327,212.22836,565.3515,700
392,122.14676,-117.84821,479.25336,700
393,112.18639,-194.86295,470.69937,700
394,258.21652,-13.756942,490.63037,700
395,143.7701,-82.53153,531.4829,700
396,137.68948,-117.86277,478.4828,700
397,130.55615,-208.10106,492.95038,700
398,587.454,283.94284,617.9464,700
399,273.63864,25.526901,484.2736,700
400,538.44763,243.33765,576.0441,700
401,149.33824,-85.48894,504.72592,700
402,411.03647,90.42677,499.48935,700
403,496.1707,194.22652,553.42053,700
404,503.22894,192.32399,558.46204,700
405,352.3701,33.971092,510.29086,700
406,136.73595,-102.22559,494.8498,700
407,115.788414,-348.16306,469.96725,700
408,448.86227,158.58876,527.44293,700
409,482.2243,169.27245,540.45056,700
410,553.8283,255.97403,587.2972,700
411,579.30084,277.34515,612.7479,700
412,179.43196,-78.7607,499.7708,700
413,111.29668,-190.3108,485.4792,700
414,286.06836,9.599943,487.7007,700
415,101.84861,-234.24509,471.88885,700
416,163.02505,-75.59763,588.1967,700
417,155.3636,-72.68896,549.2566,700
418,247.61633,-16.329449,482.8922,700
419,150.8365,-86.449234,499.38406,700
420,484.16678,198.03319,546.61,700
421,150.71141,-124.899956,456.3752,700
422,599.1365,294.2101,629.0655,700
423,154.08429,-105.969925,489.54535,700
424,109.86352,-179.25508,476.00494,700
425,404.41992,95.35799,517.99365,700
426,113.316376,-394.68347,506.25833,700
427,111.80624,-179.63112,485.94565,700
428,150.74545,-95.64095,503.2318,700
429,113.331985,-185.27473,473.45914,700
430,201.6816,-72.03235,696.2675,700
431,170.38432,-396.95496,516.4639,700
432,213.2858,-44.456116,487.8553,700
433,426.91177,113.04532,501.68777,700
434,184.79219,-64.16782,507.2483,700
435,550.91534,252.09178,589.145,700
436,495.76917,205.39946,542.44244,700
437,144.10355,-140.51918,473.24713,700
438,514.9656,218.421,557.40283,700
439,277.3412,4.789863,488.44012,700
440,497.43646,190.90967,549.71277,700
441,594.15765,290.09177,624.94824,700
442,164.49966,-118.400314,486.96567,700
443,98.522964,-437.86465,516.2951,700
444,143.49547,-77.33493,523.28516,700
445,368.1772,23.533115,504.14053,700
446,109.44115,-200.80244,482.26675,700
447,335.3367,75.54099,498.635,700
448,300.50955,12.9224825,473.51077,700
449,130.14482,-126.81533,485.09332,700
450,110.664955,-188.48883,480.48465,700
451,335.05334,66.01527,490.7962,700
452,103.45673,-231.36252,466.96625,700
453,483.76163,167.67772,541.2536,700
454,134.97243,-125.05928,442.4642,700
455,129.06302,-127.225365,478.37433,700
456,98.799934,-264.47714,467.199,700
457,108.21845,-210.62044,474.03778,700
458,144.09814,-82.053085,523.3269,700
459,534.08636,233.91527,572.0045,700
460,386.0427,53.098675,531.49915,700
461,561.57214,264.14053,597.47,700
462,127.50575,-146.48764,466.83124,700
463,111.86858,-178.71819,474.95386,700
464,118.516464,-243.63264,484.41852,700
465,130.89667,-113.35593,486.7281,700
466,156.02466,-77.6648,573.72504,700
467,144.47714,-122.34264,473.4919,700
468,195.58867,-146.02245,470.3987,700
469,328.03186,-23.79137,491.05667,700
470,161.77931,-364.7165,494.33838,700
471,306.79553,-52.215683,483.65048,700
472,612.06604,303.84955,640.7445,700
473,471.5958,170.16293,543.0491,700
474,154.05745,-130.89642,472.65326,700
475,117.16973,-441.32562,510.19388,700
476,193.25029,-58.52627,535.796,700
477,573.5134,272.90112,604.90607,700
478,247.37088,-138.52641,464.82974,700
479,128.43867,-148.27565,480.54147,700
480,525.75214,219.82794,569.25903,700
481,441.43024,147.41449,535.4237,700
482,166.57706,-80.554214,475.17746,700
483,444.70898,124.746475,517.145,700
484,236.7405,-32.63079,478.68933,700
485,137.51245,-149.06654,469.08606,700
486,535.53876,223.77357,575.9606,700
487,451.48718,156.35376,528.74567,700
488,471.29926,186.28772,543.05475,700
489,617.61334,311.9847,645.39264,700
490,146.88571,-88.343,503.23596,700
491,137.47327,-463.1616,533.6312,700
492,243.63277,-23.472286,580.47943,700
493,235.8415,-55.421524,466.3263,700
494,157.19937,-83.957535,497.77393,700
495,591.54944,285.61017,623.25977,700
496,150.63324,-77.34526,552.6086,700
497,404.475,43.475582,504.08026,700
0,553.82745,227.20158,572.774,750
1,146.25026,-101.27563,476.5375,750
2,206.53745,-342.35556,475.5971,750
3,103.72365,-227.57484,469.77798,750
4,164.52306,-142.97006,468.73956,750
5,98.242004,-422.4346,421.57346,750
6,586.7415,243.17456,601.4027,750
7,403.58182,41.614086,517.97833,750
8,130.22864,-455.4381,468.39297,750
9,97.49724,-265.36884,439.7106,750
10,471.90286,116.671524,520.9459,750
11,600.89465,259.01535,616.83466,750
12,339.911,-29.77129,482.03198,750
13,95.50953,-343.4496,445.19348,750
14,184.14542,-100.586876,470.07587,750
15,486.09338,130.4049,525.2633,750
16,579.4123,243.22601,595.0915,750
17,296.32156,-27.335276,491.08987,750
18,131.84698,-419.59262,450.50537,750
19,108.43703,-452.186,460.8256,750
20,545.5965,190.78784,569.1319,750
21,569.1455,231.76125,591.0503,750
22,493.26227,144.00478,538.6246,750
23,131.16745,-107.04947,474.81903,750
24,156.31085,-305.66,420.49396,750
25,518.5152,182.26085,550.3621,750
26,397.51108,-1.987185,493.4732,750
27,164.91722,-424.60028,526.29504,750
28,566.424,217.7561,586.53516,750
29,241.02457,-364.39627,508.58414,750
30,102.76339,-238.69357,455.52634,750
31,198.1961,-233.1079,465.41348,750
32,124.896164,-130.50742,467.14056,750
33,234.95297,-71.13813,488.83377,750
34,117.037766,-171.89702,461.53314,750
35,171.329,-66.61855,478.59064,750
36,137.65352,-125.50342,527.8081,750
37,491.82935,133.7716,528.78467,750
38,158.10783,-262.6424,468.84082,750
39,531.09235,180.12402,559.2186,750
40,271.6987,-113.01459,477.42633,750
41,108.64204,-451.85178,456.18634,750
42,132.72345,-213.19226,484.4946,750
43,153.97539,-72.3003,483.22186,750
44,207.37332,-354.36386,482.64108,750
45,131.5667,-298.46255,462.69748,750
46,588.2017,252.17041,601.5381,750
47,507.16666,152.38953,546.60223,750
48,122.407684,-444.90775,448.65515,750
49,84.51816,-335.06256,434.24857,750
50,218.95007,-32.379837,510.14282,750
51,582.5451,250.40144,597.8829,750
52,386.98682,53.665462,501.29117,750
53,87.907715,-300.5636,427.49045,750
54,440.8803,62.47468,510.72858,750
55,132.42003,-154.27296,455.01593,750
56,545.6392,203.28201,569.4609,750
57,460.40256,120.31857,509.83258,750
58,114.51606,-192.1596,463.00897,750
59,582.6356,234.96936,597.2138,750
60,598.85156,261.0215,610.85535,750
61,537.7896,199.84035,566.82794,750
62,564.54144,231.48485,588.65955,750
63,85.696625,-436.8541,429.59048,750
64,127.18804,-451.10675,465.70587,750
65,529.7902,191.37253,557.7639,750
66,115.8609,-387.4371,452.35535,750
67,594.7012,250.09042,608.99786,750
68,565.70013,226.73264,589.2716,750
69,88.46276,-283.5191,441.76477,750
70,203.98521,-47.07101,495.17136,750
71,375.57358,49.870087,501.3509,750
72,530.6649,199.6778,557.6874,750
73,277.99228,-13.253062,508.52356,750
74,439.09702,84.70315,511.4972,750
75,138.30922,-132.72731,451.95407,750
76,408.03375,89.37817,514.2533,750
77,418.88385,52.499474,516.03326,750
78,569.8224,229.17809,587.5311,750
79,433.30588,83.24214,494.92325,750
80,136.04028,-119.64112,471.7502,750
81,87.62527,-380.74634,437.99173,750
82,132.46027,-112.22015,495.68466,750
83,389.79065,17.393906,514.0029,750
84,110.97796,-248.54807,457.3035,750
85,507.34784,154.84195,542.0112,750
86,349.36777,-13.691348,497.7042,750
87,212.96721,-64.38616,489.56122,750
88,183.95561,-109.24858,474.05225,750
89,298.09747,-91.702095,483.41113,750
90,533.63556,180.40591,564.9782,750
91,141.86499,-86.396706,476.15927,750
92,451.6554,114.024895,540.3238,750
93,233.66338,-50.887936,501.1334,750
94,210.16508,-45.943665,490.49908,750
95,295.93173,-119.12985,487.1449,750
96,171.87779,-72.444626,467.3824,750
97,165.94518,-68.48598,476.62463,750
98,179.87006,-180.1328,487.2755,750
99,555.549,201.47978,579.6431,750
100,457.4465,114.55833,528.9541,750
101,521.32275,164.40897,552.4129,750
102,120.45953,-447.47986,456.9667,750
103,275.64243,-197.2533,468.71945,750
104,500.50665,151.65678,542.5165,750
105,551.40344,212.75778,577.51514,750
106,266.9102,-4.676523,509.28653,750
107,107.51069,-278.34277,467.56735,750
108,403.85788,12.823097,494.4039,750
109,549.04297,211.26736,574.1652,750
110,130.32695,-118.14644,467.9292,750
111,97.73892,-271.81787,443.50784,750
112,405.01584,68.05776,512.8926,750
113,337.5646,-8.653644,434.16653,750
114,517.2143,169.95479,552.75586,750
115,555.1962,215.38583,574.7293,750
116,127.56121,-180.70348,471.0904,750
117,378.20834,-26.300167,501.10004,750
118,111.900024,-446.00552,462.29504,750
119,211.03342,-57.902184,486.22507,750
120,570.4239,232.8378,587.921,750
121,141.23866,-177.52994,455.82446,750
122,112.20061,-344.13574,465.23532,750
123,123.35218,-259.2741,479.3651,750
124,150.45117,-180.15938,472.8616,750
125,103.68073,-224.31865,481.5381,750
126,119.83155,-193.04759,479.32138,750
127,131.07228,-474.50305,466.66342,750
128,116.9147,-331.64688,466.31778,750
129,227.17183,-71.10429,489.18054,750
130,153.08563,-87.910835,540.9658,750
131,580.8339,241.33961,595.91296,750
132,164.5701,-404.35397,475.16202,750
133,178.49915,-64.17204,475.5938,750
134,278.02112,-21.158268,495.56592,750
135,114.59523,-203.42696,469.0868,750
136,270.32208,-141.51224,471.56702,750
137,131.23135,-118.49248,498.3678,750
138,183.86241,-76.03334,469.58292,750
139,343.55276,-135.30121,503.0399,750
140,501.99905,155.69496,536.5671,750
141,201.05058,-48.391525,478.7546,750
142,192.36026,-71.94289,636.355,750
143,132.43181,-123.6799,452.0556,750
144,557.4487,223.60089,576.8655,750
145,544.06104,199.67238,573.1807,750
146,113.03953,-391.43585,443.85294,750
147,249.00308,-74.78404,482.13477,750
148,250.38234,-266.4148,506.25854,750
149,111.33221,-230.87637,468.76303,750
150,460.82678,116.83689,536.8498,750
151,113.97862,-196.78491,474.45456,750
152,93.14895,-381.6659,439.30197,750
153,219.5265,-87.27753,472.5819,750
154,138.6029,-125.17588,466.83176,750
155,166.47449,-209.82384,445.4962,750
156,135.05547,-105.15575,466.2633,750
157,316.77393,-21.851816,482.37607,750
158,578.9384,245.35391,597.14325,750
159,101.23998,-347.60068,455.8792,750
160,173.49002,-224.37099,453.27982,750
161,564.6021,219.09885,584.30383,750
162,138.42294,-381.3742,440.331,750
163,216.75821,-141.33597,475.36038,750
164,139.49182,-100.83864,465.59586,750
165,239.5237,-36.36925,496.5987,750
166,173.0894,-72.99576,484.99588,750
167,120.43488,-155.03249,463.052,750
168,150.31912,-115.21589,466.19922,750
169,584.2436,243.75131,598.3758,750
170,298.18713,-105.74349,471.3521,750
171,578.7301,238.14264,597.2937,750
172,143.03027,-219.49226,463.20352,750
173,104.135185,-306.8973,459.39462,750
174,125.196686,-188.87434,536.199,750
175,155.63968,-132.64662,471.85974,750
176,97.98538,-340.71124,446.51724,750
177,524.17535,202.39204,552.52765,750
178,184.80762,-138.77885,472.22787,750
179,191.22148,-377.8906,475.04086,750
180,116.656876,-160.48842,465.34872,750
181,382.61868,7.953232,509.94672,750
182,337.0998,-86.27018,482.30615,750
183,103.50439,-236.18562,451.08722,750
184,550.0496,222.27765,569.2413,750
185,185.85318,-130.33289,477.58826,750
186,567.74963,233.77019,587.46356,750
187,99.1222,-244.25586,431.0639,750
188,183.98236,-345.64127,475.5785,750
189,154.43883,-223.58415,475.17957,750
190,343.3477,-2.0589385,490.66232,750
191,122.311424,-284.09195,469.33725,750
192,139.56561,-303.64517,436.70914,750
193,202.33644,-81.63047,483.84564,750
194,107.43629,-210.59763,465.35095,750
195,498.1962,161.07185,564.8139,750
196,557.11676,164.43172,595.01874,750
197,123.4191,-428.04526,462.60385,750
198,129.64792,-110.960915,474.1476,750
199,84.548584,-287.16776,434.68716,750
200,442.60953,55.885933,498.6124,750
201,218.3519,-72.62418,485.08093,750
202,91.79856,-230.80568,397.63617,750
203,137.07521,-88.267265,488.51825,750
204,254.10686,-245.95464,504.54123,750
205,157.1187,-105.77682,476.86365,750
206,576.7583,198.74242,606.6978,750
207,127.74193,-483.6039,472.20837,750
208,536.5984,195.82071,566.45953,750
209,98.26851,-333.0961,455.0041,750
210,450.94043,107.99217,511.1265,750
211,139.41968,-175.77544,463.13162,750
212,106.788605,-271.41193,449.22406,750
213,504.32916,149.22061,542.7098,750
214,509.2582,157.02312,548.1044,750
215,219.36949,-52.614796,485.1452,750
216,572.0153,236.79439,590.3343,750
217,460.3312,101.0848,525.8804,750
218,157.75917,-174.75418,465.72873,750
219,365.8739,53.799408,498.40393,750
220,363.61908,54.19686,494.83017,750
221,156.3613,-164.79552,476.78873,750
222,176.95935,-58.669453,482.557,750
223,169.8375,-172.90277,474.7559,750
224,425.10638,66.01795,489.26575,750
225,124.33088,-408.74683,438.94516,750
226,106.81987,-219.66603,464.3134,750
227,172.74347,-257.302,454.6263,750
228,110.04794,-220.80637,462.00214,750
229,114.09116,-182.08133,487.5804,750
230,269.88718,-18.770226,488.40845,750
231,145.83803,-134.5391,460.2163,750
232,558.8756,214.55344,578.50977,750
233,460.4086,103.81078,525.55096,750
234,307.46777,-69.76595,504.1251,750
235,91.79427,-426.81042,426.1716,750
236,112.34506,-397.13995,443.21466,750
237,122.64239,-141.429,462.97363,750
238,217.22713,-132.17119,473.50476,750
239,217.11551,-106.27215,493.77878,750
240,133.39748,-101.4373,481.72107,750
241,233.66475,-57.80541,491.2477,750
242,149.62352,-374.0667,453.70883,750
243,106.12922,-213.10165,480.70712,750
244,121.149315,-141.18013,464.6216,750
245,79.24417,-318.18564,422.3564,750
246,72.634674,-346.77722,413.259,750
247,262.45007,-257.03226,474.4492,750
248,107.56251,-254.31747,461.40887,750
249,102.111465,-242.62813,485.31296,750
250,106.46417,-380.2959,450.0716,750
251,114.81979,-480.83475,466.4053,750
252,465.92975,117.540306,539.00275,750
253,114.84014,-409.98453,441.58856,750
254,121.37555,-154.92476,489.67343,750
255,519.11633,203.81754,553.5302,750
256,227.25883,-91.28972,489.36652,750
257,100.58015,-284.2714,455.2005,750
258,86.47495,-379.1359,432.8253,750
259,125.305954,-134.43921,454.59674,750
260,172.66388,-119.43963,467.24307,750
261,123.10241,-352.48056,496.63724,750
262,144.5985,-122.24713,469.47333,750
263,85.97885,-300.79654,441.72656,750
264,177.94543,-131.1047,461.8316,750
265,321.2583,-28.392439,484.24463,750
266,220.66626,-125.67523,780.6821,750
267,201.13605,-45.644707,496.69147,750
268,544.5086,198.83551,571.48694,750
269,555.0065,220.60114,580.3812,750
270,140.11221,-86.34681,497.78107,750
271,397.24368,-6.6449,499.3707,750
272,175.81076,-184.42451,445.86194,750
273,162.97986,-120.42256,469.09186,750
274,508.43106,166.24904,544.3679,750
275,127.38448,-111.986694,477.01672,750
276,96.946594,-260.26263,464.8611,750
277,299.68433,-155.1699,474.1206,750
278,478.01648,123.71898,522.37335,750
279,145.48325,-154.45493,454.59598,750
280,188.6425,-130.12122,465.33206,750
281,135.28806,-371.2254,425.80368,750
282,131.27887,-101.93461,471.9449,750
283,478.47583,131.42764,530.25146,750
284,199.35335,-104.42843,699.04474,750
285,385.37155,-22.147915,500.5261,750
286,172.5818,-96.987915,469.74976,750
287,106.70505,-234.97092,465.59314,750
288,372.36176,47.353176,496.2913,750
289,111.395546,-460.09335,461.91223,750
290,167.2979,-57.350044,485.03973,750
291,570.7584,229.99638,590.2489,750
292,159.66129,-434.7863,531.449,750
293,541.30743,187.08371,571.9953,750
294,547.42365,201.22195,569.2159,750
295,512.8758,170.6633,560.32715,750
296,208.1374,-146.42944,461.07635,750
297,111.3143,-230.56673,467.40057,750
298,465.07013,108.98027,531.68665,750
299,558.5644,199.20662,617.0323,750
300,573.25415,229.47739,593.27985,750
301,243.21542,-190.1729,484.16943,750
302,231.74007,-304.76657,467.97635,750
303,255.19984,-251.94188,469.31815,750
304,136.9952,-86.54426,483.7443,750
305,455.35266,97.65902,519.6613,750
306,496.2328,145.27548,541.4206,750
307,480.7378,126.99892,538.4392,750
308,87.9669,-307.66388,433.91605,750
309,358.0458,52.106983,494.40656,750
310,105.93375,-345.52478,436.49493,750
311,529.855,186.70332,558.7823,750
312,138.94606,-132.64081,458.52264,750
313,143.2736,-98.18381,468.71606,750
314,159.30171,-130.49603,464.19485,750
315,161.03983,-118.37942,467.7911,750
316,98.656654,-264.12732,447.70947,750
317,478.9492,123.370186,522.6849,750
318,183.91756,-346.03745,456.9825,750
319,123.861496,-156.78531,468.32617,750
320,98.61738,-392.31317,448.6597,750
321,116.79726,-177.10876,473.51154,750
322,216.61217,-291.31985,472.23453,750
323,267.2594,-231.98187,469.25146,750
324,130.18605,-122.22817,468.50302,750
325,119.99975,-163.83981,475.23062,750
326,133.61763,-108.52852,472.5967,750
327,552.1164,210.93947,576.37585,750
328,238.14569,-31.846348,497.52673,750
329,158.99734,-168.9414,468.6785,750
330,517.57825,172.07173,547.36945,750
331,242.20534,-40.45805,504.4062,750
332,369.00485,43.509434,494.3341,750
333,396.66257,7.1080194,499.87665,750
334,605.47034,262.35806,619.6977,750
335,393.7445,28.125374,517.4366,750
336,266.04108,-239.70282,475.4941,750
337,308.97455,14.44425,507.04883,750
338,199.41046,-83.16331,461.9003,750
339,109.70117,-222.40108,460.5988,750
340,103.514885,-300.01883,460.48834,750
341,267.6206,-110.0458,493.64487,750
342,418.16937,44.11369,501.52893,750
343,533.5393,185.14043,561.14325,750
344,510.26266,155.73929,550.33966,750
345,573.7038,244.41608,597.544,750
346,214.87706,-137.85326,475.28644,750
347,240.77953,-47.90747,493.8684,750
348,364.60104,-6.27089,506.9277,750
349,99.180115,-258.87576,455.29156,750
350,157.39911,-169.4845,460.61514,750
351,227.9346,-106.98291,467.41705,750
352,80.05293,-313.58707,415.68387,750
353,85.45467,-287.16168,432.95923,750
354,165.98558,-82.021,469.25583,750
355,120.663605,-145.30133,466.93054,750
356,160.13962,-383.47388,459.72806,750
357,122.318695,-130.70578,464.2288,750
358,139.0627,-107.04337,467.43915,750
359,179.75728,-186.43645,447.68344,750
360,567.0111,235.44498,587.5219,750
361,493.6686,153.97005,527.4698,750
362,280.44012,-198.31274,487.59412,750
363,143.12161,-195.14957,481.00604,750
364,422.68774,71.87439,521.0181,750
365,579.44324,240.71552,596.503,750
366,236.86853,-63.350983,495.44983,750
367,139.15463,-156.76137,469.27576,750
368,118.29726,-168.3359,461.05273,750
369,153.6268,-268.2309,452.37897,750
370,204.30772,-120.98051,498.44467,750
371,499.62402,155.07748,537.98956,750
372,231.65309,-28.128748,588.43896,750
373,566.2051,226.62097,587.2993,750
374,286.26367,-69.52444,470.88516,750
375,111.917946,-364.74243,424.41565,750
376,396.4835,-12.438582,515.4093,750
377,133.36449,-106.92059,486.5989,750
378,569.46747,217.50969,586.0612,750
379,100.19707,-313.02255,457.6387,750
380,249.2432,-26.295254,643.80176,750
381,151.72113,-282.14322,512.3642,750
382,455.49927,104.3601,522.33026,750
383,506.65878,177.118,540.4449,750
384,551.98395,217.55527,569.9873,750
385,77.66205,-334.30518,431.45074,750
386,588.87286,252.58907,605.7875,750
387,86.37423,-273.30426,442.61908,750
388,428.40408,58.765938,521.97754,750
389,120.69758,-146.26463,463.44333,750
390,129.03073,-133.04057,505.35068,750
391,526.69543,176.42787,563.4212,750
392,131.83984,-113.649536,473.97696,750
393,106.94506,-267.89975,458.28918,750
394,242.441,-166.17288,496.35242,750
395,144.90166,-87.50742,511.08124,750
396,121.379906,-164.92418,465.85245,750
397,170.29848,-132.09865,482.70102,750
398,554.9599,217.0407,576.02454,750
399,154.41054,-89.17571,462.19733,750
400,542.0103,203.74503,567.0082,750
401,183.4759,-77.98895,478.14075,750
402,355.69678,-72.396645,481.18835,750
403,530.9735,177.34705,562.9092,750
404,436.59985,61.903076,506.96307,750
405,388.41718,11.582878,512.73065,750
406,152.00151,-79.876595,474.49133,750
407,93.576546,-311.8909,444.95355,750
408,410.63614,32.367058,502.3509,750
409,441.88123,53.210308,514.9674,750
410,577.10535,240.84378,592.7616,750
411,557.31256,210.18668,577.8909,750
412,125.895355,-147.41847,464.5069,750
413,100.62272,-237.92868,463.68558,750
414,280.3615,-49.191944,479.65134,750
415,94.60431,-383.78207,444.6955,750
416,175.62079,-102.0424,622.90674,750
417,149.19908,-82.31411,477.276,750
418,348.49667,1.4220438,494.2272,750
419,215.35118,-29.713762,510.93924,750
420,505.7708,158.33647,544.4528,750
421,98.77511,-288.26657,434.6454,750
422,512.79553,157.5909,545.486,750
423,165.9995,-99.44941,470.08533,750
424,114.63563,-168.12946,470.53134,750
425,370.04736,-4.5181923,503.50635,750
426,107.14358,-431.95816,458.57623,750
427,119.539215,-147.35074,460.5653,750
428,167.72794,-54.487995,500.40536,750
429,102.35347,-270.4284,456.7113,750
430,177.52493,-78.6132,598.3932,750
431,122.77366,-460.23126,462.65042,750
432,137.32292,-142.42538,464.3521,750
433,364.36038,-41.888138,490.98178,750
434,172.31354,-95.26825,469.77283,750
435,552.16,199.29141,574.9319,750
436,396.877,11.892933,490.73773,750
437,189.95226,-75.720345,481.39462,750
438,541.66254,193.7182,567.13,750
439,295.3748,-27.871744,498.59943,750
440,486.6894,130.42635,524.41187,750
441,574.2361,236.38112,590.2351,750
442,203.99954,-160.67897,492.68628,750
443,70.194046,-354.964,410.6622,750
444,172.72891,-47.472374,500.9143,750
445,197.64445,-338.73587,478.6737,750
446,118.810745,-151.49551,460.7349,750
447,163.40637,-122.46441,470.85583,750
448,289.6669,-55.35645,483.91196,750
449,123.93883,-148.77864,460.8142,750
450,112.82989,-198.65834,459.17056,750
451,307.0746,-119.96249,488.74384,750
452,205.06595,-343.28192,466.9601,750
453,486.6335,142.78287,532.3531,750
454,187.7396,-67.68551,472.7334,750
455,149.0578,-90.125175,473.8789,750
456,93.627426,-390.01758,446.18103,750
457,112.819145,-207.04037,456.28802,750
458,153.35912,-65.29697,499.33875,750
459,486.3091,112.16232,525.07983,750
460,446.21677,94.86944,509.6069,750
461,582.9097,222.16487,606.1342,750
462,152.821,-346.18237,440.45984,750
463,136.64088,-94.658356,474.53137,750
464,117.84076,-382.18008,440.98996,750
465,126.737755,-123.19536,451.2793,750
466,176.08879,-56.172504,544.08417,750
467,194.47234,-84.85782,480.35397,750
468,115.69335,-257.7875,452.24826,750
469,396.5168,22.451948,501.85248,750
470,235.74962,-320.15616,483.6392,750
471,190.35959,-272.06952,450.40686,750
472,537.5549,200.13289,560.7483,750
473,486.92508,139.16531,547.2463,750
474,153.41296,-270.07257,461.79422,750
475,251.75447,-261.67548,476.4589,750
476,160.19113,-72.33877,483.4866,750
477,493.03558,169.35867,530.0959,750
478,237.24095,-222.8004,467.42743,750
479,177.34921,-118.53504,462.26407,750
480,527.9687,172.86617,558.26355,750
481,477.7052,125.11503,534.14197,750
482,189.61174,-63.727364,480.44254,750
483,416.28015,56.043373,494.5038,750
484,240.41142,-110.46628,492.3571,750
485,89.001366,-347.70355,432.29053,750
486,450.51645,51.99563,518.5742,750
487,496.92282,147.7504,537.5131,750
488,462.91635,120.32959,537.3353,750
489,583.61237,251.38428,600.624,750
490,207.27608,-30.823671,502.7854,750
491,115.29922,-448.42297,477.83606,750
492,365.0924,18.892126,515.02454,750
493,285.86935,-72.26453,500.53757,750
494,160.11375,-70.129524,474.31827,750
495,580.4106,238.39186,596.44977,750
496,176.01607,-53.750122,537.27313,750
497,401.78824,1.4806644,499.09875,750
0,573.1292,225.93814,582.51605,800
1,132.11395,-100.4376,518.59,800
2,375.07706,-107.7745,534.5322,800
3,102.73561,-203.6222,514.9015,800
4,132.0454,-165.19507,487.0921,800
5,117.200455,-542.50885,557.32635,800
6,557.2958,194.0206,580.7264,800
7,267.5293,-107.679344,478.83627,800
8,101.48591,-309.07047,513.7285,800
9,98.60781,-278.84317,503.8561,800
10,339.03397,-62.739075,516.23596,800
11,525.77185,184.12236,551.7484,800
12,288.508,-111.211815,491.6342,800
13,94.25399,-309.54922,504.2309,800
14,130.9534,-149.48097,481.4555,800
15,456.09583,72.64196,536.28204,800
16,539.1236,184.91461,563.87,800
17,279.72134,-24.40453,463.92743,800
18,110.249756,-267.27902,504.9088,800
19,96.825,-374.0986,515.42365,800
20,490.66403,121.23942,544.2232,800
21,530.045,162.44734,569.8591,800
22,399.43893,29.868557,516.1704,800
23,119.140114,-125.06804,506.0811,800
24,110.79786,-427.8643,529.8632,800
25,465.0418,67.94231,546.97375,800
26,255.29045,-235.42473,519.27026,800
27,110.579636,-330.43597,477.7495,800
28,522.2081,163.97664,559.6612,800
29,438.6104,-13.821289,560.0536,800
30,95.770805,-272.04065,515.41907,800
31,138.57082,-298.07227,508.24963,800
32,116.52787,-138.7387,510.08807,800
33,122.00206,-215.85489,501.15442,800
34,101.87774,-211.30785,498.53983,800
35,148.63641,-90.63176,491.60565,800
36,119.25559,-151.66168,539.6839,800
37,384.4375,-49.8365,532.7532,800
38,152.4439,-193.54047,494.72238,800
39,447.43433,25.93461,549.6173,800
40,242.49568,-150.57872,491.61304,800
41,94.485504,-292.0629,497.79996,800
42,128.71808,-193.83075,504.81076,800
43,128.12405,-104.73435,520.59985,800
44,337.4538,-163.93088,520.3892,800
45,101.50695,-316.539,510.0988,800
46,548.9071,201.81807,567.1608,800
47,444.71408,53.363743,532.9825,800
48,122.63464,-527.4906,560.45746,800
49,84.573784,-368.68753,509.49768,800
50,173.3753,-56.55392,508.1234,800
51,507.69266,177.00194,533.35974,800
52,192.74069,-125.88182,486.30362,800
53,89.48698,-371.5898,508.7758,800
54,508.5496,120.70384,561.95844,800
55,112.20408,-226.02243,497.35022,800
56,504.71585,141.4345,551.5856,800
57,393.92682,-19.156124,521.3243,800
58,105.52013,-202.34023,500.1343,800
59,557.19824,195.6826,580.5993,800
60,560.26135,205.99915,580.3,800
61,515.1723,147.00764,559.5339,800
62,531.83234,175.74161,562.7613,800
63,110.037155,-627.69275,631.80743,800
64,118.30374,-491.5416,545.76764,800
65,443.4566,66.89843,527.2486,800
66,99.4995,-339.849,514.52924,800
67,556.73956,188.14937,586.0857,800
68,498.47763,142.40514,550.1461,800
69,86.262146,-322.16183,496.51343,800
70,142.67354,-77.4905,471.0569,800
71,316.52094,-15.867511,477.7913,800
72,440.87305,63.410713,526.79913,800
73,207.2317,-41.593975,492.8635,800
74,427.9312,67.23599,519.49506,800
75,110.9387,-184.4177,503.04556,800
76,238.76978,-75.72892,477.1509,800
77,189.6644,-148.96092,446.33545,800
78,532.82794,177.2608,561.309,800
79,328.49872,-159.90977,521.99347,800
80,122.72728,-128.6066,503.5026,800
81,91.06956,-307.09912,496.63504,800
82,152.02925,-149.8699,652.9777,800
83,201.33427,-121.01281,463.70377,800
84,111.71063,-231.46292,497.89096,800
85,486.99976,114.96603,545.41516,800
86,167.0453,-326.98264,508.33505,800
87,136.75967,-111.98333,490.18863,800
88,133.35324,-140.07425,481.4771,800
89,122.57282,-185.53897,488.92746,800
90,483.39365,121.242065,541.3613,800
91,144.40146,-83.82329,533.0785,800
92,249.97545,-26.531342,458.65234,800
93,136.79594,-95.95385,499.82492,800
94,112.40092,-158.97449,487.77142,800
95,146.57158,-227.96361,482.8976,800
96,118.5659,-141.55621,495.9839,800
97,117.03861,-141.53369,497.0273,800
98,129.18478,-143.96162,485.5946,800
99,494.1738,135.2085,546.9419,800
100,355.348,-7.8232527,502.41595,800
101,495.25894,111.567505,553.8332,800
102,120.62539,-463.48248,543.82837,800
103,236.41382,-282.61926,531.34503,800
104,455.72354,36.00957,546.7392,800
105,452.30048,107.77962,519.69257,800
106,226.20686,-32.76047,537.5633,800
107,98.99236,-296.40573,509.98492,800
108,320.41632,-122.99262,524.9142,800
109,503.18408,133.63106,553.0744,800
110,116.48836,-146.7095,524.09863,800
111,92.74476,-303.72736,506.64905,800
112,277.99612,-60.7537,477.5419,800
113,451.99466,87.53055,530.78845,800
114,424.9209,-4.735062,543.1258,800
115,513.9777,165.77637,547.43665,800
116,128.91058,-143.73146,483.6603,800
117,321.81052,-120.29471,515.3524,800
118,106.52682,-547.14514,561.36365,800
119,124.18618,-133.4634,488.53088,800
120,523.72864,176.38544,551.7464,800
121,121.6009,-185.986,488.5655,800
122,106.01748,-242.75114,503.0701,800
123,158.00502,-110.48674,469.02057,800
124,132.69414,-121.626205,492.33835,800
125,83.982796,-361.9319,527.0925,800
126,106.20518,-213.79436,520.84845,800
127,110.823784,-526.6483,555.1219,800
128,109.405876,-221.26906,508.01746,800
129,193.95276,-87.69902,473.9247,800
130,132.27144,-138.00789,574.9998,800
131,540.5186,183.43643,566.39557,800
132,190.45392,-415.5417,539.26013,800
133,145.98244,-82.57566,495.654,800
134,180.67809,-53.7754,476.41458,800
135,104.154564,-218.89919,504.02307,800
136,147.96298,-267.65207,498.1655,800
137,88.07546,-321.8171,529.6215,800
138,127.97684,-156.47853,489.18787,800
139,442.8218,-3.9646287,554.78595,800
140,435.81845,56.08607,526.6204,800
141,130.6801,-126.8424,496.9686,800
142,156.99751,-103.03957,614.7249,800
143,112.699814,-191.03021,499.45157,800
144,546.8428,178.74298,578.5544,800
145,475.4388,120.51905,534.0672,800
146,115.57017,-488.53464,552.97314,800
147,169.42174,-151.09283,486.57584,800
148,124.099174,-441.2698,475.39468,800
149,117.530975,-155.84251,489.10645,800
150,244.24184,-57.073566,464.41006,800
151,98.76424,-255.60533,512.34656,800
152,102.372086,-275.7495,513.1341,800
153,149.25468,-114.3597,478.39734,800
154,119.72185,-143.89555,488.6716,800
155,112.27543,-333.72516,515.34064,800
156,153.61357,-72.632324,490.9881,800
157,161.61473,-230.66063,498.02798,800
158,554.9439,196.81956,577.71765,800
159,95.253235,-281.77887,507.8595,800
160,110.2044,-229.46587,503.86484,800
161,458.51154,99.43926,532.89594,800
162,109.96495,-432.36838,527.4421,800
163,139.9641,-172.06548,489.05835,800
164,123.62504,-130.41103,487.4976,800
165,203.4023,-57.074455,471.38928,800
166,201.91428,-43.999367,527.2828,800
167,110.153206,-208.67107,510.7335,800
168,110.52156,-204.71533,510.27057,800
169,504.32202,154.72987,544.17706,800
170,229.966,-168.40646,499.32266,800
171,531.85504,170.93431,565.6062,800
172,118.029564,-231.43121,495.63422,800
173,117.639565,-218.83894,480.2773,800
174,123.85711,-315.2532,685.0505,800
175,116.26785,-146.71335,502.92752,800
176,96.54207,-299.5926,502.64474,800
177,541.43585,169.29846,575.2372,800
178,193.02446,-93.8572,472.05322,800
179,487.68707,120.5395,547.2823,800
180,111.34393,-170.87035,526.80255,800
181,219.748,-162.50479,481.26196,800
182,137.7992,-421.5907,513.6958,800
183,105.874016,-221.36203,500.9592,800
184,547.2471,182.04593,576.46387,800
185,164.69627,-107.2607,463.3223,800
186,442.5386,83.85434,523.8025,800
187,87.91968,-353.08972,503.37305,800
188,116.247086,-283.36646,501.01334,800
189,122.97852,-198.65323,481.16534,800
190,239.2565,-176.54799,514.7561,800
191,105.75893,-330.46613,513.1528,800
192,104.11912,-262.69278,511.73798,800
193,144.48355,-115.44866,488.55988,800
194,97.66713,-270.11508,512.70483,800
195,336.60712,32.199303,505.14957,800
196,458.0377,84.8501,537.13055,800
197,104.712814,-313.12558,516.2465,800
198,127.50246,-114.643715,530.58563,800
199,94.91659,-273.79114,513.7393,800
200,164.99123,-439.93256,531.3655,800
201,133.40273,-137.363,479.08243,800
202,102.168106,-241.27116,507.08533,800
203,113.32081,-130.1122,493.93985,800
204,196.19954,-224.93295,467.78894,800
205,123.54869,-138.45744,504.32803,800
206,455.27365,98.46111,531.9075,800
207,143.77129,-593.62885,603.8746,800
208,451.62054,92.59477,529.1218,800
209,100.87057,-286.99435,557.2834,800
210,315.48624,-100.60434,507.6774,800
211,120.6252,-175.46713,483.24457,800
212,103.996155,-317.64264,520.9212,800
213,488.09055,97.713524,554.9315,800
214,437.62033,62.38553,525.82733,800
215,173.6675,-60.63744,474.69553,800
216,526.72296,162.4476,561.871,800
217,436.9255,59.864326,534.3875,800
218,174.40941,-115.012665,474.12112,800
219,295.85736,-17.789936,469.8581,800
220,254.4311,-71.11304,471.62442,800
221,130.42606,-160.95647,481.63895,800
222,172.41557,-57.530872,531.4691,800
223,172.23354,-77.16247,471.96933,800
224,222.85054,-356.91733,541.3901,800
225,115.93205,-373.0515,523.6936,800
226,110.26797,-168.53833,499.23355,800
227,135.6629,-306.14804,536.91,800
228,99.739944,-343.1808,521.74786,800
229,107.26806,-199.69841,534.05334,800
230,229.50842,-43.310246,465.7539,800
231,123.503105,-141.77628,497.97647,800
232,458.52423,75.39516,530.37665,800
233,453.51392,96.08418,529.4355,800
234,114.48705,-322.33398,514.2718,800
235,87.999146,-338.25128,508.8412,800
236,103.28211,-351.68524,520.9901,800
237,122.31085,-119.974174,496.72583,800
238,155.516,-261.8683,503.95187,800
239,206.55202,-86.514946,470.15442,800
240,126.43658,-116.801796,529.2126,800
241,173.7316,-96.57424,475.28372,800
242,118.535286,-384.87738,521.1766,800
243,118.85987,-145.97981,532.82025,800
244,111.57374,-152.87616,505.39795,800
245,83.703606,-351.99905,524.0858,800
246,95.610344,-271.81396,512.48914,800
247,166.798,-519.31146,571.3236,800
248,107.964035,-242.41615,506.6316,800
249,100.74416,-291.86075,574.1997,800
250,94.078804,-355.25684,509.23553,800
251,141.0697,-567.39594,582.1396,800
252,184.3319,-191.14711,476.37064,800
253,124.35801,-260.82468,487.9314,800
254,112.94158,-225.60837,576.018,800
255,483.0898,118.24164,541.7257,800
256,176.2378,-128.60083,465.70935,800
257,94.92624,-324.11032,508.24408,800
258,92.83813,-401.5515,509.41144,800
259,119.83049,-144.04996,497.8255,800
260,131.01764,-145.42398,494.64282,800
261,106.35448,-217.02328,493.71387,800
262,124.99802,-150.18088,486.25345,800
263,100.62884,-224.8826,523.88184,800
264,131.73804,-172.14206,480.80475,800
265,270.361,-127.6821,484.75928,800
266,212.27223,-179.00276,883.0084,800
267,135.03053,-111.49763,502.04092,800
268,407.6856,6.2727404,530.19995,800
269,509.51608,150.55699,551.7767,800
270,120.3505,-120.37597,511.9696,800
271,217.72389,-279.72586,505.94073,800
272,132.01585,-154.47232,490.9352,800
273,129.68123,-176.5677,495.6353,800
274,393.0221,-10.586908,527.31805,800
275,134.2068,-114.563065,556.7375,800
276,88.84933,-342.23813,523.12573,800
277,127.20579,-398.6091,522.10657,800
278,527.225,148.74141,568.82294,800
279,98.441086,-269.93317,505.671,800
280,139.35393,-223.98955,468.47748,800
281,101.89517,-297.67853,494.08154,800
282,108.15473,-173.25731,502.01614,800
283,312.66998,-77.99043,494.9954,800
284,167.83356,-154.05382,714.01495,800
285,208.90451,-323.62982,522.04175,800
286,203.73833,-65.31495,472.66898,800
287,99.24938,-233.14206,501.52997,800
288,230.9949,-52.432575,468.13196,800
289,100.90719,-468.57742,532.0946,800
290,144.83528,-82.64626,509.05804,800
291,507.78293,148.67546,555.3262,800
292,100.90933,-363.67365,526.1158,800
293,487.237,122.38629,553.0704,800
294,491.0995,127.17282,543.527,800
295,388.67477,60.131863,498.61163,800
296,128.53082,-253.54565,502.2386,800
297,115.177795,-157.41614,497.41528,800
298,177.25647,-361.56467,505.2003,800
299,518.9654,144.5706,566.9341,800
300,518.40106,167.44775,550.8906,800
301,161.50568,-192.36348,481.97223,800
302,467.53552,93.578384,541.0364,800
303,134.91765,-535.1722,576.6989,800
304,124.45466,-106.29136,505.07803,800
305,394.55826,43.072796,510.06873,800
306,428.90488,57.276604,531.6072,800
307,362.59406,-48.921066,522.486,800
308,80.71485,-419.3422,496.0229,800
309,201.40019,-84.018616,460.4594,800
310,106.177124,-404.82037,529.2001,800
311,467.24872,94.60438,540.4478,800
312,100.64697,-264.69434,511.28625,800
313,129.59737,-117.01204,498.06314,800
314,130.46292,-124.94232,485.95837,800
315,148.60689,-136.53891,481.64355,800
316,96.80762,-278.9215,505.0628,800
317,438.86743,40.827988,534.9286,800
318,164.02461,-380.02225,500.76962,800
319,128.27061,-111.91585,503.36993,800
320,102.55982,-377.31696,527.2945,800
321,101.10624,-236.14069,511.79092,800
322,145.93175,-345.88403,503.85104,800
323,186.44464,-429.15363,533.5273,800
324,118.88065,-135.84975,518.1723,800
325,94.36034,-279.20285,527.5792,800
326,119.85447,-139.46388,507.3162,800
327,547.5947,178.7486,579.1037,800
328,188.74611,-43.566837,479.90472,800
329,103.03855,-304.72968,521.20197,800
330,547.366,177.50238,579.64905,800
331,182.50105,-56.970383,479.35672,800
332,175.98503,-136.02502,468.34775,800
333,305.53607,-217.36383,540.9961,800
334,567.6574,203.84558,590.0306,800
335,221.22755,-103.18344,467.8205,800
336,235.16301,-272.29,506.83417,800
337,233.30588,-32.807854,469.11957,800
338,132.16502,-157.8056,498.39706,800
339,108.70276,-178.0956,496.68805,800
340,106.74834,-206.39124,501.9243,800
341,168.05627,-98.863365,453.073,800
342,416.4618,-16.268991,551.7475,800
343,410.2931,4.041685,531.64703,800
344,438.78168,66.37134,534.8095,800
345,459.34045,149.01181,499.45343,800
346,127.30342,-233.86992,488.97495,800
347,208.56886,-57.979195,471.62543,800
348,282.2165,-73.814095,480.75543,800
349,82.69336,-359.16803,509.12018,800
350,98.768715,-254.13129,504.20328,800
351,150.83377,-134.81929,473.77426,800
352,100.26158,-257.49716,506.13803,800
353,97.620415,-257.71042,532.47754,800
354,135.11508,-127.069496,476.67694,800
355,118.608246,-121.01769,499.9182,800
356,112.68212,-445.9073,511.76746,800
357,109.42129,-156.5198,499.36316,800
358,126.65128,-110.53622,497.83115,800
359,118.09079,-230.5327,487.80737,800
360,530.3107,174.33089,561.9431,800
361,533.3825,167.49904,565.7805,800
362,161.6015,-466.8878,553.5058,800
363,110.40604,-193.76703,505.41724,800
364,318.13348,-11.475619,486.88208,800
365,541.0638,184.46698,570.75507,800
366,153.42764,-112.13825,463.22324,800
367,125.58067,-113.533775,514.6896,800
368,113.54609,-155.26454,491.71155,800
369,100.65118,-318.0395,508.1827,800
370,133.59642,-123.08407,493.34354,800
371,529.99884,169.02939,562.06744,800
372,141.13373,-83.67622,499.98553,800
373,525.73785,161.46756,562.9758,800
374,126.3612,-137.20473,490.27835,800
375,95.64194,-304.30612,503.6375,800
376,298.54938,-234.50357,559.5168,800
377,106.88596,-208.11261,534.5783,800
378,525.18585,159.11847,564.4761,800
379,129.9746,-180.5816,471.56772,800
380,185.85474,-97.889915,684.1534,800
381,116.974236,-307.0835,523.6962,800
382,356.93503,-13.0949745,504.26392,800
383,462.05954,89.205696,527.9043,800
384,517.2236,172.6383,545.6522,800
385,85.90138,-326.2243,505.7096,800
386,476.92834,138.00104,527.02704,800
387,82.14671,-415.1912,545.1612,800
388,260.42337,-80.49634,478.70517,800
389,102.26002,-202.81984,505.4859,800
390,129.81297,-166.42442,592.9627,800
391,439.2801,85.7402,524.488,800
392,109.65117,-170.32661,507.45993,800
393,122.676575,-177.73302,489.744,800
394,119.92287,-361.3632,538.2487,800
395,169.54578,-143.02753,703.9626,800
396,112.45816,-160.07176,503.30646,800
397,134.71732,-175.77203,480.8897,800
398,528.8185,167.78645,565.3605,800
399,139.0798,-94.72534,472.15967,800
400,501.64227,132.74265,553.7973,800
401,130.72783,-103.43849,486.06985,800
402,396.9748,-14.683703,531.8835,800
403,465.85135,83.99538,534.12775,800
404,403.99365,-43.400436,544.93085,800
405,182.744,-239.82468,466.1594,800
406,116.94712,-128.84727,502.61215,800
407,105.47974,-232.67896,507.16696,800
408,367.485,-49.27454,524.5679,800
409,354.87683,-161.19241,558.9017,800
410,539.8692,192.35709,563.34247,800
411,490.3373,125.54405,546.14014,800
412,122.609,-129.48193,505.35632,800
413,88.94592,-304.80603,523.2534,800
414,222.14143,-111.86687,460.3827,800
415,93.60871,-323.23618,503.7416,800
416,157.54623,-134.40953,655.4595,800
417,143.5879,-96.49164,560.1928,800
418,134.85913,-144.69856,472.6435,800
419,189.43181,-46.93274,493.7452,800
420,436.08035,70.78934,520.54285,800
421,105.07297,-219.8844,501.157,800
422,455.1727,64.60258,532.03345,800
423,149.81494,-107.69164,476.15097,800
424,89.94339,-281.05243,510.4816,800
425,190.28464,-286.54956,510.65598,800
426,94.68123,-284.4997,502.6547,800
427,99.69974,-218.10338,507.18936,800
428,134.40015,-98.238365,532.1523,800
429,110.37254,-235.16986,540.426,800
430,207.02646,-106.44149,761.6883,800
431,124.07472,-499.18887,542.9064,800
432,101.14845,-223.74524,495.44547,800
433,303.0131,-179.73727,522.7288,800
434,118.27969,-141.10513,501.14618,800
435,494.80823,136.15753,546.4689,800
436,357.53317,-108.59333,527.87036,800
437,133.48354,-139.8411,475.65918,800
438,511.56186,153.50761,552.2059,800
439,212.40802,-98.98499,485.93463,800
440,394.0685,-52.253258,537.3939,800
441,505.51437,156.377,543.3192,800
442,131.38704,-251.47566,512.70953,800
443,82.2288,-392.74454,537.5356,800
444,134.66472,-101.409546,537.9422,800
445,124.58186,-508.4789,555.0804,800
446,113.837944,-148.33849,508.453,800
447,110.19331,-247.80371,516.48804,800
448,202.9349,-207.46002,505.58295,800
449,111.855125,-157.3393,495.7214,800
450,110.837555,-179.50845,509.37772,800
451,259.88663,-42.994404,463.53012,800
452,100.43362,-368.17004,512.1148,800
453,522.9551,145.2263,566.93726,800
454,131.50691,-124.52429,466.9818,800
455,124.42988,-134.53552,489.38788,800
456,107.635,-200.02194,498.79138,800
457,110.79513,-218.80717,506.7008,800
458,154.65294,-100.36991,600.5774,800
459,479.3573,91.09831,544.3606,800
460,116.5431,-277.96436,440.39285,800
461,465.76337,99.20221,532.899,800
462,92.22274,-336.43176,507.3792,800
463,98.15925,-231.32838,506.25116,800
464,112.96203,-421.7878,529.0984,800
465,124.58967,-122.42001,496.74286,800
466,162.6341,-101.24464,628.0432,800
467,128.51033,-151.09492,473.3576,800
468,129.59402,-224.96463,497.99335,800
469,219.32436,-255.15402,502.45212,800
470,129.25533,-536.34125,566.6292,800
471,119.3164,-319.25125,514.4777,800
472,382.75983,-77.02207,532.93585,800
473,324.8912,6.3100634,480.23495,800
474,130.05081,-161.73476,491.38367,800
475,105.31641,-306.60907,527.1129,800
476,128.61139,-101.634186,508.8469,800
477,525.55835,157.15549,565.1367,800
478,142.39929,-321.64636,530.82367,800
479,118.58129,-175.20035,495.5302,800
480,431.7134,11.893422,546.0974,800
481,361.35992,-70.19802,535.4501,800
482,131.69807,-107.51867,469.4947,800
483,358.31912,-132.557,542.6714,800
484,227.16779,-71.63672,465.8538,800
485,88.99988,-337.64398,510.6764,800
486,452.1351,9.690879,559.83875,800
487,430.0102,63.597595,517.48444,800
488,330.58698,3.861434,491.49387,800
489,551.76697,208.7116,567.2422,800
490,179.36298,-50.415688,504.46188,800
491,94.91485,-303.54135,505.5635,800
492,190.33368,-58.397514,472.9917,800
493,166.28429,-107.289536,457.17612,800
494,124.73754,-154.79048,492.6745,800
495,521.3608,163.97675,556.1312,800
496,133.00562,-102.59997,533.34076,800
497,336.4652,-108.299614,524.23065,800
0,518.37396,239.31143,552.9408,850
1,108.71535,-178.29173,503.15662,850
2,371.23044,28.692398,490.22403,850
3,87.475426,-275.90045,491.17902,850
4,162.76053,-165.70555,490.55103,850
5,103.6492,-492.64304,482.9899,850
6,493.14853,200.78812,542.0874,850
7,411.66812,66.83758,540.1418,850
8,144.78894,-323.53613,503.76376,850
9,94.27533,-395.3172,486.55432,850
10,437.14774,105.68418,542.2612,850
11,533.10803,245.26564,569.92004,850
12,337.293,-52.382717,513.5143,850
13,99.47728,-484.2072,503.23615,850
14,147.90228,-155.47018,474.46542,850
15,457.54367,145.76733,532.28406,850
16,500.24164,209.20375,545.7838,850
17,253.74117,-74.994965,494.16495,850
18,180.52835,-307.86096,501.02652,850
19,92.25162,-424.86707,491.83554,850
20,474.4105,165.15308,540.77826,850
21,480.93237,187.58653,536.95935,850
22,421.03995,84.7697,532.57306,850
23,115.277626,-119.61794,490.32523,850
24,327.00775,-45.728497,505.49545,850
25,397.59198,44.42437,517.2486,850
26,369.8717,-11.010936,517.67755,850
27,169.42679,-334.9968,489.9474,850
28,498.97464,203.1661,548.8425,850
29,146.83272,-444.3343,505.19922,850
30,85.55834,-295.43756,478.64377,850
31,237.3049,-186.73206,490.3212,850
32,98.25325,-208.25029,481.11536,850
33,232.22478,-57.482178,484.3016,850
34,86.12703,-287.1065,479.32452,850
35,164.25002,-68.60607,496.02588,850
36,112.363464,-130.5334,503.4844,850
37,481.74823,194.8699,532.9311,850
38,243.45474,-101.517914,488.5692,850
39,443.6983,117.87285,534.86456,850
40,280.136,-128.0228,513.7296,850
41,106.88251,-366.56564,457.05408,850
42,188.52687,-101.741615,481.08224,850
43,107.92503,-159.48187,488.26184,850
44,410.3786,121.610565,484.606,850
45,137.59912,-260.23965,508.797,850
46,520.38153,231.0659,560.9981,850
47,437.70312,102.52478,531.6273,850
48,177.91205,-353.86807,474.1674,850
49,103.826866,-549.0038,511.99,850
50,200.00784,-25.860497,500.32715,850
51,525.29266,240.48756,564.028,850
52,341.6637,-13.072491,519.1053,850
53,99.24171,-548.4047,515.83856,850
54,475.8214,192.54854,527.17584,850
55,137.99901,-159.12637,477.9088,850
56,481.75546,171.81044,546.272,850
57,497.98795,214.5463,543.47516,850
58,114.93035,-161.22574,466.3239,850
59,515.9149,222.84668,560.6508,850
60,520.2779,239.92609,556.85864,850
61,467.02887,169.60721,529.3026,850
62,478.14847,188.27815,533.25214,850
63,109.28706,-535.3497,504.55508,850
64,111.680084,-498.3963,487.37613,850
65,484.51123,192.38673,536.59186,850
66,154.10092,-267.85794,487.47507,850
67,496.68088,206.68376,544.6541,850
68,481.05692,189.92146,534.65094,850
69,102.2237,-175.15038,489.70218,850
70,160.38652,-92.97302,487.03052,850
71,331.2854,-30.96656,517.44916,850
72,357.45178,-37.37581,526.3966,850
73,193.09692,-81.95968,490.8093,850
74,432.37677,109.702065,525.7607,850
75,119.74424,-168.2901,468.9124,850
76,365.8244,50.04001,521.1165,850
77,370.9331,-5.2180753,531.0807,850
78,483.00745,179.5941,542.80273,850
79,387.3911,26.650928,508.96625,850
80,115.639656,-142.22646,484.75974,850
81,82.83794,-294.3798,469.25754,850
82,93.056114,-242.75589,499.56058,850
83,406.91284,60.906345,541.86237,850
84,102.21706,-375.72693,461.6052,850
85,477.69888,173.0581,540.2452,850
86,252.5165,-138.46922,501.29483,850
87,172.2769,-85.05328,486.9954,850
88,135.68079,-143.55919,474.37323,850
89,278.11124,-30.549643,499.14624,850
90,476.45605,163.72153,546.6557,850
91,121.73815,-124.02221,476.6932,850
92,369.41934,34.538193,527.5661,850
93,165.02655,-121.45939,491.8213,850
94,202.19612,-36.395866,500.37964,850
95,224.91621,-162.77328,491.43054,850
96,124.32233,-150.46828,475.2553,850
97,145.71123,-91.07707,480.54214,850
98,123.341995,-234.22661,486.60663,850
99,474.62158,157.26553,549.72363,850
100,396.87845,58.56088,532.69604,850
101,449.41455,122.12349,534.0976,850
102,410.12738,117.18852,496.1946,850
103,261.9138,-199.68806,491.0404,850
104,461.91135,169.09471,518.7977,850
105,488.3418,189.14412,544.48315,850
106,230.65607,-21.600836,494.68713,850
107,96.117615,-239.21103,476.18936,850
108,374.88486,-9.335263,522.3491,850
109,452.2506,144.74028,525.13324,850
110,105.778725,-164.39943,490.7332,850
111,90.75128,-305.7378,470.62778,850
112,277.80453,-77.64444,497.55658,850
113,460.73108,147.29114,536.7097,850
114,419.8955,73.19636,530.47064,850
115,489.54736,196.10501,540.97675,850
116,127.89258,-173.82124,476.13495,850
117,296.19434,-138.47847,523.08344,850
118,125.70517,-484.8339,488.38107,850
119,222.0825,-40.32006,496.52777,850
120,498.3944,202.02763,549.414,850
121,121.46268,-292.0923,488.2888,850
122,102.71726,-416.81573,474.25504,850
123,209.70613,-93.562965,488.72147,850
124,130.94803,-280.05148,505.94153,850
125,83.03222,-311.59625,504.73816,850
126,98.55213,-230.75963,501.63675,850
127,98.266815,-512.855,501.3985,850
128,144.31425,-361.96872,471.02756,850
129,178.46799,-144.41841,481.23312,850
130,131.77959,-83.58524,538.5366,850
131,498.32556,202.88347,547.4825,850
132,258.93942,-223.36328,489.86166,850
133,159.2393,-78.37197,484.66125,850
134,137.98552,-144.85428,482.76648,850
135,95.34885,-239.50862,488.5595,850
136,297.30325,-83.10422,503.38745,850
137,81.5647,-335.30902,517.2902,850
138,125.741875,-172.25053,477.01672,850
139,463.7138,177.21828,523.2035,850
140,464.71704,158.1932,535.164,850
141,184.13007,-92.06668,493.00925,850
142,126.79661,-82.2211,514.3553,850
143,111.024376,-165.7826,472.01428,850
144,501.5018,216.32149,546.2042,850
145,465.90283,156.33934,536.31915,850
146,197.68513,-327.82394,478.47037,850
147,209.69385,-144.61046,487.25458,850
148,131.71889,-434.63776,499.7763,850
149,166.57283,-122.528824,454.64923,850
150,378.41293,29.035738,538.12396,850
151,92.143196,-257.2946,491.62164,850
152,95.73541,-462.7643,495.98444,850
153,176.4309,-120.23716,483.1522,850
154,109.1698,-181.9905,480.60278,850
155,137.2678,-300.31778,477.93286,850
156,189.91663,-43.752934,496.13583,850
157,270.70813,-66.907646,497.97156,850
158,510.86517,226.57098,551.4776,850
159,107.9305,-438.03372,480.6221,850
160,120.265785,-322.5262,475.71774,850
161,483.08746,173.43549,547.4371,850
162,156.71786,-389.8264,480.14273,850
163,234.36862,-108.567406,486.86932,850
164,118.96307,-116.16346,481.75287,850
165,219.6644,-52.77439,483.40323,850
166,159.3165,-109.52527,484.51996,850
167,90.406746,-301.87427,481.89096,850
168,86.59072,-283.36145,476.80487,850
169,503.85135,209.50143,551.16003,850
170,332.15778,-70.21093,525.6098,850
171,494.09842,197.34496,547.25336,850
172,131.56323,-225.81133,476.10168,850
173,256.6369,-93.119606,479.58282,850
174,91.45286,-344.54535,582.9757,850
175,178.69028,-113.46646,486.52557,850
176,101.50162,-425.03748,477.48007,850
177,480.42368,187.28784,533.068,850
178,271.08774,-44.36763,492.24857,850
179,437.08484,119.80648,522.4675,850
180,82.568504,-328.9519,472.75974,850
181,346.40125,-21.063196,526.4926,850
182,309.50775,-111.07967,516.9167,850
183,97.23822,-276.8054,477.21698,850
184,498.84778,216.44077,542.2958,850
185,214.89703,-109.83474,486.80673,850
186,518.9762,229.02032,561.6099,850
187,89.44749,-306.1953,479.3668,850
188,187.5763,-226.86179,490.05154,850
189,191.593,-154.03052,478.46838,850
190,227.5508,-199.69502,504.10513,850
191,129.87103,-255.66876,462.141,850
192,125.92358,-346.88495,460.11148,850
193,193.2048,-96.21282,492.94595,850
194,87.77824,-269.43707,483.6737,850
195,442.0272,131.56223,551.4571,850
196,453.75284,130.01218,539.7022,850
197,124.97872,-370.81747,464.12573,850
198,106.64034,-157.86424,494.77094,850
199,84.24886,-357.53387,480.87216,850
200,312.68744,-144.81215,504.32922,850
201,166.1632,-119.595924,481.0652,850
202,86.86733,-462.85385,486.79443,850
203,105.1495,-151.7775,486.64133,850
204,268.1831,-159.7117,513.12665,850
205,112.681305,-150.73982,487.68436,850
206,477.23636,156.5351,552.52216,850
207,125.351944,-502.78247,491.93478,850
208,471.3406,161.71133,544.7054,850
209,113.390396,-334.06274,539.0451,850
210,315.57855,-119.506516,525.06805,850
211,139.78516,-147.11084,470.43356,850
212,86.39244,-447.69534,493.0759,850
213,460.53247,156.53029,529.87115,850
214,449.81454,119.49041,541.68115,850
215,201.91109,-69.7792,490.38626,850
216,489.91815,199.75526,538.74475,850
217,422.53152,82.56036,537.1794,850
218,146.77896,-169.8631,477.3406,850
219,326.55783,-2.6648865,508.2318,850
220,395.46793,52.37623,537.0132,850
221,117.15388,-247.79605,488.58316,850
222,138.97566,-108.16654,487.81802,850
223,231.55232,-83.64704,471.71326,850
224,476.25433,177.31624,537.8392,850
225,146.81319,-385.0424,473.725,850
226,104.40756,-182.93555,476.9449,850
227,311.6688,-26.00283,479.31625,850
228,89.7336,-327.72205,488.5584,850
229,124.49426,-91.77954,516.23865,850
230,269.4912,1.1621727,489.0833,850
231,133.7047,-135.59271,481.33987,850
232,458.6404,162.95757,519.12054,850
233,458.56314,134.68306,545.34204,850
234,234.7198,-125.046745,498.518,850
235,101.96445,-499.2227,506.28647,850
236,101.407845,-496.09048,498.1719,850
237,111.5263,-153.6478,479.45715,850
238,220.10979,-156.6271,479.29874,850
239,258.19318,-64.52629,492.58945,850
240,125.3194,-107.95528,480.27304,850
241,176.55,-118.84899,490.59207,850
242,115.3326,-437.49957,474.5363,850
243,89.70408,-264.19467,510.68002,850
244,105.33502,-162.26837,487.8068,850
245,76.60982,-439.82883,485.14917,850
246,80.54097,-319.52386,474.0666,850
247,331.136,-99.52402,502.9895,850
248,153.87402,-115.36337,491.52744,850
249,72.7742,-380.0952,489.12793,850
250,105.04974,-479.84485,492.1606,850
251,159.6198,-378.63266,468.7733,850
252,338.12036,-37.24087,527.98737,850
253,151.63339,-332.0058,467.55133,850
254,115.59876,-135.47397,526.64886,850
255,419.84073,145.90778,477.48108,850
256,161.90834,-202.15617,478.17517,850
257,89.70686,-372.58246,483.97287,850
258,109.42374,-375.69196,453.20065,850
259,128.94606,-129.92809,477.29178,850
260,162.56903,-147.42918,485.00787,850
261,89.35419,-292.8595,476.65567,850
262,118.126465,-167.28207,479.37204,850
263,93.86983,-234.49608,498.28732,850
264,174.78075,-183.15082,474.74518,850
265,308.43964,-62.34882,507.4427,850
266,148.62044,-130.04117,652.10223,850
267,181.89565,-70.518074,493.55023,850
268,483.2621,178.9388,547.59326,850
269,480.33218,183.40958,539.07275,850
270,112.86274,-115.83824,488.72522,850
271,375.1209,-6.898426,532.06024,850
272,200.7603,-149.0821,487.58636,850
273,156.02673,-168.18613,487.84558,850
274,487.60284,187.87631,545.1989,850
275,99.60469,-193.61238,491.8445,850
276,73.961395,-465.28122,495.05215,850
277,191.4427,-314.45135,492.43817,850
278,505.72903,226.25558,544.62244,850
279,130.53227,-148.86737,474.471,850
280,314.1473,-73.066666,511.1539,850
281,155.30783,-311.00308,465.57877,850
282,108.91259,-150.58067,481.96707,850
283,382.27472,16.986595,529.1851,850
284,148.63844,-95.814804,618.625,850
285,320.60245,-99.26892,509.3052,850
286,209.6408,-76.51276,488.60312,850
287,91.253006,-388.5467,487.24817,850
288,334.74323,13.614791,507.40863,850
289,101.33,-505.90012,503.1502,850
290,118.50754,-113.63237,491.8127,850
291,493.9462,192.16653,550.6697,850
292,134.73508,-415.13525,509.0233,850
293,464.81476,152.02026,541.9029,850
294,489.21152,184.5926,547.63446,850
295,435.56924,113.521774,537.91284,850
296,219.65501,-181.93842,484.93445,850
297,96.883606,-238.46237,482.07498,850
298,338.21295,-78.072945,537.00287,850
299,459.7057,142.8431,537.5468,850
300,504.35187,206.91951,553.09204,850
301,253.74138,-135.85303,489.11658,850
302,461.9564,148.86945,537.27997,850
303,180.79721,-348.69403,474.2092,850
304,106.08389,-153.51039,490.5437,850
305,387.27145,32.10467,535.5295,850
306,460.82718,137.85817,544.4617,850
307,407.75977,52.329544,529.72205,850
308,88.791626,-250.85439,478.7232,850
309,292.0147,-1.8854713,497.4165,850
310,140.8635,-321.07846,540.81244,850
311,433.3853,107.85048,528.0886,850
312,101.64939,-326.53778,488.264,850
313,130.81276,-125.86442,478.75803,850
314,127.417175,-161.82558,482.07217,850
315,168.43147,-119.851,480.1846,850
316,89.02191,-264.17615,474.28577,850
317,403.79733,32.25496,528.54395,850
318,194.94115,-303.68805,488.7885,850
319,116.8049,-138.36687,484.77066,850
320,104.28728,-474.24588,490.0382,850
321,90.146416,-262.2915,485.1734,850
322,178.44872,-319.12222,487.85156,850
323,252.44398,-235.8077,491.01953,850
324,127.76322,-97.919655,499.24835,850
325,81.54711,-382.62323,484.60007,850
326,121.70021,-108.567474,486.8383,850
327,489.47574,197.02275,540.71344,850
328,210.5384,-56.846107,484.93793,850
329,99.71954,-453.7778,483.06534,850
330,500.8496,214.3555,545.7467,850
331,203.33127,-68.74759,491.92184,850
332,376.73,25.456654,530.30975,850
333,353.70856,-51.281906,519.188,850
334,506.61896,221.56949,549.3572,850
335,312.80106,-43.22692,513.46246,850
336,329.00195,-98.59984,515.9196,850
337,290.95834,7.813287,491.71875,850
338,207.30637,-63.929157,484.62607,850
339,91.081154,-356.4963,482.63464,850
340,111.34236,-402.37274,492.92267,850
341,247.26003,-46.52669,473.8006,850
342,408.3905,64.524666,529.78235,850
343,474.6763,164.87851,543.2421,850
344,401.3143,33.707882,536.2948,850
345,590.2431,287.44745,612.72577,850
346,160.63962,-229.36543,485.0108,850
347,182.74191,-77.87345,485.5317,850
348,333.20538,-12.037349,511.27115,850
349,83.66831,-303.18057,489.12595,850
350,107.30694,-301.59378,472.18567,850
351,202.24937,-133.96375,482.33337,850
352,116.37931,-262.34396,478.92682,850
353,87.84125,-283.7579,490.9567,850
354,146.77579,-111.22984,480.3624,850
355,104.519356,-160.50671,485.925,850
356,289.95203,-153.4555,521.5373,850
357,103.05499,-170.77509,483.73856,850
358,141.9749,-94.54699,479.38678,850
359,279.93427,-53.320496,486.13754,850
360,492.2531,203.19894,541.56824,850
361,467.2368,155.75453,534.73846,850
362,154.10428,-397.1493,490.1657,850
363,96.41522,-283.83856,485.29187,850
364,340.24478,-68.80958,528.6518,850
365,505.4318,217.465,549.1916,850
366,186.91922,-96.73713,489.256,850
367,96.48004,-245.06636,492.95303,850
368,123.526024,-136.44527,479.73734,850
369,150.15329,-170.52773,457.89594,850
370,161.23541,-179.04333,502.17233,850
371,472.6336,167.25142,536.6109,850
372,146.79552,-59.308525,499.43192,850
373,475.3528,178.816,533.67236,850
374,146.58847,-153.2618,485.01337,850
375,110.45683,-482.883,487.2081,850
376,407.32315,49.045406,528.58563,850
377,103.6497,-186.00412,512.6905,850
378,483.8059,174.08034,547.923,850
379,168.72888,-162.3991,471.16498,850
380,142.89786,-58.686043,530.48083,850
381,119.89975,-348.96182,493.66528,850
382,372.96677,-4.163517,528.63104,850
383,444.59677,151.10136,510.39935,850
384,489.83582,200.78345,539.9409,850
385,90.13882,-439.49426,490.35782,850
386,481.68484,184.73706,537.6218,850
387,81.10972,-316.96887,504.62024,850
388,434.54044,113.05938,537.65094,850
389,97.675255,-204.86935,486.7367,850
390,100.85343,-199.2267,510.1296,850
391,434.2711,98.1185,541.16534,850
392,120.19751,-122.602036,488.0009,850
393,203.07465,-86.387245,471.22986,850
394,99.868164,-326.25348,490.23743,850
395,136.32803,-86.750374,559.7678,850
396,107.99444,-169.39946,480.20895,850
397,146.19223,-191.55534,479.52875,850
398,501.63596,211.14024,549.2099,850
399,107.05689,-174.39688,496.5577,850
400,453.4025,152.8088,522.6798,850
401,172.07545,-103.14954,482.09784,850
402,367.72232,-24.341402,516.0695,850
403,385.47064,0.6577082,516.90625,850
404,393.34122,18.894053,530.971,850
405,314.53168,-67.2399,510.2231,850
406,114.084885,-120.4945,485.32513,850
407,84.20031,-485.87872,500.93243,850
408,428.8651,87.46939,537.54944,850
409,407.057,64.4808,513.45447,850
410,510.53006,223.56854,553.4268,850
411,479.33826,164.46553,550.38983,850
412,158.28055,-117.89121,493.51508,850
413,73.66622,-452.52393,490.03885,850
414,309.89886,-30.24663,501.93127,850
415,94.670815,-399.06915,483.03125,850
416,140.04643,-74.85907,558.3117,850
417,146.99144,-51.37098,513.37036,850
418,180.48662,-224.85857,466.29297,850
419,174.68565,-70.70766,492.3496,850
420,429.15717,96.557,535.71436,850
421,226.38213,-166.56567,469.80826,850
422,470.1639,162.304,533.4909,850
423,170.26044,-108.26371,482.5581,850
424,89.00609,-258.09677,484.8592,850
425,304.7257,-114.15876,525.9581,850
426,108.77447,-417.37332,469.3726,850
427,78.28165,-348.3603,475.14633,850
428,123.24115,-104.28844,489.5696,850
429,97.323135,-376.6746,509.6751,850
430,151.7865,-65.18045,577.2133,850
431,118.427605,-458.86118,477.14886,850
432,163.3415,-112.77526,482.18674,850
433,468.24118,188.85692,529.24396,850
434,138.65701,-114.83007,474.05365,850
435,478.91077,162.16795,551.0677,850
436,447.63333,156.48822,510.83667,850
437,139.74623,-152.35547,483.8731,850
438,484.4104,182.4521,543.2557,850
439,307.272,-9.453686,503.49213,850
440,436.0737,97.73475,532.68256,850
441,495.83456,198.6537,548.9756,850
442,136.60318,-376.45206,485.80954,850
443,76.35527,-439.48956,482.34323,850
444,146.597,-53.18816,493.48578,850
445,104.642555,-440.2524,487.38446,850
446,98.11364,-210.34401,485.604,850
447,110.73853,-345.20798,497.81805,850
448,340.6381,-9.184399,516.06555,850
449,104.52826,-190.36487,481.5537,850
450,93.270134,-340.11725,478.87265,850
451,387.30383,49.13504,531.41125,850
452,228.97194,-252.44029,498.65054,850
453,469.33337,180.64381,526.1245,850
454,114.1211,-242.90974,472.3256,850
455,181.98434,-87.49966,493.6125,850
456,82.48753,-407.9191,483.17996,850
457,110.05103,-215.8396,480.5265,850
458,127.71255,-89.601204,500.16193,850
459,410.71045,52.176456,523.3121,850
460,234.76161,-290.26685,522.60626,850
461,487.32306,183.6343,547.24896,850
462,107.81529,-447.63654,463.25018,850
463,94.70241,-219.46277,480.13004,850
464,125.68071,-329.4899,483.7057,850
465,115.99423,-140.87202,470.67258,850
466,132.42953,-74.195366,511.0308,850
467,168.71246,-127.87732,477.8015,850
468,175.28403,-189.34721,470.88992,850
469,346.98242,-44.346176,514.3605,850
470,148.35394,-514.1607,512.785,850
471,162.8893,-297.11374,473.5744,850
472,477.56284,184.76923,533.0261,850
473,413.7488,82.24281,538.4201,850
474,121.46712,-278.22955,486.42746,850
475,119.55317,-447.51138,478.19394,850
476,98.84989,-201.35641,483.92255,850
477,497.64307,215.29407,541.9496,850
478,207.09995,-265.3308,481.1553,850
479,221.46426,-84.7394,465.66962,850
480,373.00195,-20.11736,522.2497,850
481,407.38113,40.95107,537.62946,850
482,177.18492,-82.37062,484.24796,850
483,420.21307,114.643135,504.3966,850
484,315.92676,2.9944057,496.64252,850
485,91.37241,-312.47736,486.25058,850
486,435.796,112.7752,519.41064,850
487,409.9107,61.07492,528.9661,850
488,403.05557,63.350636,539.6984,850
489,501.87555,222.80989,542.8755,850
490,183.10419,-40.37004,493.84186,850
491,111.79159,-520.66675,500.68945,850
492,325.0596,20.661594,509.1973,850
493,216.57498,-77.49576,468.36313,850
494,120.183556,-145.45418,477.23788,850
495,490.008,195.62059,542.26044,850
496,135.77893,-76.29591,492.3913,850
497,336.02618,-96.65916,513.7292,850
0,457.59213,163.18768,484.2287,900
1,76.50422,-294.74084,496.8449,900
2,168.98663,-366.98264,465.28735,900
3,77.664116,-230.46336,488.89185,900
4,120.755035,-217.74582,488.1306,900
5,81.6611,-422.00607,487.0458,900
6,435.14993,120.49893,483.1686,900
7,319.31598,-33.48605,485.0741,900
8,114.112114,-340.62952,525.2238,900
9,85.59682,-275.77536,482.44934,900
10,314.19986,-58.989376,488.43698,900
11,447.80664,153.02283,479.33298,900
12,239.22272,-127.78237,453.03314,900
13,80.77632,-443.5617,481.06628,900
14,165.78613,-137.02719,501.02878,900
15,418.36655,98.92241,481.36212,900
16,450.1161,139.34041,488.6108,900
17,243.49849,-61.225,482.28348,900
18,135.9708,-345.21432,466.4804,900
19,71.80702,-323.22507,472.04312,900
20,397.1024,36.763157,488.6147,900
21,426.64676,106.36655,484.04727,900
22,331.7263,-45.496307,490.96664,900
23,85.89492,-182.48555,489.65762,900
24,173.48364,-317.18875,456.02298,900
25,317.5239,-108.120964,487.12408,900
26,263.82962,-190.65308,455.47656,900
27,113.024475,-472.83414,506.9589,900
28,434.30145,114.915306,486.9106,900
29,130.1339,-519.54407,513.12,900
30,67.804276,-378.95413,480.27335,900
31,180.22815,-194.07022,466.88986,900
32,81.185135,-215.1448,486.1157,900
33,150.80876,-177.49936,500.07217,900
34,73.61562,-278.08987,483.63712,900
35,162.46516,-123.2386,524.09607,900
36,71.35583,-296.59702,499.18622,900
37,353.95862,-31.426598,484.54016,900
38,165.98854,-274.242,490.03253,900
39,436.04797,120.43146,485.94116,900
40,207.48561,-208.27312,478.7285,900
41,95.577866,-454.22742,486.0915,900
42,131.82024,-187.25497,494.1925,900
43,134.22974,-118.795,516.7857,900
44,188.91373,-355.28653,487.6805,900
45,94.22511,-419.46948,496.1799,900
46,462.35846,157.22769,492.50565,900
47,381.88974,22.107859,486.43533,900
48,123.880615,-408.7941,458.95737,900
49,83.40175,-274.79987,495.1489,900
50,248.25322,-28.216434,582.0638,900
51,447.54318,155.84589,476.47357,900
52,219.9486,-189.97731,500.9184,900
53,83.166374,-519.2086,492.39758,900
54,378.7448,41.22728,463.56732,900
55,104.48102,-221.15784,492.7969,900
56,427.93884,94.166725,492.24698,900
57,398.80704,98.4173,452.411,900
58,141.89409,-158.35005,498.29733,900
59,447.26974,134.86653,488.1704,900
60,417.92868,111.267456,468.32266,900
61,418.5471,94.27709,480.42245,900
62,436.55243,134.28062,485.80283,900
63,95.0463,-553.7652,500.97873,900
64,75.11163,-416.4016,470.3589,900
65,395.49326,59.70504,474.92517,900
66,83.1992,-336.25815,496.04785,900
67,440.1279,130.63026,483.8531,900
68,411.6428,93.49785,474.87473,900
69,113.780624,-136.40558,507.8228,900
70,181.717,-107.549225,527.3265,900
71,288.87497,-50.705776,479.7616,900
72,319.1509,-83.08925,483.9216,900
73,194.3365,-115.873955,512.0269,900
74,238.35431,-190.127,480.0097,900
75,87.811516,-202.91412,491.66113,900
76,295.90335,-40.902912,500.56415,900
77,224.05817,-127.59572,472.89197,900
78,439.85654,112.84074,495.4507,900
79,307.2063,-109.66789,458.11926,900
80,101.538635,-166.2791,502.06326,900
81,81.64447,-219.53795,487.28522,900
82,83.76697,-198.4689,499.91296,900
83,262.8716,-103.01798,468.31586,900
84,152.30891,-179.841,483.52756,900
85,417.367,84.35122,485.64505,900
86,108.02297,-450.51,479.29623,900
87,176.34685,-109.02976,524.53534,900
88,151.16158,-142.3446,499.89117,900
89,209.71474,-118.62648,502.9988,900
90,411.89572,78.53982,487.12915,900
91,149.14851,-122.5916,520.68146,900
92,288.70584,-51.753063,487.47632,900
93,187.95229,-111.46437,510.09653,900
94,236.9948,-36.951797,554.94464,900
95,129.5313,-305.33633,477.2498,900
96,159.48114,-140.16107,512.1345,900
97,149.51018,-116.56357,516.94934,900
98,125.047745,-194.76234,489.48816,900
99,430.91046,100.7417,493.86856,900
100,333.40308,-28.894821,493.48434,900
101,375.45862,-6.52022,492.15082,900
102,209.70514,-292.55392,512.63153,900
103,201.2323,-289.08963,465.24588,900
104,247.68564,-242.0758,476.18152,900
105,410.39154,70.41821,488.93204,900
106,264.5021,-25.478918,516.0031,900
107,77.234985,-299.7604,487.0153,900
108,300.56912,-102.51277,473.78757,900
109,375.9839,2.4702733,489.90482,900
110,80.1963,-225.36073,493.5275,900
111,87.969826,-545.23615,502.15768,900
112,254.62062,-80.40568,471.7235,900
113,381.00882,19.280033,497.48447,900
114,337.0381,-56.78079,479.47592,900
115,433.455,119.90698,482.09482,900
116,139.54655,-167.13763,502.37234,900
117,173.11865,-269.62778,479.14035,900
118,85.96355,-479.5484,484.38144,900
119,201.89278,-92.57912,514.3747,900
120,448.03503,137.2984,487.09674,900
121,133.3549,-169.74101,504.7113,900
122,76.13965,-291.3407,484.87448,900
123,170.01108,-142.47934,502.7636,900
124,96.155,-284.40298,496.05472,900
125,60.33705,-392.90924,495.64783,900
126,80.837685,-254.28401,496.862,900
127,87.95638,-500.42087,489.7817,900
128,89.3478,-233.02748,497.42163,900
129,130.8585,-186.8822,496.37396,900
130,104.647446,-118.89274,522.1037,900
131,447.5596,133.84534,488.58954,900
132,320.21387,-64.59125,467.5537,900
133,137.99062,-121.53748,507.1307,900
134,165.0239,-126.20014,520.6787,900
135,87.21777,-207.59329,491.17014,900
136,234.75641,-132.22435,471.7879,900
137,100.62382,-131.45616,521.04834,900
138,129.32635,-226.93947,498.0511,900
139,316.60733,-93.972855,472.8903,900
140,399.76865,60.620396,482.6331,900
141,136.16447,-160.91847,511.06717,900
142,156.02962,-80.80303,626.26294,900
143,80.92001,-260.90518,480.65527,900
144,453.08145,149.68893,485.7977,900
145,397.30096,48.435135,490.3237,900
146,114.55542,-506.95047,490.00208,900
147,198.81856,-135.77701,489.05826,900
148,106.5796,-507.39185,510.58734,900
149,184.79329,-119.975365,528.3076,900
150,295.9775,-85.65968,491.72803,900
151,126.62775,-141.00797,505.6999,900
152,76.90295,-416.67288,484.57593,900
153,199.65349,-105.85372,504.86343,900
154,111.091255,-178.22041,503.8686,900
155,107.82514,-302.0464,487.2832,900
156,189.18985,-89.4345,533.3897,900
157,181.44038,-166.92874,495.1736,900
158,446.9681,145.03647,481.17685,900
159,103.93061,-401.84085,503.3459,900
160,84.13173,-259.86295,486.17554,900
161,421.0623,81.87176,494.1166,900
162,105.37226,-421.79037,474.77258,900
163,153.04727,-175.04222,488.81686,900
164,135.14633,-109.96745,522.9127,900
165,255.67657,-37.844646,495.05246,900
166,211.02568,-71.0973,531.9658,900
167,95.15258,-163.15495,493.52417,900
168,98.13638,-195.35503,497.72617,900
169,432.55957,113.910706,485.7606,900
170,316.9346,-60.054886,487.76584,900
171,437.1184,116.86967,489.2609,900
172,108.22927,-209.57074,492.26395,900
173,177.1606,-196.21106,488.57376,900
174,95.95095,-242.05894,590.40753,900
175,86.49549,-245.26854,499.18094,900
176,82.33114,-395.22064,480.83725,900
177,430.634,108.61294,484.44266,900
178,238.24368,-63.646366,491.58307,900
179,373.16284,14.177316,494.94055,900
180,59.893433,-469.65326,477.9332,900
181,180.47194,-240.70534,466.7628,900
182,250.04773,-159.68243,459.67038,900
183,78.7833,-253.3733,482.935,900
184,414.5798,102.26613,466.32184,900
185,159.10811,-144.90506,499.11337,900
186,436.0988,128.7856,481.14386,900
187,80.69421,-385.3662,479.86877,900
188,103.229675,-368.4073,487.10837,900
189,125.29288,-285.2847,490.8615,900
190,142.91953,-332.29437,483.97766,900
191,150.95598,-198.32076,495.86884,900
192,91.20156,-430.28604,478.28558,900
193,199.64581,-107.19952,499.89865,900
194,64.91515,-362.63367,469.27716,900
195,431.96088,123.82277,501.96225,900
196,371.68533,3.8984804,491.53506,900
197,102.39539,-379.65616,490.44336,900
198,71.94678,-285.77393,493.1319,900
199,71.55786,-289.07605,479.73688,900
200,190.27785,-264.86377,465.66928,900
201,146.56187,-158.1952,502.82657,900
202,73.35349,-313.47946,488.11057,900
203,81.577324,-193.53125,484.72464,900
204,166.64027,-269.3764,469.35718,900
205,91.850235,-160.81116,489.13812,900
206,417.41733,76.361824,495.85226,900
207,122.374504,-556.31384,507.84912,900
208,405.4533,67.79803,488.07126,900
209,77.4005,-299.2574,496.12482,900
210,296.5104,-112.84531,480.61786,900
211,118.404854,-187.30186,501.89554,900
212,79.96892,-354.5919,490.4541,900
213,393.8349,51.325714,482.22064,900
214,390.75186,43.4131,490.75995,900
215,174.7006,-118.34157,512.1448,900
216,438.36252,128.45177,481.41464,900
217,368.97986,1.8127397,498.18237,900
218,131.44466,-262.0228,492.32178,900
219,282.09616,-49.16576,484.90076,900
220,274.31818,-69.49084,478.43112,900
221,163.77454,-150.3525,499.47705,900
222,185.04692,-91.15132,547.89886,900
223,159.13518,-254.9985,482.54495,900
224,411.78592,93.84898,472.96704,900
225,101.60568,-440.51184,474.14624,900
226,120.804695,-125.30579,510.6906,900
227,180.43762,-233.53181,480.37015,900
228,78.391235,-234.97194,483.9834,900
229,175.43326,-82.04425,568.9238,900
230,247.7383,-43.537716,520.5072,900
231,110.506454,-185.11351,494.87082,900
232,389.28528,55.45538,465.324,900
233,411.3088,87.14545,487.08286,900
234,133.06528,-250.01613,512.9675,900
235,80.576385,-496.37164,487.84198,900
236,73.56172,-364.94376,469.11554,900
237,176.42169,-82.811714,541.5381,900
238,195.04834,-114.49436,508.51965,900
239,217.56519,-100.10004,487.2359,900
240,109.65887,-125.22193,505.2713,900
241,219.27605,-82.59441,498.87897,900
242,111.788704,-424.41455,470.7231,900
243,85.36213,-186.69765,489.37177,900
244,77.7178,-228.38809,486.13788,900
245,68.9302,-504.89658,489.05103,900
246,62.396168,-372.9713,489.9791,900
247,208.07063,-287.7187,456.6142,900
248,216.33615,-76.03321,520.4562,900
249,64.0558,-409.416,528.05457,900
250,76.184395,-380.26135,479.27423,900
251,177.99759,-328.59348,452.49304,900
252,245.51706,-110.62414,479.1247,900
253,156.31216,-189.13847,472.86053,900
254,86.28071,-195.04002,516.76904,900
255,363.37897,17.56296,474.97125,900
256,183.69049,-134.49225,487.49072,900
257,113.23974,-229.94499,489.23563,900
258,76.73557,-356.7032,482.3821,900
259,108.13621,-171.11032,498.66953,900
260,149.6347,-153.84904,508.87286,900
261,68.59498,-370.78934,465.10767,900
262,72.12792,-293.9275,477.86795,900
263,80.565506,-211.70085,491.4918,900
264,117.02103,-210.54883,488.39642,900
265,212.07668,-163.24445,461.2212,900
266,182.5989,-130.93112,781.0396,900
267,141.38318,-141.0194,525.55725,900
268,338.95697,-49.435772,491.80173,900
269,406.93384,76.51679,480.2179,900
270,102.4264,-116.864746,506.4887,900
271,217.12285,-248.79218,467.97455,900
272,143.87384,-165.90881,496.32272,900
273,116.40528,-193.86914,495.57233,900
274,417.17776,84.98477,485.04044,900
275,82.4169,-207.78923,511.7168,900
276,78.044785,-251.713,506.60696,900
277,103.06034,-441.75497,475.98904,900
278,413.1529,114.884056,457.34888,900
279,240.85692,-80.65139,481.9427,900
280,167.5937,-187.92546,457.5352,900
281,100.40283,-437.36713,465.61075,900
282,82.34183,-200.994,485.5991,900
283,246.82362,-197.79306,470.23785,900
284,141.4549,-115.89045,651.13477,900
285,143.38277,-408.52213,481.1091,900
286,228.20949,-69.985306,505.87936,900
287,68.21564,-319.75824,479.86423,900
288,277.23663,-40.53057,489.268,900
289,94.91016,-504.7723,492.8046,900
290,133.79832,-155.07025,515.1468,900
291,410.26163,67.29813,490.94684,900
292,107.80313,-447.13278,495.91953,900
293,406.53674,64.392586,489.22928,900
294,424.0806,91.104866,489.3663,900
295,361.4565,1.7393084,502.3769,900
296,89.733665,-261.2597,490.74545,900
297,72.49422,-351.75314,478.09683,900
298,215.05412,-268.28003,492.94235,900
299,412.49133,74.018654,488.38257,900
300,433.1058,111.473495,485.87833,900
301,147.51193,-266.4174,470.22412,900
302,357.21158,-30.985983,486.50092,900
303,111.936615,-543.2351,500.42203,900
304,99.14147,-139.57828,493.0085,900
305,346.6096,-21.562965,499.5905,900
306,392.99854,40.441257,494.89978,900
307,325.18164,-52.859497,486.20715,900
308,86.6015,-212.12134,487.69153,900
309,238.18532,-60.289654,498.8325,900
310,95.08047,-282.0353,492.48224,900
311,341.69485,-57.49317,494.39822,900
312,86.35246,-290.73575,494.39688,900
313,97.25412,-184.99992,496.58636,900
314,194.06046,-88.70109,537.3975,900
315,133.84816,-173.69856,494.84528,900
316,66.54748,-336.1473,465.75394,900
317,319.37704,-93.87462,473.70865,900
318,157.90456,-352.39523,461.93216,900
319,103.5181,-163.67528,506.1636,900
320,83.45102,-426.22397,489.0864,900
321,130.07874,-122.48322,515.28265,900
322,115.778496,-450.70575,475.95996,900
323,214.12883,-266.06793,464.1378,900
324,82.58386,-202.07149,499.54736,900
325,65.37778,-350.68,496.9205,900
326,78.34889,-241.3782,503.45673,900
327,434.34366,119.53602,483.92737,900
328,230.2996,-50.359188,519.06647,900
329,83.242035,-410.19446,486.3083,900
330,447.91623,146.48183,481.69882,900
331,207.60854,-99.51753,516.5598,900
332,175.58658,-191.41039,480.05203,900
333,147.74408,-412.59033,471.77597,900
334,450.7356,148.32915,484.08292,900
335,256.9981,-98.53228,488.47623,900
336,292.01602,-130.93254,472.75537,900
337,272.3919,-24.411745,502.96945,900
338,209.9742,-87.758316,524.4739,900
339,71.13101,-281.56244,468.14392,900
340,86.1124,-434.07687,488.71732,900
341,199.91081,-103.062096,499.94336,900
342,369.5904,12.0813,489.68896,900
343,379.56448,15.484877,488.30322,900
344,345.07123,-68.982956,500.7511,900
345,396.33725,121.5931,443.99768,900
346,137.07462,-206.60948,489.73343,900
347,225.39622,-63.855312,520.5548,900
348,260.691,-112.888565,486.3352,900
349,73.339,-291.02707,482.13983,900
350,74.89553,-322.59595,487.57343,900
351,201.93623,-111.60686,488.6633,900
352,110.18626,-203.82303,492.38953,900
353,64.0894,-399.7236,483.09744,900
354,160.66293,-97.91012,527.4035,900
355,88.098495,-168.91656,483.2547,900
356,95.03071,-425.28064,469.94727,900
357,82.47744,-191.20134,484.64352,900
358,122.33447,-134.22433,505.72787,900
359,128.57547,-224.21591,490.76624,900
360,429.7385,118.001686,479.4153,900
361,429.88693,98.58877,488.8516,900
362,119.545235,-496.22482,501.96707,900
363,231.68062,-53.27791,538.99243,900
364,284.58896,-58.359303,494.51755,900
365,449.5628,144.29735,485.69504,900
366,182.54456,-120.26898,513.7189,900
367,92.012024,-172.89333,500.72086,900
368,109.28614,-151.92432,502.77524,900
369,94.44944,-239.82999,475.32672,900
370,186.29022,-114.96273,526.03577,900
371,431.93774,108.67359,486.28442,900
372,200.1245,-72.35364,533.7458,900
373,426.10144,104.43283,482.39978,900
374,157.09293,-188.07565,493.02484,900
375,87.81403,-451.84518,485.91245,900
376,148.38753,-390.72122,482.4559,900
377,93.378746,-231.27972,574.23145,900
378,427.1155,86.68394,493.74854,900
379,196.27878,-111.836716,509.7846,900
380,255.8919,-35.934532,744.8142,900
381,96.472694,-214.1579,502.97244,900
382,304.6606,-97.73242,476.53964,900
383,389.89197,60.636906,466.8811,900
384,443.6947,139.70143,480.95578,900
385,72.69984,-454.88416,476.22836,900
386,423.2674,100.848946,482.38702,900
387,66.21462,-515.88885,508.58972,900
388,324.58383,-52.641006,496.03928,900
389,76.28431,-234.44855,485.13968,900
390,101.69927,-165.09258,556.4501,900
391,386.41708,34.69939,495.64545,900
392,96.82577,-158.56662,495.7215,900
393,106.89557,-256.782,479.1264,900
394,105.10335,-382.21704,492.59576,900
395,162.86685,-82.60275,634.88794,900
396,80.50399,-242.53146,488.23035,900
397,123.59759,-200.36731,500.23358,900
398,443.90494,138.0345,482.02652,900
399,133.85927,-153.89368,495.12274,900
400,408.0607,70.0513,483.80862,900
401,188.2308,-94.61397,530.54364,900
402,396.33325,43.68913,491.63104,900
403,353.39285,-32.0564,475.34387,900
404,381.49942,16.85439,490.2331,900
405,163.48367,-322.00116,466.72943,900
406,94.81474,-152.99327,488.93503,900
407,70.17707,-336.1577,513.2001,900
408,315.0006,-102.372215,478.0897,900
409,336.76727,-58.22332,478.53455,900
410,403.88815,69.24455,476.46793,900
411,424.52502,86.46965,493.87775,900
412,100.46358,-190.24953,503.85138,900
413,63.249596,-371.02,489.41367,900
414,253.47,-82.293846,477.80478,900
415,79.5279,-463.26526,484.84415,900
416,121.36108,-111.92579,559.96216,900
417,140.29657,-95.21832,525.84814,900
418,171.31342,-192.74321,474.4569,900
419,173.96423,-114.886925,521.5329,900
420,372.22177,7.9884834,491.29138,900
421,84.062195,-261.8387,482.92194,900
422,406.29797,67.00827,478.48743,900
423,128.3762,-169.78926,499.2433,900
424,72.565094,-272.39682,497.1229,900
425,205.76979,-209.28488,475.78067,900
426,98.92596,-375.0706,491.71454,900
427,84.92146,-188.35048,507.48523,900
428,185.76982,-78.02453,536.6955,900
429,85.27466,-419.3122,507.69296,900
430,161.48921,-82.31468,619.2006,900
431,103.4767,-448.20013,471.38498,900
432,175.0539,-131.92426,518.5641,900
433,346.35016,-43.736816,496.59567,900
434,119.191605,-172.90697,499.04327,900
435,433.5982,102.85806,493.23297,900
436,381.88724,55.343166,461.02475,900
437,168.30666,-123.10719,519.4779,900
438,434.22614,111.52844,488.237,900
439,202.30298,-112.38209,498.57648,900
440,337.19348,-58.999702,474.95978,900
441,442.93817,133.41516,484.28787,900
442,165.01593,-249.81981,482.634,900
443,59.599346,-443.16022,491.75504,900
444,212.7375,-44.154156,605.757,900
445,101.550385,-522.4614,497.29626,900
446,82.46509,-206.95518,487.18625,900
447,124.434616,-196.1072,496.5802,900
448,265.4736,-79.619225,480.37634,900
449,83.04559,-199.57776,486.07065,900
450,75.66541,-257.97894,481.25394,900
451,286.22238,-50.44843,492.4799,900
452,118.58285,-391.7599,483.94144,900
453,410.39954,91.68782,473.2585,900
454,160.38094,-123.55872,518.42755,900
455,117.01521,-162.834,509.8971,900
456,65.68251,-349.18082,476.6285,900
457,117.14576,-176.3786,497.14758,900
458,190.57608,-57.655506,589.83374,900
459,423.79184,100.934074,479.93448,900
460,126.17329,-533.6614,499.694,900
461,404.45322,56.94164,489.89975,900
462,167.45062,-138.87968,496.16565,900
463,79.22575,-209.6777,485.09473,900
464,97.646454,-365.99167,492.78485,900
465,91.80159,-168.56194,485.04337,900
466,85.901405,-182.8068,500.19943,900
467,139.7196,-161.34653,496.52188,900
468,156.44675,-165.08781,492.5932,900
469,258.90912,-133.45187,466.72153,900
470,118.30158,-524.29065,495.39307,900
471,110.47199,-397.1204,458.16898,900
472,423.0958,149.78665,456.93918,900
473,304.937,-53.026806,489.44818,900
474,110.20913,-312.57996,490.31796,900
475,149.20839,-395.94522,468.55066,900
476,175.18097,-76.6747,555.6984,900
477,437.60062,133.98692,477.14215,900
478,177.42012,-240.25711,466.58588,900
479,159.17148,-181.15178,508.49963,900
480,375.8787,-3.3959568,489.40164,900
481,325.81705,-60.821167,492.05518,900
482,203.30226,-79.4406,521.0355,900
483,341.90894,-57.19744,490.33463,900
484,283.9249,-47.740044,489.58865,900
485,80.75863,-270.8956,493.98117,900
486,335.52747,-87.31498,486.79663,900
487,358.14624,-7.8285775,496.1581,900
488,253.69766,-65.155106,492.2194,900
489,438.99335,141.54214,473.57047,900
490,220.72488,-44.362114,549.05927,900
491,101.4154,-524.72284,497.95752,900
492,197.759,-125.77337,512.3832,900
493,182.04999,-137.44894,475.1495,900
494,82.65603,-218.64177,484.3388,900
495,415.3821,89.38219,477.68375,900
496,259.6349,-25.136621,668.4454,900
497,305.7578,-98.38266,479.0097,900
0,540.35657,212.86308,535.60895,950
1,115.550224,-182.20662,533.5059,950
2,247.03467,-264.3334,475.672,950
3,104.32374,-249.73769,541.4641,950
4,141.51613,-153.43834,497.5957,950
5,119.03003,-274.0075,487.51254,950
6,500.86075,163.4993,522.7874,950
7,288.34393,-105.95655,511.63358,950
8,125.113174,-508.29156,518.49115,950
9,125.73992,-228.1303,489.48813,950
10,333.21588,-53.613728,522.092,950
11,535.30255,199.86766,538.69293,950
12,282.83844,-94.302895,499.52362,950
13,116.091,-494.1695,512.46826,950
14,156.25276,-148.25166,501.17346,950
15,475.52075,136.20457,512.9416,950
16,517.574,180.93358,529.616,950
17,235.60956,-90.11108,501.812,950
18,250.17352,-239.0267,540.26935,950
19,101.2673,-315.39398,506.7192,950
20,464.99554,114.07796,514.3384,950
21,488.019,140.3491,524.4342,950
22,382.6191,-8.486368,524.03253,950
23,116.5763,-176.69627,553.6259,950
24,248.58145,-238.59325,500.65952,950
25,387.8802,-45.217354,524.2331,950
26,229.51665,-333.89197,496.84802,950
27,153.22548,-458.02658,522.60974,950
28,527.89105,190.18446,535.92834,950
29,173.48311,-513.59875,534.3095,950
30,99.12862,-357.2448,517.5503,950
31,167.82326,-229.44716,494.99716,950
32,109.22589,-189.5275,522.5375,950
33,275.84418,-36.91212,494.85248,950
34,105.809525,-318.91663,573.07074,950
35,121.169914,-150.06807,517.11383,950
36,105.71891,-264.6784,554.3494,950
37,449.0035,69.46407,519.78986,950
38,130.08241,-279.15683,504.843,950
39,485.50922,147.4067,516.63306,950
40,218.43637,-186.34901,501.86887,950
41,128.3452,-540.1599,520.5062,950
42,143.74908,-172.38876,490.53488,950
43,130.78821,-138.02834,584.7161,950
44,265.94983,-272.13284,496.64236,950
45,132.97443,-265.0524,532.84546,950
46,531.23944,197.32101,534.33185,950
47,421.80228,45.58184,516.7375,950
48,132.16484,-495.7003,504.0861,950
49,112.74626,-527.20764,507.9329,950
50,207.58286,-41.99249,550.11816,950
51,526.09235,206.50316,524.94977,950
52,343.5876,-15.554294,513.323,950
53,98.41129,-406.98108,509.8162,950
54,459.1168,106.44111,509.23294,950
55,104.352905,-250.14676,514.90894,950
56,488.32028,142.27367,522.14343,950
57,588.13855,262.94394,562.6978,950
58,201.96162,-100.5432,501.36935,950
59,524.4385,190.8463,531.12823,950
60,516.07806,186.72229,524.8926,950
61,481.007,136.64859,517.63794,950
62,503.92035,170.69014,523.2398,950
63,109.99147,-504.8501,504.71307,950
64,112.43639,-436.36523,507.41617,950
65,476.1757,137.8923,509.1783,950
66,104.35881,-295.38507,502.5145,950
67,508.55722,164.47337,531.78516,950
68,510.28156,165.84322,530.98096,950
69,118.87882,-154.07329,546.41,950
70,173.98582,-90.41359,527.7232,950
71,277.19107,-123.03823,514.50977,950
72,367.68387,-49.37563,516.01514,950
73,318.53964,1.4012196,508.1002,950
74,298.71033,-145.49265,528.57556,950
75,113.867096,-176.08167,518.53815,950
76,440.72357,107.21766,509.2412,950
77,193.7331,-222.76065,507.10928,950
78,493.0672,150.62444,521.97156,950
79,246.84106,-299.63376,489.18668,950
80,115.443275,-171.1306,531.19104,950
81,104.30221,-271.64438,543.49994,950
82,119.138405,-255.98077,617.28094,950
83,275.2808,-113.33265,503.52872,950
84,129.92163,-299.21017,505.10123,950
85,480.12808,127.32328,520.68054,950
86,157.45274,-305.0925,502.79453,950
87,160.5964,-108.53314,508.50974,950
88,142.4488,-143.18729,494.45468,950
89,239.19087,-75.3368,504.91965,950
90,431.54535,73.406746,513.71954,950
91,144.47267,-123.72981,506.61514,950
92,162.12877,-248.68507,503.27026,950
93,186.09734,-119.698135,514.3858,950
94,217.93085,-32.083794,526.38544,950
95,143.41844,-267.33554,501.4119,950
96,129.14017,-141.26321,501.8398,950
97,135.95831,-130.75906,503.72867,950
98,112.931305,-213.90442,511.21298,950
99,490.11475,143.71165,524.9645,950
100,340.17044,-50.029217,516.5834,950
101,456.09488,90.25975,520.0581,950
102,189.03757,-364.43408,529.0384,950
103,137.0192,-429.0368,502.23376,950
104,451.55,40.10765,534.6737,950
105,468.25833,126.86975,510.7297,950
106,265.0761,-20.014383,505.22397,950
107,100.97444,-339.30463,520.1151,950
108,321.78595,-109.723366,510.404,950
109,453.90817,82.07769,520.5286,950
110,110.63585,-227.8004,561.3616,950
111,113.79861,-524.9681,514.1803,950
112,256.93234,-104.36168,501.42487,950
113,436.0796,59.945023,527.6825,950
114,386.3925,-41.87048,522.77313,950
115,497.6351,162.00493,518.7472,950
116,105.51588,-266.9895,512.6488,950
117,197.86932,-239.08286,505.37756,950
118,108.203735,-410.61728,507.1469,950
119,201.0727,-88.05165,496.86716,950
120,514.75446,179.8043,526.7112,950
121,117.208336,-197.57808,504.63507,950
122,111.88315,-241.94972,501.53564,950
123,132.99297,-189.39882,494.9346,950
124,111.56623,-224.1894,519.3381,950
125,99.887405,-401.95917,572.0356,950
126,105.64125,-280.58746,553.195,950
127,104.61575,-460.37338,511.64728,950
128,104.14065,-259.89236,511.2124,950
129,139.60939,-155.63284,497.1685,950
130,138.33423,-124.18411,599.2163,950
131,516.1625,177.23299,529.707,950
132,376.99942,-72.48424,520.8116,950
133,147.61047,-98.43485,526.43396,950
134,133.94386,-135.52422,509.81613,950
135,108.159645,-218.53561,530.52496,950
136,193.48544,-278.61746,490.0838,950
137,110.07695,-310.89056,599.67914,950
138,127.83173,-182.27469,488.5734,950
139,397.1729,-51.117085,529.506,950
140,467.2867,126.42309,511.71384,950
141,228.38124,-58.057564,498.76047,950
142,176.07428,-109.93738,703.58954,950
143,108.21109,-210.27898,516.4397,950
144,536.7132,198.98427,540.3038,950
145,462.24454,113.17069,515.32904,950
146,128.4697,-508.77643,508.32498,950
147,173.95148,-144.98732,486.97076,950
148,135.9318,-496.459,516.8706,950
149,106.05712,-256.85147,510.8482,950
150,314.99902,-145.92686,514.0458,950
151,103.05579,-283.22318,530.91565,950
152,100.28168,-406.30396,516.9542,950
153,247.17674,-56.820755,504.64056,950
154,115.200424,-181.6485,512.38403,950
155,129.71515,-250.81197,502.51498,950
156,122.13169,-138.65282,521.73364,950
157,151.9259,-171.36612,489.77756,950
158,523.55994,191.4739,530.0424,950
159,106.61609,-346.7335,504.6575,950
160,112.33888,-239.99922,494.03226,950
161,488.35345,139.35095,524.3826,950
162,117.557785,-361.70447,507.84586,950
163,146.42381,-157.6131,498.37198,950
164,117.80746,-162.80432,539.9474,950
165,219.43474,-71.5124,492.0651,950
166,189.19902,-81.86939,508.96283,950
167,131.75127,-165.64154,506.33005,950
168,114.13393,-183.41313,517.83966,950
169,526.19543,191.46333,532.31476,950
170,227.58893,-131.89774,501.05594,950
171,500.45273,160.16682,525.0554,950
172,211.93076,-149.95961,497.6779,950
173,235.09325,-120.18389,502.78024,950
174,176.74638,-230.90895,794.99146,950
175,122.156784,-200.1841,479.9124,950
176,113.74923,-454.24228,516.9752,950
177,503.64893,159.93874,529.5491,950
178,162.08168,-157.58426,488.8143,950
179,423.42194,55.658592,510.926,950
180,137.1024,-611.52026,555.8675,950
181,173.22112,-259.44748,501.64108,950
182,150.12865,-309.93256,493.09784,950
183,105.51186,-250.92975,508.32425,950
184,518.95123,184.74391,527.33655,950
185,127.7504,-203.31624,502.70734,950
186,542.1356,214.30609,537.64825,950
187,128.39034,-229.68509,490.09927,950
188,121.71152,-301.7014,506.2181,950
189,105.23864,-274.4333,521.6561,950
190,176.70807,-209.65701,515.8585,950
191,178.38025,-204.6759,499.37094,950
192,111.742584,-393.075,501.10208,950
193,196.31297,-89.659134,504.09262,950
194,100.25254,-314.42844,531.36505,950
195,601.24365,260.85056,581.1812,950
196,443.41528,68.418594,521.56024,950
197,100.91679,-299.57245,510.84552,950
198,111.47521,-219.47603,564.6244,950
199,101.11876,-302.58902,533.9567,950
200,137.19084,-361.1824,491.90524,950
201,135.30591,-168.33061,496.50998,950
202,100.321045,-313.71072,529.3588,950
203,111.50064,-172.29637,526.178,950
204,201.62836,-213.575,504.99655,950
205,136.67703,-115.17056,529.105,950
206,495.6676,153.37903,525.8951,950
207,145.97012,-494.26306,512.2698,950
208,472.63016,137.53014,514.2078,950
209,119.034134,-223.99771,509.87674,950
210,281.3343,-175.84772,520.2526,950
211,146.80577,-172.17018,483.59543,950
212,98.95762,-370.16455,529.0792,950
213,487.16632,147.0946,519.1269,950
214,396.7912,8.5265255,516.34607,950
215,191.34856,-93.72429,517.3757,950
216,517.5275,181.33295,528.33386,950
217,405.13516,14.9836855,522.47455,950
218,123.754036,-307.4069,510.67276,950
219,269.27856,-80.90596,508.57303,950
220,256.6992,-83.47759,498.1747,950
221,138.1635,-184.84482,487.36874,950
222,150.85379,-128.64853,509.19296,950
223,157.32458,-228.41754,493.79993,950
224,345.38354,-95.172226,510.1962,950
225,116.67404,-417.19006,516.06226,950
226,109.25872,-199.58917,524.9115,950
227,146.14488,-273.97,497.79803,950
228,103.734,-261.5078,524.45465,950
229,161.25777,-85.39609,570.3412,950
230,261.53375,-31.622347,502.62277,950
231,164.21953,-126.15521,511.0425,950
232,383.60086,-71.59025,524.1916,950
233,454.28003,108.85573,517.80383,950
234,139.85469,-219.97736,502.00378,950
235,117.11527,-527.0472,517.0153,950
236,100.32214,-371.31885,506.98013,950
237,107.81159,-222.41998,531.7297,950
238,218.2366,-107.241066,494.1464,950
239,243.6932,-75.059746,499.87723,950
240,132.74011,-112.782646,549.3175,950
241,175.03343,-128.44354,505.84274,950
242,122.007225,-389.557,510.33188,950
243,121.889435,-213.42757,605.2749,950
244,112.208374,-186.23303,542.59717,950
245,113.53903,-584.7086,632.3432,950
246,98.3735,-436.4268,558.54297,950
247,301.0323,-198.42699,504.19125,950
248,201.87337,-87.23502,513.7574,950
249,116.6209,-564.7843,658.12897,950
250,103.105576,-351.08936,514.53577,950
251,158.47626,-435.95776,487.14185,950
252,290.05356,-84.787834,514.393,950
253,199.57909,-198.60178,490.95987,950
254,136.33359,-211.5837,657.72504,950
255,531.86127,167.53102,548.1658,950
256,178.81451,-184.63483,492.82217,950
257,171.75934,-190.54797,482.59628,950
258,102.07712,-295.12418,533.7686,950
259,109.41225,-198.82066,515.4072,950
260,149.60796,-142.27753,495.19742,950
261,97.69196,-321.9018,505.31427,950
262,103.41682,-267.75006,528.28033,950
263,126.71055,-198.20801,616.4104,950
264,149.75197,-164.33722,490.30563,950
265,212.07416,-192.48955,494.51685,950
266,248.92976,-156.61128,953.2479,950
267,157.8399,-114.12097,517.5086,950
268,411.1443,5.2026906,524.2359,950
269,489.6487,147.72066,521.7921,950
270,120.74354,-204.33081,596.98425,950
271,304.00934,-138.1622,517.96216,950
272,121.55596,-179.31442,499.14337,950
273,127.54023,-170.14337,495.5516,950
274,477.3033,139.82593,511.4566,950
275,116.42694,-291.02966,622.2148,950
276,118.13505,-279.63254,620.58344,950
277,133.7236,-443.29535,504.34512,950
278,515.9667,180.41649,526.44586,950
279,153.18431,-171.98726,486.6981,950
280,294.27463,-170.63126,506.38367,950
281,137.2929,-436.54285,483.74686,950
282,122.372215,-153.14287,511.29874,950
283,453.8938,94.3427,520.8515,950
284,163.5662,-181.55737,727.4417,950
285,185.36113,-399.5979,512.5116,950
286,147.40561,-160.5963,491.9215,950
287,98.45521,-377.1442,525.48505,950
288,312.53284,-68.0646,514.7437,950
289,120.892334,-511.5535,512.69037,950
290,132.20259,-126.32566,521.86975,950
291,507.2279,160.72444,532.95245,950
292,126.16671,-445.47784,504.38745,950
293,470.85028,122.71629,518.06116,950
294,473.3667,116.957275,520.24603,950
295,462.9096,128.37025,514.21277,950
296,114.125626,-319.07547,499.36545,950
297,103.56377,-266.42062,527.6662,950
298,187.43329,-335.9059,507.19388,950
299,460.17325,103.8808,515.7284,950
300,517.2449,173.19923,536.1684,950
301,180.71027,-193.07008,494.97943,950
302,466.0797,119.19994,514.2759,950
303,144.91151,-538.64404,519.2613,950
304,112.48231,-194.6889,547.2291,950
305,401.56815,18.93601,524.10876,950
306,447.0341,87.77786,518.42395,950
307,337.65118,-121.83313,511.81143,950
308,136.1676,-164.18271,498.19366,950
309,240.02135,-46.854218,507.78125,950
310,124.638954,-318.77792,509.85468,950
311,440.08063,76.824165,513.8742,950
312,109.69052,-379.64856,510.54205,950
313,110.44615,-183.19556,524.17487,950
314,140.44585,-162.34177,492.35504,950
315,166.00827,-145.54196,487.51193,950
316,102.63516,-278.4499,525.4846,950
317,353.28476,-101.43371,514.8583,950
318,180.10265,-372.46927,497.2625,950
319,120.339005,-155.91069,548.30884,950
320,101.74696,-347.58896,511.0964,950
321,112.95649,-198.32498,553.3,950
322,144.93658,-320.0904,496.12146,950
323,284.27454,-186.7886,515.38446,950
324,119.35946,-215.48398,601.4186,950
325,101.371185,-390.0951,576.93945,950
326,112.16833,-190.89262,535.9573,950
327,500.12973,159.4343,525.4121,950
328,183.40775,-78.377945,520.4657,950
329,105.55331,-395.3267,513.47034,950
330,524.7638,189.16481,532.6499,950
331,169.17526,-123.479164,508.3652,950
332,204.71327,-139.04463,497.6889,950
333,212.43849,-348.1316,517.9795,950
334,519.5846,182.4675,531.5534,950
335,251.22517,-138.39873,520.58093,950
336,373.31448,-76.56869,532.7641,950
337,249.31473,-42.994064,502.08945,950
338,161.25359,-133.48462,502.16513,950
339,95.377884,-410.67847,522.51556,950
340,97.86422,-393.93152,498.61285,950
341,270.41907,-49.606777,496.19016,950
342,408.75937,1.8506342,531.96356,950
343,388.17224,-30.972029,516.3292,950
344,390.23837,-24.576283,536.24176,950
345,562.4618,230.56065,551.8969,950
346,178.76079,-256.06607,499.90353,950
347,220.93016,-73.77916,504.10165,950
348,168.76967,-266.94836,500.8277,950
349,110.85613,-177.21288,523.2845,950
350,104.39796,-250.72597,496.63828,950
351,218.59624,-91.33901,495.61404,950
352,124.339035,-169.201,500.37247,950
353,99.286896,-389.88635,559.11835,950
354,119.56457,-158.89407,508.2737,950
355,103.99637,-270.51404,539.4698,950
356,144.02861,-386.2743,484.20868,950
357,108.65665,-220.16338,548.0336,950
358,127.21233,-135.68881,509.2974,950
359,143.44728,-258.09937,493.03494,950
360,504.61212,168.96057,523.29346,950
361,499.90216,149.20256,528.40247,950
362,131.8914,-477.97144,512.1372,950
363,176.96013,-123.02331,488.25647,950
364,294.31116,-92.37573,525.3657,950
365,544.47327,209.10158,543.12854,950
366,170.9166,-195.69379,485.73465,950
367,105.43026,-280.78976,539.3743,950
368,112.17166,-181.36765,537.2682,950
369,107.72522,-231.57787,501.9603,950
370,100.445,-293.69882,520.7215,950
371,484.47714,143.13063,517.2299,950
372,161.58568,-77.100395,538.2488,950
373,500.56625,152.61696,528.23553,950
374,149.9975,-150.10904,497.1668,950
375,106.52401,-448.67673,512.66394,950
376,274.14066,-239.43066,529.34827,950
377,124.546745,-384.46866,676.28577,950
378,500.77817,160.3226,524.4524,950
379,132.8154,-198.60191,508.7021,950
380,197.34663,-58.118137,661.0365,950
381,100.041374,-394.19507,513.30133,950
382,208.62291,-311.52844,505.58215,950
383,458.22067,130.66386,496.27856,950
384,511.29062,183.09209,521.36707,950
385,122.11258,-501.8661,513.0017,950
386,486.3856,147.40967,517.24634,950
387,96.4036,-464.16632,536.60156,950
388,295.2557,-192.84528,519.64215,950
389,114.66744,-159.97601,526.9504,950
390,119.19335,-223.56598,602.87384,950
391,362.40652,-33.183125,523.1876,950
392,113.63606,-184.13986,544.06366,950
393,111.51671,-259.29663,492.33472,950
394,117.093994,-216.09772,499.73785,950
395,191.83067,-90.35839,718.9595,950
396,126.463486,-131.58496,505.5856,950
397,125.00547,-190.53079,507.7738,950
398,512.4776,177.25096,526.4475,950
399,157.60606,-139.6666,514.2808,950
400,445.38333,71.30572,518.8684,950
401,130.93767,-127.92213,522.1606,950
402,429.84286,56.38369,518.93365,950
403,369.1261,-66.83519,511.03302,950
404,437.46747,56.28144,520.8886,950
405,304.6286,-137.63934,507.94327,950
406,120.68346,-180.29823,581.91077,950
407,101.84078,-474.65268,586.6685,950
408,432.27124,58.90052,518.8738,950
409,439.06967,80.09781,506.41156,950
410,497.70172,160.09947,521.01794,950
411,486.69806,142.43803,521.4547,950
412,130.70943,-131.71855,513.619,950
413,102.482475,-339.4327,560.4642,950
414,207.23608,-155.41136,503.2811,950
415,99.40847,-338.24225,523.7338,950
416,137.36768,-144.85468,604.79706,950
417,152.22948,-89.032455,531.63293,950
418,157.83762,-173.41812,484.25632,950
419,131.99345,-133.51656,507.20905,950
420,370.98218,-25.131386,518.6761,950
421,101.09487,-276.68393,507.41687,950
422,477.4846,145.8925,499.81152,950
423,130.92638,-157.65497,499.38504,950
424,103.23165,-289.18835,551.29816,950
425,222.97523,-244.06772,511.369,950
426,97.29871,-351.18274,503.66882,950
427,105.15599,-290.7356,561.4099,950
428,135.22015,-105.739685,556.4784,950
429,106.684654,-260.05432,547.84906,950
430,181.1858,-102.76405,693.0176,950
431,128.3275,-375.69104,485.15128,950
432,116.124855,-210.61804,502.28467,950
433,448.94748,96.83151,510.72244,950
434,119.3513,-151.58711,537.5384,950
435,477.83725,128.98969,519.88086,950
436,380.9657,-7.384307,500.34445,950
437,108.75311,-238.60953,523.1808,950
438,484.72592,140.36063,519.4545,950
439,165.45125,-152.78526,490.59802,950
440,403.2873,-10.604809,517.33496,950
441,500.80573,170.61775,517.06006,950
442,115.00662,-304.2104,521.3949,950
443,121.6385,-420.81607,672.94727,950
444,176.59872,-58.34476,585.0596,950
445,118.043755,-437.75266,512.33966,950
446,120.96314,-144.16624,537.7405,950
447,111.8304,-189.17432,516.49347,950
448,165.79814,-247.71968,499.2414,950
449,104.11974,-276.7804,538.59735,950
450,106.19319,-236.97849,526.82965,950
451,390.77808,43.805923,507.8653,950
452,148.4681,-463.16348,506.67813,950
453,487.66946,143.6214,521.46765,950
454,114.060524,-234.53413,512.3041,950
455,118.01397,-195.82771,508.37222,950
456,104.03094,-477.43784,502.79358,950
457,130.55899,-168.53394,501.83588,950
458,153.1642,-85.89006,562.7461,950
459,491.086,154.77556,515.81885,950
460,188.46321,-417.403,494.01096,950
461,458.806,106.72936,511.83066,950
462,113.937035,-210.93681,481.44388,950
463,105.570816,-266.71674,556.1246,950
464,101.267746,-276.99677,503.7494,950
465,113.449,-170.33028,499.21942,950
466,128.27895,-141.7018,577.0113,950
467,140.49077,-166.35202,495.24146,950
468,113.882965,-263.67133,500.01727,950
469,186.40569,-293.02988,504.22318,950
470,161.40343,-567.31226,536.05457,950
471,129.95145,-377.24585,491.97006,950
472,469.2121,131.57727,504.7624,950
473,339.38342,-42.873047,520.38605,950
474,129.32198,-277.6333,503.55936,950
475,129.04913,-554.51764,519.29816,950
476,155.7528,-113.89205,515.0856,950
477,538.42676,204.34372,538.53784,950
478,168.48586,-308.88776,489.67743,950
479,141.77664,-170.1738,497.73886,950
480,476.237,118.53979,523.1586,950
481,335.43323,-81.19231,526.8918,950
482,122.82288,-165.90346,576.7779,950
483,410.58765,13.497689,521.08453,950
484,284.2468,-62.128887,508.59863,950
485,107.91386,-437.04092,514.156,950
486,452.94125,76.98605,519.4614,950
487,355.48566,-35.37816,524.39935,950
488,244.14253,-74.79589,500.77542,950
489,522.55066,198.80342,524.9481,950
490,221.95813,-36.078644,527.4153,950
491,124.39427,-524.7654,512.49,950
492,264.3114,-62.726665,510.50476,950
493,181.00887,-131.37561,495.62567,950
494,108.08853,-208.7241,521.78314,950
495,482.10757,130.0643,520.64435,950
496,160.97545,-75.56409,557.89746,950
497,324.57312,-139.4342,517.67596,950
0,464.0707,190.7512,497.06375,1000
1,137.18304,-113.83732,526.21014,1000
2,303.96008,-137.88025,504.1855,1000
3,111.35379,-181.4561,512.0071,1000
4,187.37408,-113.82521,499.9874,1000
5,112.924126,-253.69658,506.66498,1000
6,458.3541,178.12462,499.03784,1000
7,277.3659,-59.13452,466.44904,1000
8,133.76883,-429.18558,499.28217,1000
9,130.2449,-288.66397,500.84146,1000
10,338.1936,8.279376,485.4804,1000
11,487.0216,217.85008,508.55524,1000
12,292.12198,-41.669693,466.0767,1000
13,133.91219,-546.11145,533.2802,1000
14,145.99037,-174.13153,493.64874,1000
15,435.54974,135.88768,495.49548,1000
16,464.11096,181.55531,501.82004,1000
17,219.42813,-107.34757,492.97968,1000
18,136.26735,-377.80283,474.9677,1000
19,118.69042,-408.42706,521.77,1000
20,429.73016,120.42032,496.20428,1000
21,452.10156,167.46362,499.06448,1000
22,366.52307,46.870968,488.67938,1000
23,120.319046,-126.64704,514.9245,1000
24,136.05103,-429.3847,497.30594,1000
25,400.04337,75.95136,498.6359,1000
26,189.99632,-366.54132,486.48727,1000
27,143.22638,-393.74915,525.59686,1000
28,461.57202,177.5385,501.80655,1000
29,247.53879,-290.03214,544.5123,1000
30,100.31761,-278.1058,501.55203,1000
31,200.62476,-189.39946,469.38702,1000
32,107.49645,-202.66367,507.49646,1000
33,152.53572,-156.78825,489.89523,1000
34,101.139336,-355.1195,507.7691,1000
35,153.81662,-113.31117,508.18353,1000
36,115.01912,-152.7204,524.4022,1000
37,395.93713,62.528034,490.77826,1000
38,155.1944,-216.61882,501.80112,1000
39,445.05292,161.13614,492.9922,1000
40,229.05333,-124.33794,478.2337,1000
41,150.12294,-523.335,530.14667,1000
42,131.76602,-188.73624,518.4473,1000
43,133.82869,-96.9217,518.4314,1000
44,349.80585,-3.3408563,480.0086,1000
45,149.06906,-127.787926,527.75073,1000
46,476.22885,202.39308,502.97562,1000
47,395.54517,69.1405,490.64224,1000
48,137.20958,-360.2883,472.50555,1000
49,108.771454,-322.31448,519.083,1000
50,180.44272,-70.41051,519.7761,1000
51,477.44055,209.18277,502.8763,1000
52,312.6061,-10.899079,493.0281,1000
53,128.34982,-490.74612,525.01965,1000
54,449.96124,177.35095,491.2349,1000
55,117.82244,-211.28378,518.06573,1000
56,454.25793,155.74081,505.17722,1000
57,435.55768,154.47743,490.8095,1000
58,206.18704,-75.19722,507.2057,1000
59,460.01212,175.2199,500.93683,1000
60,467.01462,194.19077,500.78232,1000
61,438.5776,150.34454,494.77597,1000
62,447.80026,158.62633,499.50406,1000
63,101.6141,-312.41684,511.2283,1000
64,151.91937,-571.8164,547.5235,1000
65,453.4662,168.61949,497.27307,1000
66,120.6307,-272.7629,525.0778,1000
67,475.78244,201.59421,504.23743,1000
68,433.32108,140.77345,493.35388,1000
69,118.917656,-118.43653,509.0393,1000
70,208.3131,-53.800556,521.87866,1000
71,240.2894,-106.09201,484.29544,1000
72,400.9245,83.824974,500.4998,1000
73,221.11296,-74.86488,502.99957,1000
74,345.3206,4.1186557,486.48865,1000
75,119.69256,-161.57423,515.92395,1000
76,314.7485,10.782194,491.4646,1000
77,166.97644,-181.3726,493.77557,1000
78,452.76993,158.23953,502.92188,1000
79,291.99414,-154.9255,474.7713,1000
80,124.21267,-136.05629,517.4064,1000
81,120.218666,-159.24165,518.8933,1000
82,116.31228,-134.4689,521.8116,1000
83,297.42767,-32.64675,462.61636,1000
84,131.15285,-349.09344,492.1371,1000
85,449.3833,157.77802,499.10233,1000
86,139.2805,-374.9879,480.6837,1000
87,201.60435,-49.57228,513.5521,1000
88,139.3459,-168.4918,502.6892,1000
89,263.3395,-16.37938,506.11975,1000
90,434.0354,131.9156,496.82974,1000
91,148.4688,-95.25072,511.2623,1000
92,162.28662,-260.56372,477.9212,1000
93,206.02635,-85.3027,509.29276,1000
94,245.44374,-11.845869,520.6977,1000
95,134.7651,-299.2277,512.45825,1000
96,137.60643,-135.48172,515.38116,1000
97,185.41217,-60.886562,512.81055,1000
98,145.301,-223.64783,520.91406,1000
99,439.71698,133.22029,504.7096,1000
100,318.65445,9.883781,472.6228,1000
101,418.72174,101.00571,499.18115,1000
102,199.64929,-309.47168,535.27356,1000
103,147.37473,-460.64606,510.6569,1000
104,438.57898,147.4077,493.67798,1000
105,439.0639,134.57144,501.07886,1000
106,262.45844,-8.4205,508.27502,1000
107,128.92104,-182.34004,514.6841,1000
108,344.45004,-6.3863544,482.32657,1000
109,437.84433,141.69734,498.61566,1000
110,154.75066,-98.39083,519.70294,1000
111,103.6104,-317.50546,504.37665,1000
112,253.37392,-75.31635,471.15826,1000
113,366.43817,25.713558,493.8181,1000
114,362.0314,1.6759831,484.5548,1000
115,448.93637,156.21521,499.45468,1000
116,114.322525,-236.71335,526.03613,1000
117,170.9118,-216.73654,494.24677,1000
118,115.13331,-401.47876,507.00183,1000
119,213.26718,-59.269295,496.12286,1000
120,473.55048,195.76381,504.3256,1000
121,157.74345,-124.02786,520.8273,1000
122,105.86355,-260.75565,512.0077,1000
123,146.89003,-140.83418,513.904,1000
124,131.82426,-152.10614,527.46075,1000
125,101.26357,-275.20395,521.6508,1000
126,154.13829,-96.68119,499.6611,1000
127,138.51419,-544.3557,533.3882,1000
128,144.59186,-139.24155,493.07748,1000
129,152.88058,-151.68073,500.72885,1000
130,137.40186,-77.16259,537.9581,1000
131,467.94272,186.57431,503.33347,1000
132,259.00616,-211.09962,486.79547,1000
133,161.29929,-89.971756,505.92044,1000
134,158.44565,-125.60211,509.1935,1000
135,118.88273,-144.85573,514.21747,1000
136,199.93529,-188.72075,472.11664,1000
137,104.29497,-235.11159,529.6756,1000
138,174.83083,-128.97128,505.40237,1000
139,443.16165,173.82541,485.4692,1000
140,410.89322,95.29252,499.6463,1000
141,134.75284,-269.3153,536.2576,1000
142,149.7702,-62.746964,576.1493,1000
143,121.18488,-192.32515,514.7524,1000
144,468.96786,195.4605,501.4585,1000
145,415.97137,101.06342,499.13458,1000
146,131.32906,-455.45493,507.42688,1000
147,184.06752,-142.83849,485.01886,1000
148,182.19229,-375.35492,547.2491,1000
149,128.06647,-199.06444,521.758,1000
150,271.56137,-59.45569,484.47162,1000
151,111.78724,-187.4428,516.1244,1000
152,106.010994,-304.40155,510.78864,1000
153,240.79178,-53.624386,496.51358,1000
154,130.03537,-165.50958,521.0223,1000
155,155.45781,-246.10883,489.7742,1000
156,137.77367,-121.52983,507.90372,1000
157,163.81158,-194.57486,502.7269,1000
158,479.3723,208.36897,505.43677,1000
159,116.19937,-358.02402,521.0325,1000
160,120.412384,-233.91168,507.48984,1000
161,417.95993,103.83449,495.4257,1000
162,119.6886,-328.98932,521.4739,1000
163,151.31296,-154.66908,497.24442,1000
164,136.64113,-112.05486,517.4365,1000
165,265.8918,-15.46746,479.99725,1000
166,196.22531,-63.54678,502.04382,1000
167,109.61034,-212.85376,513.6919,1000
168,126.98889,-176.57188,521.7661,1000
169,453.95212,164.29933,501.5592,1000
170,293.65106,-42.162743,471.55707,1000
171,467.9369,184.43283,504.31888,1000
172,149.1699,-345.30643,484.00558,1000
173,203.646,-85.489494,480.1386,1000
174,113.190346,-290.00522,599.7534,1000
175,125.48832,-144.92133,513.1461,1000
176,133.79013,-493.61542,530.5708,1000
177,463.4868,178.5198,503.98727,1000
178,291.80365,-3.298404,492.42166,1000
179,379.66574,41.07946,500.4355,1000
180,139.99982,-599.55927,566.82495,1000
181,246.35439,-131.49503,475.81787,1000
182,189.37875,-265.75906,499.91602,1000
183,118.79684,-201.15633,515.22626,1000
184,469.25195,194.84258,501.68408,1000
185,194.62523,-121.177475,499.81693,1000
186,466.79758,192.11224,500.1608,1000
187,121.196815,-309.58127,505.0844,1000
188,146.30026,-249.02979,504.9542,1000
189,132.25385,-193.36186,510.78036,1000
190,177.66414,-269.42337,493.38132,1000
191,158.64938,-175.66113,492.5201,1000
192,118.05079,-355.1399,500.23807,1000
193,207.78726,-64.87147,498.73135,1000
194,106.79592,-310.46188,509.67383,1000
195,446.07468,159.80899,509.9409,1000
196,373.79175,13.035618,487.13562,1000
197,121.088036,-328.6102,517.28827,1000
198,102.36478,-222.95435,508.8597,1000
199,110.89287,-214.81238,515.18976,1000
200,113.76543,-343.64597,515.4813,1000
201,162.64833,-122.37933,506.9173,1000
202,108.247185,-361.34106,516.2385,1000
203,113.5451,-138.63966,505.93353,1000
204,210.72495,-227.84593,486.4779,1000
205,120.225815,-140.3765,515.9209,1000
206,422.75208,110.90487,500.24075,1000
207,150.10376,-533.6271,530.8678,1000
208,404.18768,79.47798,497.45483,1000
209,189.38199,-110.61682,508.54047,1000
210,298.05096,-78.08204,476.6467,1000
211,124.001236,-201.0511,519.3967,1000
212,109.3972,-353.88437,519.5881,1000
213,439.54156,147.32193,496.89667,1000
214,416.71948,106.840385,494.99127,1000
215,207.9045,-60.006863,514.73047,1000
216,482.02548,209.22395,507.08685,1000
217,267.82898,-188.03346,474.38046,1000
218,150.68956,-253.49281,495.6429,1000
219,261.87085,-64.48367,491.64838,1000
220,239.65096,-70.80705,479.75516,1000
221,194.4443,-173.35114,506.74316,1000
222,139.15977,-132.3098,521.2821,1000
223,123.34593,-220.79233,510.35828,1000
224,255.14934,-187.52412,486.8874,1000
225,130.98625,-380.17694,502.9819,1000
226,107.78542,-218.88185,516.0363,1000
227,177.6191,-271.31354,489.13272,1000
228,102.50841,-285.5097,500.61127,1000
229,285.24963,8.747911,618.86084,1000
230,239.78719,-43.9386,492.35254,1000
231,132.13588,-180.34819,512.82135,1000
232,441.39893,157.16173,489.03802,1000
233,405.15942,103.08856,498.31085,1000
234,166.00554,-160.45818,503.5371,1000
235,123.32898,-498.49597,524.1207,1000
236,114.930336,-344.67264,509.124,1000
237,124.78959,-141.63135,516.2883,1000
238,138.96548,-207.97371,496.727,1000
239,201.38615,-107.59503,491.22067,1000
240,134.33206,-88.55562,524.1266,1000
241,183.04865,-107.36752,512.5881,1000
242,134.89917,-471.9255,522.07794,1000
243,102.30879,-266.56808,530.54297,1000
244,106.74002,-211.19751,512.0278,1000
245,98.063385,-313.9038,522.7698,1000
246,103.31271,-264.86646,528.5791,1000
247,261.67557,-206.85083,472.91644,1000
248,271.4263,-6.7671003,499.98672,1000
249,107.53209,-293.21436,570.41956,1000
250,116.48082,-355.36783,517.2213,1000
251,382.33133,39.12199,494.50928,1000
252,247.14343,-97.93664,484.1344,1000
253,181.26364,-146.06743,494.49512,1000
254,130.27623,-95.423294,551.1294,1000
255,395.3258,91.63792,480.46365,1000
256,184.94368,-151.89731,487.05008,1000
257,133.98921,-197.0965,498.38315,1000
258,123.29596,-282.89023,523.8938,1000
259,146.63275,-123.962166,506.25613,1000
260,143.33339,-144.29489,514.5264,1000
261,109.33335,-231.44687,506.4512,1000
262,107.26414,-228.36781,511.83417,1000
263,100.22195,-289.4147,519.66595,1000
264,187.89624,-115.416695,490.60614,1000
265,196.26349,-163.76556,460.6731,1000
266,185.0445,-121.54115,782.3756,1000
267,162.43967,-83.04229,525.81433,1000
268,408.1772,89.81636,495.81442,1000
269,459.24478,174.76314,504.28033,1000
270,118.27263,-120.91953,509.09183,1000
271,285.14786,-77.647644,473.70435,1000
272,129.6666,-172.63167,498.37167,1000
273,130.16594,-160.79086,510.64337,1000
274,421.4808,115.305336,495.0475,1000
275,97.50485,-290.4941,508.3508,1000
276,103.47434,-297.68005,536.6111,1000
277,152.23007,-493.93594,524.67737,1000
278,456.7041,185.25037,493.1404,1000
279,206.3977,-80.85757,500.6937,1000
280,195.54562,-309.39853,478.05145,1000
281,139.72484,-470.83334,509.90677,1000
282,156.46613,-130.9848,518.7932,1000
283,404.58755,81.43135,497.52808,1000
284,159.66068,-78.991905,643.96857,1000
285,177.6032,-323.25952,489.35165,1000
286,132.02452,-286.53204,514.6485,1000
287,104.7515,-274.98715,507.89557,1000
288,201.67914,-139.14777,484.4578,1000
289,134.95438,-496.86133,526.67035,1000
290,143.98793,-115.509476,516.3739,1000
291,454.14954,166.47696,502.26996,1000
292,131.83759,-387.63034,506.0381,1000
293,417.23544,100.37014,498.3756,1000
294,436.76288,129.86253,499.69098,1000
295,389.3085,68.01414,499.71457,1000
296,131.62598,-238.44957,508.972,1000
297,106.67178,-230.50842,515.2109,1000
298,231.2513,-180.42941,477.79565,1000
299,430.807,128.4637,500.71674,1000
300,458.41995,173.4641,500.2913,1000
301,153.20532,-322.43295,479.32343,1000
302,392.2492,56.141346,494.63266,1000
303,146.56567,-546.12024,535.68805,1000
304,116.91826,-135.5187,517.25977,1000
305,358.2993,22.72888,495.5214,1000
306,402.9639,78.59103,492.10883,1000
307,307.9446,-72.65875,467.32004,1000
308,131.97655,-158.58408,500.26773,1000
309,250.66245,-36.673283,509.34787,1000
310,111.285385,-233.15309,502.14243,1000
311,426.59616,120.30073,498.07562,1000
312,112.43203,-303.88538,506.26575,1000
313,131.46677,-143.35744,515.1637,1000
314,179.69725,-99.396324,506.78006,1000
315,186.00334,-105.7014,481.80405,1000
316,99.829575,-327.88745,498.07657,1000
317,321.9942,-84.99975,477.36212,1000
318,150.52869,-383.8851,480.42026,1000
319,121.990326,-138.70982,518.9449,1000
320,123.99897,-450.21204,528.7298,1000
321,119.389175,-136.20164,515.44666,1000
322,133.89673,-386.2615,483.89844,1000
323,181.12904,-389.7452,492.57523,1000
324,118.76436,-141.00711,540.4703,1000
325,97.85792,-363.45517,500.43213,1000
326,119.859024,-168.91055,522.04626,1000
327,461.43878,179.95126,501.23425,1000
328,226.30753,-47.382244,505.81335,1000
329,123.66913,-413.82928,511.53278,1000
330,487.0118,218.2949,508.37097,1000
331,148.5081,-154.98524,501.64224,1000
332,209.6459,-106.82355,497.09286,1000
333,159.39294,-449.1888,514.30273,1000
334,486.90982,215.9182,509.15955,1000
335,282.22482,-61.168762,490.05914,1000
336,338.47433,-38.613796,483.18835,1000
337,284.65158,-8.204141,486.4758,1000
338,192.90245,-83.38954,503.9585,1000
339,124.3772,-423.7581,526.06433,1000
340,116.91598,-203.76393,514.61194,1000
341,159.59831,-131.93933,495.04065,1000
342,445.93802,168.4323,493.10583,1000
343,347.18036,-17.75274,478.50903,1000
344,360.75543,5.072551,504.05,1000
345,477.95847,218.34117,502.29965,1000
346,138.04828,-255.21312,512.9614,1000
347,201.95122,-92.21422,512.6175,1000
348,143.96823,-311.73328,504.21497,1000
349,115.538994,-144.06865,510.29517,1000
350,209.6246,-125.970604,481.75284,1000
351,207.16351,-106.22433,485.63928,1000
352,120.59355,-197.9201,510.6719,1000
353,97.70284,-382.05518,506.68265,1000
354,154.04959,-105.467026,510.31912,1000
355,111.39905,-170.52852,513.8555,1000
356,139.33122,-327.7615,481.71625,1000
357,109.39862,-186.23764,518.11584,1000
358,152.45753,-111.10054,505.56723,1000
359,274.25644,-61.64661,479.16284,1000
360,466.8735,188.20602,501.96545,1000
361,447.02982,142.26155,502.39688,1000
362,147.9972,-385.5547,501.34735,1000
363,143.25262,-133.12634,507.74893,1000
364,323.6992,-20.06039,492.51962,1000
365,467.1973,188.60387,502.08887,1000
366,167.49455,-163.27272,479.65723,1000
367,115.37919,-212.07782,530.2742,1000
368,124.805,-112.80528,512.98193,1000
369,111.19063,-233.80154,495.79343,1000
370,110.1563,-212.50885,518.06146,1000
371,449.32037,153.41469,501.71255,1000
372,133.15266,-88.596344,519.4464,1000
373,451.53958,161.41411,501.07593,1000
374,167.0071,-133.85953,510.00262,1000
375,117.07162,-388.01608,519.8211,1000
376,333.76492,-22.655956,494.65625,1000
377,121.36984,-206.0707,601.65906,1000
378,452.3792,155.21501,502.95187,1000
379,160.54277,-112.7134,511.22025,1000
380,175.57349,-51.0721,613.68134,1000
381,109.861206,-393.7029,502.5615,1000
382,239.6575,-217.90906,467.9853,1000
383,410.84256,112.05097,488.23303,1000
384,464.57718,185.50647,501.08276,1000
385,108.95332,-454.38257,509.67825,1000
386,442.91953,145.73538,500.72415,1000
387,95.161064,-396.54535,512.9864,1000
388,353.6038,6.848215,481.94647,1000
389,103.038216,-250.06882,506.95337,1000
390,127.80056,-169.13446,605.21313,1000
391,413.77502,99.16653,497.33777,1000
392,145.25252,-94.67615,521.9316,1000
393,124.621155,-230.34593,499.15973,1000
394,144.84729,-156.7884,496.66467,1000
395,138.86258,-82.860466,534.4834,1000
396,117.42173,-220.8684,511.69226,1000
397,150.64455,-140.6983,515.3242,1000
398,490.57516,219.07678,511.4941,1000
399,197.42595,-129.5431,523.8107,1000
400,422.44995,109.31104,500.61554,1000
401,167.82089,-107.220116,513.4522,1000
402,347.6169,-31.557974,476.3552,1000
403,388.45395,44.967133,489.9343,1000
404,401.8037,75.01406,493.28558,1000
405,165.191,-316.3208,469.1351,1000
406,114.958275,-142.08069,526.824,1000
407,100.25711,-340.73038,527.3254,1000
408,405.90836,86.55256,492.37555,1000
409,426.85376,138.5311,487.38763,1000
410,469.27536,192.29504,503.03006,1000
411,435.46323,130.7907,498.34723,1000
412,165.47182,-107.59797,507.24332,1000
413,98.85547,-319.89886,510.46542,1000
414,239.75099,-68.31548,478.68936,1000
415,110.44017,-345.27505,510.7178,1000
416,140.99806,-76.82061,545.84265,1000
417,176.52437,-46.41838,541.6161,1000
418,171.10832,-124.852394,496.54266,1000
419,142.84036,-120.61404,516.98126,1000
420,371.84167,43.707253,485.80136,1000
421,127.48052,-187.72296,511.25522,1000
422,393.79208,58.129944,484.2469,1000
423,150.24239,-142.21826,508.89227,1000
424,108.59953,-178.98912,508.9903,1000
425,206.5781,-267.99924,482.73865,1000
426,127.82669,-500.0949,522.3681,1000
427,103.07359,-216.34627,507.4689,1000
428,131.9167,-88.4508,521.7268,1000
429,113.99456,-235.73396,517.82477,1000
430,176.17168,-58.950916,637.592,1000
431,148.2134,-348.61206,486.46085,1000
432,132.83836,-144.72833,508.6205,1000
433,373.58124,30.075953,500.3004,1000
434,113.443695,-206.01477,523.78644,1000
435,444.42358,142.93762,501.6807,1000
436,421.72205,151.78275,473.43405,1000
437,138.3903,-238.4381,499.26016,1000
438,454.54453,159.05522,504.02014,1000
439,195.12494,-108.16237,498.57712,1000
440,406.40182,76.4094,488.34677,1000
441,457.70303,176.89948,497.11844,1000
442,155.84456,-314.90448,527.1004,1000
443,97.48622,-319.06088,514.5684,1000
444,206.47641,-28.083311,563.2317,1000
445,123.26002,-404.50476,524.1523,1000
446,130.90929,-129.08325,519.2629,1000
447,139.37793,-161.20232,521.2652,1000
448,250.36937,-112.7953,467.04224,1000
449,107.11889,-233.89621,520.3198,1000
450,114.439926,-194.22943,518.3818,1000
451,219.8581,-128.42166,464.69687,1000
452,130.438,-411.81525,501.00146,1000
453,447.97766,166.68578,496.04208,1000
454,120.2894,-225.4406,525.2537,1000
455,118.09634,-183.12823,519.89667,1000
456,122.76017,-515.7334,514.4664,1000
457,152.22816,-140.78433,515.772,1000
458,181.03549,-51.366894,538.0944,1000
459,433.1029,130.25514,497.39896,1000
460,139.28793,-425.99353,496.9559,1000
461,451.52902,160.54407,500.80426,1000
462,112.84956,-192.84386,514.4711,1000
463,116.30417,-133.81606,519.1956,1000
464,134.8408,-341.227,493.4711,1000
465,102.16374,-219.72289,499.6528,1000
466,158.19746,-60.434967,550.1334,1000
467,167.79692,-111.61968,515.59155,1000
468,141.92932,-176.90605,496.8699,1000
469,294.05804,-61.649445,473.97333,1000
470,152.11205,-570.2216,547.07184,1000
471,182.16467,-281.72275,466.65756,1000
472,426.08975,145.80116,475.2255,1000
473,296.42963,-2.9108021,480.02914,1000
474,126.127304,-385.8023,504.91876,1000
475,110.29653,-411.4937,520.80884,1000
476,169.24776,-83.99702,511.7786,1000
477,475.19574,204.20912,503.23444,1000
478,134.021,-370.65442,496.0456,1000
479,139.17992,-214.98306,508.80057,1000
480,342.1098,-49.952145,484.25537,1000
481,398.10266,73.7038,497.33984,1000
482,139.23718,-108.90569,512.98413,1000
483,387.9744,53.51891,500.16888,1000
484,289.4317,-17.731842,485.50946,1000
485,185.49358,-139.72533,507.25955,1000
486,397.82092,50.66383,498.86288,1000
487,363.4384,17.036526,495.18967,1000
488,204.72287,-121.47624,490.92996,1000
489,475.91617,204.7182,504.19333,1000
490,232.42708,-17.52615,527.53564,1000
491,123.367676,-430.8675,523.8848,1000
492,248.78716,-36.408348,515.99817,1000
493,186.09772,-106.673706,492.9623,1000
494,128.2612,-146.84285,518.44116,1000
495,438.4368,142.85504,495.08444,1000
496,185.9116,-41.519684,549.33813,1000
497,188.01074,-317.9957,479.8543,1000
