,x,y,z,iter
0,393.60797,-30.182043,570.632,50
1,635.10864,-698.95154,1837.1471,50
2,42.665028,-5.0677657,64.98051,50
3,236.6123,-261.3604,685.7708,50
4,344.2131,-379.55087,996.8408,50
5,398.0704,-438.96338,1153.0353,50
6,457.84885,-31.939716,660.0848,50
7,254.59042,-281.09244,737.70514,50
8,465.13242,-512.40924,1346.4021,50
9,263.97122,-291.21405,764.43353,50
10,155.00671,-172.19487,450.10992,50
11,481.18314,-32.90244,692.94183,50
12,293.7996,-324.09833,850.90216,50
13,305.7051,-337.27142,885.5489,50
14,265.2127,-292.6923,768.31604,50
15,323.65353,-27.45574,472.24075,50
16,368.9927,-29.40124,536.24384,50
17,179.92525,-199.12149,521.6595,50
18,363.27313,-400.39948,1051.8075,50
19,273.5585,-301.86926,792.3934,50
20,302.2673,-27.487726,442.99933,50
21,437.4795,-31.377394,631.71466,50
22,272.33267,-300.48196,788.7574,50
23,294.59018,-324.8984,853.0941,50
24,222.0011,-245.35768,643.60583,50
25,80.662834,-6.6191936,117.11378,50
26,349.17172,-385.0204,1011.2133,50
27,62.25778,-69.177704,180.21658,50
28,381.85263,-29.359528,553.68475,50
29,183.79893,-202.99153,532.2996,50
30,563.9462,-621.02856,1631.9908,50
31,168.07343,-186.19312,487.46744,50
32,546.4296,-601.6907,1581.2329,50
33,434.7843,-478.90637,1258.3878,50
34,465.09354,-512.3727,1346.3073,50
35,432.52493,-476.72037,1252.4154,50
36,750.4571,-825.9625,2170.8643,50
37,125.29565,-140.94193,365.39758,50
38,483.0314,-532.0854,1398.1534,50
39,455.08478,-31.945744,656.31244,50
40,279.03806,-307.95697,808.39264,50
41,498.16568,-548.67737,1441.8085,50
42,317.64877,-350.28503,919.88275,50
43,428.78485,-472.40875,1241.2281,50
44,23.784098,-16.071178,55.767097,50
45,370.1548,-408.18915,1072.1731,50
46,509.74573,-34.027992,733.13617,50
47,229.57925,-253.6416,665.4338,50
48,587.345,-647.08307,1700.2819,50
49,265.8464,-293.5092,770.4982,50
50,594.7316,-655.21387,1721.5992,50
51,390.0502,-29.599287,565.1331,50
52,346.13297,-381.35703,1001.8299,50
53,229.71773,-253.43813,665.1032,50
54,24.374048,-18.822662,60.460228,50
55,269.65305,-297.63184,781.22485,50
56,400.25827,-29.922918,579.36273,50
57,139.30394,-155.98608,405.70178,50
58,474.12125,-522.6924,1373.193,50
59,246.59741,-24.621082,363.8745,50
60,387.20312,-30.526749,562.35736,50
61,377.46494,-29.826054,548.24475,50
62,278.05463,-23.889246,405.8341,50
63,481.74637,-530.9689,1394.9908,50
64,351.53415,-387.76306,1018.38837,50
65,357.3661,-29.323477,520.31573,50
66,311.38168,-343.60706,902.2801,50
67,167.39151,-9.740053,239.2761,50
68,182.38028,-201.64919,528.49835,50
69,227.44601,-251.28447,659.26434,50
70,324.90366,-358.50168,941.441,50
71,246.90048,-272.6035,715.3571,50
72,47.326454,-3.7706249,68.58101,50
73,457.6721,-504.54483,1325.4972,50
74,18.461832,-6.5324016,33.04779,50
75,370.20746,-408.04852,1071.8667,50
76,268.297,-296.05676,777.1352,50
77,366.00168,-403.47275,1059.8228,50
78,358.6587,-29.816647,522.6682,50
79,330.47437,-364.4735,957.17426,50
80,294.94186,-325.2593,854.03485,50
81,205.30463,-226.88197,594.95795,50
82,697.51447,-768.5937,2019.4321,50
83,285.714,-315.064,827.2591,50
84,155.98775,-172.85768,452.42303,50
85,469.695,-32.692856,677.08844,50
86,351.5514,-387.28412,1017.3946,50
87,664.4423,-731.9409,1923.3151,50
88,577.7768,-636.0965,1671.705,50
89,550.54297,-606.6265,1593.86,50
90,280.1075,-24.231785,409.0565,50
91,525.31085,-578.6328,1520.4713,50
92,251.21143,-277.39398,727.9615,50
93,669.7835,-737.69366,1938.4681,50
94,498.49887,-549.4712,1443.6194,50
95,368.16968,-405.6822,1065.7548,50
96,258.3386,-285.31665,748.79675,50
97,738.1773,-812.59766,2135.6536,50
98,292.41364,-322.70593,847.2028,50
99,270.2302,-24.300772,395.6216,50
100,323.75888,-357.09473,937.72363,50
101,301.9672,-27.663622,442.8354,50
102,164.7513,-182.76247,478.0945,50
103,188.92581,-209.09557,547.9239,50
104,437.5075,-31.589872,631.9796,50
105,134.54495,-151.05551,392.2959,50
106,710.5762,-782.19946,2055.728,50
107,308.39276,-340.12738,893.1547,50
108,234.8819,-259.43356,680.67194,50
109,441.66452,-31.180593,637.1545,50
110,439.8873,-484.70358,1273.5157,50
111,425.43503,-468.559,1231.2335,50
112,130.99959,-145.75041,380.35852,50
113,163.50998,-181.5425,474.81982,50
114,333.6154,-367.6703,965.76996,50
115,344.6613,-28.949158,502.54868,50
116,398.28397,-439.02875,1153.312,50
117,180.70078,-200.11992,524.0849,50
118,195.68195,-216.3661,567.2329,50
119,140.67802,-13.003625,206.25378,50
120,462.64053,-31.222925,665.7393,50
121,409.41568,-451.108,1185.1825,50
122,400.31448,-441.3586,1159.3546,50
123,278.4575,-307.1966,806.46783,50
124,566.5392,-624.1419,1639.9469,50
125,456.611,-502.97342,1321.6714,50
126,326.0243,-359.53125,944.24176,50
127,389.7789,-30.305407,565.56,50
128,494.02072,-544.4509,1430.4672,50
129,154.98245,-172.47177,450.48575,50
130,277.26578,-305.63528,802.5454,50
131,378.8015,-29.476751,549.6588,50
132,182.48955,-201.87344,529.10406,50
133,496.48398,-547.22705,1437.6895,50
134,509.40274,-560.95264,1474.1454,50
135,456.50534,-503.24103,1322.0929,50
136,251.37302,-277.51453,728.2983,50
137,274.9985,-303.64246,797.1635,50
138,220.64035,-243.74515,639.5573,50
139,25.777021,-22.298382,67.26126,50
140,148.52011,-165.5511,431.88214,50
141,180.77585,-199.90431,523.9045,50
142,309.25708,-341.14575,895.74884,50
143,377.66788,-416.32013,1093.5784,50
144,493.5821,-33.405937,710.41315,50
145,119.48952,-134.42842,348.4908,50
146,389.18536,-429.18103,1127.3633,50
147,185.50644,-205.41609,538.1425,50
148,448.27835,-31.26169,646.2448,50
149,213.70221,-236.2111,619.5296,50
150,552.983,-608.8621,1600.1134,50
151,405.2869,-446.9776,1174.0939,50
152,189.15157,-209.28183,548.45056,50
153,230.12695,-254.1585,666.8044,50
154,347.38382,-383.11844,1006.2012,50
155,301.52908,-332.455,873.03815,50
156,373.15643,-411.43298,1080.6678,50
157,221.96294,-245.0758,642.9216,50
158,493.27676,-33.30804,709.8751,50
159,386.3992,-426.08337,1119.2117,50
160,246.9036,-272.6694,715.4666,50
161,130.45337,-146.52556,380.41962,50
162,173.99472,-192.4069,504.22684,50
163,236.00305,-260.66815,683.9059,50
164,476.86755,-525.0759,1379.8834,50
165,318.29434,-351.07437,921.8925,50
166,509.47498,-561.1611,1474.6241,50
167,540.32404,-594.8825,1563.4008,50
168,364.0754,-401.29565,1054.1217,50
169,337.94028,-28.691729,493.14795,50
170,163.15657,-180.91704,473.42462,50
171,438.54404,-31.19056,632.9432,50
172,176.82156,-195.91045,512.954,50
173,271.57675,-299.76627,786.8536,50
174,124.69755,-138.86263,362.20383,50
175,387.39844,-427.0495,1121.7732,50
176,405.3987,-446.89624,1174.0143,50
177,378.87238,-28.97523,549.1668,50
178,229.26523,-253.18317,664.23663,50
179,195.10187,-215.8192,565.69684,50
180,597.68225,-658.28937,1729.8217,50
181,245.77618,-271.40924,712.16565,50
182,79.29298,-88.538994,230.0339,50
183,226.79471,-250.3726,656.86847,50
184,503.4393,-33.794357,724.2894,50
185,573.584,-631.8141,1660.2284,50
186,158.71295,-176.41254,461.11188,50
187,311.21948,-343.33405,901.50165,50
188,640.98254,-705.2925,1853.8838,50
189,98.811195,-109.901,286.59793,50
190,366.67844,-404.26825,1061.8583,50
191,288.9209,-318.4973,836.33765,50
192,324.43137,-357.57394,939.19824,50
193,303.64108,-335.05383,879.7575,50
194,213.61557,-235.9992,618.99445,50
195,476.84186,-524.51953,1378.7709,50
196,68.52079,-76.31246,198.44794,50
197,571.056,-628.5518,1652.0399,50
198,431.87305,-476.1053,1250.7659,50
199,526.22363,-579.3722,1522.6671,50
200,509.20752,-560.90967,1473.8834,50
201,266.40125,-294.0359,771.7587,50
202,495.3625,-545.63477,1433.7706,50
203,469.95334,-517.53687,1360.0045,50
204,248.62833,-274.30093,719.9666,50
205,376.872,-415.59543,1091.6177,50
206,465.42752,-512.5831,1346.972,50
207,385.4409,-29.82234,559.14044,50
208,272.6008,-300.71594,789.4113,50
209,223.42062,-246.83418,647.685,50
210,212.82478,-235.01367,616.47644,50
211,261.6522,-288.6652,757.70184,50
212,269.7648,-297.83313,781.75275,50
213,281.87473,-26.781336,414.50046,50
214,19.141085,-13.829473,44.610054,50
215,535.7332,-590.41895,1551.2538,50
216,483.3621,-32.93383,695.9615,50
217,67.11045,-74.7081,194.25775,50
218,294.06815,-324.44843,851.82184,50
219,247.83095,-273.7083,718.2482,50
220,210.29593,-232.45024,609.54474,50
221,289.9538,-319.75702,839.5435,50
222,565.8614,-623.2705,1637.8055,50
223,418.5812,-461.1337,1211.6312,50
224,323.90048,-357.2886,938.2281,50
225,135.67485,-151.35973,394.56152,50
226,313.0679,-345.41455,906.9611,50
227,76.89916,-85.73019,222.90945,50
228,458.29956,-504.9173,1326.7119,50
229,487.5637,-537.21954,1411.5026,50
230,273.54807,-301.93652,792.5402,50
231,337.1697,-371.8558,976.57294,50
232,454.2957,-31.701315,654.96246,50
233,18.676214,-17.81537,49.57685,50
234,349.5468,-385.3076,1012.08636,50
235,521.6326,-574.33813,1509.4094,50
236,242.22845,-267.39746,701.6741,50
237,463.38022,-510.78625,1341.922,50
238,268.4678,-296.14603,777.434,50
239,249.98389,-275.994,724.28217,50
240,426.59912,-470.24384,1235.3767,50
241,469.5153,-517.3692,1359.3656,50
242,219.17911,-242.15082,635.1446,50
243,229.28754,-253.29315,664.52386,50
244,536.25006,-590.41766,1551.6576,50
245,225.18939,-248.83675,652.8097,50
246,573.3398,-631.64685,1659.6788,50
247,175.707,-194.7559,509.9024,50
248,605.6479,-667.09,1752.9539,50
249,361.99527,-399.1089,1048.305,50
250,571.0226,-628.7893,1652.4286,50
251,127.22054,-10.732031,185.24089,50
252,274.5015,-302.85254,795.0486,50
253,347.4809,-382.97763,1005.9766,50
254,449.982,-495.76868,1302.6368,50
255,43.89798,-47.717434,125.39417,50
256,223.55867,-246.97847,647.88214,50
257,433.2358,-477.12616,1253.7899,50
258,337.91064,-372.3976,978.19916,50
259,498.38806,-548.8507,1442.3126,50
260,393.20596,-433.5256,1138.7721,50
261,324.01706,-357.247,938.2413,50
262,332.70847,-366.9259,963.6252,50
263,249.23395,-275.10306,722.0129,50
264,216.60052,-239.34715,627.732,50
265,275.25235,-303.5787,796.96875,50
266,394.84055,-435.33344,1143.5194,50
267,971.08014,-1069.0863,2809.5984,50
268,224.16318,-247.4886,649.2797,50
269,397.72537,-29.761957,575.7608,50
270,500.2969,-550.8896,1447.7393,50
271,309.37912,-341.04022,895.613,50
272,468.0945,-515.8799,1355.3549,50
273,233.37964,-257.8269,676.4521,50
274,495.94864,-545.9599,1434.8795,50
275,496.07816,-546.35504,1435.7266,50
276,314.08054,-346.63037,910.2198,50
277,253.73438,-280.1945,735.3111,50
278,45.547256,-4.464436,68.00499,50
279,452.04208,-498.26,1309.0558,50
280,413.66513,-455.7746,1197.4833,50
281,398.2953,-439.00143,1153.2673,50
282,502.60995,-553.67236,1454.881,50
283,194.05307,-214.5506,562.3939,50
284,359.14984,-396.06927,1040.2928,50
285,192.12964,-212.65831,557.15375,50
286,462.21387,-509.19992,1337.9951,50
287,254.12537,-280.59857,736.3315,50
288,572.40967,-630.1383,1656.1359,50
289,300.26276,-331.3307,869.8913,50
290,387.84537,-427.58746,1123.1781,50
291,147.96211,-165.00899,430.35748,50
292,250.8616,-276.95966,726.7889,50
293,161.4822,-179.39279,468.97156,50
294,271.3443,-25.828547,399.04034,50
295,211.1383,-233.3348,611.9017,50
296,278.9299,-307.82434,808.084,50
297,359.60837,-396.17624,1040.8231,50
298,192.72339,-213.19109,558.78986,50
299,444.9516,-31.542324,642.0832,50
300,388.6528,-30.051933,563.73724,50
301,256.0918,-282.71167,741.97845,50
302,175.35156,-14.987334,255.68723,50
303,153.83652,-170.34836,445.94366,50
304,385.61234,-425.0056,1116.4576,50
305,199.74863,-220.7628,578.7746,50
306,147.9086,-164.78835,430.02063,50
307,238.21518,-263.02866,690.1716,50
308,493.37985,-543.7454,1428.5795,50
309,312.2689,-344.2484,904.09406,50
310,594.83954,-655.4596,1722.1893,50
311,266.53253,-25.955835,392.62805,50
312,207.59875,-229.44092,601.71356,50
313,434.4679,-478.80325,1257.9589,50
314,430.18707,-473.58234,1244.5824,50
315,212.38983,-234.71432,615.5101,50
316,300.67642,-331.20078,869.95294,50
317,104.960396,-117.7681,305.48807,50
318,281.42053,-310.1493,814.5135,50
319,714.0589,-785.5282,2064.8948,50
320,254.20654,-280.6286,736.5262,50
321,241.14056,-266.1552,698.4639,50
322,157.802,-175.39355,458.3779,50
323,63.189316,-70.139915,182.89124,50
324,756.0872,-832.1909,2187.2134,50
325,681.5381,-750.3541,1971.9824,50
326,296.31622,-326.98694,858.45465,50
327,462.43887,-32.289024,666.7231,50
328,316.73868,-349.52496,917.8221,50
329,158.59453,-175.7015,459.87878,50
330,27.124228,-24.882502,72.719696,50
331,457.60733,-504.06024,1324.503,50
332,477.49667,-525.90326,1381.9851,50
333,188.17229,-208.32265,545.87256,50
334,26.879759,-8.964071,49.678917,50
335,392.84995,-432.95587,1137.403,50
336,52.754204,-57.7509,151.38463,50
337,329.24368,-363.15836,953.68207,50
338,236.77809,-261.49374,686.07794,50
339,516.81085,-569.4151,1496.1282,50
340,285.27893,-314.9165,826.6899,50
341,437.1874,-481.76355,1265.7714,50
342,42.691566,-2.8594325,61.21801,50
343,119.7869,-134.7283,349.29712,50
344,172.10526,-190.65411,499.1955,50
345,406.0812,-29.131826,586.35126,50
346,355.90604,-392.11475,1030.1306,50
347,371.48627,-409.31827,1075.3262,50
348,234.04929,-258.19888,677.6357,50
349,483.77682,-533.2844,1401.0469,50
350,362.21628,-399.46088,1049.1744,50
351,483.1353,-532.27856,1398.6019,50
352,406.6295,-448.38614,1177.8134,50
353,241.23529,-266.30865,698.9713,50
354,293.05734,-323.3698,849.085,50
355,649.0357,-715.0947,1878.9133,50
356,55.320766,-62.103836,160.52458,50
357,192.79291,-213.30855,559.02606,50
358,349.8742,-385.79636,1013.25714,50
359,198.88052,-219.93507,576.58295,50
360,414.20126,-30.874159,599.50006,50
361,420.8041,-30.687393,608.2586,50
362,474.3314,-522.7336,1373.3798,50
363,693.5968,-763.6542,2006.9032,50
364,73.70371,-8.148356,109.406685,50
365,415.4064,-30.98662,601.2741,50
366,512.0561,-563.8843,1481.8478,50
367,700.6548,-771.26465,2027.0499,50
368,409.6705,-451.34027,1185.828,50
369,244.89445,-270.4336,709.616,50
370,424.56818,-467.9748,1229.4012,50
371,452.67264,-31.670622,652.7236,50
372,573.02325,-631.5189,1659.2257,50
373,137.92746,-154.84969,402.00555,50
374,492.2071,-542.1376,1424.63,50
375,426.15195,-469.812,1234.2013,50
376,231.33539,-255.58177,670.4738,50
377,430.1295,-473.7891,1244.9427,50
378,56.34413,-4.6492276,82.18625,50
379,683.6696,-752.5819,1977.9569,50
380,539.0265,-594.1752,1561.0499,50
381,388.05396,-427.78076,1123.7015,50
382,331.1457,-365.2101,959.091,50
383,142.85268,-159.37398,415.48035,50
384,467.40604,-32.299084,673.50214,50
385,228.9332,-252.72115,663.0662,50
386,224.29419,-247.60252,649.6042,50
387,510.74515,-562.35785,1477.895,50
388,227.48862,-251.21233,659.03864,50
389,375.4125,-413.96313,1087.3171,50
390,511.71262,-563.8984,1481.5531,50
391,71.26916,-78.919945,205.91428,50
392,345.9111,-381.2406,1001.39874,50
393,439.31192,-484.19937,1272.1104,50
394,233.63062,-258.0405,676.9725,50
395,1049.8422,-1155.995,3037.846,50
396,387.88303,-427.37247,1122.798,50
397,295.68173,-326.03723,856.13904,50
398,26.558908,-23.676472,70.23385,50
399,708.3573,-779.98035,2049.7166,50
400,399.92575,-30.268707,579.31793,50
401,481.65668,-530.5619,1394.1722,50
402,182.07083,-16.644451,266.7778,50
403,321.78745,-28.866364,471.21027,50
404,177.6523,-196.82747,515.3631,50
405,227.79395,-251.627,660.0818,50
406,573.1793,-631.18896,1658.7394,50
407,664.87396,-731.5657,1922.9292,50
408,109.463875,-123.218704,319.13004,50
409,280.73947,-24.808016,410.61038,50
410,485.81757,-33.078606,699.4683,50
411,20.649797,-18.75569,53.555775,50
412,340.74942,-375.48785,986.3432,50
413,248.98541,-274.97864,721.55695,50
414,181.90607,-201.25795,527.3385,50
415,385.22748,-424.53195,1115.2877,50
416,669.9733,-737.5547,1938.3992,50
417,698.4338,-768.6393,2020.303,50
418,349.3911,-385.3096,1011.97797,50
419,515.39166,-567.58435,1491.5474,50
420,235.87732,-260.2459,682.9832,50
421,399.62527,-440.753,1157.7549,50
422,215.62558,-19.651411,316.02533,50
423,289.02878,-319.0394,837.56793,50
424,304.26328,-335.6966,881.37897,50
425,148.15405,-164.94957,430.583,50
426,232.96986,-257.29388,675.08527,50
427,655.8053,-722.16095,1897.7848,50
428,539.2984,-594.39124,1561.6112,50
429,405.9006,-447.64734,1175.9076,50
430,690.3084,-760.5389,1998.3177,50
431,394.73627,-435.1709,1143.1742,50
432,583.1594,-642.34454,1687.8907,50
433,136.07684,-151.89798,396.009,50
434,350.65366,-386.72253,1015.65155,50
435,338.14432,-27.946617,492.48566,50
436,447.89413,-32.177277,646.8414,50
437,154.52377,-170.68813,447.39508,50
438,368.12073,-29.047276,534.6173,50
439,227.16159,-250.90019,658.24945,50
440,268.49213,-23.57672,392.43518,50
441,320.1178,-29.152128,469.27475,50
442,174.77292,-193.46529,506.83777,50
443,239.57262,-264.54688,694.0858,50
444,354.58633,-391.04144,1027.0248,50
445,222.72743,-245.90182,645.2292,50
446,334.88742,-369.23535,969.7609,50
447,448.8487,-494.49402,1299.3143,50
448,142.89697,-159.2365,415.39856,50
449,278.35388,-307.07462,806.12164,50
450,605.0124,-666.32196,1750.9542,50
451,477.0182,-525.2921,1380.4308,50
452,361.5079,-398.38684,1046.5565,50
453,34.357777,-5.252163,54.369175,50
454,464.33194,-511.80432,1344.606,50
455,511.87564,-563.7863,1481.516,50
456,203.1101,-224.30501,588.3567,50
457,221.69339,-244.8564,642.3289,50
458,523.7791,-577.18054,1516.4589,50
459,425.6462,-31.170155,615.3724,50
460,463.1702,-510.27148,1340.8,50
461,122.85545,-137.43903,357.3636,50
462,757.76373,-833.80597,2191.6367,50
463,353.40024,-389.7533,1023.61,50
464,213.41052,-235.75615,618.3488,50
465,459.72684,-506.67984,1331.1813,50
466,513.0332,-565.0961,1484.9371,50
467,363.34872,-400.46893,1051.9799,50
468,168.53586,-186.63472,488.77545,50
469,233.4025,-257.77994,676.29956,50
470,416.01157,-458.1471,1203.9017,50
471,179.54642,-198.72697,520.5362,50
472,125.22916,-139.71935,363.92462,50
473,240.37057,-265.4407,696.55084,50
474,452.29166,-498.18658,1309.0927,50
475,590.8547,-650.9135,1710.3309,50
476,516.91,-569.6944,1496.7825,50
477,365.45364,-27.775953,529.6808,50
478,338.43695,-373.12134,979.9913,50
479,232.65378,-257.053,674.3697,50
480,147.7446,-164.7419,429.596,50
481,20.22391,-19.45431,53.88096,50
482,272.11465,-300.44678,788.74713,50
483,420.21133,-31.33132,608.221,50
484,424.0526,-466.88434,1226.9236,50
485,561.1492,-617.76373,1623.581,50
486,79.54858,-88.74243,230.68909,50
487,192.47531,-212.82326,557.8599,50
488,177.91597,-196.60329,515.50494,50
489,395.42334,-29.781425,572.67523,50
490,747.9143,-823.15356,2163.5527,50
491,669.086,-736.35876,1935.4293,50
492,661.88983,-728.8038,1915.2806,50
493,472.46957,-520.60626,1367.89,50
494,425.10324,-468.68134,1231.2296,50
495,353.92014,-28.291044,514.39386,50
496,421.60995,-464.89783,1221.2352,50
497,208.68439,-230.65643,604.8266,50
0,727.0188,138.36755,841.45197,100
1,556.9904,-771.9427,1942.8613,100
2,737.0488,140.39227,852.93463,100
3,365.32446,-506.6424,1274.6367,100
4,455.24982,-631.0804,1588.1007,100
5,448.57343,-622.0354,1565.1702,100
6,732.81195,138.95753,848.66534,100
7,281.5213,-390.76227,982.58014,100
8,373.91534,-518.55646,1304.6461,100
9,145.60446,-205.09442,510.03568,100
10,171.97284,-239.83878,601.2105,100
11,700.52527,130.52916,813.6703,100
12,230.58215,-320.22675,804.79517,100
13,314.77252,-436.63205,1098.3273,100
14,365.16983,-506.4426,1274.1353,100
15,407.83032,64.43883,486.06403,100
16,464.37476,77.076256,549.413,100
17,233.58865,-324.28897,815.1181,100
18,180.78555,-251.91118,631.85156,100
19,247.44511,-343.5475,863.5974,100
20,224.52295,25.237976,278.97855,100
21,708.21326,132.10913,822.4451,100
22,196.00363,-272.7787,684.6685,100
23,301.34003,-418.02045,1051.4395,100
24,119.93638,-170.86475,420.83627,100
25,540.8455,93.62792,635.7559,100
26,374.93842,-519.88385,1308.0459,100
27,393.26666,56.26248,475.07782,100
28,409.87103,63.72636,489.605,100
29,753.3815,151.83702,863.34796,100
30,400.71716,-555.72815,1398.215,100
31,179.5075,-250.13574,627.3593,100
32,472.81927,-655.40234,1649.3562,100
33,333.49536,-462.5044,1163.5148,100
34,390.0288,-540.8153,1360.7285,100
35,376.33276,-521.94183,1313.1372,100
36,610.83606,-846.6276,2130.8428,100
37,395.9069,63.55554,470.75076,100
38,435.1291,-603.28046,1518.032,100
39,626.7003,115.56759,729.2778,100
40,277.17102,-384.6855,967.3061,100
41,441.08713,-611.48627,1538.7329,100
42,405.4458,-562.1238,1414.4192,100
43,407.76514,-565.3901,1422.6139,100
44,723.76965,136.66644,838.8062,100
45,394.62955,-547.3049,1376.9758,100
46,732.5094,138.4646,848.76544,100
47,313.74014,-435.25778,1094.8164,100
48,605.21924,-838.97076,2111.4875,100
49,198.86104,-276.5077,694.504,100
50,572.1388,-793.0555,1995.9282,100
51,752.1212,143.58871,870.0041,100
52,254.0068,-352.48587,886.25995,100
53,208.37614,-289.46054,727.2143,100
54,729.65686,138.29074,845.0975,100
55,254.396,-353.15143,887.8315,100
56,534.5369,95.20442,625.6059,100
57,99.216995,-141.03186,347.02115,100
58,516.8645,-716.6652,1803.4392,100
59,480.79926,78.8058,569.912,100
60,659.97595,119.1539,770.5484,100
61,596.1963,107.31689,696.53406,100
62,430.87097,72.8099,508.44022,100
63,679.97095,-942.3901,2372.017,100
64,352.07016,-488.401,1228.6143,100
65,148.40958,16.032158,186.59483,100
66,231.06677,-321.03983,806.79004,100
67,724.46674,136.96008,839.44806,100
68,170.37192,-237.75372,595.79553,100
69,405.30463,-562.0291,1414.1018,100
70,420.01587,-582.49567,1465.5967,100
71,191.57378,-266.69403,669.3449,100
72,460.05695,77.77251,542.79535,100
73,487.92697,-676.5638,1702.48,100
74,133.60526,-189.70688,468.5087,100
75,337.49905,-468.0877,1177.5603,100
76,249.77531,-346.7233,871.6412,100
77,161.6625,-226.25659,565.9069,100
78,690.3232,127.44182,803.0727,100
79,292.35855,-405.64798,1020.21625,100
80,270.68826,-375.60406,944.4952,100
81,300.35925,-416.72296,1048.1088,100
82,851.73914,-1180.4875,2971.4583,100
83,287.6748,-399.07803,1003.7038,100
84,217.50958,-302.27145,759.4063,100
85,590.3959,105.5655,690.50543,100
86,265.81357,-368.84448,927.4568,100
87,445.83484,-618.32745,1555.7982,100
88,490.6524,-680.1876,1711.6902,100
89,605.9513,-839.89594,2113.877,100
90,107.81696,-153.6933,377.76016,100
91,344.20587,-477.50766,1201.2024,100
92,260.2813,-361.3529,908.4566,100
93,637.0202,-882.94916,2222.2927,100
94,605.9026,-839.991,2114.0303,100
95,307.99722,-427.20145,1074.5881,100
96,456.80792,-633.3704,1593.7578,100
97,445.31018,-617.46405,1553.707,100
98,391.48328,-542.8375,1365.8192,100
99,432.16278,70.511154,512.60284,100
100,273.74646,-379.92102,955.3226,100
101,386.07935,57.733356,463.67703,100
102,141.57689,-199.58072,495.83408,100
103,254.10944,-352.7288,886.78186,100
104,713.80005,132.92574,829.13354,100
105,135.86253,-191.0459,475.5859,100
106,475.60403,-659.28925,1659.0962,100
107,164.26462,-229.61258,574.7858,100
108,268.64114,-372.82303,937.4528,100
109,608.21234,111.06619,708.9093,100
110,394.56104,-547.1242,1376.595,100
111,396.96112,-550.3852,1384.8301,100
112,157.88298,-220.73456,552.2784,100
113,211.84665,-294.37643,739.53766,100
114,316.08038,-438.35944,1102.7327,100
115,414.21893,65.713905,493.37198,100
116,383.0688,-531.20764,1336.5237,100
117,137.23001,-194.80763,481.17007,100
118,299.226,-415.20032,1044.239,100
119,233.35619,-324.05804,814.4694,100
120,686.2049,128.06213,796.87885,100
121,146.39996,-206.12299,512.8702,100
122,205.67883,-285.9033,718.1937,100
123,297.8923,-413.25146,1039.4191,100
124,617.58704,-855.9576,2154.3723,100
125,337.80228,-468.56824,1178.7405,100
126,382.50195,-530.45734,1334.6177,100
127,260.17166,30.53662,321.75317,100
128,253.68805,-352.31335,885.60065,100
129,156.73184,-219.73132,548.67584,100
130,267.47586,-371.1268,933.24896,100
131,602.2355,108.10236,703.8851,100
132,287.07422,-398.5393,1002.1009,100
133,687.9389,-953.5024,2399.9348,100
134,352.48514,-488.86993,1229.8901,100
135,305.93018,-424.69177,1067.9888,100
136,339.0253,-470.20325,1182.8958,100
137,596.43713,-826.88684,2080.9795,100
138,384.89795,-534.0151,1343.4082,100
139,728.81213,138.05058,844.2018,100
140,346.61908,37.353462,432.57883,100
141,294.07434,-407.9941,1026.1559,100
142,312.80093,-433.95352,1091.5435,100
143,324.89093,-450.68918,1133.7057,100
144,705.80994,132.35553,818.9526,100
145,218.02612,29.761847,265.03488,100
146,568.18567,-787.6558,1982.2836,100
147,214.79547,-298.44812,749.8188,100
148,708.4901,134.01407,820.86957,100
149,184.35788,-256.69305,644.1418,100
150,457.1805,-633.8099,1594.915,100
151,458.1306,-635.33673,1598.5979,100
152,214.54091,-298.09137,748.8939,100
153,342.8465,-475.46338,1196.1492,100
154,335.81967,-465.79254,1171.761,100
155,238.09766,-330.57556,830.9212,100
156,408.93137,-567.0298,1426.7251,100
157,217.95302,-302.69806,760.6342,100
158,737.14044,140.45413,852.99384,100
159,429.4359,-595.4336,1498.2363,100
160,237.75949,-330.17484,829.8647,100
161,132.00427,-187.22449,462.74454,100
162,215.15363,-299.0492,751.27716,100
163,323.0566,-448.08423,1127.1785,100
164,399.87894,-554.3554,1394.8937,100
165,374.20447,-518.9386,1305.6077,100
166,443.2519,-614.5711,1546.4443,100
167,389.62076,-540.3448,1359.4698,100
168,277.79004,-385.51105,969.4003,100
169,587.85626,103.56233,689.12164,100
170,250.45514,-347.66187,874.01984,100
171,535.97095,93.20374,629.6222,100
172,197.28932,-274.3632,688.85626,100
173,387.8431,-537.851,1353.2239,100
174,269.45044,-373.96002,940.2994,100
175,422.88794,-586.3062,1475.3086,100
176,286.87183,-398.19052,1001.29407,100
177,753.4092,144.19745,871.11346,100
178,289.48697,-401.62228,1010.09705,100
179,241.12491,-334.82587,841.592,100
180,571.6936,-792.4595,1994.394,100
181,280.3387,-389.02576,978.2819,100
182,148.57121,-208.43765,519.8983,100
183,213.82074,-297.05072,746.3128,100
184,720.8575,135.9227,835.63086,100
185,491.2704,-681.0348,1713.8511,100
186,74.46615,-21.568459,139.37607,100
187,314.23218,-435.91974,1096.4974,100
188,355.05176,-492.3295,1238.6621,100
189,253.62402,-352.18744,885.294,100
190,274.94208,-381.52948,959.3935,100
191,196.74908,-273.64703,686.99896,100
192,213.54547,-296.76746,745.5367,100
193,301.05783,-417.84515,1050.814,100
194,280.56604,-389.3385,979.10095,100
195,115.782524,-159.94771,402.03232,100
196,119.29691,-170.51564,418.60742,100
197,443.91425,-615.3752,1548.552,100
198,360.93915,-500.8141,1259.8016,100
199,369.3369,-512.1403,1288.5476,100
200,313.20914,-434.66837,1093.1958,100
201,244.62958,-339.62823,853.7481,100
202,387.58765,-537.5178,1352.3696,100
203,410.06052,-568.45715,1430.4207,100
204,197.37692,-274.53452,689.2387,100
205,496.6308,-688.5185,1732.6333,100
206,349.89185,-485.1912,1220.6567,100
207,318.37357,37.30081,393.85843,100
208,193.38684,-269.13474,675.5151,100
209,54.32891,-74.06704,184.06927,100
210,160.46371,-224.39317,561.3554,100
211,256.09286,-355.41037,893.59015,100
212,160.27417,-224.15343,560.90533,100
213,176.889,24.39781,215.17136,100
214,445.77368,74.57372,526.81,100
215,584.145,-809.9836,2038.353,100
216,722.5756,136.5151,837.34845,100
217,148.20834,-208.02647,518.7823,100
218,203.218,-282.6789,709.8367,100
219,379.57016,-526.39557,1324.3634,100
220,293.47528,-407.10992,1023.96045,100
221,279.5243,-387.8142,975.29596,100
222,532.69604,-738.394,1858.3157,100
223,384.84018,-533.5997,1342.5834,100
224,266.76453,-370.3092,931.0528,100
225,211.15787,-293.44513,737.1722,100
226,366.96304,-509.0039,1280.5221,100
227,96.708916,-135.41966,337.42563,100
228,332.2895,-460.90594,1159.4504,100
229,626.7058,-868.62646,2186.2227,100
230,306.0891,-424.6281,1068.0684,100
231,344.2922,-477.52576,1201.3169,100
232,501.09186,88.994514,586.767,100
233,38.99794,-39.078064,113.05003,100
234,238.48077,-331.19315,832.39886,100
235,478.04822,-662.66315,1667.6267,100
236,228.82407,-317.75928,798.5988,100
237,479.2005,-664.4335,1671.9633,100
238,238.5124,-331.12305,832.3162,100
239,234.91705,-326.23425,819.93036,100
240,483.99268,-670.974,1688.4868,100
241,390.5285,-541.5628,1362.5765,100
242,248.1077,-344.40274,865.8061,100
243,272.31323,-377.98138,950.3958,100
244,367.93518,-510.18463,1283.6177,100
245,261.19354,-362.7686,911.9162,100
246,628.0461,-870.48505,2190.9402,100
247,143.74365,-202.49547,503.34393,100
248,607.44037,-842.00604,2119.171,100
249,353.98438,-491.00458,1235.2133,100
250,378.993,-525.58374,1322.3394,100
251,94.84232,-135.06638,331.94363,100
252,180.83235,-251.87598,631.87164,100
253,224.34467,-311.6581,783.12463,100
254,596.9059,-827.3546,2082.2913,100
255,50.44247,-37.834503,128.46048,100
256,150.91754,-211.96304,528.5202,100
257,329.92773,-457.53754,1151.0337,100
258,453.7505,-628.9973,1582.8533,100
259,416.49725,-577.43494,1452.9818,100
260,508.14124,-704.3893,1772.6748,100
261,281.06204,-389.97397,980.72906,100
262,330.59222,-458.65668,1153.7252,100
263,477.35284,-661.70245,1665.2064,100
264,200.56808,-278.92358,700.38416,100
265,179.31741,-249.87292,626.6154,100
266,591.98206,-820.52435,2065.114,100
267,1000.7543,-1386.7233,3490.9626,100
268,186.24246,-259.35492,650.67084,100
269,588.34595,106.63749,686.6004,100
270,462.26727,-640.8114,1612.5864,100
271,167.72003,-234.19075,586.534,100
272,449.64542,-623.4615,1568.8037,100
273,331.24805,-459.51678,1155.9149,100
274,262.70172,-364.56793,916.6667,100
275,452.41147,-627.16455,1578.2417,100
276,625.96594,-867.6429,2183.719,100
277,261.51602,-363.10632,912.8149,100
278,730.73376,138.19032,846.65045,100
279,472.72458,-655.48834,1649.4246,100
280,125.81121,8.427332,167.74321,100
281,295.17596,-409.5985,1030.1223,100
282,393.04306,-544.99817,1371.2705,100
283,128.912,-182.04642,451.53232,100
284,431.07983,-597.7263,1504.0103,100
285,165.63872,-231.46002,579.37994,100
286,372.0213,-515.86127,1297.8943,100
287,373.52606,-517.9884,1303.2257,100
288,388.55603,-538.7549,1355.5623,100
289,261.80725,-363.43335,913.7253,100
290,381.26196,-528.7157,1330.237,100
291,479.01852,79.20611,567.0417,100
292,267.66843,-371.42993,933.9792,100
293,59.125908,-61.504356,175.4336,100
294,392.41278,60.62892,469.1743,100
295,183.60262,-255.67435,641.44995,100
296,374.07516,-518.73663,1305.1138,100
297,328.4037,-455.3894,1145.6663,100
298,260.29767,-361.40793,908.5678,100
299,661.7273,122.16514,769.85724,100
300,662.5681,123.38657,769.7231,100
301,221.87224,-308.3723,774.7276,100
302,86.72628,-122.60611,302.84848,100
303,153.6314,-215.03067,537.5525,100
304,405.21594,-561.8331,1413.6709,100
305,142.46307,-200.4387,498.7302,100
306,140.19035,-198.45502,491.46033,100
307,199.89084,-278.0786,698.20483,100
308,471.49612,-653.694,1644.9432,100
309,367.46606,-509.48123,1281.88,100
310,577.4292,-800.6075,2014.8074,100
311,563.6762,97.62057,662.53766,100
312,312.94876,-434.16653,1092.0566,100
313,425.83234,-590.41095,1485.6256,100
314,285.8568,-396.52634,997.2893,100
315,214.20282,-297.6121,747.70306,100
316,205.70343,-285.8081,717.92914,100
317,53.803764,-71.684135,180.58359,100
318,209.92584,-291.59982,732.6574,100
319,429.84265,-595.8255,1499.3555,100
320,342.34326,-474.80804,1194.4818,100
321,220.97028,-306.9877,771.3704,100
322,184.59787,-257.0071,644.84625,100
323,419.72467,67.45445,499.01102,100
324,604.7426,-838.1713,2109.5571,100
325,563.65564,-781.33673,1966.394,100
326,399.35492,-553.6932,1393.1914,100
327,722.8989,136.58379,837.71173,100
328,382.54794,-530.6969,1335.068,100
329,228.10623,-316.71265,796.02435,100
330,728.45593,137.9809,843.79285,100
331,473.32355,-656.087,1651.0964,100
332,280.25208,-388.95493,978.05084,100
333,206.08514,-286.60333,719.73627,100
334,728.4823,138.05075,843.757,100
335,252.11678,-350.00934,879.8843,100
336,251.17093,26.061274,314.62973,100
337,312.10126,-433.0095,1089.1508,100
338,177.54239,-247.60439,620.7671,100
339,329.0605,-456.578,1148.436,100
340,474.34637,-657.63617,1654.8948,100
341,185.27623,-258.2221,647.71643,100
342,35.166817,-32.73192,97.694084,100
343,118.39793,11.489955,151.46448,100
344,145.37668,-204.73459,509.25284,100
345,803.0398,160.96158,921.18445,100
346,260.41638,-361.44028,908.7712,100
347,121.82638,-172.93604,427.24472,100
348,197.82626,-274.9936,690.5727,100
349,597.59924,-828.4747,2085.0173,100
350,426.2447,-590.99396,1487.0813,100
351,348.88846,-483.93536,1217.4333,100
352,561.9586,-779.0236,1960.5358,100
353,425.03046,-589.45026,1483.1088,100
354,313.47583,-435.05927,1094.1953,100
355,560.9585,-777.76843,1957.2852,100
356,564.83386,99.933174,661.60376,100
357,256.37683,-355.839,894.64606,100
358,388.46216,-538.60516,1355.192,100
359,181.77069,-253.3641,635.36163,100
360,652.1904,116.99534,762.28455,100
361,556.2064,97.23603,652.8411,100
362,453.1375,-628.2781,1580.9548,100
363,341.1911,-473.47144,1190.9385,100
364,677.1891,132.00449,780.5904,100
365,721.0163,135.63618,836.134,100
366,341.5338,-473.7652,1191.7925,100
367,313.35052,-434.9748,1093.9429,100
368,395.18103,-548.00195,1378.7938,100
369,235.75879,-327.38116,822.8466,100
370,250.50429,-347.9135,874.5147,100
371,660.8758,123.09432,767.72504,100
372,669.7698,-928.49603,2336.834,100
373,596.2163,104.68561,699.2464,100
374,102.80785,-145.32828,359.56024,100
375,478.25964,-663.12213,1668.6763,100
376,141.16791,-198.51376,494.09705,100
377,441.50433,-611.9742,1540.0312,100
378,464.03308,75.501465,550.65436,100
379,517.6931,-717.6773,1806.1074,100
380,481.4914,-667.8737,1680.4309,100
381,470.06586,-651.63074,1639.8171,100
382,297.7129,-413.0502,1038.874,100
383,87.107994,-124.13574,304.32724,100
384,710.9459,133.6047,824.6048,100
385,190.93375,-265.73138,666.9146,100
386,148.66049,-208.75298,520.3553,100
387,380.41977,-527.4257,1327.0704,100
388,171.7018,-239.57738,600.3249,100
389,473.977,-657.03235,1653.4443,100
390,654.4146,-906.9759,2282.8464,100
391,141.1851,-199.4917,494.63382,100
392,309.0299,-428.68372,1078.2861,100
393,399.39905,-553.7663,1393.3717,100
394,228.81647,-317.74567,798.5607,100
395,915.44073,-1268.7109,3193.6511,100
396,406.33795,-563.34753,1417.5171,100
397,243.03531,-337.40906,848.16,100
398,727.68164,137.73355,842.9992,100
399,589.0913,-816.62646,2055.2415,100
400,465.3415,75.04692,552.9346,100
401,372.5817,-516.68756,1299.9519,100
402,212.12112,9.858686,280.2277,100
403,641.9154,115.061775,750.36066,100
404,146.58969,-205.90816,513.093,100
405,165.38254,-231.24706,578.70544,100
406,542.7687,-752.23956,1893.2595,100
407,498.54358,-691.0009,1739.0009,100
408,132.5669,-187.10963,464.39072,100
409,365.23557,52.83853,440.73846,100
410,729.8298,138.50429,845.1134,100
411,56.72482,-44.93853,147.92291,100
412,315.10745,-437.01398,1099.3381,100
413,367.6305,-509.83902,1282.689,100
414,195.66594,-272.23718,683.47076,100
415,418.2873,-579.8909,1459.1809,100
416,576.78455,-799.4838,2012.1221,100
417,498.57306,-691.07153,1739.1782,100
418,401.3682,-556.5195,1400.2775,100
419,406.69055,-563.88446,1418.8271,100
420,145.54231,-204.73074,509.64618,100
421,442.98166,-614.39557,1545.8574,100
422,254.02322,21.790922,323.64148,100
423,308.19507,-427.7837,1075.8165,100
424,337.18323,-467.64633,1176.4622,100
425,184.95042,-257.51184,646.1303,100
426,260.87238,-362.10968,910.4183,100
427,566.7379,-785.5823,1977.102,100
428,432.61884,-600.00616,1509.6272,100
429,437.01147,-606.2216,1525.2152,100
430,897.6539,-1244.0642,3131.5579,100
431,231.81944,-321.96295,809.1557,100
432,549.01416,-760.98206,1915.2039,100
433,173.2135,24.246084,210.68948,100
434,437.04865,-605.89484,1524.6697,100
435,398.05463,62.048393,475.31003,100
436,547.82587,96.06579,642.7034,100
437,334.16663,-463.46625,1165.935,100
438,479.16364,83.72025,562.5246,100
439,164.2544,-229.16998,574.2535,100
440,317.39825,31.75982,398.99908,100
441,438.5141,70.760414,521.0124,100
442,351.8492,-488.0496,1227.7625,100
443,382.5429,-530.43365,1334.5903,100
444,408.49493,-566.3456,1425.0627,100
445,230.80795,-320.60956,805.7026,100
446,394.92834,-547.5027,1377.6462,100
447,473.38953,-656.25085,1651.4387,100
448,221.12784,-307.1037,771.75037,100
449,180.74692,-252.11363,632.0178,100
450,552.235,-765.5634,1926.6239,100
451,253.41803,-351.861,884.51373,100
452,285.925,-396.79846,997.86847,100
453,710.3884,132.87442,824.6053,100
454,339.28873,-470.83765,1184.2944,100
455,447.59656,-620.5025,1561.4387,100
456,215.79422,-299.8557,753.3632,100
457,208.61833,-289.9284,728.2945,100
458,577.0211,-799.92084,2013.1658,100
459,721.03656,136.08467,835.7016,100
460,382.71106,-530.685,1335.224,100
461,575.3992,105.42869,670.3226,100
462,509.40863,-706.1365,1777.0527,100
463,461.09885,-639.18274,1608.5051,100
464,244.56433,-339.4625,853.39764,100
465,479.91425,-665.3453,1674.3009,100
466,512.1089,-709.85944,1786.4624,100
467,307.67212,-426.75293,1073.4745,100
468,253.85464,-352.42517,885.9725,100
469,215.39981,-299.27512,751.9229,100
470,103.40777,-144.8061,360.23917,100
471,171.79742,-239.46783,600.3295,100
472,364.8731,55.21145,437.59787,100
473,259.37857,-360.14395,905.3591,100
474,381.99197,-529.6381,1332.6223,100
475,571.3741,-792.05145,1993.3593,100
476,355.97693,-494.0251,1242.6401,100
477,724.6096,136.29405,840.3045,100
478,271.76236,-377.12927,948.31915,100
479,364.72314,-505.80408,1272.5294,100
480,417.15985,64.622444,498.55026,100
481,55.041435,-71.26519,182.4156,100
482,432.8734,-600.5063,1510.8102,100
483,680.68945,125.43951,792.1149,100
484,267.32593,-370.9434,932.76807,100
485,539.9734,-748.4255,1883.5986,100
486,128.97887,-183.88885,452.5477,100
487,222.64682,-309.2613,777.1342,100
488,384.67896,-533.5293,1342.2797,100
489,715.6471,133.25618,831.32,100
490,386.0578,-535.4191,1347.0928,100
491,381.03656,-528.4321,1329.5073,100
492,135.93558,-190.04625,475.22556,100
493,392.818,-544.7513,1370.5913,100
494,308.7021,-428.53943,1077.6807,100
495,605.36676,109.8205,706.3151,100
496,513.21533,-711.5071,1790.5098,100
497,141.50871,-199.85605,495.84958,100
0,675.39294,137.5643,770.89484,150
1,397.93674,-562.451,1382.6107,150
2,671.20544,135.99356,766.8367,150
3,173.52895,-256.2592,616.5776,150
4,311.54575,-445.33353,1088.8177,150
5,261.91537,-377.64542,919.4847,150
6,656.68164,131.97221,751.3365,150
7,149.35706,-224.09564,534.7941,150
8,134.41498,-202.34138,482.0804,150
9,87.606064,-82.927505,224.9741,150
10,75.03905,-118.158485,269.36703,150
11,647.308,129.20268,741.5058,150
12,128.7206,-197.63556,464.38184,150
13,222.65701,-323.217,784.1877,150
14,237.51465,-343.95847,835.5929,150
15,416.75406,52.30142,510.0862,150
16,547.2364,103.593414,632.5861,150
17,137.52312,-209.80713,495.20447,150
18,83.28781,-130.06096,300.09662,150
19,138.41765,-211.55827,498.70813,150
20,334.987,-2.2701552,460.13977,150
21,648.97864,129.4739,743.4908,150
22,140.20024,-215.5781,505.43695,150
23,185.8075,-273.1352,658.62054,150
24,79.41318,-124.56238,278.0694,150
25,656.6454,133.15503,750.09717,150
26,211.89273,-308.6054,747.5467,150
27,452.6774,71.2264,538.3052,150
28,479.0732,79.8628,565.0296,150
29,875.3489,195.02036,982.1785,150
30,253.57271,-366.07272,890.72107,150
31,123.6477,-191.53122,446.75488,150
32,282.8442,-405.99268,990.6047,150
33,233.31601,-337.3413,819.99817,150
34,248.64236,-358.9807,873.33624,150
35,198.03079,-289.80658,700.4256,150
36,367.13605,-522.3048,1279.9894,150
37,404.38156,47.627552,498.41956,150
38,252.81265,-364.65988,887.59564,150
39,658.0224,132.73346,752.3791,150
40,159.26718,-237.23972,568.337,150
41,213.77226,-311.3087,754.18744,150
42,253.4366,-365.753,890.03546,150
43,282.11545,-405.1528,988.3134,150
44,659.3087,132.44824,754.39655,150
45,253.46973,-365.67685,890.0036,150
46,660.50635,132.84703,755.59735,150
47,138.65836,-209.82193,498.28876,150
48,361.83,-515.04675,1261.9265,150
49,48.0486,-70.99741,167.31078,150
50,402.2043,-569.6394,1398.987,150
51,680.3948,139.01724,776.1446,150
52,153.01608,-228.99124,547.0061,150
53,163.05115,-242.21344,580.8438,150
54,666.106,134.49347,761.48285,150
55,137.4816,-210.52795,495.52423,150
56,585.48914,114.19724,673.4329,150
57,168.60298,-14.753454,247.29314,150
58,337.75845,-482.19827,1179.7765,150
59,518.4591,94.16833,603.37775,150
60,607.8202,118.495,699.10785,150
61,629.26074,124.6049,721.86346,150
62,643.4658,131.59491,733.92694,150
63,447.93622,-633.098,1556.4127,150
64,214.3208,-312.27335,756.341,150
65,375.1642,26.440111,482.16443,150
66,114.074524,-173.58371,410.39587,150
67,662.89124,133.56964,758.08966,150
68,84.596344,-133.88348,304.62848,150
69,297.2914,-426.3464,1040.7788,150
70,236.37845,-342.3978,831.7123,150
71,83.4945,-132.34767,299.58582,150
72,548.9066,106.10804,632.3106,150
73,279.45428,-401.7418,979.5775,150
74,344.6157,5.153512,465.01553,150
75,240.63687,-348.22195,846.2214,150
76,145.52472,-220.26239,522.5958,150
77,90.512344,-142.91632,326.57257,150
78,638.2617,126.598854,731.96075,150
79,177.73291,-261.98996,630.87085,150
80,196.96588,-288.01938,696.19916,150
81,199.46204,-291.66064,705.15216,150
82,456.6119,-646.3769,1587.9735,150
83,172.97763,-255.67368,614.72394,150
84,97.31439,-151.95636,351.76257,150
85,595.7062,115.649704,685.71765,150
86,140.66098,-214.33107,506.25623,150
87,213.15996,-310.7006,752.44403,150
88,328.40933,-468.23343,1146.2584,150
89,380.1551,-540.0438,1324.4064,150
90,278.4745,-27.098993,411.54736,150
91,144.22594,-216.56313,516.64087,150
92,159.44061,-237.6437,569.09015,150
93,375.0502,-533.1857,1307.1708,150
94,431.54956,-611.10004,1501.0363,150
95,178.75456,-263.48645,634.41016,150
96,304.06442,-435.8458,1064.2456,150
97,250.95825,-362.34134,881.58124,150
98,246.92523,-356.7925,867.6839,150
99,594.4597,117.08852,682.5827,150
100,160.97762,-239.63914,574.2116,150
101,438.07645,61.81913,528.6938,150
102,71.49751,-86.481224,209.03773,150
103,145.68697,-219.42404,522.5435,150
104,642.26196,127.54925,736.37384,150
105,76.370575,-94.643166,239.84471,150
106,259.97964,-374.45166,912.0714,150
107,110.40054,-172.45714,399.5067,150
108,152.29034,-227.59921,544.3114,150
109,646.64514,129.76105,740.06537,150
110,236.26762,-342.3915,831.5043,150
111,246.83081,-355.7816,866.1659,150
112,122.31578,-189.62846,441.89478,150
113,140.23914,-212.13504,503.90863,150
114,183.89363,-270.1444,651.54877,150
115,494.97433,88.46743,577.60425,150
116,241.33707,-349.15213,848.60516,150
117,270.60834,-20.287989,392.73627,150
118,178.99413,-263.73038,635.3062,150
119,174.21857,-257.34958,619.0982,150
120,650.8059,130.20422,745.2213,150
121,126.998566,-194.6859,458.24432,150
122,64.815285,-97.180016,230.48227,150
123,187.31273,-275.04044,663.57306,150
124,382.3876,-542.72253,1331.527,150
125,167.95746,-249.138,598.06726,150
126,261.84995,-377.31055,918.89874,150
127,193.40372,-22.08108,289.38586,150
128,181.33395,-266.60794,642.88025,150
129,123.99086,-195.30988,449.1566,150
130,196.03726,-286.73172,693.0671,150
131,630.47644,124.77282,723.3182,150
132,137.50226,-207.44408,493.76453,150
133,435.22092,-616.4602,1513.9694,150
134,236.61069,-342.5529,832.2811,150
135,118.09285,-181.21712,426.03436,150
136,205.97208,-300.6556,727.5002,150
137,417.16553,-591.8704,1452.4152,150
138,232.51099,-337.1488,818.6103,150
139,663.88947,133.82932,759.1691,150
140,533.83307,100.42918,617.7532,150
141,196.49329,-287.41776,694.724,150
142,244.64285,-353.64865,859.8664,150
143,228.49405,-331.4098,804.4539,150
144,656.7874,131.76428,751.69135,150
145,378.0197,29.918596,482.09546,150
146,327.68274,-468.25363,1145.1127,150
147,143.74002,-216.68161,515.75543,150
148,691.12024,142.26033,787.3343,150
149,47.252296,-63.731712,147.7429,150
150,309.95462,-442.50998,1082.5006,150
151,255.60747,-369.04282,897.9471,150
152,166.7873,-247.49094,593.89307,150
153,207.28125,-302.47485,732.01587,150
154,205.68695,-300.4412,726.7612,150
155,153.22354,-229.38399,547.9969,150
156,306.87607,-439.3154,1073.3595,150
157,137.20515,-209.4299,494.10406,150
158,677.7002,138.0009,773.5535,150
159,201.87524,-295.26852,713.8051,150
160,155.1063,-231.68083,554.2053,150
161,156.67368,-18.63421,235.74779,150
162,88.61949,-137.56924,319.56784,150
163,224.6726,-326.09222,791.22485,150
164,256.55063,-369.09518,899.4161,150
165,242.91214,-351.40912,854.1048,150
166,311.5532,-444.7922,1088.143,150
167,243.13034,-351.6228,854.8146,150
168,179.26215,-264.56906,636.57965,150
169,607.32056,118.64093,698.30927,150
170,173.91492,-256.95773,618.0368,150
171,611.93835,120.23847,702.9389,150
172,138.98596,-213.10115,500.69513,150
173,261.20312,-376.2632,916.46246,150
174,203.03987,-296.81152,717.6865,150
175,226.41177,-328.79486,797.66455,150
176,168.08838,-248.8899,598.0599,150
177,685.844,141.02946,781.45026,150
178,185.3658,-272.57492,657.14606,150
179,159.59662,-237.58734,569.3414,150
180,356.9859,-508.14453,1245.0243,150
181,162.51724,-241.6167,579.36505,150
182,70.29115,-110.24175,251.78217,150
183,147.92198,-222.67844,530.1841,150
184,656.82214,131.75006,751.75055,150
185,256.23315,-369.5054,899.53754,150
186,419.52982,60.019505,505.49756,150
187,168.01852,-249.15358,598.16425,150
188,183.71243,-270.3242,651.50433,150
189,179.68027,-264.9892,638.015,150
190,140.22592,-213.70338,504.7614,150
191,138.273,-213.00824,498.60944,150
192,142.78812,-215.45923,512.47174,150
193,163.95517,-242.92368,583.6174,150
194,191.16708,-280.30978,676.74896,150
195,376.25772,30.200552,479.53534,150
196,282.46945,-24.68173,414.32843,150
197,282.5721,-404.82303,988.6245,150
198,199.45241,-291.89185,705.4947,150
199,235.52042,-340.74368,828.1026,150
200,200.77917,-293.65927,709.93915,150
201,137.93124,-209.49,496.25543,150
202,206.48969,-301.49637,729.5319,150
203,234.78326,-339.92892,825.83514,150
204,138.35583,-212.83282,498.85547,150
205,278.53394,-400.08646,975.898,150
206,231.28403,-335.01666,813.685,150
207,433.19363,60.963074,522.99945,150
208,112.43791,-177.45746,407.13248,150
209,48.522263,-44.122932,119.52733,150
210,74.3486,-107.13423,246.41905,150
211,175.46823,-259.1852,623.4549,150
212,135.53796,-206.035,487.95532,150
213,447.4051,65.066345,537.7894,150
214,522.9326,100.806786,602.748,150
215,389.04382,-552.54834,1355.3549,150
216,662.13776,133.29233,757.35236,150
217,308.68546,-16.47236,440.73077,150
218,115.3842,-179.35207,417.13516,150
219,237.69238,-344.54767,836.6425,150
220,201.96094,-294.83112,713.2992,150
221,216.21382,-314.17862,761.82416,150
222,373.65952,-530.6047,1301.4581,150
223,229.54616,-332.68405,807.81573,150
224,51.017143,-76.64995,175.2006,150
225,143.96753,-217.04886,516.6282,150
226,274.69962,-395.20792,963.25415,150
227,56.83211,-79.31167,181.52914,150
228,218.2086,-317.19238,769.0812,150
229,425.67758,-603.5083,1481.4799,150
230,188.2167,-276.42673,666.84735,150
231,246.41403,-356.1708,866.06134,150
232,549.34174,106.17173,632.868,150
233,313.666,-10.895194,441.07056,150
234,155.45404,-232.36479,555.5944,150
235,245.6832,-354.91342,863.21375,150
236,149.30603,-224.19656,534.78705,150
237,258.1138,-372.3336,906.3361,150
238,172.32109,-254.73895,612.4292,150
239,130.89252,-201.01631,472.25983,150
240,317.95578,-453.78586,1110.3248,150
241,239.28146,-346.2953,841.5158,150
242,168.70868,-250.00497,600.42365,150
243,123.056,-188.15387,443.7109,150
244,252.22223,-363.22778,884.70886,150
245,140.30452,-212.63144,504.18832,150
246,293.53244,-420.85068,1027.4951,150
247,98.41383,-69.51806,220.88689,150
248,419.98227,-594.8354,1460.9305,150
249,230.87395,-335.1048,813.1531,150
250,220.59363,-320.5392,777.37604,150
251,98.74995,-45.508568,188.57095,150
252,54.74464,-73.5037,170.55214,150
253,144.65369,-218.49457,519.33124,150
254,430.37357,-610.0554,1497.6718,150
255,419.2135,53.28492,512.372,150
256,91.33287,-145.00867,327.63464,150
257,234.53276,-338.66257,823.7111,150
258,338.2321,-482.40036,1180.7455,150
259,261.04025,-376.17004,916.0498,150
260,257.70908,-371.6968,904.8055,150
261,170.65967,-252.45023,606.8523,150
262,154.07571,-229.75897,550.0995,150
263,335.31985,-477.57016,1169.6971,150
264,93.44442,-148.4372,337.25427,150
265,71.33428,-103.53617,236.39467,150
266,344.9716,-491.91278,1204.182,150
267,591.52856,-831.0589,2049.0625,150
268,142.60408,-217.89078,513.2259,150
269,663.2667,134.02231,758.1336,150
270,318.35214,-454.17105,1111.453,150
271,105.237274,-166.99902,380.58176,150
272,255.91245,-369.3483,898.8465,150
273,200.83838,-293.70703,710.0505,150
274,111.63466,-175.24484,404.08356,150
275,246.92404,-356.36496,867.14886,150
276,413.6045,-586.8977,1440.1107,150
277,143.87459,-217.57272,516.8732,150
278,659.25415,132.41612,754.34863,150
279,171.42227,-253.20682,609.2564,150
280,485.3398,92.78065,560.19147,150
281,148.17043,-221.78268,530.0452,150
282,191.6019,-281.19412,678.61993,150
283,80.361694,-120.74327,280.8071,150
284,334.28683,-477.43985,1167.8505,150
285,137.05692,-212.34203,494.93536,150
286,237.39606,-343.2678,834.44196,150
287,219.35953,-319.15625,773.5141,150
288,187.1247,-274.66452,662.8056,150
289,141.06259,-212.27908,505.90112,150
290,218.10382,-317.43408,769.25024,150
291,549.22534,104.918434,633.8825,150
292,182.36108,-268.30783,646.62256,150
293,319.10526,-9.76834,447.04626,150
294,485.2048,86.03568,566.94147,150
295,130.53235,-203.24924,471.90558,150
296,197.75446,-289.4773,699.5231,150
297,199.62859,-291.43872,705.07855,150
298,172.45091,-255.00018,613.17035,150
299,638.1127,126.66512,731.6955,150
300,652.3595,131.23537,746.2751,150
301,116.91481,-183.19499,423.12476,150
302,229.8751,-32.078037,350.90555,150
303,59.025032,-90.79716,205.18056,150
304,269.1331,-387.08493,943.4868,150
305,95.31279,-64.1955,216.5645,150
306,135.48232,-52.040695,247.02438,150
307,132.11862,-201.97101,476.30072,150
308,310.3137,-444.05814,1085.159,150
309,233.95982,-338.465,822.5297,150
310,276.93274,-398.26486,970.96344,150
311,584.9359,112.49538,674.3562,150
312,162.27652,-241.21176,578.4992,150
313,257.99216,-372.17004,905.8637,150
314,194.84639,-284.87085,688.5645,150
315,140.34268,-213.97888,505.2087,150
316,144.2172,-218.0018,517.434,150
317,391.53696,47.451973,481.33063,150
318,140.36084,-211.737,503.6336,150
319,224.67537,-325.4364,790.3945,150
320,187.86037,-275.91898,665.6302,150
321,191.00128,-280.30453,676.4767,150
322,142.55957,-216.24063,512.3593,150
323,496.345,92.23046,575.6353,150
324,299.74088,-429.2034,1048.5172,150
325,361.0514,-514.03864,1259.3549,150
326,274.4518,-394.1826,961.4443,150
327,661.9813,133.3346,757.0992,150
328,187.31047,-275.1941,663.85065,150
329,172.25754,-254.1378,611.7607,150
330,666.0901,134.47772,761.47797,150
331,282.0111,-404.53964,987.3504,150
332,155.99942,-233.17178,557.4945,150
333,116.64035,-183.12148,422.48416,150
334,666.9397,134.74435,762.3531,150
335,142.00925,-215.28085,510.46466,150
336,488.4916,90.35908,566.9865,150
337,227.85002,-330.71826,802.5071,150
338,126.37477,-193.68735,455.9561,150
339,189.65869,-277.51877,670.80365,150
340,288.53125,-414.22873,1010.6718,150
341,69.84099,-107.9987,242.3637,150
342,152.82025,-45.9377,261.66827,150
343,368.05344,22.196573,477.53015,150
344,194.11334,-40.105915,311.33215,150
345,812.11475,176.73328,915.5367,150
346,119.905075,-182.44687,431.7237,150
347,146.54547,-45.73759,253.72014,150
348,131.69644,-203.75049,475.43146,150
349,421.39072,-597.4388,1466.6459,150
350,263.49078,-379.86484,924.92523,150
351,156.82077,-233.49869,559.5119,150
352,319.87845,-457.5122,1118.3456,150
353,182.27727,-268.05447,646.3644,150
354,160.521,-238.15038,571.8542,150
355,340.06454,-485.7007,1188.1105,150
356,522.2383,99.88775,602.61566,150
357,176.16113,-260.1384,625.867,150
358,251.91565,-363.48883,884.5849,150
359,128.7386,-200.39978,465.47177,150
360,627.0132,123.30574,720.1276,150
361,631.1384,125.006065,723.9715,150
362,273.19025,-392.80014,957.65466,150
363,179.99684,-264.787,638.3918,150
364,521.7256,103.74549,598.16974,150
365,653.8209,130.88312,748.5851,150
366,223.41457,-324.65793,787.346,150
367,156.81473,-233.75699,559.7779,150
368,289.30814,-415.07968,1012.99554,150
369,150.79422,-225.77615,539.3923,150
370,184.08127,-270.8525,652.9656,150
371,654.57983,131.72783,748.7576,150
372,329.6182,-471.0659,1151.9879,150
373,647.05725,129.59726,740.78033,150
374,225.2114,-44.089077,358.8015,150
375,252.30122,-364.23508,886.269,150
376,73.94095,-115.147705,265.7807,150
377,299.82648,-428.7157,1047.944,150
378,622.3227,122.89292,714.23663,150
379,270.7114,-389.24875,948.94727,150
380,299.08737,-429.2358,1047.559,150
381,315.45206,-450.99255,1102.5902,150
382,176.06403,-259.8931,625.41144,150
383,373.66025,24.933565,482.1183,150
384,646.3039,128.85735,740.5113,150
385,138.13573,-211.04541,497.59518,150
386,85.56183,-135.77274,305.9687,150
387,234.41182,-338.7057,823.56744,150
388,95.71205,-99.10563,258.85446,150
389,302.41254,-433.1561,1058.0322,150
390,413.1273,-585.3039,1437.2457,150
391,86.25491,-136.7066,309.76978,150
392,227.74472,-330.53445,802.04047,150
393,214.01547,-311.5494,754.8777,150
394,139.75488,-213.1123,503.11053,150
395,548.83124,-773.26935,1904.003,150
396,293.3043,-420.17828,1026.1937,150
397,155.65543,-232.77072,556.3963,150
398,663.17236,133.60617,758.42834,150
399,411.52542,-583.0371,1431.6992,150
400,498.27853,87.640465,582.8064,150
401,253.73259,-366.24753,891.1739,150
402,381.21762,30.818531,485.68915,150
403,672.8975,136.90637,768.1767,150
404,74.530174,-97.86202,236.32726,150
405,115.75188,-182.73112,419.04364,150
406,327.34766,-466.30283,1141.9552,150
407,305.30246,-436.57474,1067.1903,150
408,220.61154,-19.406614,323.54407,150
409,361.13898,19.691494,470.99774,150
410,670.23315,135.75728,765.7684,150
411,367.90622,20.155151,479.55054,150
412,213.5592,-310.45343,752.6349,150
413,205.7651,-300.52158,726.9725,150
414,108.85347,-170.41173,393.8504,150
415,275.48123,-395.5912,964.9701,150
416,377.29947,-536.03766,1314.5189,150
417,304.95987,-435.72,1065.5391,150
418,257.87653,-371.8596,905.26794,150
419,194.45543,-285.11502,688.42633,150
420,96.33841,-86.196846,245.25517,150
421,225.18231,-327.38272,793.8759,150
422,350.49564,8.036557,469.61505,150
423,151.8471,-227.32213,543.2211,150
424,200.272,-293.02267,708.23315,150
425,123.20325,-192.52138,445.8487,150
426,105.36865,-160.33817,379.19748,150
427,353.42105,-503.34143,1232.914,150
428,281.37183,-404.37613,986.1053,150
429,282.83658,-406.31595,991.09644,150
430,579.29736,-815.1359,2008.2693,150
431,135.73772,-204.49893,486.91602,150
432,359.16763,-511.52896,1252.9342,150
433,485.61536,86.84734,566.53265,150
434,258.20184,-371.9531,905.91583,150
435,545.3401,103.51705,630.1195,150
436,591.73303,114.973656,681.05023,150
437,237.56851,-343.56488,835.11945,150
438,578.1024,113.42115,664.2951,150
439,185.0853,-51.47802,312.14148,150
440,405.59097,47.07071,500.66043,150
441,527.3875,98.263115,611.2713,150
442,231.59384,-336.04428,815.59515,150
443,250.22723,-361.33582,878.9883,150
444,234.60431,-339.52628,825.01306,150
445,63.270893,-98.438965,224.63237,150
446,253.29266,-365.0399,888.814,150
447,309.8293,-442.90353,1082.8391,150
448,154.34515,-230.59216,551.54956,150
449,147.38675,-222.91754,529.32007,150
450,352.2107,-501.50534,1228.5543,150
451,141.52072,-214.15955,508.37158,150
452,213.53041,-310.82498,753.12787,150
453,644.00665,127.92568,738.3558,150
454,214.63939,-312.8253,757.61993,150
455,268.3398,-386.17273,941.03174,150
456,119.58207,-180.86482,429.53342,150
457,142.95506,-216.83968,513.86945,150
458,340.05435,-484.9988,1187.1853,150
459,660.5896,133.02682,755.53284,150
460,252.22961,-363.87424,885.63995,150
461,638.9401,130.97339,728.4941,150
462,337.7604,-481.62872,1179.0193,150
463,308.60678,-441.175,1078.5885,150
464,178.77206,-263.2818,634.1693,150
465,303.20663,-434.4962,1061.087,150
466,380.56717,-539.85266,1324.8048,150
467,193.92914,-283.9352,685.9901,150
468,168.19186,-249.31757,598.7277,150
469,146.28546,-219.95833,524.2863,150
470,82.47319,-126.26412,287.85406,150
471,140.2413,-213.21252,504.48077,150
472,353.91672,14.877625,466.7091,150
473,177.29683,-261.61472,629.7242,150
474,214.80505,-312.76505,757.7454,150
475,272.73865,-392.05276,955.95746,150
476,255.35919,-369.09555,897.637,150
477,665.77026,134.54718,760.9759,150
478,155.22241,-232.21182,554.93726,150
479,257.19153,-371.00455,903.0067,150
480,499.4821,89.500336,582.5872,150
481,263.21918,-25.902937,389.1455,150
482,341.33145,-487.42813,1192.4371,150
483,643.2081,127.932304,737.27374,150
484,170.65009,-252.50813,606.8237,150
485,325.34348,-463.82394,1135.4952,150
486,317.21744,-11.804512,447.03455,150
487,132.91576,-203.81354,479.28717,150
488,246.26276,-356.19913,865.8591,150
489,623.5266,122.5566,716.1789,150
490,209.30327,-305.2559,739.00165,150
491,220.86644,-320.97885,778.41144,150
492,68.90753,-100.4498,242.35722,150
493,254.1442,-366.8934,892.665,150
494,125.36862,-190.92645,451.10855,150
495,655.6304,132.40366,749.4823,150
496,304.51834,-436.27542,1065.5656,150
497,108.62456,-64.72044,231.73671,150
0,595.6603,148.88065,661.3001,200
1,237.42896,-358.41696,888.37537,200
2,590.5477,146.14455,657.0205,200
3,117.89186,-190.28651,453.27945,200
4,148.53148,-233.63371,566.9662,200
5,123.02815,-197.7938,473.86127,200
6,580.0842,141.10205,647.70984,200
7,87.23323,-146.20569,325.8043,200
8,118.402596,-190.91347,455.47803,200
9,164.8338,-68.69983,302.4127,200
10,176.57913,-74.57696,323.5166,200
11,565.64453,132.4375,636.2849,200
12,86.003716,-144.04504,315.80176,200
13,122.17638,-197.1037,469.73972,200
14,149.24112,-234.82413,569.7267,200
15,429.0431,43.785465,536.60535,200
16,557.86273,128.51926,629.42993,200
17,114.19286,-189.54506,429.45352,200
18,117.23819,-192.2698,445.6701,200
19,115.21348,-191.50821,433.18845,200
20,385.9586,12.73206,510.45605,200
21,573.4993,136.94664,642.72034,200
22,119.18428,-196.88885,450.87054,200
23,121.94707,-196.31918,468.96384,200
24,110.69519,-185.75424,414.51486,200
25,560.35767,130.5881,630.89197,200
26,116.04748,-188.94089,443.58633,200
27,434.26004,48.306633,538.9055,200
28,548.03485,120.90085,623.15497,200
29,693.42163,186.70679,756.7699,200
30,131.36969,-209.69598,504.79715,200
31,114.212906,-189.20786,430.14108,200
32,154.88322,-242.59134,590.0754,200
33,152.79805,-239.12904,581.53894,200
34,147.9689,-232.8707,564.8321,200
35,133.16504,-212.00452,511.02576,200
36,216.67285,-330.53473,815.0228,200
37,406.23895,24.740536,525.4407,200
38,149.33498,-234.3483,569.1852,200
39,594.2197,148.61551,659.59717,200
40,99.34006,-164.35834,373.65878,200
41,145.17828,-228.86166,554.64136,200
42,121.545334,-195.5681,467.7042,200
43,168.6437,-262.2576,640.3053,200
44,587.6708,144.76611,654.4603,200
45,145.88011,-230.1337,557.38257,200
46,579.02527,140.07645,647.2366,200
47,98.05934,-163.3566,367.873,200
48,169.5993,-264.43143,644.855,200
49,69.04057,-110.463936,238.88087,200
50,209.58447,-320.21533,788.9281,200
51,598.5151,150.2406,663.8357,200
52,118.293396,-194.16948,449.57675,200
53,118.400665,-194.97906,448.70755,200
54,590.05115,145.99069,656.4964,200
55,117.17528,-193.87192,442.23233,200
56,530.31036,111.95403,607.56824,200
57,247.34811,-35.79892,376.0841,200
58,183.04721,-283.5169,693.7478,200
59,539.3994,113.54156,618.23914,200
60,553.54175,123.05657,628.55725,200
61,578.5485,140.29536,646.40576,200
62,628.47595,163.1547,691.7948,200
63,226.76111,-345.28976,852.45374,200
64,123.66569,-198.60919,476.07034,200
65,462.21585,66.30326,558.3219,200
66,101.54231,-166.91916,383.72287,200
67,594.2664,148.09752,660.1668,200
68,113.474686,-114.62902,297.30026,200
69,161.59906,-252.61092,615.1333,200
70,130.87642,-209.098,503.09058,200
71,89.601135,-150.61624,332.63803,200
72,588.2788,146.5742,653.5459,200
73,141.56247,-224.64624,542.5783,200
74,458.12402,61.58227,557.59265,200
75,163.16962,-254.22893,619.8816,200
76,117.11956,-193.94621,442.1517,200
77,104.400986,-173.14598,392.77652,200
78,561.47394,129.42578,633.42786,200
79,113.922905,-185.92639,434.25253,200
80,122.89545,-199.43546,471.69565,200
81,114.972404,-185.51077,441.88406,200
82,263.8918,-399.4593,989.2925,200
83,118.1613,-192.54762,451.60684,200
84,104.236084,-173.28894,391.39996,200
85,563.2544,131.00859,634.38727,200
86,114.58071,-190.32336,430.8361,200
87,149.68414,-235.98032,572.0801,200
88,171.90906,-266.53607,651.5586,200
89,179.82181,-278.5358,681.4865,200
90,534.1243,116.04005,608.9799,200
91,114.96971,-186.95367,439.8102,200
92,119.97347,-194.46783,460.718,200
93,262.7279,-395.99994,982.547,200
94,224.07938,-341.9269,843.2799,200
95,123.1348,-198.14105,473.06863,200
96,190.80225,-294.4547,721.94385,200
97,154.85977,-242.78735,590.26984,200
98,125.71869,-201.49664,483.2261,200
99,610.91223,155.62436,675.3828,200
100,115.12662,-188.92337,436.98303,200
101,462.948,66.02685,559.5998,200
102,101.8405,-128.41457,301.93497,200
103,96.291626,-161.68936,355.13797,200
104,542.20593,115.285164,620.4154,200
105,281.82156,-15.378534,399.14603,200
106,157.6922,-246.25626,599.63196,200
107,116.73135,-192.53967,441.59006,200
108,109.34775,-181.29755,411.1598,200
109,587.17834,144.86497,653.6975,200
110,154.31847,-241.84949,587.9603,200
111,159.23376,-247.81287,604.3168,200
112,107.856895,-180.35904,404.07993,200
113,111.28259,-185.09546,418.06094,200
114,113.47084,-186.62112,429.8121,200
115,504.63892,94.739174,588.8104,200
116,134.37067,-213.63983,515.2964,200
117,420.8982,36.718792,532.85596,200
118,112.55913,-183.83005,428.26633,200
119,109.55208,-179.61984,415.1649,200
120,586.4536,144.25937,653.3063,200
121,116.524956,-190.0233,444.8289,200
122,101.50887,-165.91888,384.8549,200
123,115.62762,-188.04343,442.23138,200
124,195.92953,-300.75183,739.1914,200
125,119.27606,-193.94783,457.04425,200
126,159.11206,-248.80188,605.68964,200
127,390.60464,17.09871,512.21826,200
128,141.35732,-223.63364,541.05524,200
129,94.1745,-151.50996,338.7963,200
130,117.93988,-191.09952,452.7228,200
131,576.14984,138.71321,644.64636,200
132,298.19324,-29.712254,435.9955,200
133,201.64812,-310.22418,761.9939,200
134,142.34554,-224.80368,544.29443,200
135,116.21116,-190.83475,441.04962,200
136,116.32475,-188.68033,446.06485,200
137,223.69743,-342.05414,842.8856,200
138,167.52087,-261.20285,636.94324,200
139,588.7809,145.39117,655.3579,200
140,460.86078,64.74035,558.0737,200
141,114.4391,-185.59131,438.62225,200
142,142.22736,-224.74643,543.9391,200
143,123.780014,-198.47397,476.22968,200
144,584.41284,143.23987,651.5189,200
145,400.9679,23.3653,519.65106,200
146,142.65643,-226.02827,546.5982,200
147,115.078125,-189.24722,435.95535,200
148,609.6096,154.95526,674.2799,200
149,96.42885,-158.93428,363.0095,200
150,180.69293,-278.76474,683.0372,200
151,154.30351,-242.3854,588.7351,200
152,117.94135,-193.20303,448.81497,200
153,117.334045,-190.35745,449.91653,200
154,121.29466,-196.49881,466.1683,200
155,114.886955,-190.30667,432.80444,200
156,162.84735,-254.18843,619.38763,200
157,116.03729,-191.71013,438.25983,200
158,600.6986,150.9786,666.0784,200
159,148.7242,-234.01526,567.65936,200
160,115.66159,-188.85495,440.83517,200
161,332.8303,-14.135514,466.49573,200
162,88.497025,-131.44995,288.52847,200
163,121.03826,-195.7186,465.39288,200
164,145.88113,-229.13968,556.13904,200
165,125.706924,-201.75116,483.38187,200
166,219.30978,-333.09552,822.9873,200
167,144.7224,-228.63123,553.79944,200
168,120.96002,-197.2314,462.6213,200
169,541.52344,115.5003,619.3203,200
170,116.107475,-188.90161,443.93332,200
171,574.8993,138.155,643.4877,200
172,115.60247,-191.7664,435.29813,200
173,128.14835,-204.80338,492.43192,200
174,116.3445,-189.05917,445.28873,200
175,134.54268,-214.10622,516.19464,200
176,130.82828,-208.51552,502.2839,200
177,611.0124,155.7536,675.39185,200
178,116.71834,-189.78384,446.61337,200
179,113.83858,-187.92274,429.68362,200
180,200.39145,-307.02502,755.2749,200
181,114.223495,-189.29364,429.94614,200
182,158.86545,-89.49665,319.44577,200
183,117.41688,-192.78699,445.8406,200
184,579.21106,140.3061,647.2775,200
185,135.3094,-215.34439,519.1532,200
186,390.25586,13.021502,516.02386,200
187,117.31462,-190.85674,448.85287,200
188,128.75035,-205.71173,494.00592,200
189,115.60889,-189.171,439.75977,200
190,117.594604,-194.99362,443.21432,200
191,115.31932,-190.68167,435.8193,200
192,112.517105,-185.66663,424.92783,200
193,115.14267,-186.09738,442.47974,200
194,117.321045,-190.18115,450.2428,200
195,170.0646,-50.07622,296.43408,200
196,356.4628,-10.777288,495.1035,200
197,164.82645,-256.0849,625.3082,200
198,135.69716,-216.10876,520.8665,200
199,136.62617,-216.72363,523.4355,200
200,124.846405,-200.55273,480.42935,200
201,117.15755,-191.78925,445.8668,200
202,127.92305,-204.90195,492.41684,200
203,147.72867,-232.54567,564.21423,200
204,100.10408,-167.02791,375.46774,200
205,124.28679,-201.19775,478.02206,200
206,137.52682,-218.10553,526.4319,200
207,512.55835,101.54252,593.25995,200
208,250.30377,-36.232323,378.33713,200
209,52.836212,-78.646034,172.4972,200
210,273.39365,-31.996422,404.8995,200
211,117.7231,-192.69269,448.10638,200
212,117.61557,-192.92238,446.9932,200
213,559.76746,128.17015,632.2811,200
214,534.1546,120.97,604.63165,200
215,178.71524,-278.0228,678.89343,200
216,593.7512,147.74634,659.8059,200
217,494.8246,87.87216,581.96155,200
218,116.7287,-191.89258,442.73,200
219,119.22641,-192.12842,458.77176,200
220,119.12584,-192.85907,457.56302,200
221,128.26064,-204.8481,492.39456,200
222,217.94614,-331.99673,819.2594,200
223,128.86827,-205.78662,494.81033,200
224,90.93051,-125.0982,279.62567,200
225,114.70549,-189.75803,432.39322,200
226,156.31068,-245.08018,595.8231,200
227,82.39432,-135.2374,293.4133,200
228,137.8446,-218.34436,527.7251,200
229,234.42543,-356.89612,881.2971,200
230,118.32683,-192.73734,452.49237,200
231,120.25227,-194.68,462.2657,200
232,585.1281,144.71826,651.0731,200
233,321.3925,-23.64475,460.89328,200
234,109.41316,-182.1857,411.06305,200
235,154.71725,-242.19128,589.09216,200
236,115.62097,-189.06339,440.14444,200
237,174.66898,-270.9842,662.4053,200
238,118.282104,-192.86868,451.83102,200
239,101.639725,-171.09999,378.79678,200
240,181.66916,-280.45782,687.1313,200
241,142.1016,-224.68094,543.52686,200
242,116.44736,-189.83281,444.5286,200
243,118.10565,-190.95004,453.93314,200
244,145.13782,-228.47382,553.911,200
245,124.20056,-200.37146,477.8634,200
246,158.87398,-248.728,605.2694,200
247,310.60983,-28.88908,451.79437,200
248,191.46896,-295.6509,724.65216,200
249,123.0341,-197.79202,473.5991,200
250,136.73303,-216.8369,523.7567,200
251,201.00139,-71.20988,350.5211,200
252,122.017914,-107.8854,294.17188,200
253,118.13045,-192.90475,450.72098,200
254,220.8736,-337.46747,831.7286,200
255,479.364,80.19325,568.3722,200
256,115.307526,-191.44846,434.01962,200
257,146.75275,-230.29633,559.22974,200
258,161.45038,-252.06595,614.0827,200
259,163.56882,-254.87369,621.5337,200
260,138.91638,-220.27654,532.3972,200
261,115.67702,-188.41003,441.83585,200
262,111.058975,-181.55145,422.38828,200
263,172.57922,-267.5336,654.14355,200
264,203.50342,-52.20727,334.40875,200
265,101.9865,-133.77173,318.4493,200
266,203.09155,-311.53284,766.1272,200
267,308.58975,-462.62213,1151.1921,200
268,110.92675,-184.31058,417.45123,200
269,590.0397,146.0325,656.4371,200
270,162.37079,-252.81094,616.62683,200
271,100.03917,-167.44603,373.6904,200
272,117.74861,-189.62802,453.1005,200
273,119.337166,-193.09537,458.68533,200
274,117.22902,-193.90091,442.6454,200
275,144.46655,-227.51038,551.7185,200
276,183.49167,-284.32513,695.70215,200
277,116.3958,-192.87674,438.9263,200
278,581.1526,141.36676,648.896,200
279,79.43718,-131.72313,298.00192,200
280,463.20114,71.55484,554.76465,200
281,95.34232,-157.30695,358.78445,200
282,137.23186,-217.76761,525.726,200
283,130.88298,-126.149506,348.89438,200
284,197.22427,-303.65234,745.3634,200
285,117.46263,-194.84947,442.65598,200
286,128.00058,-205.20401,491.4827,200
287,118.62642,-192.43912,455.08035,200
288,124.21175,-198.98343,477.33948,200
289,114.84438,-187.19688,438.16464,200
290,133.94984,-213.2453,514.02783,200
291,458.4496,66.119774,553.4158,200
292,120.68576,-195.70163,463.3671,200
293,444.52182,53.533195,547.45764,200
294,507.3128,96.11991,591.1349,200
295,111.04579,-184.60553,417.2794,200
296,114.9359,-187.69583,437.8615,200
297,117.98065,-191.25388,452.81326,200
298,113.22122,-185.99622,428.95615,200
299,574.23303,137.35956,643.3254,200
300,594.5858,148.34773,660.36084,200
301,89.3172,-126.25561,288.67905,200
302,404.22433,24.765434,522.83234,200
303,227.26288,-63.023205,375.88226,200
304,160.69662,-250.63898,610.85254,200
305,210.71431,-50.901386,344.87772,200
306,315.18018,-26.701859,455.68436,200
307,114.07123,-188.83745,429.70798,200
308,172.75818,-268.21515,655.416,200
309,124.59013,-199.37805,478.8143,200
310,57.01366,-93.98868,208.89165,200
311,1039.0209,159.98117,1390.1855,200
312,113.71771,-135.37811,320.70166,200
313,151.99142,-238.80624,579.888,200
314,127.04486,-204.26672,487.405,200
315,116.99019,-193.7992,441.07355,200
316,117.62134,-193.60147,446.03857,200
317,488.10858,90.02967,571.0665,200
318,114.00914,-186.12177,434.43906,200
319,171.87735,-265.52203,650.1713,200
320,114.23216,-186.92087,434.39252,200
321,129.72136,-206.97043,498.1445,200
322,115.89829,-192.28033,436.32867,200
323,513.6472,101.810936,594.44977,200
324,208.23724,-318.05106,783.64606,200
325,173.7481,-269.98923,659.4512,200
326,170.75717,-264.8661,647.3769,200
327,586.5411,144.3968,653.28735,200
328,122.67207,-197.80333,472.28946,200
329,114.850876,-185.17168,441.4365,200
330,590.4904,146.19388,656.8943,200
331,162.4643,-252.91226,616.97754,200
332,118.78176,-195.5134,450.67563,200
333,115.14147,-191.0581,433.19278,200
334,590.38086,146.16464,656.775,200
335,114.145645,-189.45914,429.76816,200
336,525.3131,112.5357,600.39703,200
337,138.10086,-218.92209,528.90936,200
338,114.27428,-189.26167,430.37585,200
339,140.87526,-223.39282,540.09546,200
340,138.3981,-219.90576,530.7838,200
341,104.235756,-173.32616,391.75992,200
342,352.31055,-9.438454,488.18716,200
343,412.75018,30.246971,528.6251,200
344,368.90527,-3.7323549,504.5473,200
345,709.5276,190.97086,774.4358,200
346,110.35458,-181.43237,417.44254,200
347,403.13898,22.510094,523.7571,200
348,88.58098,-127.65591,294.9781,200
349,231.65471,-352.8089,870.9904,200
350,159.30212,-249.1745,606.4703,200
351,120.70905,-194.76047,464.4092,200
352,134.53326,-214.284,516.5853,200
353,108.76779,-176.36021,416.13165,200
354,113.841125,-184.42094,436.50192,200
355,197.15929,-304.08594,745.96136,200
356,478.0575,80.2044,566.56055,200
357,116.95863,-189.96222,448.0024,200
358,131.61737,-209.72182,505.15762,200
359,114.66803,-190.5153,431.37033,200
360,564.1686,130.95772,635.6454,200
361,571.354,136.2044,640.52136,200
362,119.3678,-192.07027,459.56317,200
363,108.47095,-175.97568,415.12857,200
364,445.982,66.33802,536.62836,200
365,581.26575,141.49042,648.9363,200
366,140.13206,-221.89908,536.31714,200
367,149.8542,-236.1064,572.3962,200
368,178.42604,-275.9419,675.443,200
369,115.2442,-190.33975,435.1472,200
370,116.40194,-188.80794,446.33676,200
371,582.5992,142.4944,649.7832,200
372,190.1354,-294.16687,720.44385,200
373,571.39,136.68427,640.14685,200
374,76.54914,-127.61871,279.69614,200
375,179.914,-278.5354,681.7057,200
376,129.16173,-116.55625,314.65854,200
377,173.09833,-267.93387,655.5437,200
378,576.78516,139.30283,644.95447,200
379,143.48746,-226.43784,548.5976,200
380,212.19601,-326.31912,801.9775,200
381,155.76743,-244.189,593.70935,200
382,116.60236,-189.35406,446.7809,200
383,547.4904,125.71593,618.12366,200
384,570.7829,135.53752,640.36316,200
385,115.727844,-191.85701,435.81644,200
386,300.39334,-31.786482,440.9971,200
387,129.67094,-206.63965,497.44427,200
388,146.10422,-106.29569,331.0333,200
389,144.8201,-228.75543,554.021,200
390,240.6387,-364.9686,902.8323,200
391,317.89368,-24.7204,457.29025,200
392,142.5898,-225.29321,545.305,200
393,129.35101,-206.4086,496.79764,200
394,114.40286,-189.81116,430.50186,200
395,202.4786,-312.75192,766.98035,200
396,152.823,-239.64429,582.4492,200
397,117.55693,-191.87714,448.60486,200
398,587.97327,144.94797,654.693,200
399,216.9627,-331.44415,817.01025,200
400,511.3,96.90167,595.7201,200
401,149.63147,-235.21033,570.8728,200
402,454.30145,61.647835,552.37866,200
403,577.99347,139.49095,646.3895,200
404,281.09714,-28.093513,411.40378,200
405,151.45407,-57.988735,276.38016,200
406,193.24039,-296.46246,728.78076,200
407,131.15631,-209.29831,503.75766,200
408,240.72858,-45.059284,377.5935,200
409,429.95087,51.876827,529.5016,200
410,591.4084,146.65475,657.69415,200
411,444.34344,53.189034,547.58594,200
412,129.70549,-206.54253,497.43924,200
413,119.66475,-193.28595,460.203,200
414,116.92932,-108.33625,291.48816,200
415,158.75186,-247.7843,603.64856,200
416,215.06073,-328.4446,809.4915,200
417,186.9277,-287.34805,705.55927,200
418,146.52261,-230.99113,559.8976,200
419,138.0641,-218.85764,528.6545,200
420,334.0724,-19.702578,473.95312,200
421,128.36877,-205.95618,494.23343,200
422,398.0576,19.234592,520.1152,200
423,117.87152,-191.67578,451.33676,200
424,118.97388,-192.24445,457.47067,200
425,112.56249,-188.65858,421.57574,200
426,112.79105,-184.47073,428.78787,200
427,211.31573,-323.08096,795.8624,200
428,196.07713,-301.4125,740.40125,200
429,184.59332,-285.29944,698.7901,200
430,302.82233,-454.2114,1129.8564,200
431,114.130325,-185.70236,436.11063,200
432,176.97043,-274.63147,671.417,200
433,526.01025,108.73319,604.7175,200
434,149.29047,-234.42957,569.3387,200
435,577.40393,140.0018,645.1343,200
436,573.6897,137.64777,642.3426,200
437,141.20012,-222.96538,539.8717,200
438,577.62946,141.53949,644.0093,200
439,202.94397,-69.790306,351.80524,200
440,463.7054,67.81799,558.87604,200
441,562.9044,131.22585,633.7159,200
442,128.0934,-205.0495,492.82715,200
443,136.7616,-217.02399,524.15564,200
444,134.87682,-214.12848,516.8501,200
445,365.24237,-0.47625393,496.41916,200
446,156.52248,-244.82318,595.7748,200
447,159.24776,-248.70114,605.70154,200
448,115.6382,-189.23409,439.82565,200
449,122.99989,-199.92853,471.85016,200
450,164.92847,-257.30176,627.00977,200
451,90.96719,-151.10411,341.6964,200
452,137.96059,-218.50066,528.15295,200
453,575.7112,138.35492,644.3927,200
454,134.88356,-215.0252,518.01276,200
455,134.57294,-214.15578,516.1978,200
456,97.10985,-159.21268,366.9141,200
457,119.28743,-195.22269,454.50827,200
458,212.4278,-325.04242,800.50806,200
459,569.13806,134.7021,638.9107,200
460,138.09167,-218.96634,528.8186,200
461,570.7388,138.90009,637.2206,200
462,158.13461,-247.36758,601.9419,200
463,194.08261,-298.09537,732.4324,200
464,116.66698,-191.34787,443.32413,200
465,169.76889,-264.1635,644.8177,200
466,222.17401,-338.03235,834.59314,200
467,116.64081,-188.95988,447.6236,200
468,115.62259,-190.44914,437.5021,200
469,115.8683,-191.03226,438.32263,200
470,112.93907,-186.99518,426.70395,200
471,116.96715,-193.66776,441.08072,200
472,404.31253,22.519382,525.2453,200
473,117.3954,-190.85799,449.35364,200
474,134.36423,-213.5889,515.1181,200
475,122.67016,-197.25615,472.29657,200
476,184.20601,-285.3078,698.17755,200
477,599.3196,150.35211,664.82153,200
478,118.61751,-194.05936,451.94116,200
479,151.2193,-237.39648,576.59845,200
480,489.24106,82.83813,579.09705,200
481,354.3418,-10.107928,491.41068,200
482,144.47559,-229.5009,554.4857,200
483,568.1764,134.08987,638.1843,200
484,118.49065,-192.76505,453.68167,200
485,172.97864,-268.03793,655.498,200
486,510.31665,101.24299,590.55396,200
487,197.90567,-62.92141,339.14066,200
488,118.8428,-191.61526,457.24844,200
489,532.558,110.08973,612.2359,200
490,155.8624,-244.06725,593.58826,200
491,161.28131,-251.71574,613.24603,200
492,126.213165,-57.364677,233.52997,200
493,135.93726,-216.25243,521.36554,200
494,113.56908,-187.04529,430.31174,200
495,581.9697,142.48395,648.93524,200
496,170.21187,-264.89832,646.504,200
497,232.0534,-42.72415,362.32742,200
0,548.1518,147.58627,598.7252,250
1,198.12495,-292.96924,737.7067,250
2,535.8714,138.37622,590.4153,250
3,122.90645,-191.33563,450.1733,250
4,132.77875,-200.95892,497.5379,250
5,106.98537,-171.54158,384.84744,250
6,541.2394,142.17711,594.22156,250
7,601.9264,151.95148,737.6287,250
8,139.53955,-135.56586,344.90176,250
9,257.22238,-5.217907,349.2551,250
10,393.33908,32.622776,494.5173,250
11,524.2005,128.59079,583.42676,250
12,147.06581,-103.44978,318.14005,250
13,126.59416,-194.11115,469.9153,250
14,131.55653,-199.45923,492.57193,250
15,481.79327,96.90623,554.21497,250
16,529.3924,137.15137,582.9143,250
17,171.08456,-74.060745,313.02292,250
18,129.5415,-201.80806,475.96347,250
19,86.63188,-140.25992,306.92838,250
20,445.41016,72.68362,526.5138,250
21,533.2128,135.23203,589.61096,250
22,111.67537,-180.30542,401.3007,250
23,127.37268,-194.65033,474.26602,250
24,109.05885,-175.82585,391.65237,250
25,497.56522,109.09968,564.8176,250
26,98.54785,-159.90472,347.3038,250
27,443.41837,73.83165,522.90985,250
28,516.3635,122.04484,578.69324,250
29,475.58334,92.354866,549.88574,250
30,124.73711,-191.41348,462.02774,250
31,91.82754,-146.11977,314.4097,250
32,131.74043,-199.28961,493.50024,250
33,131.98538,-200.22162,494.25916,250
34,129.0856,-197.77408,479.92484,250
35,124.58685,-191.73045,460.69736,250
36,187.71461,-280.72845,702.75073,250
37,1141.7512,163.6248,1598.9071,250
38,133.50873,-202.22832,500.39368,250
39,523.89435,130.59116,581.2998,250
40,139.47366,-119.355934,325.89786,250
41,126.210785,-195.42053,464.91275,250
42,117.62054,-188.25217,424.09586,250
43,137.93468,-208.59041,517.1306,250
44,536.2117,138.66412,590.6147,250
45,128.15953,-199.34555,471.06906,250
46,525.6819,128.9202,585.0991,250
47,156.2119,-100.8638,325.5994,250
48,132.87991,-201.14793,497.77432,250
49,373.00363,16.066355,483.392,250
50,186.0466,-278.29956,696.65845,250
51,538.7776,142.27429,590.8806,250
52,119.90049,-192.27576,432.58548,250
53,126.57262,-201.22925,458.62723,250
54,530.4441,133.73093,587.24036,250
55,111.05635,-178.41096,399.8005,250
56,503.5073,111.232414,570.86383,250
57,357.36093,29.551449,449.30283,250
58,151.61148,-228.9631,569.058,250
59,508.3143,113.72543,575.1154,250
60,529.3584,131.49707,587.73755,250
61,537.11444,140.08838,590.5764,250
62,498.738,107.425064,567.7629,250
63,178.50261,-267.86462,669.3381,250
64,124.83704,-191.76682,462.07645,250
65,512.2898,119.26352,575.71045,250
66,119.51419,-188.52519,434.12247,250
67,544.1426,145.51001,595.1935,250
68,140.8843,-104.78808,314.7808,250
69,157.32924,-237.22937,590.49207,250
70,118.966736,-187.23497,432.68192,250
71,154.33997,-69.18644,289.2329,250
72,499.9006,108.56112,568.34576,250
73,131.10635,-199.15814,490.3865,250
74,458.48764,80.431244,537.2988,250
75,138.55997,-209.7431,519.54614,250
76,127.00054,-200.24533,462.41245,250
77,319.12137,2.1584642,424.54105,250
78,533.4114,135.67207,589.49304,250
79,111.77887,-179.02843,402.78622,250
80,128.80516,-200.49768,473.41864,250
81,119.954056,-186.87701,438.20145,250
82,261.7169,-381.22855,968.6333,250
83,124.67247,-195.94682,454.21878,250
84,95.23892,-150.20116,322.28903,250
85,524.671,127.659996,584.83954,250
86,337.47995,2.5609972,448.63815,250
87,132.08598,-200.1286,494.74176,250
88,155.38492,-234.57956,583.2855,250
89,140.04353,-211.74069,525.05554,250
90,492.97855,105.34878,561.92236,250
91,125.4608,-196.17299,458.88846,250
92,125.3116,-197.05176,456.36884,250
93,209.565,-310.11963,781.0156,250
94,204.60538,-304.82812,765.2023,250
95,127.3344,-197.9538,468.2946,250
96,150.10748,-226.55374,563.26636,250
97,139.52626,-210.91867,523.18054,250
98,121.8056,-193.16028,441.77667,250
99,508.64285,114.31066,575.0764,250
100,96.05946,-156.01909,340.90845,250
101,502.2662,109.90124,570.33215,250
102,157.4191,-86.474266,311.02026,250
103,199.56297,-61.610363,334.0625,250
104,513.0343,117.00466,578.5791,250
105,384.03244,47.089226,468.31277,250
106,144.61096,-218.815,542.5535,250
107,126.904755,-201.31462,460.49185,250
108,153.58685,-135.19626,361.87418,250
109,513.8389,118.565575,578.3302,250
110,135.81454,-205.69885,509.09836,250
111,153.56898,-231.76086,576.14044,250
112,97.01419,-153.36559,330.0571,250
113,248.21059,-42.698116,376.8403,250
114,281.3433,-35.36201,411.6282,250
115,531.80707,135.93285,587.1629,250
116,125.32058,-194.49966,460.642,250
117,487.37576,100.32823,558.69934,250
118,140.19435,-143.36374,356.18723,250
119,105.04824,-169.58784,376.2173,250
120,537.6817,139.96646,591.4297,250
121,753.107,68.6037,1113.8395,250
122,179.03227,-111.89796,362.6397,250
123,104.05747,-141.32034,317.4253,250
124,144.13394,-217.90309,540.69666,250
125,127.09514,-197.77051,466.949,250
126,137.61314,-208.15775,515.92017,250
127,463.7643,84.92593,540.47656,250
128,126.92909,-193.09341,473.86813,250
129,155.51277,-48.186306,268.05942,250
130,127.68736,-195.03638,475.65195,250
131,526.0641,129.49872,585.10516,250
132,416.79294,51.63255,507.88278,250
133,171.65877,-258.2017,644.27313,250
134,124.38991,-191.26234,460.15714,250
135,124.49889,-195.45238,453.8981,250
136,123.40919,-192.76111,451.06476,250
137,138.54192,-209.32834,519.2017,250
138,150.05705,-226.56152,563.1726,250
139,532.117,135.57774,587.86694,250
140,498.1865,107.38967,567.0474,250
141,123.28905,-191.87212,452.01593,250
142,128.17822,-197.83804,473.77322,250
143,125.81055,-194.69339,463.65335,250
144,535.25287,138.20798,589.74426,250
145,420.38943,58.916843,505.67035,250
146,124.24756,-189.8319,461.66174,250
147,121.818756,-195.32278,439.19528,250
148,515.0243,121.141624,577.6959,250
149,104.97266,-170.22232,374.23138,250
150,145.71948,-220.56004,546.7782,250
151,102.924255,-166.1491,359.74643,250
152,125.69446,-197.40097,458.35663,250
153,119.74871,-191.10736,432.51236,250
154,128.22382,-198.5364,472.89853,250
155,96.0629,-149.24579,322.09457,250
156,153.909,-232.21573,577.6271,250
157,164.87073,-65.33665,296.9658,250
158,534.0987,136.98221,589.2789,250
159,129.65724,-197.5242,483.95987,250
160,107.35445,-172.94084,385.5328,250
161,432.41537,64.499214,516.47076,250
162,103.30789,-167.62296,365.46915,250
163,108.25067,-175.06146,387.98325,250
164,127.59613,-197.35718,471.13004,250
165,127.674835,-196.89697,472.1318,250
166,167.76935,-252.10019,628.9768,250
167,105.20256,-167.97925,378.37762,250
168,88.88547,-112.21676,270.013,250
169,508.9548,115.95887,574.08954,250
170,123.07754,-194.63899,446.7486,250
171,535.7081,139.28915,589.4107,250
172,125.08441,-201.01901,450.74274,250
173,124.970436,-193.74313,459.7357,250
174,124.3519,-193.19162,456.53842,250
175,129.10977,-196.67471,481.96997,250
176,134.23618,-203.01678,503.08646,250
177,532.8486,136.59238,587.97327,250
178,124.30802,-193.9422,455.08954,250
179,116.99427,-134.99452,322.12488,250
180,182.75139,-273.50598,684.3522,250
181,113.13121,-139.66507,324.7263,250
182,258.97433,-46.199066,393.97583,250
183,124.98034,-198.45947,452.98495,250
184,532.48047,136.38742,587.65906,250
185,134.41237,-203.81345,503.54288,250
186,401.23798,44.103863,494.0972,250
187,120.09406,-190.98894,434.6027,250
188,126.79452,-199.08423,463.18515,250
189,117.96715,-188.33563,425.918,250
190,118.81732,-124.82368,315.6204,250
191,114.80855,-183.59673,414.76382,250
192,94.57095,-143.18747,311.02975,250
193,124.13836,-190.52325,459.64676,250
194,125.09224,-193.75821,460.63687,250
195,317.36014,26.298563,398.99615,250
196,371.1158,22.174269,474.76218,250
197,145.65363,-220.07568,546.4501,250
198,128.00401,-195.9116,475.96384,250
199,127.28258,-194.15765,474.55624,250
200,124.37195,-193.29027,456.35568,250
201,123.79232,-197.28818,447.81616,250
202,122.13376,-190.63567,446.17093,250
203,144.52301,-218.24301,542.10974,250
204,222.41269,-12.241358,311.5375,250
205,128.50711,-199.75024,472.75372,250
206,128.89116,-201.49222,472.32684,250
207,510.91574,119.47106,573.72546,250
208,411.55276,49.148792,503.1504,250
209,113.3376,-177.72054,411.8417,250
210,419.76907,52.932674,510.50766,250
211,123.29167,-199.1792,442.9066,250
212,124.90953,-196.64568,454.78543,250
213,518.345,124.65771,579.0748,250
214,518.5373,128.85352,575.7461,250
215,146.09341,-220.79494,548.0143,250
216,536.9647,139.75842,590.6608,250
217,436.5905,65.41028,521.22327,250
218,121.31879,-192.92004,439.29318,250
219,123.22537,-191.59502,451.6362,250
220,125.30466,-193.82704,462.0034,250
221,129.32762,-197.34248,482.29788,250
222,177.85829,-266.49716,666.30786,250
223,130.302,-199.00069,485.8289,250
224,356.6799,1.5664028,475.38602,250
225,98.83857,-159.94193,345.27597,250
226,109.46939,-176.7725,391.91238,250
227,102.79713,-165.19894,355.65048,250
228,125.65503,-194.61948,462.8383,250
229,206.44409,-307.3768,771.92834,250
230,126.30174,-196.97919,462.99893,250
231,125.583664,-196.17648,459.56186,250
232,533.00903,138.73135,586.32385,250
233,427.8165,61.417538,513.30273,250
234,124.61684,-118.09997,313.31744,250
235,156.48181,-236.08925,587.2657,250
236,90.04669,-142.97296,308.47168,250
237,125.188385,-191.7073,464.5972,250
238,123.101105,-103.06978,294.5201,250
239,141.51218,-85.42937,293.62573,250
240,153.87778,-232.4046,577.5917,250
241,130.34349,-197.89494,487.58286,250
242,124.15889,-195.08649,452.26352,250
243,124.4048,-191.38211,460.17044,250
244,135.8216,-205.94441,509.1649,250
245,128.45305,-197.0155,477.2112,250
246,150.81133,-227.70518,566.0498,250
247,353.81418,13.526017,459.95316,250
248,163.10748,-246.10742,612.5791,250
249,123.28184,-192.91032,449.8395,250
250,127.67827,-194.41547,476.52756,250
251,310.2111,-19.25121,433.2939,250
252,251.30655,-44.190136,381.61227,250
253,120.27592,-191.15201,435.51248,250
254,171.79794,-258.57272,644.8112,250
255,489.62695,102.89718,559.5237,250
256,87.841675,-123.53101,283.9522,250
257,126.75141,-195.96619,467.99847,250
258,130.46442,-197.8244,488.26633,250
259,157.62994,-237.59543,591.5077,250
260,129.86548,-196.5716,486.3533,250
261,317.57706,-19.866936,443.7496,250
262,125.04918,-194.32074,459.29562,250
263,130.80728,-198.09131,489.9719,250
264,253.37395,-10.51897,349.72424,250
265,341.07248,10.410759,445.891,250
266,167.31671,-251.94711,628.0309,250
267,235.18964,-345.10007,873.4596,250
268,140.39836,-92.710594,306.03998,250
269,525.17303,129.54112,583.8959,250
270,144.38681,-218.15811,541.62396,250
271,103.32013,-130.15094,310.5687,250
272,120.91664,-186.52942,445.02393,250
273,126.26078,-194.38821,467.1363,250
274,92.828255,-150.01541,332.53674,250
275,131.55443,-199.19815,492.94962,250
276,137.61792,-207.87946,515.6888,250
277,126.54375,-200.52342,459.41806,250
278,522.76544,125.58884,584.1062,250
279,121.495224,-188.42998,445.6652,250
280,434.99612,64.55384,519.9,250
281,143.02747,-141.75864,356.1003,250
282,134.06277,-203.12889,502.44138,250
283,289.00702,10.647576,376.11514,250
284,159.72739,-240.90753,599.64636,250
285,116.2365,-123.09767,313.79245,250
286,130.62997,-201.96667,482.88058,250
287,118.32185,-190.49219,425.54745,250
288,127.339355,-195.48584,472.5538,250
289,116.20845,-185.8488,418.9761,250
290,126.115845,-196.53265,462.36563,250
291,242.83154,60.415062,292.9408,250
292,126.573456,-197.69382,463.59872,250
293,480.4899,95.16136,553.9385,250
294,516.04565,122.51622,577.8792,250
295,90.30821,-145.68271,320.99734,250
296,181.80186,-113.08517,368.57962,250
297,124.472626,-193.77402,456.6794,250
298,110.5809,-178.10773,397.1718,250
299,525.0416,128.65773,584.4669,250
300,572.13135,160.47511,619.7174,250
301,319.07742,8.040088,418.8574,250
302,473.1768,91.20995,547.6511,250
303,306.24887,-23.53792,432.30045,250
304,128.84729,-195.86966,481.53293,250
305,285.02145,6.283251,374.99094,250
306,6636.346,1560.2296,8354.178,250
307,144.67073,-123.50112,339.32196,250
308,162.38837,-244.56543,609.34985,250
309,124.88519,-191.85236,462.65012,250
310,215.64459,-109.825005,405.59595,250
311,547.7135,146.61604,598.9834,250
312,212.28778,-69.101105,358.40668,250
313,140.90576,-213.08043,528.44275,250
314,130.29633,-203.99487,477.28473,250
315,119.73274,-193.60577,429.9517,250
316,124.62932,-198.01346,451.8498,250
317,465.75778,86.14855,542.11005,250
318,96.92819,-157.45178,344.4316,250
319,149.51147,-225.53561,560.85065,250
320,113.46118,-182.1557,408.42697,250
321,126.200226,-195.07858,465.54373,250
322,105.92471,-127.262726,304.92618,250
323,311.543,54.900646,365.65756,250
324,152.90904,-230.94449,573.8977,250
325,131.55942,-199.3325,492.6165,250
326,139.8722,-211.47995,524.5008,250
327,531.0879,134.23943,587.6554,250
328,125.3298,-194.61928,460.39206,250
329,120.829666,-185.69754,446.3667,250
330,531.12506,134.3507,587.6079,250
331,140.72646,-212.7638,527.771,250
332,101.49901,-91.68629,257.99606,250
333,103.465775,-155.58807,337.6293,250
334,534.3465,137.2659,589.36365,250
335,89.97518,-140.8784,307.52148,250
336,490.9927,103.00799,561.2366,250
337,128.98952,-196.14828,481.9573,250
338,99.833466,-161.90935,351.82303,250
339,123.111244,-187.39394,458.40515,250
340,126.84114,-195.08765,469.4188,250
341,80.0222,-125.43252,279.7664,250
342,392.55734,32.907772,493.2698,250
343,472.55093,91.02044,546.97656,250
344,419.1768,52.832317,509.82047,250
345,549.78265,148.48749,600.1029,250
346,102.54733,-166.56087,364.79532,250
347,382.9216,37.632915,475.8434,250
348,143.5574,-92.38419,304.75485,250
349,200.32379,-299.16147,750.0276,250
350,138.62424,-209.58215,519.6509,250
351,126.09973,-195.00235,464.87076,250
352,122.2574,-190.3068,447.5759,250
353,120.994545,-188.19293,442.9907,250
354,123.720505,-189.8163,458.09387,250
355,187.99875,-281.85223,704.95825,250
356,447.94394,74.09475,528.6759,250
357,124.244156,-194.83531,453.1212,250
358,126.950005,-193.29202,473.59726,250
359,126.21773,-199.12424,459.11282,250
360,531.87036,135.56107,587.55664,250
361,522.7622,130.50824,579.8735,250
362,112.02597,-178.53429,404.49487,250
363,121.484634,-188.34175,445.8929,250
364,385.30344,35.219215,481.41916,250
365,533.7114,137.2105,588.5741,250
366,130.25014,-200.23822,483.3182,250
367,134.42856,-204.36035,503.16214,250
368,163.31232,-246.12247,612.899,250
369,295.8336,-15.070528,410.17938,250
370,119.95326,-188.75436,436.20258,250
371,518.8824,125.74535,578.855,250
372,188.89886,-283.03754,708.1621,250
373,554.54333,150.57234,604.686,250
374,171.66037,-96.926285,337.7456,250
375,154.8688,-233.74316,581.36194,250
376,319.55966,-19.339611,445.885,250
377,147.75261,-223.07684,554.27466,250
378,540.02954,140.56076,594.0282,250
379,118.72559,-186.78127,431.99673,250
380,197.21426,-294.62735,738.5399,250
381,124.28289,-189.92642,461.71072,250
382,118.452324,-188.49612,428.5147,250
383,439.79904,135.85785,472.80148,250
384,533.80566,137.61378,588.3495,250
385,86.40565,-133.95593,293.93167,250
386,328.5535,0.54668707,438.67783,250
387,127.34102,-196.03716,471.76822,250
388,345.6796,11.448925,451.049,250
389,121.52739,-188.10895,446.46378,250
390,238.80832,-349.7114,885.90424,250
391,408.7294,46.110973,502.21976,250
392,128.48584,-195.70767,479.45132,250
393,125.79663,-194.68329,463.56686,250
394,90.95694,-131.9104,294.49866,250
395,184.00928,-275.81293,689.8994,250
396,148.03586,-223.48933,555.3976,250
397,101.0892,-115.67588,284.3913,250
398,532.79474,135.96304,588.43164,250
399,123.75757,-187.58258,462.27493,250
400,503.4418,110.80724,571.11365,250
401,133.37474,-202.20938,499.66043,250
402,462.6696,83.68441,540.0703,250
403,513.9346,118.767105,578.2881,250
404,402.99496,43.721874,496.80948,250
405,412.32806,50.13254,503.2548,250
406,181.53236,-271.37973,679.42523,250
407,109.49024,-177.78651,388.12326,250
408,284.89734,32.220234,408.4327,250
409,425.24112,58.469578,512.64764,250
410,538.31104,140.57857,591.73267,250
411,485.6506,99.36059,557.2402,250
412,127.522125,-195.0842,474.58542,250
413,124.68186,-194.68457,456.0065,250
414,91.77081,-135.01743,298.46042,250
415,137.454,-207.96518,515.3833,250
416,172.84293,-259.86453,648.4491,250
417,188.00688,-280.2554,702.69165,250
418,126.85768,-193.10599,473.28983,250
419,129.32555,-197.12436,482.6707,250
420,414.0509,49.51231,506.1119,250
421,127.544754,-196.64963,471.39093,250
422,460.53845,83.54679,537.4013,250
423,128.3355,-197.40863,475.4282,250
424,125.84825,-195.7998,461.87985,250
425,133.05324,-97.655846,298.80502,250
426,124.21774,-191.49162,458.48676,250
427,165.54527,-249.41794,621.43274,250
428,159.24347,-240.14499,597.7877,250
429,165.81253,-249.98338,622.64185,250
430,256.44153,-373.93704,949.5022,250
431,105.49913,-171.31161,374.33887,250
432,140.22176,-211.77728,525.6856,250
433,460.68918,83.0053,538.00275,250
434,145.2977,-219.44102,545.07513,250
435,513.42975,118.514244,577.84216,250
436,560.0507,154.61172,608.61444,250
437,128.74673,-195.13724,481.8904,250
438,527.7644,132.04877,585.15857,250
439,88.4822,-137.14091,300.17722,250
440,487.0795,100.078926,558.51746,250
441,536.4592,139.45221,590.2588,250
442,124.602646,-191.09738,461.60904,250
443,123.712555,-190.81445,456.51694,250
444,124.46629,-192.16699,459.3972,250
445,835.3011,-37.34795,1412.7244,250
446,133.4132,-202.0002,499.97888,250
447,129.19688,-196.58452,482.61685,250
448,115.079,-187.28941,409.11563,250
449,131.01715,-202.12823,485.08676,250
450,135.31818,-205.13654,507.0109,250
451,247.30396,-13.013472,344.29263,250
452,123.86933,-193.38815,453.157,250
453,528.93494,133.07202,585.81775,250
454,122.499176,-192.39206,446.28024,250
455,127.48616,-198.80702,467.48563,250
456,123.74577,-188.42209,461.29544,250
457,124.228035,-199.03131,448.35654,250
458,158.86761,-239.5857,596.4323,250
459,540.16736,142.70268,592.34985,250
460,129.7291,-198.95488,482.12933,250
461,522.08417,128.54741,580.6592,250
462,126.36493,-194.41435,467.50888,250
463,144.18828,-217.88753,540.8853,250
464,122.70309,-194.80763,444.73367,250
465,123.73801,-189.33426,459.13275,250
466,208.90317,-309.01074,778.25195,250
467,123.41152,-193.2633,450.38644,250
468,99.86984,-162.1,352.08487,250
469,197.3732,-61.83995,331.4089,250
470,169.25116,-43.026134,280.14694,250
471,119.19496,-193.62129,426.7116,250
472,635.00104,70.14694,919.72534,250
473,122.563934,-194.3822,444.2407,250
474,129.62598,-197.52106,483.85397,250
475,121.12311,-190.87912,440.38055,250
476,148.87091,-224.86649,558.61707,250
477,561.4484,155.5953,609.64795,250
478,110.61659,-177.95636,397.76758,250
479,132.75989,-201.09616,497.4036,250
480,527.052,130.77844,585.3013,250
481,447.00235,75.78294,526.06464,250
482,149.15143,-225.09023,559.5167,250
483,525.13257,127.90275,585.24866,250
484,125.94478,-198.60065,458.3938,250
485,153.86792,-232.24704,577.5868,250
486,466.89224,86.790276,543.05865,250
487,288.9758,-7.78874,393.91855,250
488,123.25463,-192.30632,450.78928,250
489,495.21118,105.47433,564.69617,250
490,128.70476,-198.71182,475.69388,250
491,128.0012,-196.92804,474.13052,250
492,284.80966,-39.96333,420.4905,250
493,129.60712,-198.79251,481.30124,250
494,104.921036,-168.2238,378.15048,250
495,522.4171,127.316574,582.17163,250
496,165.48653,-249.22772,621.1258,250
497,303.3287,10.589622,395.31693,250
0,583.2117,179.24858,600.49286,300
1,188.1033,-241.42099,620.23926,300
2,531.2289,159.00836,549.9617,300
3,141.85464,-195.7734,459.34274,300
4,144.06624,-190.37524,471.9847,300
5,100.734726,-146.24277,307.66425,300
6,511.75873,150.46855,531.60626,300
7,248.51486,-55.009174,369.3729,300
8,143.29285,-195.18858,465.64154,300
9,315.03983,-20.457281,419.45444,300
10,297.66922,-41.528175,417.03705,300
11,489.463,134.0556,515.1671,300
12,171.39395,-154.51047,382.16428,300
13,143.91418,-204.79584,462.8509,300
14,145.76645,-197.4769,474.68594,300
15,454.59012,95.98736,500.1485,300
16,485.70654,135.06126,509.8047,300
17,140.87753,-202.13083,424.95746,300
18,139.29944,-202.96497,445.71033,300
19,155.63507,-171.05957,387.45355,300
20,422.26187,59.04801,487.8565,300
21,495.54648,140.02617,518.5723,300
22,144.76404,-209.49396,463.83432,300
23,144.4647,-195.33226,470.64374,300
24,215.65625,-117.68745,394.9762,300
25,585.5303,179.95033,602.8715,300
26,153.22559,-188.2633,409.1932,300
27,359.43918,2.883298,455.43207,300
28,495.51907,141.0057,517.854,300
29,781.3682,251.14383,796.47473,300
30,142.57129,-192.94257,463.87003,300
31,136.75,-179.85922,382.6026,300
32,148.2136,-193.15521,487.95447,300
33,153.08798,-201.07156,503.43396,300
34,148.18878,-198.1887,484.42584,300
35,144.54892,-192.14893,472.8754,300
36,173.12604,-223.97833,571.92163,300
37,459.97067,102.41873,501.87445,300
38,145.33249,-196.9281,473.45264,300
39,536.0082,161.29684,554.3113,300
40,123.25108,-175.65265,366.9071,300
41,155.50981,-202.12189,512.8932,300
42,144.50537,-205.63666,464.70404,300
43,140.97844,-196.11334,455.50592,300
44,532.7474,159.64706,551.408,300
45,148.90619,-204.11374,483.82034,300
46,508.29636,148.51848,528.62354,300
47,139.59483,-205.78209,439.84497,300
48,146.93906,-205.49408,474.62067,300
49,402.67712,48.85658,471.1834,300
50,216.88586,-277.59586,715.7603,300
51,520.6368,154.84541,539.66595,300
52,144.12025,-186.50476,401.5694,300
53,145.06754,-207.11307,466.362,300
54,530.80963,158.87292,549.5331,300
55,139.06001,-205.18538,441.48907,300
56,467.43094,111.294014,504.3072,300
57,380.7914,13.593201,473.19904,300
58,145.7862,-192.66855,477.67117,300
59,463.82648,97.2945,510.77222,300
60,514.47736,151.36801,534.3567,300
61,529.79755,158.44272,548.5741,300
62,499.00974,146.1615,518.7503,300
63,187.18295,-241.41956,618.74927,300
64,149.27626,-194.51132,491.49066,300
65,448.65503,83.545815,502.3948,300
66,144.1101,-212.4755,458.65344,300
67,548.4742,165.89694,566.6144,300
68,475.416,118.94669,508.37305,300
69,212.85352,-273.208,703.38995,300
70,120.31253,-165.64323,350.27502,300
71,163.33356,-170.29323,395.1123,300
72,532.3144,159.61621,550.89636,300
73,148.40521,-210.27005,478.1037,300
74,446.33636,91.24656,493.44937,300
75,149.39749,-195.57947,491.35938,300
76,136.1955,-198.8334,435.44604,300
77,194.89856,-91.24465,342.06427,300
78,503.97757,146.2581,524.78064,300
79,154.87924,-99.33453,301.26947,300
80,146.63535,-204.57773,474.10602,300
81,141.19193,-198.6308,454.8747,300
82,240.58511,-305.5492,792.0362,300
83,143.52554,-206.07715,460.57996,300
84,137.68224,-190.73022,399.39795,300
85,494.79498,138.90701,518.41003,300
86,313.36945,-31.560081,427.31818,300
87,146.8618,-193.39528,481.88678,300
88,148.08511,-195.85088,485.53833,300
89,158.41974,-205.54807,522.8549,300
90,523.06573,156.12549,541.79285,300
91,146.63184,-206.12372,473.1996,300
92,144.56271,-200.9226,467.58948,300
93,204.89413,-263.33844,677.09686,300
94,235.5946,-299.7626,775.812,300
95,145.53769,-205.10175,469.39542,300
96,174.1728,-225.15799,575.49316,300
97,159.98761,-207.57782,528.13904,300
98,145.22818,-205.61658,467.8008,300
99,550.5097,166.43439,568.7669,300
100,132.61314,-173.77489,370.77368,300
101,489.15353,135.72058,513.6205,300
102,306.3948,-19.588966,407.6794,300
103,193.77724,-145.61868,398.37903,300
104,483.39868,124.84199,514.0634,300
105,400.09717,38.42,476.08893,300
106,151.03601,-200.03873,495.23035,300
107,159.08649,-194.1493,423.16675,300
108,142.83122,-206.80313,457.33975,300
109,506.50772,148.39912,526.50604,300
110,151.3367,-197.45645,498.34308,300
111,160.88905,-208.99648,530.37213,300
112,145.84604,-188.5975,400.23453,300
113,180.33127,-150.14311,386.6673,300
114,275.42795,-20.01099,368.72293,300
115,494.63608,140.71281,516.9759,300
116,146.93442,-192.90186,482.63745,300
117,436.46,71.74015,496.0183,300
118,155.65228,-197.96283,420.12143,300
119,128.65709,-189.76535,403.79837,300
120,531.54877,159.18047,550.24243,300
121,146.02835,-207.26135,470.18127,300
122,270.00128,-22.624945,364.10434,300
123,135.8995,-200.56696,430.65057,300
124,162.88785,-211.11885,537.8207,300
125,144.94086,-203.71097,467.71448,300
126,145.61867,-190.73758,478.43552,300
127,442.92978,82.65316,495.89545,300
128,141.93835,-203.98138,455.31262,300
129,169.2023,-156.08655,384.7895,300
130,144.74406,-202.2178,467.68597,300
131,501.16714,144.27307,522.63007,300
132,247.06451,-26.984465,339.27515,300
133,213.00488,-273.4241,704.1199,300
134,143.72198,-194.1853,468.0787,300
135,133.73872,-196.61073,419.3333,300
136,143.355,-202.96515,461.52783,300
137,166.45232,-215.53769,549.7148,300
138,144.97305,-193.78728,473.71747,300
139,532.6007,159.62857,551.23804,300
140,395.09436,30.270966,476.8219,300
141,142.3068,-201.89998,457.95288,300
142,148.10255,-200.06694,482.89557,300
143,143.78812,-198.27724,465.95804,300
144,532.8389,159.66075,551.5122,300
145,393.48056,26.375349,478.16156,300
146,125.54985,-83.93394,247.18906,300
147,142.66254,-201.71622,459.4078,300
148,532.5235,159.4249,551.2759,300
149,140.61043,-202.01453,450.92505,300
150,169.96011,-220.40216,561.2815,300
151,141.41226,-201.5722,454.396,300
152,146.86209,-207.26491,473.5902,300
153,146.39368,-215.52512,466.4887,300
154,147.82196,-198.86061,482.57397,300
155,144.75903,-208.39499,464.31256,300
156,152.51453,-198.6518,502.49078,300
157,143.1207,-195.67119,412.32916,300
158,558.96655,169.70352,576.9975,300
159,148.37085,-196.23746,486.35986,300
160,137.26924,-200.96884,438.33994,300
161,368.0582,3.3160007,465.9802,300
162,156.75705,-144.22067,352.48083,300
163,141.1616,-208.0331,449.48444,300
164,146.9654,-195.38928,481.15894,300
165,145.18141,-200.44011,470.53705,300
166,157.64532,-204.97412,519.9062,300
167,140.50671,-188.85083,457.73114,300
168,162.72188,-161.57224,383.71698,300
169,482.1453,120.662025,515.511,300
170,142.46956,-205.0285,456.82358,300
171,496.40152,141.33405,518.729,300
172,144.89868,-203.43945,427.42377,300
173,144.9227,-199.98328,469.66492,300
174,145.0853,-198.41293,471.26782,300
175,151.09326,-197.41423,497.3744,300
176,139.43304,-192.3049,451.4572,300
177,558.32025,169.43214,576.38275,300
178,142.5586,-204.15579,457.69525,300
179,155.45145,-180.83188,395.8273,300
180,188.64667,-243.1977,623.396,300
181,143.03778,-207.04443,434.6458,300
182,194.42183,-144.37363,395.851,300
183,138.55423,-200.65295,443.60822,300
184,520.9122,154.78894,540.0397,300
185,157.29247,-204.95782,518.5548,300
186,431.42267,79.61735,483.72723,300
187,140.10501,-206.50616,446.0135,300
188,148.0028,-210.7862,476.29395,300
189,143.75653,-206.83258,461.0396,300
190,150.4781,-209.21088,440.6621,300
191,142.9995,-185.26552,400.13544,300
192,159.51224,-112.48022,321.00677,300
193,249.9646,-54.15632,369.25476,300
194,135.25531,-199.18155,430.58804,300
195,343.42435,-13.809261,449.61273,300
196,309.23788,-31.490393,421.9947,300
197,146.44177,-193.64099,480.02975,300
198,147.6677,-206.57666,477.15637,300
199,145.23877,-198.29156,472.10516,300
200,145.1302,-195.70764,472.9525,300
201,141.02826,-208.04318,446.87708,300
202,142.9201,-189.83223,467.21066,300
203,145.06818,-189.36496,477.2003,300
204,179.89609,-155.96803,396.9171,300
205,148.6263,-211.0911,478.66614,300
206,147.18842,-206.4223,475.37463,300
207,466.92447,107.69352,506.49554,300
208,350.10263,-0.7327995,446.70535,300
209,268.3704,-26.257141,365.2917,300
210,415.78232,52.71803,484.5619,300
211,145.31163,-209.79202,465.792,300
212,139.12035,-204.70184,438.1737,300
213,499.41238,143.16077,521.2181,300
214,499.3808,146.04796,519.26776,300
215,152.70775,-200.38646,502.08435,300
216,534.13196,159.99788,552.8805,300
217,438.88736,81.34635,491.79138,300
218,185.19177,-157.48209,401.9863,300
219,142.75974,-199.32205,461.0503,300
220,143.92006,-200.49605,465.27234,300
221,145.95523,-200.26338,473.82648,300
222,207.74545,-266.64218,686.2135,300
223,147.58514,-203.94211,478.3892,300
224,273.70392,-19.196018,365.76764,300
225,137.40852,-202.75735,436.9284,300
226,142.82014,-196.1451,463.01764,300
227,121.73645,-179.20943,378.50302,300
228,142.88437,-201.68478,460.36032,300
229,224.67819,-287.91284,742.3899,300
230,145.99005,-200.27063,473.97864,300
231,147.11673,-200.93068,478.32867,300
232,468.11792,121.507835,497.44818,300
233,398.76987,40.83391,472.40027,300
234,158.21683,-200.69565,430.41183,300
235,150.99832,-200.36685,494.8486,300
236,136.6568,-200.46289,436.05536,300
237,157.35559,-204.1095,519.30035,300
238,150.14337,-200.58916,425.99274,300
239,234.9271,-100.88636,400.33002,300
240,162.33594,-210.81433,535.82764,300
241,146.71805,-193.82501,481.01892,300
242,144.0828,-201.17865,465.53217,300
243,142.25464,-194.65948,461.75977,300
244,151.2594,-198.75061,497.2517,300
245,146.27762,-201.08665,474.77985,300
246,157.38177,-204.22754,519.3678,300
247,366.49625,13.287642,455.34106,300
248,157.38635,-205.34727,518.5676,300
249,143.82242,-203.14185,463.27216,300
250,144.3238,-193.72757,470.98892,300
251,354.8845,1.9373392,450.50067,300
252,404.59146,61.403355,463.8636,300
253,141.24771,-204.91223,452.14038,300
254,175.33453,-226.71582,579.3021,300
255,497.4842,144.81712,517.73315,300
256,145.30838,-192.70193,412.7753,300
257,143.22437,-198.37973,463.7044,300
258,144.34746,-194.396,470.54822,300
259,160.58813,-208.05603,530.18756,300
260,157.8194,-204.60402,520.8922,300
261,143.33699,-201.3876,420.07117,300
262,144.51053,-203.9322,465.7793,300
263,145.19785,-190.26535,477.0537,300
264,285.9075,-51.140133,411.90942,300
265,216.88586,-133.23277,412.81396,300
266,188.8331,-243.53394,624.2966,300
267,285.39792,-356.99667,933.8723,300
268,171.758,-223.63641,477.13696,300
269,530.18646,158.45398,549.04407,300
270,150.62912,-196.79695,495.84406,300
271,161.49771,-221.15413,466.48718,300
272,143.84906,-189.47188,471.52277,300
273,145.2633,-200.2883,470.90503,300
274,142.68843,-206.06596,435.22354,300
275,144.12366,-194.16168,470.01672,300
276,152.99533,-198.48648,504.57306,300
277,146.32901,-211.8699,468.89374,300
278,514.1016,151.42238,533.8571,300
279,130.37549,-190.8313,415.83466,300
280,542.1163,164.10474,559.9551,300
281,134.45654,-191.0238,398.38516,300
282,145.6773,-199.47162,473.1266,300
283,353.74136,-11.026013,460.28418,300
284,187.34583,-241.73782,619.3413,300
285,152.43314,-195.3067,419.9338,300
286,148.06885,-209.59174,477.20355,300
287,144.41324,-209.3317,462.38812,300
288,146.9294,-199.73407,478.3789,300
289,142.78998,-198.24768,461.79706,300
290,146.91235,-194.66919,481.2749,300
291,479.6922,130.43367,505.56305,300
292,145.3643,-208.27426,466.8753,300
293,426.40524,66.91306,487.01886,300
294,480.9736,123.06388,512.30457,300
295,138.43933,-202.81403,431.25543,300
296,154.93869,-192.05705,408.02292,300
297,144.70517,-200.94354,468.27264,300
298,257.729,-63.77915,389.06802,300
299,494.07462,137.09555,518.7667,300
300,532.1269,159.58952,550.6864,300
301,146.80507,-208.04483,472.91968,300
302,470.86816,119.30276,502.4206,300
303,344.74045,-5.1738057,443.8023,300
304,144.48679,-195.83487,470.41068,300
305,263.9346,-95.35826,430.8782,300
306,305.34683,-29.725134,415.52808,300
307,236.19244,-107.00224,407.37988,300
308,210.36395,-269.83185,694.84216,300
309,143.30968,-195.37238,465.74628,300
310,74.7388,-107.64407,229.60178,300
311,489.05334,134.88995,514.083,300
312,314.23087,-24.90471,422.36847,300
313,146.2298,-191.58348,480.53796,300
314,150.5814,-212.24625,486.28064,300
315,141.78067,-208.45468,452.1308,300
316,145.21744,-206.13806,467.6082,300
317,437.748,87.45583,485.6175,300
318,139.07681,-138.21771,328.01025,300
319,162.63531,-210.77988,536.8874,300
320,130.98647,-188.76517,397.34784,300
321,145.89583,-199.98087,473.74603,300
322,141.07687,-205.18016,433.23187,300
323,429.96616,67.31204,491.20734,300
324,209.34113,-268.7773,691.41113,300
325,144.49313,-192.17297,472.47595,300
326,148.35004,-193.64807,488.21762,300
327,518.84344,153.83911,538.1133,300
328,146.87424,-198.19312,478.93274,300
329,139.70123,-189.46823,454.09946,300
330,535.877,160.86967,554.449,300
331,152.39569,-198.42383,502.1562,300
332,136.85054,-167.35703,370.55444,300
333,152.3,-222.34769,468.0458,300
334,538.37415,161.86806,556.8642,300
335,143.58218,-210.38556,447.92868,300
336,480.58957,133.38718,504.61627,300
337,145.50406,-201.8891,470.9533,300
338,141.15044,-205.34238,451.46277,300
339,98.374374,-141.91292,313.63068,300
340,145.69003,-205.55193,469.53296,300
341,232.96658,-74.14613,370.3659,300
342,132.95532,-154.66637,336.39038,300
343,418.62814,56.99042,484.87802,300
344,396.3032,29.955498,478.64825,300
345,622.62085,193.85199,639.2893,300
346,159.90735,-151.39813,363.61737,300
347,465.47086,114.946396,498.97174,300
348,137.5603,-202.69783,435.77625,300
349,216.64673,-277.84995,715.74976,300
350,147.28598,-192.87267,484.1321,300
351,147.53778,-216.86226,458.52582,300
352,143.86723,-196.94853,466.9326,300
353,145.91113,-202.42639,472.08182,300
354,142.72758,-195.05606,463.33087,300
355,190.53583,-245.65897,629.9486,300
356,440.7253,83.238754,492.66135,300
357,143.77753,-205.87106,461.72952,300
358,145.70517,-192.22063,477.73553,300
359,140.76514,-207.50098,444.22736,300
360,501.92798,145.07608,523.0278,300
361,495.8268,142.11581,517.4794,300
362,144.1192,-188.60706,473.7466,300
363,147.25565,-199.40714,479.4555,300
364,432.45218,73.49798,489.66937,300
365,508.23514,148.70398,528.4261,300
366,148.04916,-200.31006,482.5304,300
367,152.40558,-203.31055,498.80627,300
368,179.40909,-231.88896,592.8297,300
369,152.66435,-217.04578,454.6861,300
370,146.75768,-203.3313,475.02032,300
371,526.81146,157.33965,545.6261,300
372,179.8679,-232.33136,594.3976,300
373,547.9412,165.61336,566.1531,300
374,344.23953,8.451365,431.25064,300
375,148.63757,-194.04193,489.1461,300
376,176.36472,-147.15613,375.20364,300
377,148.2206,-194.09682,487.38153,300
378,497.08472,140.94077,519.85034,300
379,139.59343,-200.39804,447.9166,300
380,193.96082,-249.91736,641.3916,300
381,143.83034,-192.39261,469.58344,300
382,131.13992,-185.83609,390.5891,300
383,441.91617,87.31452,490.9823,300
384,503.50754,146.79387,523.8595,300
385,135.53716,-185.55064,389.95264,300
386,318.17325,-37.347206,438.79413,300
387,146.42743,-198.9396,476.7177,300
388,150.26672,-192.84044,412.97998,300
389,144.61438,-189.77184,474.76465,300
390,229.32732,-292.39447,755.9385,300
391,393.53485,27.67573,477.13132,300
392,145.55516,-197.55472,473.7095,300
393,143.43124,-203.79788,461.4608,300
394,141.48077,-203.49414,453.85663,300
395,286.53073,-358.47925,937.6931,300
396,147.95718,-193.18819,486.8522,300
397,133.97801,-183.14069,387.62564,300
398,534.8849,160.48924,553.4806,300
399,138.76727,-191.3354,449.16705,300
400,478.36847,113.6585,516.2384,300
401,147.82755,-196.21414,484.0902,300
402,428.96286,65.38284,491.41806,300
403,503.14188,145.49524,524.2548,300
404,317.7408,-39.877823,440.89566,300
405,335.42386,-10.71501,436.74377,300
406,177.55429,-229.2699,586.6428,300
407,147.33905,-207.5903,475.06305,300
408,300.77792,-62.475887,442.09662,300
409,383.70938,22.848671,468.89386,300
410,544.764,164.41324,563.03906,300
411,465.84323,109.45959,503.7453,300
412,144.38715,-199.23764,467.97168,300
413,142.61359,-205.17542,457.3329,300
414,152.66412,-165.35855,376.4355,300
415,152.64389,-198.82925,502.9845,300
416,156.35938,-202.99355,515.85034,300
417,178.46057,-230.44907,589.36755,300
418,145.12546,-199.10944,470.9675,300
419,148.31299,-195.4873,486.76172,300
420,377.0511,14.383774,467.787,300
421,148.0073,-207.50708,477.93475,300
422,404.65826,42.10233,478.7945,300
423,146.69498,-210.20436,471.16992,300
424,144.32697,-200.82227,466.68555,300
425,143.89165,-201.94928,423.3959,300
426,142.26639,-199.54169,458.9693,300
427,163.54144,-211.96826,539.9943,300
428,146.13014,-197.60524,476.07196,300
429,149.67645,-201.06781,488.88373,300
430,263.22348,-331.95215,864.14496,300
431,142.38126,-198.53868,460.06708,300
432,176.05167,-227.46007,581.67065,300
433,464.3249,114.94164,497.51105,300
434,155.28355,-201.63391,512.2771,300
435,509.77347,149.52467,529.78436,300
436,549.8915,166.3931,568.0321,300
437,143.17178,-190.82996,467.9483,300
438,493.1318,140.9419,514.9545,300
439,189.7673,-145.19548,393.53973,300
440,416.75705,52.219746,486.1649,300
441,505.1036,147.48373,525.36725,300
442,142.80794,-206.48074,457.32025,300
443,142.52432,-196.17896,461.8935,300
444,143.73248,-196.48459,466.90005,300
445,463.00626,125.03735,488.6563,300
446,144.88757,-193.10901,473.62463,300
447,145.5981,-198.73529,473.2966,300
448,143.46901,-207.11383,459.7259,300
449,151.8837,-205.56009,495.3744,300
450,152.92102,-200.23782,503.17514,300
451,138.62924,-202.54765,443.15396,300
452,142.75803,-202.09857,459.60565,300
453,520.28357,154.63039,539.3716,300
454,145.51031,-201.37195,471.21613,300
455,145.81766,-207.07578,469.30127,300
456,143.19128,-189.18076,469.18048,300
457,143.34544,-208.85709,458.55685,300
458,150.80309,-196.6069,496.6375,300
459,501.81964,146.0936,522.2294,300
460,146.92032,-202.6972,476.4043,300
461,513.0858,150.83818,532.9873,300
462,149.04155,-195.79344,489.57983,300
463,158.90628,-206.18681,524.4944,300
464,141.2261,-205.656,451.73987,300
465,142.5155,-189.52805,465.81143,300
466,195.9436,-252.35773,647.5061,300
467,143.39432,-198.41516,464.21027,300
468,142.51988,-198.84866,460.3657,300
469,163.45267,-152.37102,371.75864,300
470,353.1107,-14.748376,462.79193,300
471,152.18114,-201.99933,426.234,300
472,472.7524,137.5853,492.00873,300
473,143.92169,-203.18045,463.7038,300
474,146.48521,-202.4513,474.6295,300
475,144.21799,-205.2591,463.86572,300
476,144.11005,-191.99371,471.01068,300
477,565.78546,172.34052,583.64075,300
478,143.48984,-206.2731,460.33356,300
479,145.5167,-194.85005,475.26053,300
480,462.65088,97.8312,508.86475,300
481,420.256,58.66953,485.6209,300
482,146.2549,-194.0664,478.47357,300
483,490.83054,134.7921,516.3495,300
484,176.49985,-139.79628,373.64673,300
485,147.01837,-201.6965,477.47614,300
486,440.53683,85.52819,490.65857,300
487,173.52351,-180.7373,416.3869,300
488,144.63388,-207.58879,464.19043,300
489,477.7745,116.332664,513.39557,300
490,146.13867,-203.52286,472.65894,300
491,145.75238,-199.47221,473.42923,300
492,338.12466,-16.323147,445.25757,300
493,149.59158,-202.2622,487.67053,300
494,138.28235,-202.96396,441.47394,300
495,484.59677,127.90328,513.41534,300
496,170.97545,-221.15834,564.792,300
497,302.21304,-54.32958,435.73648,300
0,690.81396,266.8999,695.8123,350
1,150.48647,-183.32486,522.2803,350
2,620.1105,227.79858,633.0418,350
3,126.438484,-173.08282,377.24988,350
4,134.6597,-183.18462,465.32257,350
5,407.45297,58.10956,488.31573,350
6,607.2379,219.48894,622.36707,350
7,468.67178,106.33389,528.21155,350
8,132.87512,-193.56697,457.40393,350
9,381.09805,28.915796,479.43237,350
10,447.21533,88.232834,514.3498,350
11,568.985,192.14906,592.37616,350
12,321.81345,-11.01995,436.92407,350
13,250.83885,-55.359116,389.0066,350
14,136.17885,-189.84534,470.07468,350
15,550.9383,177.6269,579.63434,350
16,594.2114,211.50346,611.2739,350
17,251.5418,-45.70053,379.5063,350
18,125.79223,-192.83858,428.99515,350
19,226.66042,-104.316376,410.6549,350
20,523.18536,148.8915,565.9358,350
21,601.82336,216.17325,617.7527,350
22,177.47139,-152.32549,402.83154,350
23,134.24992,-190.10023,462.9897,350
24,121.094734,-186.54228,411.0074,350
25,617.89795,227.33723,630.53406,350
26,250.8753,-115.191864,453.1266,350
27,542.07166,171.84312,572.42725,350
28,559.3808,184.5056,585.50354,350
29,550.3258,182.5371,575.2733,350
30,112.42881,-172.7465,381.58276,350
31,205.54561,-103.2408,382.21292,350
32,129.5779,-182.98962,446.61737,350
33,140.1237,-187.83698,485.06726,350
34,137.34236,-192.53865,474.05032,350
35,134.20212,-187.01624,463.14786,350
36,151.24312,-184.46992,524.87683,350
37,618.36835,227.34691,631.1312,350
38,136.26335,-188.78667,470.62177,350
39,568.4959,194.98297,589.7898,350
40,357.94528,27.347528,450.16986,350
41,134.94527,-189.30367,465.5594,350
42,139.01624,-184.46921,402.77997,350
43,132.90944,-185.8918,458.5246,350
44,605.22534,218.44812,620.5186,350
45,137.71416,-198.78328,474.6791,350
46,591.29626,208.25935,609.76965,350
47,404.84518,44.483646,496.98422,350
48,136.39934,-190.36601,470.769,350
49,503.82285,135.4161,551.4888,350
50,139.34752,-176.74297,482.73306,350
51,621.174,228.86902,633.663,350
52,336.2607,-8.983117,454.11612,350
53,134.71326,-194.77757,464.12903,350
54,602.593,216.86024,618.25696,350
55,340.74503,-3.7679334,455.21545,350
56,559.7457,183.71883,586.5477,350
57,1183.5728,479.95374,1223.1869,350
58,130.27878,-192.56065,448.1075,350
59,535.09485,159.64412,572.85364,350
60,585.2442,203.90114,605.0376,350
61,616.39307,225.34453,629.9978,350
62,618.6254,227.0539,631.667,350
63,143.29665,-176.91104,496.77362,350
64,134.5348,-193.46303,463.51294,350
65,527.29285,154.49817,566.7864,350
66,229.42741,-108.01291,417.65576,350
67,618.7173,227.5636,631.4303,350
68,563.423,184.68842,590.56616,350
69,154.28029,-187.16115,535.40497,350
70,169.34317,-136.62564,375.26636,350
71,355.3362,4.6676264,466.91974,350
72,559.5459,184.79066,585.52527,350
73,127.64428,-196.62917,431.3056,350
74,547.69006,173.76796,578.21344,350
75,137.26228,-184.19518,474.8779,350
76,157.56003,-156.36163,386.02576,350
77,433.90805,76.60878,506.81018,350
78,591.65234,208.80875,609.84973,350
79,423.9045,72.07013,497.62573,350
80,134.85417,-196.6582,464.37845,350
81,118.13303,-180.4714,403.45923,350
82,181.72154,-218.99913,631.2333,350
83,137.65096,-191.35999,415.5914,350
84,299.8882,-17.102732,413.58862,350
85,576.1346,197.15059,598.01587,350
86,579.56665,203.50456,598.1336,350
87,135.63972,-188.35005,468.2682,350
88,135.97395,-191.46777,469.1869,350
89,136.0563,-184.66652,470.23438,350
90,627.02606,232.57498,638.55115,350
91,132.98509,-193.5873,417.92233,350
92,129.68295,-190.68161,410.86005,350
93,158.32866,-191.93729,549.6304,350
94,140.08566,-184.06197,485.31363,350
95,126.36483,-193.65688,422.81927,350
96,144.92413,-178.06975,502.59735,350
97,133.95172,-190.61383,461.80994,350
98,152.61269,-163.75179,389.31158,350
99,621.2064,228.32764,634.06586,350
100,363.51492,18.0274,465.84674,350
101,584.75635,204.614,603.9447,350
102,302.49606,-25.304209,424.69788,350
103,325.5347,-16.419634,446.92737,350
104,525.7648,153.8899,565.2738,350
105,482.04874,118.39435,536.4061,350
106,140.77852,-190.94417,487.00525,350
107,162.56496,-201.79387,448.22617,350
108,243.91315,-75.669464,400.52814,350
109,586.8805,206.04646,605.67285,350
110,139.75977,-177.48158,484.17996,350
111,143.38094,-184.30891,497.0876,350
112,143.07407,-156.62654,367.0947,350
113,400.97507,45.835423,490.65137,350
114,415.92947,67.77719,490.8919,350
115,625.8667,231.10759,638.0967,350
116,133.52547,-193.44104,459.85498,350
117,500.07724,129.29523,551.36487,350
118,372.4613,15.782189,479.72272,350
119,175.08803,-83.41795,320.91055,350
120,623.44196,229.6988,635.9701,350
121,128.06906,-191.35255,440.38428,350
122,424.7938,61.25227,508.482,350
123,266.19553,-57.50763,411.37256,350
124,136.09618,-190.47472,469.74304,350
125,114.23197,-173.71852,379.14545,350
126,133.65727,-185.78737,461.2194,350
127,478.4283,115.53958,533.86584,350
128,129.46251,-188.95985,445.56415,350
129,158.83917,-150.0631,379.57956,350
130,136.03265,-188.61331,469.72278,350
131,601.557,215.39162,617.94556,350
132,456.2364,96.482544,519.619,350
133,162.77654,-196.6511,565.00494,350
134,133.25566,-200.23587,457.97278,350
135,155.83522,-177.63808,409.49158,350
136,123.5048,-186.82088,423.95465,350
137,134.01665,-198.09697,461.0295,350
138,137.60747,-177.74226,476.7036,350
139,605.707,218.99689,620.7545,350
140,549.06134,172.70897,580.73486,350
141,258.55063,-29.515175,371.86945,350
142,140.62196,-185.98021,487.1452,350
143,131.17839,-193.3987,451.32245,350
144,622.2481,229.0334,634.9077,350
145,537.41724,167.5569,569.56384,350
146,538.05554,169.02315,569.2984,350
147,125.63358,-192.48433,416.9123,350
148,550.0967,175.2441,580.24194,350
149,191.81325,-78.15511,336.3358,350
150,145.29204,-185.43942,503.74222,350
151,302.53152,6.568487,395.3236,350
152,134.78188,-201.47856,463.60712,350
153,146.11546,-187.68076,412.06842,350
154,136.2585,-194.89629,469.81396,350
155,211.89835,-125.81547,414.85248,350
156,139.24239,-179.51294,482.41275,350
157,258.30008,-76.18194,421.06244,350
158,634.969,236.7936,645.71875,350
159,135.96974,-205.15993,467.2314,350
160,183.10858,-80.72429,329.09042,350
161,478.2853,115.39072,533.7882,350
162,340.9782,6.5960393,446.21283,350
163,127.175545,-192.24345,415.43866,350
164,128.77892,-190.30254,411.97888,350
165,133.01772,-196.27739,457.78564,350
166,140.32086,-176.50812,486.2362,350
167,115.15003,-172.2367,395.17188,350
168,419.5366,59.74573,502.82272,350
169,553.53125,176.91573,583.44617,350
170,126.21496,-194.36778,426.55206,350
171,617.5629,226.03084,631.01465,350
172,324.5672,-19.473167,448.6383,350
173,131.76477,-191.5086,453.6616,350
174,135.63098,-189.10042,468.1552,350
175,134.78502,-196.15947,464.17264,350
176,100.21713,-146.96631,344.04095,350
177,671.4946,256.62228,678.3856,350
178,138.23967,-143.66045,344.82288,350
179,403.7288,37.770332,501.492,350
180,155.23648,-188.45818,538.81866,350
181,340.6189,-3.227748,454.51965,350
182,326.18765,0.80636513,431.7928,350
183,116.52692,-170.23419,369.9057,350
184,606.0373,219.03386,621.153,350
185,136.88055,-202.72571,471.08557,350
186,441.88242,83.83104,510.95605,350
187,275.96982,-59.052094,425.05988,350
188,126.83997,-192.96083,422.0295,350
189,151.69363,-181.85756,409.17078,350
190,299.06302,-61.05564,457.66016,350
191,184.80852,-132.08951,390.1085,350
192,330.4589,21.432837,419.02527,350
193,311.98456,-7.092045,420.10187,350
194,128.15622,-162.9116,364.69434,350
195,650.80884,264.3045,667.7495,350
196,466.228,104.27499,526.61145,350
197,135.17639,-190.1732,466.39575,350
198,136.17766,-192.71104,469.74112,350
199,134.57378,-192.24489,463.93042,350
200,134.67166,-196.66045,463.54144,350
201,147.94011,-165.42157,385.29105,350
202,119.71521,-183.99892,407.7519,350
203,132.95128,-181.65767,459.24963,350
204,288.17374,-64.59632,447.7876,350
205,132.56648,-200.42758,455.44946,350
206,136.23851,-198.36824,469.29108,350
207,563.5071,190.79187,586.32764,350
208,520.52795,152.30019,559.71985,350
209,423.1357,54.84246,511.99203,350
210,554.52344,178.22563,583.79224,350
211,132.1963,-202.69806,451.69012,350
212,132.87453,-198.70656,456.99194,350
213,561.5303,186.07698,587.15454,350
214,604.08093,218.20486,619.23584,350
215,135.94006,-193.42812,468.69012,350
216,620.3538,227.75229,633.3762,350
217,570.07996,194.537,592.1061,350
218,135.82918,-209.0081,458.03363,350
219,121.70013,-187.56096,406.46677,350
220,131.90152,-196.52235,453.6468,350
221,136.50441,-191.27057,471.14426,350
222,141.14665,-176.12445,489.1203,350
223,118.681694,-182.11972,400.75146,350
224,533.1565,168.94295,563.0707,350
225,146.05254,-171.46535,389.45245,350
226,135.20958,-183.33136,395.52527,350
227,144.63615,-113.37124,315.69434,350
228,169.32188,-150.36034,388.23645,350
229,173.82777,-209.74104,603.6175,350
230,149.38362,-189.33876,421.52063,350
231,134.1154,-200.88022,461.16785,350
232,591.5072,209.76816,609.0129,350
233,576.25494,198.65373,597.1799,350
234,248.75443,-109.65463,445.0326,350
235,166.28146,-199.15121,446.1126,350
236,118.21255,-172.05289,371.27087,350
237,133.85294,-182.52432,462.35187,350
238,362.1033,4.939073,475.6374,350
239,418.41028,56.67405,504.0778,350
240,142.42854,-184.9633,493.70148,350
241,135.26964,-192.43474,466.43384,350
242,133.12694,-197.90508,457.89514,350
243,131.24223,-192.27779,451.6783,350
244,139.92589,-184.54402,484.81653,350
245,135.97061,-193.47734,468.97723,350
246,134.76175,-192.85088,464.4408,350
247,490.94815,131.5789,537.7009,350
248,138.02678,-193.22174,476.36572,350
249,131.51994,-194.77603,452.3169,350
250,134.32777,-189.43294,463.3209,350
251,421.1829,65.17028,500.1922,350
252,479.85583,119.33681,532.8289,350
253,205.07234,-100.638336,378.65063,350
254,145.1045,-178.8958,503.1123,350
255,644.9324,242.2422,654.5939,350
256,139.27644,-175.31279,395.0072,350
257,129.3643,-189.06137,445.23053,350
258,138.80008,-180.4058,480.8661,350
259,137.267,-174.85529,475.43506,350
260,131.94012,-186.95265,454.83356,350
261,362.83267,15.3479805,467.34662,350
262,124.20562,-190.48665,414.98413,350
263,136.46858,-179.0753,472.66907,350
264,422.88715,63.660385,503.77664,350
265,384.80637,36.532097,477.5276,350
266,143.0262,-177.19888,495.75403,350
267,163.85695,-197.94273,568.8508,350
268,233.2789,-147.31493,466.2837,350
269,640.21533,239.56377,650.46313,350
270,137.42815,-185.70639,475.32288,350
271,284.92514,-69.80299,448.38226,350
272,134.1261,-184.13335,463.09387,350
273,133.78448,-195.60295,460.5504,350
274,252.2214,-118.17003,458.59326,350
275,131.99405,-191.00153,454.6066,350
276,131.43056,-178.88635,453.854,350
277,132.54118,-197.90738,430.23215,350
278,588.04596,206.6905,606.7108,350
279,272.71988,-6.3976183,367.44736,350
280,570.15674,199.49315,588.85724,350
281,254.06877,-71.201996,409.31302,350
282,130.05247,-197.08904,446.43356,350
283,409.01212,50.864197,496.78693,350
284,161.46223,-195.41501,560.4682,350
285,265.969,-101.44749,458.4677,350
286,134.93338,-201.71556,437.38623,350
287,160.19926,-168.43643,400.3869,350
288,135.86058,-193.9673,468.46222,350
289,126.518105,-189.62898,406.16812,350
290,138.25298,-188.67696,477.93878,350
291,561.8,189.09009,585.335,350
292,133.019,-199.67784,457.33362,350
293,548.6787,174.58226,578.91626,350
294,608.37573,220.2001,623.33496,350
295,272.7444,-83.08722,447.01044,350
296,148.62451,-161.57047,377.094,350
297,123.319374,-188.47046,422.1516,350
298,396.53665,39.92704,490.07428,350
299,569.6561,192.38356,593.05164,350
300,655.25757,248.03856,663.71436,350
301,367.7339,9.45572,479.08478,350
302,585.4071,204.69472,604.7107,350
303,470.6967,108.38438,529.2765,350
304,134.15129,-191.59627,462.4643,350
305,349.40002,-4.0950665,466.9604,350
306,482.96756,118.72005,537.34674,350
307,229.0102,-124.73291,435.2254,350
308,144.56264,-177.25069,501.25543,350
309,134.10254,-187.11755,462.7837,350
310,467.11002,115.90744,518.9288,350
311,581.60925,202.00426,601.71625,350
312,454.51785,92.62373,520.3592,350
313,137.57787,-183.85399,476.1328,350
314,129.52985,-199.2393,439.628,350
315,196.12419,-142.7516,414.4345,350
316,125.733864,-189.91212,431.85464,350
317,548.8063,177.75772,576.8065,350
318,401.49557,57.386787,481.04663,350
319,135.75298,-181.11693,469.79236,350
320,400.84146,57.920177,479.7058,350
321,139.34892,-185.22136,482.51187,350
322,195.14636,-134.41669,403.40637,350
323,590.848,208.7453,608.8766,350
324,141.62248,-179.6565,490.77277,350
325,132.54813,-186.31532,457.0664,350
326,134.23946,-194.13527,462.39343,350
327,603.85516,217.93283,619.1283,350
328,136.40729,-192.4051,470.6196,350
329,131.86171,-183.88591,454.87344,350
330,607.6989,220.05006,622.56494,350
331,134.74522,-186.86256,465.16034,350
332,397.0495,38.843254,491.6858,350
333,308.22397,-43.57779,450.66943,350
334,616.8971,225.8209,630.3109,350
335,325.81345,-28.567352,459.41586,350
336,646.2909,243.21956,655.6456,350
337,136.00095,-195.46266,468.71478,350
338,110.25432,-167.46635,361.74384,350
339,119.66956,-98.70618,269.12726,350
340,134.76323,-195.10748,464.15982,350
341,522.6391,154.36186,560.8109,350
342,354.23587,14.36547,456.8518,350
343,577.44934,198.94463,598.50525,350
344,513.59125,144.5198,556.8959,350
345,680.3425,261.35376,686.3458,350
346,444.84732,84.10729,514.65967,350
347,560.9745,185.71129,586.70703,350
348,167.90884,-144.26564,382.31015,350
349,180.69884,-217.84003,627.67444,350
350,134.70203,-185.17938,465.13852,350
351,135.56099,-204.04877,465.97394,350
352,151.10599,-141.87317,356.9143,350
353,130.38982,-200.50711,443.84756,350
354,133.39713,-188.46358,459.9438,350
355,140.53325,-175.69734,486.76514,350
356,491.6418,127.00192,542.1658,350
357,123.60674,-190.0746,419.79242,350
358,134.89586,-187.48158,465.62048,350
359,123.618065,-189.83766,415.1798,350
360,596.7852,212.87093,613.59595,350
361,581.2128,202.30238,601.01196,350
362,123.98766,-177.99222,426.9917,350
363,135.79391,-209.24748,459.31757,350
364,465.36295,106.22858,523.9989,350
365,569.094,192.06795,592.562,350
366,135.79628,-196.10497,467.951,350
367,136.91644,-201.05061,431.9366,350
368,151.29997,-184.9586,525.07007,350
369,251.1876,-117.733444,455.6148,350
370,136.00371,-200.64043,467.9651,350
371,610.89954,222.2379,625.15283,350
372,136.63737,-178.42053,473.13245,350
373,656.9425,249.13698,665.0885,350
374,413.68076,55.675392,498.71124,350
375,137.07863,-180.87965,474.62012,350
376,335.46988,-8.830287,452.7394,350
377,134.75682,-185.72368,465.381,350
378,597.80365,212.53377,615.1289,350
379,346.46805,13.058905,447.69562,350
380,143.67702,-176.2924,498.17963,350
381,135.88617,-187.18968,469.27728,350
382,172.28833,-127.78546,368.18683,350
383,559.9374,188.69212,583.26465,350
384,592.4392,210.04733,610.0189,350
385,246.5161,-62.481136,390.33405,350
386,410.75952,43.960945,505.27783,350
387,133.78717,-195.2962,460.65698,350
388,367.13144,8.282067,479.3167,350
389,132.9125,-187.87247,458.22034,350
390,161.35458,-195.29182,560.10284,350
391,474.6915,110.48308,532.84033,350
392,136.4467,-188.02924,471.25946,350
393,124.443794,-190.73146,424.96808,350
394,221.60963,-71.55722,368.84296,350
395,164.63268,-198.76479,571.4944,350
396,137.30376,-179.63963,475.6442,350
397,214.47722,-111.39054,402.84546,350
398,615.2228,224.82767,628.8607,350
399,337.47162,18.584072,430.8778,350
400,532.48175,157.46812,571.1799,350
401,138.72638,-184.92984,480.21768,350
402,517.04224,146.35962,559.926,350
403,603.05273,216.47527,619.105,350
404,423.64948,65.315796,503.28772,350
405,476.13126,112.6026,533.1141,350
406,140.1604,-174.73607,485.66092,350
407,132.16075,-203.57051,449.47787,350
408,393.2045,34.86799,490.1318,350
409,415.82767,57.667885,499.78595,350
410,631.838,234.99748,642.99646,350
411,581.42285,202.11101,601.4142,350
412,126.59982,-189.15083,435.1846,350
413,118.65375,-179.4885,386.81653,350
414,152.6174,-158.07086,380.34772,350
415,136.95113,-182.1746,474.02234,350
416,138.28705,-179.87108,479.0512,350
417,138.84561,-182.43608,481.11005,350
418,137.07971,-188.6517,473.54724,350
419,137.04831,-191.78569,473.09134,350
420,491.46912,124.59772,543.82684,350
421,127.623405,-196.7711,430.73108,350
422,523.64905,152.92172,563.2911,350
423,145.62248,-179.32442,402.91815,350
424,118.39167,-174.7608,377.80078,350
425,278.66885,-74.56847,445.60822,350
426,122.01044,-182.7917,419.11945,350
427,135.17465,-191.31772,466.2707,350
428,136.89003,-200.2727,471.37366,350
429,141.94347,-181.57985,491.94995,350
430,199.50993,-240.16724,693.4315,350
431,288.09036,-38.21982,418.78665,350
432,136.70573,-174.48795,473.34326,350
433,2856.3022,1042.4459,3224.746,350
434,135.67873,-184.41875,468.97736,350
435,597.7523,213.19191,614.61597,350
436,655.58386,248.24843,663.98083,350
437,137.8118,-181.66367,477.3255,350
438,608.4949,220.41447,623.33093,350
439,390.19962,31.313292,489.33224,350
440,522.9867,150.0486,564.74207,350
441,591.21216,208.89839,609.23,350
442,132.26427,-197.68944,454.6764,350
443,133.61214,-190.0099,460.57446,350
444,118.64393,-180.21,406.72272,350
445,587.8685,206.60033,606.55615,350
446,134.67807,-185.70177,465.04333,350
447,135.6853,-188.31006,468.50372,350
448,126.42083,-187.19362,403.65616,350
449,137.86421,-195.09567,475.6618,350
450,139.31331,-188.67375,481.83386,350
451,213.71284,-143.70561,438.0661,350
452,114.77982,-175.75182,382.08524,350
453,607.60754,220.19429,622.3573,350
454,125.895485,-193.73769,423.34888,350
455,172.57744,-163.14693,409.26663,350
456,133.42528,-186.1454,460.44638,350
457,140.91269,-186.03545,410.8326,350
458,132.85765,-182.97523,458.7118,350
459,581.7664,203.3988,600.9761,350
460,138.22525,-180.06148,399.53845,350
461,590.8767,207.92888,609.45776,350
462,138.0564,-183.95319,477.77094,350
463,136.42111,-185.06798,471.62445,350
464,140.00377,-166.07523,378.66815,350
465,131.28896,-190.01219,451.97595,350
466,153.54408,-186.87566,532.9027,350
467,138.84624,-202.83125,435.5324,350
468,151.92584,-158.21208,377.87732,350
469,358.7062,13.207789,463.77625,350
470,266.28775,-170.79128,533.28815,350
471,181.18556,-157.82031,411.6621,350
472,529.89575,168.36551,559.2755,350
473,149.16617,-206.54362,444.14197,350
474,135.35371,-198.7065,465.88544,350
475,472.0317,115.22337,525.83044,350
476,137.16626,-175.82137,475.05902,350
477,663.4883,252.65244,670.96716,350
478,189.96098,-126.168335,387.73465,350
479,135.9073,-190.25273,469.02966,350
480,592.5244,209.29272,610.62646,350
481,508.7145,138.32433,555.50757,350
482,141.985,-180.94437,491.88513,350
483,570.7435,192.85425,594.1157,350
484,267.9837,-60.481987,417.50195,350
485,126.054214,-186.03946,433.61856,350
486,578.8634,199.32036,600.0407,350
487,429.3085,66.5178,509.7172,350
488,320.8464,-31.959238,456.19623,350
489,548.9363,173.35533,580.1322,350
490,134.60411,-196.73582,463.4354,350
491,155.41566,-148.26913,369.9431,350
492,643.5816,242.59377,652.5581,350
493,136.23317,-198.69194,469.15112,350
494,254.06145,-102.17615,443.71368,350
495,584.661,203.87413,604.3225,350
496,133.65886,-190.13861,460.73596,350
497,449.92392,92.6873,514.2947,350
0,613.6637,252.25061,605.7706,400
1,140.13736,-175.36505,474.60248,400
2,573.1427,224.6605,574.24036,400
3,169.43796,-154.48373,380.25336,400
4,137.37228,-197.61948,465.7329,400
5,403.68842,49.90909,489.73267,400
6,566.3016,219.33084,569.47534,400
7,441.0047,83.37014,510.28577,400
8,142.02481,-229.04774,474.4621,400
9,349.34583,12.508359,450.06116,400
10,467.43466,106.3328,525.97974,400
11,536.8411,188.53128,553.2311,400
12,163.25848,-150.91728,370.00244,400
13,254.01282,-71.62684,402.06317,400
14,139.26523,-201.89774,472.18494,400
15,535.65485,188.19823,551.9607,400
16,556.82996,210.45285,563.5961,400
17,143.78922,-196.71622,402.77808,400
18,294.37402,-96.2701,478.02548,400
19,311.5047,-16.29568,424.9118,400
20,510.2025,155.40802,543.43994,400
21,586.1176,234.28198,583.67413,400
22,140.71063,-183.40941,384.5957,400
23,137.69672,-197.91205,466.86737,400
24,155.7897,-155.70207,365.26196,400
25,542.29663,198.30042,553.4568,400
26,348.71497,-5.9678984,464.97775,400
27,539.91656,202.0343,547.90497,400
28,563.8965,217.89743,567.394,400
29,546.54175,202.05237,556.2518,400
30,133.91708,-211.8652,452.94897,400
31,323.99722,-7.399212,433.69397,400
32,129.22464,-206.70248,426.8762,400
33,139.76903,-204.38454,473.96362,400
34,140.5386,-202.28104,476.6244,400
35,137.15475,-204.31212,464.9411,400
36,146.12619,-178.08821,494.79895,400
37,688.3962,292.39813,672.4862,400
38,140.226,-203.24712,475.5794,400
39,549.58636,204.02411,558.8352,400
40,285.4556,-30.706402,403.61536,400
41,138.86374,-214.55093,470.7373,400
42,136.40985,-181.76276,376.57733,400
43,312.15842,-29.935886,437.43356,400
44,567.8614,220.57474,570.54895,400
45,142.53009,-209.53236,483.47107,400
46,552.6555,206.34215,561.1455,400
47,445.3905,82.2429,517.01587,400
48,139.00525,-200.43762,471.26837,400
49,329.9392,-8.907113,442.78992,400
50,136.31807,-199.45227,462.00806,400
51,607.3608,248.4526,600.45514,400
52,159.55368,-172.11798,387.40625,400
53,135.65115,-208.88205,459.921,400
54,566.46027,219.50656,569.55133,400
55,216.83313,-111.73385,396.2824,400
56,537.55817,189.53056,553.4585,400
57,583.071,232.94257,580.7216,400
58,140.11443,-217.92714,434.18106,400
59,501.98804,144.90945,541.0305,400
60,565.8681,218.76245,569.3157,400
61,576.1751,226.95535,576.3878,400
62,526.6592,177.4201,548.0112,400
63,140.62148,-175.62558,476.1863,400
64,157.8382,-230.52234,454.17053,400
65,537.49866,188.57742,554.04016,400
66,189.45984,-174.66595,424.3639,400
67,570.9991,223.34523,572.4708,400
68,485.32043,122.20714,536.8748,400
69,139.02612,-187.28534,471.5994,400
70,132.40453,-207.92749,448.8264,400
71,378.9447,26.896774,476.75745,400
72,492.25793,136.73242,534.7541,400
73,134.07857,-202.70703,404.9805,400
74,498.5099,141.52328,539.13525,400
75,140.91641,-200.68219,478.0018,400
76,321.51184,-10.77138,433.3299,400
77,274.18527,-49.167305,406.61597,400
78,565.46246,218.9566,568.65826,400
79,345.14014,8.4651785,447.97733,400
80,131.017,-205.28589,444.14258,400
81,154.64148,-120.16905,323.7349,400
82,155.60962,-184.32315,526.7717,400
83,143.33632,-216.04248,432.2116,400
84,145.46872,-171.77002,370.93286,400
85,697.35693,306.41534,689.93494,400
86,576.87756,227.79945,576.6454,400
87,138.90361,-203.81686,470.94116,400
88,136.97852,-205.34656,464.37616,400
89,137.219,-195.12396,465.2129,400
90,584.6579,233.22873,582.58307,400
91,137.23386,-221.77408,460.83496,400
92,147.9714,-198.3442,406.1141,400
93,140.59552,-175.52467,476.08685,400
94,133.7696,-213.46286,447.1722,400
95,129.1961,-206.76318,435.14865,400
96,141.3382,-173.26196,478.45953,400
97,141.29764,-219.09727,440.74475,400
98,223.41177,-128.523,420.60992,400
99,557.4835,210.73773,564.23193,400
100,382.05533,34.161575,474.6588,400
101,556.20856,209.60146,563.39813,400
102,270.82785,-57.53286,409.1397,400
103,320.39087,-12.187841,433.06302,400
104,484.11423,126.784386,531.8766,400
105,491.8628,134.1388,536.2102,400
106,143.15596,-203.92572,485.72302,400
107,148.64319,-180.74939,382.8942,400
108,377.96893,23.402803,478.45038,400
109,534.23285,186.30176,551.42645,400
110,140.60126,-186.40462,477.21722,400
111,171.62311,-203.04767,581.10803,400
112,152.64975,-171.54459,379.09186,400
113,426.4733,68.93544,503.46838,400
114,348.32465,13.950649,447.4973,400
115,582.5981,231.44235,581.2756,400
116,140.24167,-197.65363,404.22992,400
117,450.66623,90.18454,517.1814,400
118,417.3556,53.939316,504.25143,400
119,388.964,32.77214,484.94153,400
120,594.7094,240.40442,590.1599,400
121,124.348724,-200.94658,414.65906,400
122,350.94025,4.203112,459.2511,400
123,161.4182,-175.1406,392.7713,400
124,136.66261,-212.79782,463.3069,400
125,136.01569,-198.18565,461.05328,400
126,137.88005,-219.69254,463.55475,400
127,521.5159,174.6644,543.3578,400
128,138.7651,-210.16104,424.935,400
129,272.90848,-44.83348,401.3848,400
130,139.39606,-201.69989,472.68808,400
131,576.4084,227.08914,576.588,400
132,521.34924,169.72536,546.7031,400
133,134.15056,-174.31847,454.5347,400
134,144.85387,-232.59093,474.12152,400
135,264.9654,-51.487675,397.10077,400
136,146.88638,-191.0025,398.65015,400
137,140.69821,-225.75497,473.4382,400
138,136.28764,-203.26367,461.94104,400
139,569.1318,221.74716,571.28784,400
140,501.25272,148.33543,537.3788,400
141,235.55466,-124.29565,430.33466,400
142,142.2456,-203.86081,482.49493,400
143,133.86249,-211.32057,453.35382,400
144,595.45184,240.84943,590.78613,400
145,550.6109,209.39537,556.38354,400
146,366.3543,21.227833,465.03384,400
147,137.12302,-214.99557,431.95288,400
148,478.0091,116.785255,531.50726,400
149,233.92958,-85.96734,390.8283,400
150,161.98157,-194.62016,548.95447,400
151,226.88307,-130.83925,426.51904,400
152,126.335144,-203.10088,419.21332,400
153,411.0522,60.764496,490.15222,400
154,136.85172,-210.32971,464.06284,400
155,276.30154,-57.00101,416.5563,400
156,139.28365,-178.37732,471.9949,400
157,311.38516,-23.956993,431.56152,400
158,610.2723,250.24088,602.8677,400
159,133.31596,-211.01105,451.74054,400
160,323.2458,-5.191615,430.82074,400
161,459.59985,104.05149,517.5433,400
162,390.9014,37.744278,483.2548,400
163,332.3374,-4.6848254,442.34116,400
164,139.49294,-211.83855,472.9926,400
165,122.71181,-193.78355,391.8957,400
166,137.97922,-183.3499,468.1955,400
167,135.05164,-214.37875,435.67725,400
168,313.7553,-11.613754,423.84918,400
169,542.37616,194.43579,556.22174,400
170,142.51698,-202.8118,411.05637,400
171,606.4295,247.77861,599.7574,400
172,360.2789,17.005974,460.61285,400
173,130.3869,-206.36172,420.47174,400
174,140.79825,-194.68985,477.67563,400
175,135.54225,-213.15121,459.38196,400
176,128.9469,-201.12766,436.84717,400
177,652.77625,274.37256,639.9342,400
178,164.30582,-156.11995,376.08966,400
179,333.911,-6.8378496,446.25494,400
180,141.87923,-175.4408,480.44263,400
181,262.8826,-67.95253,409.35333,400
182,269.404,-51.531796,402.39825,400
183,156.88977,-159.80563,371.83725,400
184,580.71954,230.3682,579.65186,400
185,144.47742,-216.88165,430.56165,400
186,458.79132,103.15423,517.1477,400
187,401.24405,49.46383,486.86578,400
188,120.48361,-193.87814,397.07135,400
189,184.96104,-162.97179,406.99878,400
190,280.65146,-49.872444,415.4463,400
191,134.29346,-183.59344,381.68823,400
192,411.18958,57.572464,493.0669,400
193,138.71045,-186.70088,382.59955,400
194,130.2376,-208.6775,430.44922,400
195,136.06151,-206.52654,415.59387,400
196,445.3871,81.09182,517.99133,400
197,133.38206,-207.19537,452.13647,400
198,137.45702,-213.66885,466.02765,400
199,136.81186,-207.8712,463.80615,400
200,138.65689,-212.05469,470.02548,400
201,155.09183,-167.84097,378.26654,400
202,133.53262,-210.13855,422.47833,400
203,137.51726,-189.54225,466.39825,400
204,368.91595,21.606789,468.05862,400
205,164.31477,-145.28516,363.96808,400
206,143.00945,-212.95673,485.06232,400
207,421.21075,98.13854,472.221,400
208,641.13727,268.04132,629.6116,400
209,483.88455,126.30166,531.94635,400
210,557.8504,211.47215,564.18677,400
211,133.96463,-214.9852,438.9678,400
212,146.97145,-186.1276,388.32654,400
213,527.85864,178.04175,549.12195,400
214,593.8354,239.8957,589.41327,400
215,137.22021,-204.63245,465.07336,400
216,581.93915,231.53177,580.3402,400
217,532.6823,184.7789,550.5287,400
218,142.86807,-201.38211,407.07703,400
219,126.6595,-200.97731,407.81128,400
220,131.15091,-207.47098,444.26288,400
221,140.98856,-200.31067,478.26392,400
222,135.5929,-189.4194,459.71277,400
223,126.47713,-202.33975,424.9253,400
224,498.63214,158.22623,526.0746,400
225,141.27406,-174.19833,370.47717,400
226,136.41168,-211.41147,462.46582,400
227,294.86444,-44.383926,428.1868,400
228,197.30254,-159.31833,419.2226,400
229,149.67197,-177.88461,506.56613,400
230,318.7148,-15.303683,433.52722,400
231,177.19424,-167.81271,402.7971,400
232,584.0245,233.2806,581.7114,400
233,574.10724,225.4226,574.89795,400
234,406.93677,47.454365,496.0771,400
235,140.24329,-226.14053,458.66846,400
236,167.31221,-152.789,375.7433,400
237,158.42079,-245.83334,481.37027,400
238,335.52768,-2.1772027,444.38766,400
239,363.71808,18.516851,463.85535,400
240,141.76566,-206.95932,480.78424,400
241,129.76793,-205.36494,438.85,400
242,134.84503,-217.49437,445.53845,400
243,133.69089,-205.89296,453.1654,400
244,141.05362,-203.41954,478.38715,400
245,138.28104,-209.98657,468.88794,400
246,137.62262,-190.01584,466.7552,400
247,477.10284,130.38719,519.9432,400
248,108.16089,-172.42303,364.65753,400
249,128.47011,-203.7004,434.86575,400
250,137.03036,-210.87006,464.5451,400
251,447.51608,88.7528,514.2618,400
252,521.5418,177.04358,541.7616,400
253,187.15555,-138.33507,386.0428,400
254,139.35684,-177.9053,472.09674,400
255,600.513,244.7201,594.38934,400
256,141.10036,-189.32492,391.8562,400
257,138.30463,-207.56313,468.92795,400
258,137.33173,-211.1193,465.575,400
259,141.95337,-175.42458,480.6895,400
260,136.0381,-209.1051,461.11902,400
261,330.58923,-7.8150434,442.7213,400
262,134.98712,-216.20377,447.86942,400
263,133.48297,-212.25165,433.14838,400
264,315.69434,-13.6968355,428.20508,400
265,176.35927,-152.13815,386.90173,400
266,137.4355,-183.1726,466.21506,400
267,130.89618,-167.3526,443.10876,400
268,340.7144,-7.360531,455.6457,400
269,594.1223,239.74048,589.90735,400
270,131.60315,-211.29568,438.4707,400
271,137.39258,-192.53485,391.09393,400
272,137.35829,-199.46378,465.53598,400
273,134.29404,-211.20995,425.12073,400
274,132.00993,-210.36911,427.0066,400
275,135.88152,-193.0907,460.66626,400
276,135.55075,-190.64038,459.48492,400
277,184.35022,-143.67702,387.957,400
278,564.0068,217.46358,567.84534,400
279,137.13957,-208.46704,420.06293,400
280,508.20062,160.14569,537.0012,400
281,391.92163,33.40011,488.29117,400
282,151.29428,-209.66731,426.4192,400
283,426.6297,71.5068,501.4866,400
284,141.64261,-178.15959,479.74445,400
285,292.00766,-35.67722,417.16003,400
286,136.41348,-212.4913,425.52533,400
287,133.59384,-202.40912,408.5472,400
288,137.58665,-214.56726,466.49695,400
289,144.30211,-194.87695,400.59204,400
290,140.82985,-206.07866,477.55548,400
291,610.80133,251.07979,602.9326,400
292,128.99704,-203.49872,411.03543,400
293,548.9347,201.26144,559.90137,400
294,587.69147,234.85403,585.2918,400
295,370.88513,19.459927,472.49188,400
296,152.24808,-211.21652,424.17365,400
297,212.6312,-121.79687,400.53046,400
298,349.03485,15.820843,446.8221,400
299,2142.709,897.84735,2246.1292,400
300,608.6242,249.1854,601.5355,400
301,427.03192,63.969437,508.42914,400
302,527.18933,178.69603,547.7838,400
303,437.0185,73.94252,513.0785,400
304,137.58742,-203.94019,466.46994,400
305,361.54282,17.073307,462.2129,400
306,418.37842,62.462807,498.33514,400
307,177.48227,-167.067,402.60577,400
308,138.05908,-180.0302,468.0274,400
309,137.13904,-199.82268,464.90848,400
310,580.01404,233.56369,576.28906,400
311,566.2153,219.68942,569.0898,400
312,462.80344,96.31339,528.0111,400
313,139.84412,-209.75455,474.18207,400
314,284.5254,-30.645508,402.42462,400
315,137.91562,-187.3789,385.21338,400
316,140.0593,-208.28127,475.0152,400
317,496.53595,147.94,531.53796,400
318,235.12805,-85.16543,391.91943,400
319,137.47855,-189.06439,466.3162,400
320,214.0714,-119.08752,399.5616,400
321,140.0198,-207.27463,474.78906,400
322,265.36667,-62.646576,408.30835,400
323,493.90503,138.99055,535.1289,400
324,144.08743,-180.10979,488.02588,400
325,135.12424,-195.61398,457.86774,400
326,135.5359,-215.83133,457.86023,400
327,571.1093,223.36761,572.59827,400
328,139.70654,-206.10936,473.7288,400
329,131.61383,-205.57297,445.97232,400
330,569.4167,221.98344,571.47217,400
331,136.72458,-209.8935,463.47864,400
332,337.55493,3.4533832,442.24918,400
333,326.98447,-12.058163,441.59515,400
334,576.0389,227.064,576.1207,400
335,280.80365,-31.81629,399.1136,400
336,545.40027,200.5215,555.90027,400
337,140.90785,-212.32019,477.85315,400
338,216.48224,-111.51063,394.73932,400
339,162.26643,-135.89514,350.53137,400
340,154.54922,-181.11826,388.53278,400
341,637.6534,266.2794,626.41296,400
342,368.5882,15.385784,472.94214,400
343,577.3089,227.37964,577.54736,400
344,469.24326,107.84356,527.1229,400
345,759.18463,326.64612,738.3303,400
346,393.29218,39.845737,484.61996,400
347,568.1171,221.38974,570.2446,400
348,134.04628,-203.6471,412.23267,400
349,149.52017,-177.87793,506.05026,400
350,135.15887,-215.91724,430.91205,400
351,140.14046,-216.5686,475.22272,400
352,275.94138,-46.89027,406.15732,400
353,149.2523,-229.5622,451.9693,400
354,141.41692,-227.41434,474.1927,400
355,142.12904,-228.50894,475.5968,400
356,484.92786,127.55549,532.2937,400
357,126.05861,-199.65274,407.18738,400
358,133.61966,-214.21178,443.5512,400
359,134.26672,-188.40857,387.57153,400
360,594.7299,240.21866,590.33124,400
361,561.0207,215.07907,565.6627,400
362,129.41554,-205.94363,427.65186,400
363,157.83655,-227.12532,449.53006,400
364,438.414,78.386345,511.12622,400
365,512.7854,183.47441,526.0699,400
366,130.29507,-205.88364,441.34485,400
367,140.59595,-226.40402,449.36066,400
368,152.44836,-181.92694,516.06165,400
369,307.32156,-24.685417,426.65292,400
370,136.36244,-221.15338,451.85358,400
371,576.0188,226.1661,576.82916,400
372,136.57745,-176.44891,462.74902,400
373,637.58026,266.3672,626.25183,400
374,294.57193,-29.667107,414.568,400
375,137.66049,-189.48471,466.857,400
376,468.75684,138.7879,502.47885,400
377,137.5572,-200.94426,466.34363,400
378,559.53546,213.02164,565.24744,400
379,135.3839,-215.95602,441.3753,400
380,135.57782,-198.51474,459.33893,400
381,139.86792,-196.32385,474.33484,400
382,194.44109,-144.28796,401.18106,400
383,628.02924,260.4534,618.2936,400
384,556.5484,210.03717,563.5333,400
385,220.5387,-106.60706,394.85757,400
386,434.33862,70.54965,512.43896,400
387,130.71179,-205.15887,443.02435,400
388,326.20892,141.70946,320.32538,400
389,140.22804,-217.46204,434.32947,400
390,136.56363,-196.6518,462.85474,400
391,463.86514,99.38813,526.8761,400
392,139.33263,-208.74048,472.39413,400
393,137.39816,-216.12704,435.18243,400
394,148.94586,-180.62352,387.71368,400
395,131.95969,-187.66367,446.9472,400
396,138.62502,-197.53705,470.10052,400
397,137.8964,-182.68916,380.14868,400
398,577.08563,227.88428,576.8381,400
399,139.15952,-181.05005,375.8853,400
400,516.2588,163.70105,544.73193,400
401,141.44574,-190.32042,480.07706,400
402,527.6525,176.1321,550.20654,400
403,562.626,215.26114,567.639,400
404,411.14832,57.925743,492.68512,400
405,488.57404,131.55183,533.92566,400
406,136.3179,-171.44577,461.51343,400
407,132.5307,-184.97275,376.5905,400
408,473.09674,116.338646,525.45605,400
409,427.3638,65.305115,507.7395,400
410,563.1473,216.03932,567.7489,400
411,570.67633,222.41754,572.80286,400
412,137.02257,-205.69604,464.5064,400
413,131.7291,-181.71825,374.13464,400
414,210.55255,-93.9638,371.02933,400
415,137.38272,-180.92949,465.98853,400
416,137.51466,-207.10507,466.12766,400
417,135.7366,-206.4223,460.0908,400
418,139.35924,-210.99109,472.5353,400
419,141.9293,-201.96542,481.47305,400
420,470.38727,109.50243,527.31805,400
421,137.23619,-173.84302,364.17773,400
422,474.32745,112.503716,530.09106,400
423,150.91522,-168.72049,372.4192,400
424,174.51465,-148.6149,380.72687,400
425,336.1778,0.48582652,442.9737,400
426,128.58511,-203.52267,435.2802,400
427,137.47134,-194.47665,466.16302,400
428,329.97324,-7.4612937,441.59018,400
429,140.83908,-193.80888,477.83667,400
430,187.36371,-220.49236,635.05853,400
431,274.1148,-64.78851,420.54422,400
432,136.44223,-200.77852,462.45288,400
433,590.6668,238.46567,586.3933,400
434,137.01434,-204.5203,464.46747,400
435,564.27374,217.68428,568.0337,400
436,628.09503,260.6794,618.20636,400
437,138.62724,-186.25171,470.37943,400
438,556.16223,210.06683,563.00867,400
439,271.50873,-63.026993,416.49152,400
440,536.2778,187.87003,552.95667,400
441,566.01483,219.48975,568.97504,400
442,136.46683,-210.25938,462.59235,400
443,137.3141,-212.67139,465.52783,400
444,137.82843,-204.01611,467.26984,400
445,531.047,182.65625,549.9196,400
446,136.98505,-195.53119,464.38013,400
447,136.71841,-210.7362,463.532,400
448,149.86844,-176.56956,382.75378,400
449,144.77684,-207.05844,491.3175,400
450,140.40019,-192.91992,476.35577,400
451,234.62587,-103.13595,409.76837,400
452,134.08148,-207.29636,454.45547,400
453,578.91254,229.23413,578.16516,400
454,145.28134,-212.20956,422.8666,400
455,153.42844,-150.18085,357.8775,400
456,133.73633,-213.36331,449.13254,400
457,152.32419,-175.15755,384.03302,400
458,133.26932,-181.25464,451.78436,400
459,572.90283,224.89417,573.7372,400
460,135.99985,-214.73322,433.37415,400
461,506.85754,150.29543,543.1343,400
462,140.58957,-198.59518,476.7947,400
463,138.76007,-204.37177,470.45392,400
464,131.49792,-208.49615,424.86743,400
465,130.5274,-209.47566,432.10757,400
466,152.33347,-182.35008,515.7151,400
467,151.15182,-215.73944,433.6752,400
468,296.08868,-38.3312,424.26672,400
469,328.61932,-11.999816,443.70844,400
470,175.31982,-182.41216,414.1987,400
471,171.92798,-155.34105,384.1974,400
472,527.7574,191.82358,539.3944,400
473,169.0298,-206.20073,430.31976,400
474,131.02063,-207.6918,418.8843,400
475,223.25745,-86.961174,378.26553,400
476,136.59186,-199.1901,462.96655,400
477,634.62115,264.64514,623.70734,400
478,357.40347,17.161196,456.70474,400
479,139.42873,-210.93979,472.7549,400
480,578.242,228.82721,577.6008,400
481,478.74774,121.6321,528.8107,400
482,143.38489,-180.17151,485.661,400
483,498.4004,143.21687,537.6778,400
484,376.68372,19.563694,480.0302,400
485,125.171585,-179.14212,367.3423,400
486,571.4963,222.72385,573.6231,400
487,500.82965,142.61987,541.30927,400
488,415.35355,45.935677,508.4296,400
489,526.8396,174.92169,550.027,400
490,138.86282,-200.2587,470.85126,400
491,136.09366,-218.3675,450.13495,400
492,87.99078,27.932835,105.372314,400
493,119.46829,-188.99605,404.70776,400
494,382.5185,35.123596,474.4423,400
495,557.95526,211.47537,564.31476,400
496,137.01384,-209.40787,464.41534,400
497,420.04114,65.80767,497.66794,400
0,555.9671,198.51746,607.8327,450
1,118.74082,-177.07933,482.70807,450
2,506.83917,135.41995,588.9841,450
3,121.87931,-220.22,422.88943,450
4,110.33167,-201.57549,451.50052,450
5,377.8033,-27.519869,550.0932,450
6,487.32144,107.03,584.9422,450
7,384.2108,-16.254795,549.1141,450
8,189.35722,-179.74791,441.267,450
9,256.85345,-120.53921,470.974,450
10,462.4377,72.74328,580.2421,450
11,420.2146,20.591486,566.98175,450
12,207.14348,-190.90866,475.85556,450
13,257.94925,-121.12927,471.98624,450
14,116.876656,-199.78755,478.00705,450
15,434.43774,40.434586,569.47736,450
16,491.4113,114.3571,584.4089,450
17,255.71758,-154.5999,502.1063,450
18,96.98376,-193.237,376.49368,450
19,206.37373,-192.04642,475.949,450
20,436.09464,35.725174,575.88336,450
21,518.3243,152.03549,591.6087,450
22,151.63802,-197.28857,414.4963,450
23,107.86138,-200.09897,441.62985,450
24,196.77068,-200.38687,472.19894,450
25,417.22336,21.406511,562.01556,450
26,288.20804,-116.66556,507.9601,450
27,627.7975,259.19443,664.0343,450
28,474.39218,89.17444,582.5021,450
29,455.35733,66.35924,575.88544,450
30,130.03699,-193.93465,389.31625,450
31,234.4958,-168.57349,489.1694,450
32,108.60929,-196.324,444.15106,450
33,113.51923,-210.63199,464.94357,450
34,113.80764,-208.09164,465.9083,450
35,107.48205,-199.93614,440.07697,450
36,135.46928,-183.54286,549.4791,450
37,534.71936,175.22836,595.4948,450
38,110.676796,-208.60223,453.46347,450
39,433.6357,36.09336,572.1103,450
40,399.87344,5.2727623,552.0671,450
41,116.84554,-207.07086,478.11172,450
42,139.88936,-222.01292,427.33395,450
43,127.91092,-222.56796,425.64893,450
44,466.09976,76.90344,581.6868,450
45,119.61761,-203.2313,489.61523,450
46,486.15823,103.570984,586.3254,450
47,324.04288,-72.87495,516.3057,450
48,93.1406,-182.81621,381.82974,450
49,287.98398,-77.18532,470.96722,450
50,112.59466,-207.78946,460.97327,450
51,520.2247,155.48315,591.4277,450
52,146.34843,-248.7764,468.02884,450
53,113.97378,-208.0693,466.59885,450
54,466.56308,77.46417,581.8374,450
55,245.17773,-144.80551,479.30087,450
56,451.51712,55.61193,579.9754,450
57,512.71436,145.09317,589.39233,450
58,296.50763,-91.2314,495.35678,450
59,394.94617,-6.1922936,555.2448,450
60,499.13437,124.16513,587.17883,450
61,496.89377,119.812775,587.5606,450
62,379.07336,-21.956326,546.95526,450
63,116.82116,-184.61183,475.67798,450
64,113.27697,-212.74675,464.10324,450
65,418.56253,12.342731,571.8781,450
66,123.465385,-239.42824,446.95938,450
67,489.08932,110.532486,584.39264,450
68,384.40628,-18.461708,551.3167,450
69,118.26548,-191.44945,482.29532,450
70,87.84214,-174.15172,359.6213,450
71,371.86002,-27.63549,541.8782,450
72,402.6257,3.9729855,557.0495,450
73,131.67627,-190.05844,380.746,450
74,451.25467,60.92482,574.8665,450
75,114.72308,-189.96841,468.50165,450
76,255.99727,-141.41563,490.04025,450
77,281.8442,-102.85997,486.46216,450
78,488.32687,107.48233,585.9274,450
79,363.37955,-33.34629,535.11304,450
80,97.387146,-196.82785,397.8454,450
81,104.72253,-203.71298,429.42282,450
82,154.20488,-205.53044,625.90326,450
83,149.16823,-235.79704,454.1965,450
84,167.43015,-230.0242,463.4481,450
85,488.42752,106.932045,586.55927,450
86,490.0173,112.877174,583.7143,450
87,110.27946,-199.90726,451.082,450
88,111.85909,-199.62851,457.6012,450
89,114.2602,-197.82266,467.2053,450
90,517.65924,152.74063,590.087,450
91,139.22166,-250.26413,460.15536,450
92,169.66249,-205.50009,442.2864,450
93,113.70406,-208.47183,465.50604,450
94,109.10067,-95.35211,267.14474,450
95,101.242035,-203.8324,410.85574,450
96,125.739784,-172.69545,509.9089,450
97,118.34292,-206.96509,403.56223,450
98,171.33829,-188.94608,429.3621,450
99,526.0517,162.45862,593.8269,450
100,383.0505,-17.337221,548.4434,450
101,463.23886,72.610916,581.4659,450
102,176.9675,-245.0503,487.99066,450
103,220.04231,-182.21448,484.62546,450
104,366.887,-36.18546,542.41876,450
105,457.60794,60.807804,583.91327,450
106,121.55235,-202.08417,497.29947,450
107,146.67915,-211.53772,420.90494,450
108,344.8997,-56.915333,530.4708,450
109,407.1668,2.176679,564.8857,450
110,120.16772,-176.75925,488.30136,450
111,119.00677,-189.15948,484.40994,450
112,217.58937,-184.80151,483.3309,450
113,328.10147,-72.80261,521.7398,450
114,349.67178,-47.94885,529.08685,450
115,504.2797,130.85754,589.08215,450
116,153.2871,-195.24902,412.36227,450
117,344.4499,-56.615334,529.77924,450
118,371.42322,-47.129524,558.27045,450
119,382.46457,-18.104736,548.29517,450
120,520.3567,157.04913,590.315,450
121,137.41017,-245.32898,456.59033,450
122,329.29044,-63.763405,515.20245,450
123,260.4241,-153.4834,507.5449,450
124,123.76613,-241.39468,452.51855,450
125,118.88422,-221.29971,430.1476,450
126,84.67823,-162.03531,344.91995,450
127,310.46695,-95.08134,517.7054,450
128,122.87388,-205.79572,406.6454,450
129,200.06325,-193.83415,470.32645,450
130,115.81237,-186.10564,472.0201,450
131,511.51526,142.28012,589.98236,450
132,148.88771,-220.5173,445.69547,450
133,114.9223,-170.63707,466.83188,450
134,124.46186,-231.66193,437.7363,450
135,356.92838,-37.097176,529.51715,450
136,194.15501,-184.09601,452.2175,450
137,108.5334,-201.32568,444.36496,450
138,108.69912,-193.33249,444.5175,450
139,471.92603,84.96081,582.75934,450
140,395.39902,-5.1251206,554.9444,450
141,281.56268,-117.5314,499.3771,450
142,118.893105,-206.73407,486.52493,450
143,197.26427,-194.79948,467.1161,450
144,525.9941,163.10574,593.186,450
145,495.35654,120.37141,584.98627,450
146,217.71483,83.44901,244.02187,450
147,127.4779,-213.77603,412.89868,450
148,294.97006,-126.36371,525.16486,450
149,134.79544,-220.85977,423.11887,450
150,121.053314,-189.6859,493.13535,450
151,187.04744,-209.14792,468.27887,450
152,132.3718,-215.371,416.1351,450
153,275.69827,-113.10698,487.1607,450
154,109.0444,-206.28503,399.53552,450
155,285.23297,-105.52755,493.56088,450
156,119.16293,-177.78035,484.41983,450
157,267.19507,-148.54002,511.66092,450
158,505.32016,133.6642,588.27264,450
159,113.95787,-206.28307,466.36557,450
160,346.64816,-51.721455,528.3027,450
161,344.78387,-54.12065,527.96796,450
162,313.13065,-82.16665,509.51794,450
163,292.28342,-99.00345,496.84958,450
164,107.96032,-209.20998,442.80206,450
165,107.74839,-204.56107,441.5314,450
166,114.39384,-196.08063,467.67966,450
167,95.77981,-183.69022,367.9522,450
168,287.9561,-103.05211,494.79523,450
169,454.53674,59.27337,580.9709,450
170,168.01274,-214.77629,449.57877,450
171,539.11334,180.35681,597.6365,450
172,146.81105,-245.82175,463.88733,450
173,141.62132,-212.91138,419.21436,450
174,116.78164,-186.5184,475.81467,450
175,166.08092,-221.44495,453.66443,450
176,103.29422,-203.00575,410.1681,450
177,563.51886,205.74048,613.08185,450
178,243.49771,-161.54292,493.4697,450
179,421.2824,20.047594,568.9156,450
180,114.77387,-193.19722,469.1218,450
181,342.6829,-54.38757,525.29736,450
182,218.0977,-179.47061,478.17856,450
183,160.8559,-219.69394,446.4999,450
184,509.48187,139.06824,589.74084,450
185,127.7983,-233.49637,431.50174,450
186,480.8287,100.43138,581.6401,450
187,396.784,-3.3600385,555.33356,450
188,113.848434,-194.37695,378.3701,450
189,150.3827,-220.73831,432.76865,450
190,350.8306,-45.76146,528.86835,450
191,131.28,-219.75056,424.31076,450
192,347.0498,-48.456665,525.96436,450
193,222.25197,-144.188,448.3251,450
194,93.53156,-186.80559,379.9685,450
195,98.060875,-195.01035,402.57785,450
196,364.18347,-36.7894,539.2298,450
197,109.82104,-205.72113,449.84927,450
198,100.661224,-197.60735,383.63022,450
199,111.36733,-200.31805,455.53244,450
200,103.35843,-199.95331,423.70773,450
201,143.08765,-225.16483,436.64493,450
202,106.65241,-212.70358,409.1419,450
203,112.845055,-188.75926,461.05417,450
204,307.0767,-80.936386,500.5129,450
205,136.802,-201.77417,398.85965,450
206,114.51139,-235.73822,445.98886,450
207,438.23648,40.260414,574.8393,450
208,451.33615,58.227196,577.457,450
209,337.29605,-55.089806,518.4987,450
210,371.65414,-27.581303,541.5571,450
211,144.93204,-231.54144,443.70438,450
212,159.00122,-215.82896,439.03427,450
213,471.26016,85.28107,581.5804,450
214,492.89407,114.33835,586.5018,450
215,94.72061,-175.84126,387.23746,450
216,506.55075,133.88954,589.7849,450
217,416.06992,18.61755,562.9544,450
218,120.060394,-218.18866,410.61368,450
219,142.76004,-218.80734,427.4277,450
220,190.12404,-218.25653,481.74625,450
221,116.07931,-188.77737,473.50143,450
222,113.00572,-193.0847,461.9166,450
223,92.983894,-186.52432,380.92996,450
224,467.8204,83.8038,578.0829,450
225,205.94649,-194.21767,477.5089,450
226,108.81893,-207.357,445.9091,450
227,126.71352,-240.61203,455.1489,450
228,141.43724,-228.65674,439.81055,450
229,139.1292,-186.7778,564.3555,450
230,129.88629,-206.90387,400.6043,450
231,314.4763,-76.60507,506.58304,450
232,497.60953,121.60202,587.09564,450
233,513.19495,143.4496,591.3896,450
234,261.73868,-120.45385,477.42212,450
235,115.47451,-217.453,473.27463,450
236,168.92128,-198.87451,434.50577,450
237,134.69656,-228.33876,430.95844,450
238,305.73294,-93.397,510.05508,450
239,368.46262,-34.028595,542.7512,450
240,117.693146,-204.517,481.60248,450
241,93.26373,-184.10057,370.6813,450
242,108.50367,-218.56754,425.4832,450
243,107.60566,-204.21437,440.82538,450
244,117.03004,-202.33505,478.767,450
245,114.8035,-188.1229,468.48532,450
246,216.72719,-133.10385,430.80933,450
247,356.92654,-43.14712,534.7646,450
248,86.25498,-164.35645,352.67838,450
249,113.35959,-202.23117,463.67026,450
250,107.02073,-205.77592,438.68436,450
251,315.38248,-77.88815,508.8226,450
252,431.3901,38.081387,567.2899,450
253,206.56157,-182.68732,467.27255,450
254,124.49993,-176.72374,505.55472,450
255,441.6766,48.448906,572.4731,450
256,121.46354,-222.9711,428.02554,450
257,113.152466,-201.82266,462.91656,450
258,116.14025,-182.92233,472.84238,450
259,114.293724,-185.8239,466.12527,450
260,254.65395,-131.84558,477.96765,450
261,284.08487,-107.69469,493.73163,450
262,95.68275,-189.56223,375.90466,450
263,95.192566,-189.24356,388.87296,450
264,361.28528,-36.98533,535.39575,450
265,315.04172,-83.69499,513.6916,450
266,113.57795,-189.59373,463.93762,450
267,102.183464,-186.45502,417.81894,450
268,311.75497,-103.858536,527.86237,450
269,520.12585,154.48318,592.0932,450
270,102.10862,-205.16345,414.55496,450
271,141.37627,-231.5168,439.80362,450
272,109.65537,-208.52829,449.33594,450
273,140.02676,-215.33551,418.90598,450
274,119.885864,-213.36383,407.15002,450
275,107.30349,-204.95282,439.66647,450
276,192.83315,-197.7133,463.75854,450
277,150.84431,-214.36841,427.33597,450
278,465.85663,75.63649,582.4428,450
279,205.18199,-156.0315,437.53452,450
280,362.87457,-9.7989025,513.80585,450
281,256.37576,-132.24112,480.8206,450
282,110.25112,-204.30142,451.3996,450
283,324.2684,-76.00899,519.38574,450
284,130.18678,-176.82599,527.8771,450
285,206.56699,-197.79398,482.68546,450
286,228.2184,-161.51462,473.83078,450
287,302.1391,-86.89149,499.18942,450
288,110.71065,-226.9061,447.11066,450
289,120.81788,-226.35837,434.6509,450
290,116.1918,-206.07965,475.501,450
291,495.14822,120.16991,584.8438,450
292,133.07396,-232.5874,436.2921,450
293,443.00885,44.364525,577.95166,450
294,509.20786,138.94307,589.4716,450
295,271.44382,-125.71071,494.32718,450
296,212.47792,-199.86172,492.64975,450
297,215.26169,-192.49817,487.33154,450
298,335.66043,-59.20471,520.01276,450
299,446.595,51.590782,576.6099,450
300,527.6131,165.32784,593.6262,450
301,352.23306,-46.373127,531.22797,450
302,444.9539,45.59536,579.5763,450
303,355.8559,-49.60009,539.06854,450
304,101.06217,-197.63802,414.3616,450
305,231.44728,-170.21758,487.34924,450
306,374.8535,-24.482412,543.2916,450
307,282.46005,-102.31585,486.86035,450
308,117.86169,-187.29811,480.1235,450
309,112.483154,-198.32907,460.0064,450
310,372.54175,-25.5044,540.9649,450
311,460.17587,69.004524,580.3191,450
312,371.95364,-31.242437,545.1687,450
313,114.07829,-204.26065,466.7797,450
314,152.39069,-243.526,463.02304,450
315,152.77498,-226.41757,444.4307,450
316,109.783424,-209.98337,450.06735,450
317,437.3599,40.608276,573.38934,450
318,300.5784,-91.36188,500.92136,450
319,113.89503,-189.90947,465.3224,450
320,348.22986,-48.25551,527.3835,450
321,115.41636,-202.6849,472.1573,450
322,212.4232,-198.16962,490.37625,450
323,421.23178,21.14706,567.9351,450
324,126.339355,-179.12836,513.1374,450
325,108.300514,-202.32584,443.40375,450
326,107.67494,-203.22356,441.05148,450
327,453.39474,59.525696,579.15356,450
328,114.54311,-201.30872,468.5148,450
329,107.56042,-204.219,440.5825,450
330,474.09805,87.45369,583.6031,450
331,113.48042,-201.8963,464.2167,450
332,373.38034,-25.317423,541.9749,450
333,468.0968,80.58566,581.22626,450
334,499.2697,123.82382,587.63586,450
335,295.67667,-96.14812,498.89548,450
336,452.9448,59.35986,578.6811,450
337,112.484116,-207.50545,460.57462,450
338,159.94792,-186.2607,411.54443,450
339,217.12614,-138.80356,435.98776,450
340,121.45537,-235.29633,436.743,450
341,582.3592,223.91171,626.57227,450
342,332.45526,-77.108185,531.53406,450
343,559.5054,200.52596,611.1641,450
344,359.90665,-41.0068,536.98596,450
345,530.3829,170.79716,593.0776,450
346,232.17871,-143.7839,461.38046,450
347,406.09067,2.5881045,563.05646,450
348,148.34323,-237.25385,455.44006,450
349,144.24092,-193.34212,585.27484,450
350,114.45916,-202.49237,468.24506,450
351,104.48951,-203.7467,428.67383,450
352,263.92056,-99.65996,459.04874,450
353,110.322075,-208.23996,451.92422,450
354,211.18645,-190.10382,479.53967,450
355,111.91482,-206.32234,458.11667,450
356,430.7051,28.470688,574.6871,450
357,99.65474,-197.66359,408.70633,450
358,102.64167,-202.7193,421.11188,450
359,132.64583,-201.77797,402.29852,450
360,518.10095,152.34918,591.0373,450
361,451.5196,62.26009,574.1684,450
362,102.36202,-194.4474,419.17386,450
363,133.87794,-207.40707,401.40872,450
364,331.8978,-65.63426,520.4743,450
365,442.97598,42.639175,579.37054,450
366,230.8096,-134.63315,450.7524,450
367,119.91398,-243.69843,462.44974,450
368,124.809105,-176.69331,506.7988,450
369,289.94077,-114.38695,507.81882,450
370,95.27944,-129.70355,294.26035,450
371,494.03455,117.14717,585.7865,450
372,111.85508,-202.43076,457.56882,450
373,515.9704,153.611,587.0458,450
374,246.8731,-104.37192,441.9045,450
375,116.11847,-195.34222,474.7078,450
376,268.78134,-124.0058,489.2809,450
377,111.026794,-208.92505,454.8049,450
378,526.04425,162.95848,593.3967,450
379,105.1416,-203.01794,431.05316,450
380,104.40896,-187.21365,426.72498,450
381,116.31047,-200.20732,475.67484,450
382,144.41545,-198.9747,408.0577,450
383,472.52734,89.834175,579.37067,450
384,503.319,129.41833,588.9118,450
385,198.5933,-207.0333,479.19846,450
386,328.8005,-68.16615,518.6894,450
387,143.55182,-244.64214,461.8555,450
388,312.4836,-113.26561,537.54376,450
389,124.09736,-232.01837,437.9321,450
390,86.737854,-169.63045,355.03458,450
391,369.12964,-32.394226,542.26324,450
392,115.81781,-208.32413,474.05576,450
393,100.034645,-194.37006,410.13815,450
394,157.91913,-207.41379,431.27127,450
395,112.45196,-176.58331,457.49802,450
396,115.68853,-180.58487,470.8414,450
397,135.67488,-224.48329,429.02634,450
398,497.45947,121.074005,587.3171,450
399,162.3655,-165.62329,392.99582,450
400,396.24503,-8.506435,559.02496,450
401,117.0219,-187.8934,476.98935,450
402,401.94196,-3.3217165,562.43854,450
403,510.57657,141.262,589.5025,450
404,334.92612,-64.28577,523.49084,450
405,528.57513,166.44107,594.0579,450
406,126.81378,-171.68114,514.05566,450
407,250.26112,-118.1008,457.9479,450
408,393.0273,-10.764038,556.5484,450
409,343.93906,-56.273296,528.74646,450
410,519.49554,153.01692,592.42487,450
411,466.478,77.848656,581.40375,450
412,110.76636,-204.32756,453.42783,450
413,129.05592,-226.88358,429.77527,450
414,266.19287,-114.585754,477.00287,450
415,113.59402,-188.95868,463.97037,450
416,109.78903,-197.82541,449.03375,450
417,108.99427,-198.40439,445.91754,450
418,114.525246,-201.79044,468.46976,450
419,107.07317,-204.6818,438.82413,450
420,346.35062,-53.336742,529.3207,450
421,348.4559,-45.132942,524.99945,450
422,454.67245,67.086044,574.364,450
423,263.5187,-105.80478,465.01306,450
424,303.1511,-93.95247,506.87546,450
425,255.10008,-147.52888,494.7059,450
426,99.486626,-195.53339,408.0292,450
427,114.74134,-179.83185,467.02737,450
428,216.0385,-171.92937,468.0106,450
429,119.320915,-181.44255,485.36707,450
430,134.79832,-183.1076,546.82074,450
431,319.93082,-81.52687,518.3355,450
432,111.83425,-200.43066,457.39252,450
433,464.59674,80.7727,576.2155,450
434,114.61698,-181.18538,466.6511,450
435,485.37686,104.58371,584.3673,450
436,549.0326,190.21576,604.1811,450
437,119.91494,-183.34172,487.89346,450
438,481.67386,99.938675,583.26117,450
439,211.19656,-168.69434,459.80148,450
440,458.6628,67.19193,579.8143,450
441,456.89053,66.91581,577.57135,450
442,113.763054,-189.18776,464.58932,450
443,112.62568,-210.39618,461.3195,450
444,109.439186,-199.74666,447.7632,450
445,447.0889,53.20243,575.94086,450
446,108.656334,-214.29291,415.8077,450
447,98.64375,-199.57727,400.10068,450
448,143.44777,-212.35089,421.60706,450
449,99.104774,-194.31613,406.4712,450
450,114.96345,-211.95134,470.8332,450
451,278.36298,-90.45306,470.58228,450
452,97.991714,-192.04007,401.54337,450
453,488.848,108.72899,585.5799,450
454,227.80452,-145.79317,457.31924,450
455,179.52888,-155.97816,406.0545,450
456,96.83233,-188.36569,396.82083,450
457,108.717445,-204.17365,397.57114,450
458,109.75809,-183.61678,448.15317,450
459,433.08133,33.819366,573.3464,450
460,175.87718,-195.42651,440.97293,450
461,502.4393,127.00171,589.53436,450
462,117.33924,-191.10982,478.69815,450
463,106.581696,-204.34149,436.78796,450
464,141.98856,-219.37885,427.6556,450
465,99.259254,-193.00385,406.86273,450
466,126.88996,-176.72958,514.9715,450
467,143.92827,-239.09854,451.37454,450
468,192.16629,-220.34888,486.49374,450
469,358.60928,-40.223766,534.5581,450
470,258.54208,-200.34052,551.8438,450
471,182.2234,-219.87468,473.35117,450
472,347.40497,-64.308075,540.51154,450
473,151.98656,-240.18933,458.88284,450
474,115.73214,-209.61829,473.78903,450
475,239.67471,-144.79924,471.64447,450
476,104.76438,-197.39494,428.94174,450
477,524.6186,162.13431,592.08466,450
478,296.84067,-91.99313,496.6082,450
479,134.82997,-214.93195,413.8085,450
480,488.5029,109.65047,584.3133,450
481,379.00766,-21.06913,546.08673,450
482,123.41061,-186.22472,501.9445,450
483,372.14078,-28.955822,543.417,450
484,212.62187,-216.52672,508.45053,450
485,134.86507,-165.73126,368.2407,450
486,528.55365,164.68224,595.4653,450
487,481.79236,98.64893,584.5597,450
488,352.44696,-75.776886,558.2066,450
489,455.08337,58.035896,582.83124,450
490,116.145996,-204.12578,475.25217,450
491,168.73637,-208.29999,444.29968,450
492,627.07733,256.8189,663.9067,450
493,66.61313,-96.54548,254.94928,450
494,303.04022,-72.891525,487.65454,450
495,463.46933,72.348495,581.9916,450
496,107.80962,-217.4148,428.57315,450
497,344.23672,-55.36264,528.2666,450
0,505.0567,198.9828,542.9319,500
1,176.22859,-181.68082,683.2324,500
2,509.1613,199.55177,548.16614,500
3,102.39536,-191.20824,408.12906,500
4,109.99784,-175.32892,448.50897,500
5,347.15027,4.3719373,490.869,500
6,479.1401,145.87195,549.8906,500
7,334.6397,-14.290399,490.08298,500
8,78.32146,-147.98524,313.80984,500
9,123.83375,-191.3164,503.49112,500
10,429.37173,67.60971,549.48505,500
11,422.39938,67.2661,539.5922,500
12,90.26846,-171.04884,370.38602,500
13,224.45827,-77.39684,398.80795,500
14,161.84651,-185.9153,634.328,500
15,443.80792,87.64517,551.5178,500
16,515.3381,209.30876,549.2959,500
17,93.25082,-171.58374,378.72607,500
18,142.5937,-196.70238,570.73334,500
19,132.52884,-201.66614,538.10626,500
20,444.6549,90.4881,550.08655,500
21,497.0327,177.73201,548.19586,500
22,105.89183,-169.31772,359.17444,500
23,125.300964,-193.56699,509.4975,500
24,140.4757,-189.16307,560.23474,500
25,343.32178,-24.618887,511.63254,500
26,124.10701,-201.35216,507.68326,500
27,529.8008,229.82664,552.4928,500
28,484.73505,154.80571,550.2085,500
29,424.29044,74.56899,535.6072,500
30,139.07263,-191.88448,556.4513,500
31,140.60054,-167.8518,383.78632,500
32,133.04124,-194.8053,537.0078,500
33,149.89125,-189.3423,593.42114,500
34,146.10495,-189.8577,580.297,500
35,156.21689,-182.88857,613.3672,500
36,226.19736,-224.04648,874.28125,500
37,454.43036,112.97319,543.12506,500
38,152.69273,-186.54329,602.30225,500
39,420.68115,61.224888,542.8179,500
40,259.23172,-96.69841,462.99277,500
41,169.17496,-190.48955,661.7527,500
42,139.16722,-201.16185,560.8804,500
43,120.12656,-200.61105,493.01123,500
44,479.83966,150.36237,547.08813,500
45,132.35844,-197.16335,535.71704,500
46,499.28845,180.74188,548.94336,500
47,324.50537,-41.254974,501.1564,500
48,201.60713,-97.48876,386.85544,500
49,257.55823,-34.487675,399.75742,500
50,123.645325,-205.04759,507.05103,500
51,523.82495,221.15982,551.5365,500
52,118.90096,-199.50972,488.29877,500
53,148.41173,-192.95528,589.6126,500
54,484.09137,158.2858,546.3699,500
55,98.52789,-169.84496,405.43503,500
56,460.77896,109.547195,555.47925,500
57,378.8811,9.445031,531.01184,500
58,154.66109,-193.33089,611.68506,500
59,389.24078,28.171223,528.7181,500
60,507.49603,202.18687,543.8458,500
61,493.89557,173.01505,547.5398,500
62,423.3627,71.75899,536.91296,500
63,132.38779,-196.17561,535.2906,500
64,137.83534,-203.97658,557.4679,500
65,396.71878,32.93111,534.9248,500
66,119.96791,-200.29567,492.33713,500
67,488.53223,167.29176,544.85046,500
68,444.87744,85.27617,555.25507,500
69,171.56374,-189.05984,669.63184,500
70,126.25156,-192.25131,512.4939,500
71,289.951,-43.174088,453.9485,500
72,407.54926,46.690575,537.60803,500
73,153.38255,-194.68861,607.7118,500
74,424.54596,66.48014,543.4257,500
75,162.78378,-175.53775,633.7975,500
76,82.13935,-138.43633,311.13425,500
77,266.3813,-72.59774,449.7722,500
78,466.6021,120.72102,553.4005,500
79,244.70903,-82.01878,428.85147,500
80,128.29088,-202.51451,523.1147,500
81,139.92155,-197.42342,561.7454,500
82,276.19885,-269.67087,1066.9095,500
83,105.53169,-199.14256,416.56705,500
84,107.861664,-203.52226,429.67447,500
85,501.92853,181.67097,551.9041,500
86,197.20546,-129.49614,411.5555,500
87,151.36453,-184.74605,596.90857,500
88,130.35265,-184.02487,523.2663,500
89,140.44217,-193.40523,561.8452,500
90,547.39594,255.0968,556.9944,500
91,140.13702,-202.8748,564.9066,500
92,104.45108,-182.24306,351.94357,500
93,170.74771,-178.12311,662.73315,500
94,65.485176,-54.86681,191.37491,500
95,129.29666,-196.45822,524.86615,500
96,188.9587,-191.08972,731.3629,500
97,154.40224,-187.76137,608.7731,500
98,261.4736,-57.95642,428.01385,500
99,516.67615,211.86043,549.21155,500
100,224.2926,-110.97919,430.5664,500
101,501.5324,183.88998,549.669,500
102,142.3063,-204.61723,415.31232,500
103,307.98438,-52.047497,488.0939,500
104,401.68033,38.939743,536.31744,500
105,501.26886,178.03925,553.8285,500
106,147.63002,-195.36888,587.6645,500
107,141.3236,-197.44582,566.6958,500
108,122.18135,-204.07365,405.73093,500
109,460.7027,119.39723,546.2013,500
110,184.15059,-187.47148,713.15063,500
111,179.44185,-186.66643,696.49084,500
112,99.02094,-173.65819,407.2208,500
113,165.89679,-200.43806,445.57193,500
114,331.16144,-31.93579,501.7793,500
115,529.22205,227.30501,553.8297,500
116,116.94684,-190.30644,478.2407,500
117,375.79535,15.222365,521.4757,500
118,117.12399,-133.97252,308.14862,500
119,266.2916,-57.932907,434.79605,500
120,525.39105,225.5378,549.8711,500
121,155.4907,-184.12144,611.29443,500
122,179.08208,-132.71706,392.16653,500
123,113.44054,-162.65694,347.67224,500
124,145.40404,-196.57356,580.426,500
125,138.90587,-194.27554,556.98596,500
126,152.48686,-176.09596,597.61,500
127,425.83936,69.01688,542.94543,500
128,141.8608,-196.7893,568.2295,500
129,116.35408,-163.38695,355.01175,500
130,155.8595,-185.34901,613.0296,500
131,498.42682,180.7957,547.75464,500
132,191.68105,-92.319214,365.11313,500
133,193.82204,-193.91034,749.53375,500
134,134.89925,-203.20186,547.0512,500
135,127.6566,-198.16487,519.50085,500
136,112.84474,-189.4147,463.22903,500
137,133.77847,-194.59593,539.5244,500
138,171.93681,-176.52797,666.1531,500
139,485.4472,160.67238,546.22327,500
140,332.33344,-20.130325,492.20963,500
141,95.019455,-172.63551,392.3721,500
142,179.51872,-184.80786,695.9407,500
143,87.41284,-149.81813,352.54166,500
144,512.40063,206.2332,547.5155,500
145,539.3679,242.93275,555.3125,500
146,365.83994,6.6293035,515.4194,500
147,98.1436,-171.96281,404.6511,500
148,178.63376,-150.93256,407.33505,500
149,107.71333,-190.09216,384.09595,500
150,148.25069,-192.15474,588.69324,500
151,112.32247,-192.26085,462.199,500
152,108.55313,-182.76506,395.7656,500
153,233.77866,-86.123856,417.2604,500
154,145.2978,-191.78554,578.1637,500
155,298.85596,-31.564522,455.92557,500
156,177.12422,-183.16943,686.9519,500
157,194.60677,-115.9091,395.01706,500
158,482.25797,157.42348,544.489,500
159,85.090775,-148.56075,343.5411,500
160,265.5239,-72.58026,449.2985,500
161,316.6148,-28.96884,478.33234,500
162,121.62908,-196.609,497.19785,500
163,208.50569,-84.05798,379.37778,500
164,144.262,-193.64636,575.25586,500
165,136.14899,-200.41968,550.213,500
166,153.21733,-188.10973,604.7268,500
167,142.04881,-186.18172,564.5846,500
168,275.2586,-52.366,442.67947,500
169,460.2904,112.795654,551.68445,500
170,95.433395,-168.49202,392.62936,500
171,538.70496,240.33388,556.4015,500
172,92.53841,-174.62631,381.78015,500
173,100.57978,-164.1012,346.57224,500
174,142.81343,-203.75435,574.46826,500
175,102.02135,-175.22115,419.7398,500
176,156.3339,-177.15477,611.6915,500
177,547.6172,256.98224,555.8343,500
178,123.925385,-185.68813,387.6694,500
179,313.20737,-23.963991,468.38474,500
180,166.95439,-177.2205,649.11285,500
181,369.48145,14.486511,513.19403,500
182,182.58556,-156.2379,418.54605,500
183,121.67226,-196.06989,497.15744,500
184,506.3777,195.12456,547.694,500
185,128.6066,-209.39432,526.41296,500
186,406.36322,38.813225,543.1797,500
187,326.91577,-30.68539,494.2875,500
188,147.35252,-193.43266,586.01245,500
189,101.27217,-178.35553,417.84082,500
190,400.68848,32.471397,540.99005,500
191,87.29091,-154.73224,358.12393,500
192,292.05243,-59.53886,473.35226,500
193,104.094246,-173.28226,426.4966,500
194,147.22523,-187.76373,583.44727,500
195,109.7381,-185.82413,450.882,500
196,315.42526,-53.6652,500.04657,500
197,128.0136,-201.83565,521.84595,500
198,123.36749,-196.44112,503.4208,500
199,148.18245,-183.86462,585.4137,500
200,143.69978,-193.11717,573.0619,500
201,139.38698,-195.71841,559.2739,500
202,146.63518,-186.36702,580.778,500
203,190.16841,-192.48369,736.23083,500
204,404.51556,40.758015,538.8805,500
205,143.53267,-195.42842,573.4739,500
206,145.98395,-199.42305,583.56775,500
207,406.9878,41.67961,541.25323,500
208,326.9371,-27.44721,491.37646,500
209,221.43211,-115.355675,428.37927,500
210,321.43622,-39.978893,495.64975,500
211,119.048965,-196.06029,487.73746,500
212,141.06032,-196.3054,565.3004,500
213,442.5656,81.90965,555.0736,500
214,451.05478,96.82195,553.3347,500
215,113.872055,-177.41576,463.0231,500
216,494.68115,170.27751,550.9695,500
217,353.6898,-9.920671,513.2844,500
218,143.10953,-198.41095,573.23035,500
219,110.36573,-193.09848,455.42856,500
220,129.40761,-186.0168,397.28098,500
221,151.71405,-185.87843,598.6106,500
222,160.27156,-180.66011,626.8615,500
223,118.74252,-193.20714,485.71414,500
224,451.25867,102.90607,548.03015,500
225,93.025986,-170.08794,356.19388,500
226,155.61055,-188.17241,613.1847,500
227,126.511185,-208.1722,518.397,500
228,136.48695,-201.3519,551.6797,500
229,220.933,-219.04735,853.9956,500
230,89.06336,-152.928,324.3909,500
231,163.6402,-118.34159,355.9199,500
232,478.98358,151.86588,544.56195,500
233,524.29834,224.77673,548.95593,500
234,322.2555,-13.1992235,471.66556,500
235,131.48575,-204.9435,535.4143,500
236,103.084656,-185.45691,413.22165,500
237,150.23364,-196.46344,597.2202,500
238,165.19221,-141.00853,386.86832,500
239,151.1924,-148.22093,369.69186,500
240,140.32939,-194.70967,562.0251,500
241,134.61743,-195.38762,542.70435,500
242,113.70586,-191.76347,467.05447,500
243,114.71655,-193.00705,471.03452,500
244,132.43974,-200.78465,537.54895,500
245,149.47728,-192.78058,593.25244,500
246,121.259605,-166.77847,362.34592,500
247,266.99915,-75.37092,452.43805,500
248,138.57153,-192.13954,554.8021,500
249,138.95113,-198.82466,559.0321,500
250,146.73567,-189.28104,582.3013,500
251,349.67963,-14.728527,512.0556,500
252,426.85968,69.401855,544.19696,500
253,93.42218,-142.23782,338.0612,500
254,192.3535,-195.44221,744.9333,500
255,449.16028,117.60733,531.3124,500
256,134.92079,-199.96458,545.7926,500
257,162.16356,-183.88728,634.713,500
258,142.46996,-194.78069,569.4706,500
259,186.14064,-188.86266,720.6903,500
260,110.45655,-182.2429,452.3563,500
261,111.90793,-191.34036,385.76996,500
262,89.26911,-146.127,357.8234,500
263,113.55907,-186.55212,464.7582,500
264,298.30658,-40.192688,463.15158,500
265,97.204056,-177.37404,397.9189,500
266,164.93343,-179.16182,642.6832,500
267,170.7295,-178.35306,662.7334,500
268,253.66933,-69.90106,427.78445,500
269,516.3205,207.95667,551.65283,500
270,128.90675,-200.47125,524.68353,500
271,114.043976,-192.22438,468.44168,500
272,133.92412,-203.53612,543.73505,500
273,143.72234,-194.07877,573.5549,500
274,131.39407,-201.92136,534.13715,500
275,148.6132,-185.70668,587.62354,500
276,137.43701,-201.47264,554.9988,500
277,97.50432,-171.80348,402.27377,500
278,470.70032,133.33852,548.5064,500
279,122.626724,-198.54356,501.2753,500
280,195.26991,-113.9903,391.31595,500
281,97.47235,-166.7958,350.9589,500
282,133.8532,-200.7354,542.4586,500
283,125.340805,-176.13605,368.1379,500
284,239.35191,-235.34854,924.6736,500
285,124.264465,-177.99495,367.37003,500
286,97.9948,-169.5731,403.39774,500
287,163.72731,-117.9336,356.5132,500
288,148.86052,-194.01317,591.5559,500
289,112.54626,-196.71248,464.33582,500
290,168.46416,-183.6887,656.8252,500
291,420.378,69.67689,534.483,500
292,110.43748,-189.70293,454.56247,500
293,421.17273,61.045296,543.7191,500
294,514.98395,205.08733,552.03827,500
295,136.49762,-166.51819,369.21585,500
296,109.13675,-185.29277,448.58,500
297,105.76291,-185.6722,436.48785,500
298,120.29395,-189.56697,378.5842,500
299,438.41492,81.832146,549.0946,500
300,502.0495,189.03017,546.3298,500
301,398.27277,32.120068,537.8982,500
302,448.34875,94.46211,551.6245,500
303,318.51617,-34.755447,486.35812,500
304,137.45256,-194.21791,551.9928,500
305,148.18433,-139.22145,357.32474,500
306,312.83917,-35.344276,478.81445,500
307,109.330826,-175.4496,352.49924,500
308,205.787,-206.9966,796.4747,500
309,138.51472,-196.23936,556.44934,500
310,152.7282,-174.73546,404.05667,500
311,407.51166,42.01886,541.79614,500
312,328.05856,-26.48145,492.16397,500
313,163.00485,-183.96416,637.71533,500
314,140.23637,-199.99062,564.0371,500
315,95.75415,-166.3264,352.14282,500
316,146.2318,-193.31181,582.0399,500
317,381.40283,16.820583,528.1154,500
318,127.12364,-188.27168,397.9584,500
319,148.6086,-187.41821,588.23895,500
320,261.07086,-66.38392,435.95987,500
321,187.52971,-190.32448,726.1196,500
322,187.4356,-123.10075,393.38614,500
323,403.56268,38.23307,539.8347,500
324,192.1122,-195.49353,744.05676,500
325,164.59901,-185.82072,644.0147,500
326,149.7311,-189.76935,593.0489,500
327,439.85696,82.23051,550.8042,500
328,145.7976,-192.18127,580.04297,500
329,138.36037,-191.81755,553.9723,500
330,489.16647,166.05759,546.8236,500
331,136.39415,-195.55876,548.8413,500
332,353.50073,-7.8630867,511.10596,500
333,465.81796,134.74646,540.4354,500
334,496.01874,177.26558,547.1456,500
335,204.9508,-114.937,407.2892,500
336,513.82495,207.27995,548.76465,500
337,152.69176,-185.51521,601.9043,500
338,95.630615,-166.51524,393.87875,500
339,135.42018,-184.47548,540.71106,500
340,110.01221,-188.36386,452.52402,500
341,207.24187,-60.01121,355.41568,500
342,287.97845,-52.657253,460.1384,500
343,474.32068,139.64604,548.3792,500
344,343.2574,-14.494648,502.36417,500
345,516.3906,213.80977,547.1738,500
346,99.79506,-155.52019,348.98135,500
347,312.2756,-26.49296,470.80545,500
348,99.04547,-176.35326,409.36227,500
349,244.12453,-239.6671,943.03046,500
350,148.99258,-193.14568,591.6839,500
351,134.44223,-202.58633,545.2783,500
352,87.04445,-162.06297,338.66788,500
353,173.85545,-183.91951,675.9252,500
354,124.626816,-201.74712,509.6072,500
355,187.08015,-189.31729,724.088,500
356,456.74036,137.42712,525.32556,500
357,133.22467,-201.59534,540.645,500
358,141.74817,-190.97969,565.41394,500
359,119.861305,-190.43462,488.92154,500
360,514.23627,207.97975,548.7831,500
361,491.3802,171.53835,545.22815,500
362,135.02592,-186.96887,540.5646,500
363,122.212006,-200.25914,500.40146,500
364,155.71054,-113.2843,346.5054,500
365,451.83533,101.98224,549.54614,500
366,115.0977,-179.68813,468.30698,500
367,133.8866,-198.81505,541.6627,500
368,199.81436,-200.65929,773.0801,500
369,122.07579,-161.75745,345.95566,500
370,138.0513,-202.32301,557.4457,500
371,507.11572,195.58138,548.40735,500
372,169.29796,-176.63919,657.0683,500
373,469.2057,140.81245,540.05817,500
374,109.20724,-117.758934,314.31555,500
375,203.70398,-204.08188,788.0602,500
376,200.77695,-100.56285,389.75644,500
377,150.25938,-186.42041,593.6782,500
378,515.1228,203.61797,553.29236,500
379,148.45628,-192.58044,589.63806,500
380,162.47612,-179.43298,634.146,500
381,162.06776,-186.46974,635.3109,500
382,102.782135,-168.96,359.76462,500
383,413.84924,48.967266,544.6109,500
384,527.44714,226.27104,552.2079,500
385,115.22107,-208.17365,411.90012,500
386,451.42822,92.77104,557.65576,500
387,141.7281,-193.71796,566.4833,500
388,219.00697,-64.73421,374.72385,500
389,105.321175,-187.27681,435.3156,500
390,191.7509,-193.29924,741.9863,500
391,385.083,22.663988,527.8379,500
392,147.95789,-194.33511,588.473,500
393,151.18474,-186.57773,596.9895,500
394,82.66716,-137.06447,317.70325,500
395,275.61017,-268.0367,1064.1646,500
396,159.36433,-182.63918,624.3896,500
397,117.89642,-194.66365,483.07416,500
398,500.55182,184.93831,547.44507,500
399,123.84782,-197.10329,505.2267,500
400,396.2422,30.616148,536.29956,500
401,160.53885,-185.6234,629.5769,500
402,384.2494,20.523119,528.4688,500
403,464.3723,123.23862,548.0957,500
404,270.4649,-58.674892,441.04584,500
405,333.13568,-19.834778,492.90836,500
406,187.62877,-189.82585,726.2604,500
407,147.2152,-198.56363,587.4851,500
408,363.76694,-2.175026,520.1799,500
409,339.97406,-20.377102,503.46408,500
410,496.4432,180.3741,545.31946,500
411,413.92944,49.98649,543.74646,500
412,128.54855,-205.33044,524.8926,500
413,125.91411,-207.84508,516.15356,500
414,90.645706,-167.41896,350.92682,500
415,137.90393,-188.435,551.0346,500
416,188.35945,-190.93971,729.2174,500
417,144.76488,-188.52026,575.09515,500
418,139.78294,-194.46268,560.10095,500
419,163.49826,-177.98183,637.22046,500
420,270.6028,-60.696663,443.4706,500
421,87.93108,-131.28517,270.86844,500
422,412.24896,49.036125,542.1667,500
423,114.07649,-185.43233,466.44162,500
424,98.636604,-173.9253,406.96347,500
425,179.64232,-99.65277,356.3334,500
426,140.09566,-190.83481,559.583,500
427,181.07616,-184.99403,701.463,500
428,160.43245,-196.32549,633.17615,500
429,189.38731,-192.27893,733.38806,500
430,254.96542,-251.31381,985.46436,500
431,341.9589,-9.875829,496.35217,500
432,156.12712,-183.77606,613.3601,500
433,459.38794,139.55188,527.34106,500
434,137.55164,-194.59447,552.46906,500
435,479.45078,146.38089,549.9132,500
436,508.75208,204.72485,543.65906,500
437,165.07127,-187.5159,646.28845,500
438,439.9801,93.10786,540.8544,500
439,132.54161,-133.41965,336.92514,500
440,455.2375,102.683975,553.9214,500
441,462.0077,123.1712,544.7704,500
442,140.98747,-190.56609,562.5679,500
443,126.72949,-209.97667,519.7971,500
444,138.90991,-189.84712,555.1032,500
445,453.82233,101.42886,553.1101,500
446,117.66044,-194.91472,482.22964,500
447,141.41534,-196.19148,566.5116,500
448,85.90677,-155.22794,355.22327,500
449,141.84723,-191.8199,566.0557,500
450,142.02849,-192.56795,567.0126,500
451,82.782364,-129.75047,280.99643,500
452,133.9987,-196.84517,541.18896,500
453,494.5265,179.4214,543.39874,500
454,141.0854,-199.28429,566.6492,500
455,71.928925,-127.598404,293.2485,500
456,108.75333,-178.99742,445.13217,500
457,89.98754,-155.76283,361.62357,500
458,133.23567,-185.1007,533.4918,500
459,467.68353,129.85197,547.19025,500
460,136.45511,-203.15912,552.413,500
461,469.349,130.09903,549.22437,500
462,158.18617,-185.17738,621.1436,500
463,136.48138,-198.78835,550.5497,500
464,89.16355,-154.93236,364.12448,500
465,153.02074,-183.28496,602.2374,500
466,179.06,-183.98898,693.9674,500
467,111.31613,-188.78899,457.48132,500
468,97.93369,-164.76984,333.15475,500
469,337.17847,-26.938133,505.53226,500
470,125.56305,-200.69066,512.731,500
471,89.14982,-167.4537,370.37448,500
472,214.56671,-166.91206,473.86166,500
473,93.983376,-173.2388,359.05713,500
474,141.85161,-196.80165,568.1494,500
475,104.920074,-189.32793,412.8325,500
476,164.79143,-172.58344,639.7146,500
477,518.15546,217.49,546.62634,500
478,102.04082,-161.1381,356.61154,500
479,98.479,-149.13264,328.22333,500
480,476.89008,139.42516,552.1647,500
481,444.46484,86.805695,553.28186,500
482,223.14476,-221.713,862.7906,500
483,358.31262,-7.6753283,517.5659,500
484,108.5001,-188.6477,447.3497,500
485,109.24587,-172.42833,444.73758,500
486,470.14124,137.81976,543.97577,500
487,164.77177,-146.6164,385.1702,500
488,334.34796,-10.262504,485.92593,500
489,421.91498,55.995686,549.53174,500
490,161.1591,-188.85547,632.9873,500
491,129.81606,-179.79124,388.8584,500
492,459.92755,119.64148,544.878,500
493,138.76115,-197.02336,557.58594,500
494,77.95308,-139.93846,282.80246,500
495,497.28244,179.14192,547.4199,500
496,138.69322,-186.81763,553.0746,500
497,309.2702,-50.081863,487.66486,500
0,576.0029,225.913,590.3148,550
1,132.84131,-117.57966,485.3445,550
2,540.33685,188.09138,573.00684,550
3,128.62529,-275.21826,478.91656,550
4,118.343094,-194.17691,467.14453,550
5,418.3753,50.42771,523.973,550
6,532.49457,177.58914,570.31555,550
7,442.9958,71.923996,538.0017,550
8,107.7995,-242.62517,406.85333,550
9,203.17667,-91.747925,374.00964,550
10,520.1161,252.92009,494.84863,550
11,521.24646,173.21748,558.4981,550
12,169.2806,-229.82054,460.4923,550
13,331.48163,-9.629077,460.0598,550
14,122.65681,-155.77475,466.7246,550
15,532.3094,178.3594,569.5105,550
16,533.63367,185.78987,565.7868,550
17,138.98244,-296.89752,490.33142,550
18,149.62036,-225.10551,428.5354,550
19,121.31711,-209.1309,428.2104,550
20,470.7497,111.30968,540.6404,550
21,536.71454,184.38211,570.9116,550
22,137.48735,-256.14835,447.5492,550
23,117.34309,-166.41057,454.26947,550
24,170.24384,-149.92848,394.8523,550
25,429.04065,78.3181,512.73236,550
26,117.58243,-254.8766,464.0965,550
27,554.91876,203.29732,581.1144,550
28,508.52832,156.51778,554.0928,550
29,452.69095,95.34886,530.078,550
30,119.76883,-187.56178,469.55716,550
31,137.49765,-292.47693,478.51068,550
32,105.08794,-171.32257,400.708,550
33,119.57886,-197.85805,472.62408,550
34,115.21034,-200.5702,458.50555,550
35,123.75989,-139.99278,463.57516,550
36,139.05386,-116.7148,505.4068,550
37,510.64136,159.03056,554.97424,550
38,120.57097,-175.50166,468.4083,550
39,496.79327,139.5519,552.53186,550
40,221.51462,-208.65334,499.81842,550
41,121.00555,-164.71758,465.23102,550
42,120.62067,-187.95966,472.7669,550
43,129.08508,-251.9835,462.5658,550
44,517.61725,159.96584,563.6908,550
45,121.21808,-177.62216,471.34195,550
46,496.68958,139.01521,552.8218,550
47,397.75732,26.588984,516.8182,550
48,236.53986,-79.22507,402.49136,550
49,506.0257,146.40216,559.4202,550
50,120.418625,-190.07974,472.66736,550
51,589.27124,236.32953,599.78394,550
52,126.31842,-275.66904,487.5497,550
53,122.95007,-150.7152,465.463,550
54,513.96185,157.70555,560.57837,550
55,190.05078,-185.31487,442.82367,550
56,507.4064,148.66353,559.34607,550
57,538.7863,191.03908,568.7093,550
58,122.55167,-270.2902,473.72394,550
59,435.53333,68.624756,530.61615,550
60,541.4587,190.27101,572.8644,550
61,557.64557,205.91481,582.6229,550
62,446.22223,83.00044,532.37787,550
63,123.608765,-145.13081,465.15424,550
64,116.67859,-214.68013,467.44836,550
65,332.84174,-38.06692,485.69098,550
66,135.6167,-285.55878,472.4082,550
67,518.8692,166.3639,560.45636,550
68,517.25415,155.06184,567.4184,550
69,126.4245,-133.76273,469.74512,550
70,102.69723,-183.16673,409.76978,550
71,370.6244,4.1800704,499.39703,550
72,444.40692,78.68149,533.77704,550
73,116.51111,-196.21037,461.66486,550
74,483.549,137.088,536.37476,550
75,123.005646,-141.26071,461.6364,550
76,169.69077,-233.61055,464.13434,550
77,340.3781,-15.229983,476.6394,550
78,524.5594,169.5373,565.63513,550
79,402.4624,37.953785,512.8015,550
80,118.963776,-228.14262,477.43365,550
81,232.58902,-131.44374,444.2978,550
82,190.02591,-144.68745,685.0867,550
83,141.96939,-279.82327,473.78723,550
84,154.18214,-293.85925,497.77435,550
85,547.8995,194.33566,578.48083,550
86,533.8001,190.66707,562.38135,550
87,124.87138,-139.07315,466.806,550
88,127.22092,-129.95341,471.511,550
89,121.43436,-171.2148,469.70605,550
90,581.86163,233.58577,591.9569,550
91,118.45053,-256.84747,476.43195,550
92,115.89938,-268.5896,425.90594,550
93,124.3584,-142.20964,466.64865,550
94,97.15226,-146.48758,378.01263,550
95,107.46266,-206.86916,422.46027,550
96,141.9351,-116.57529,514.87384,550
97,121.85093,-171.48265,471.26624,550
98,184.8765,-159.48665,415.80414,550
99,567.33014,217.01604,586.1847,550
100,394.1897,20.181509,517.7077,550
101,515.78094,159.82828,561.33496,550
102,168.96954,-259.44467,475.8808,550
103,294.93692,-80.30827,473.9183,550
104,418.75885,53.54356,521.1031,550
105,533.2387,176.9557,571.7219,550
106,114.5744,-228.69304,461.62137,550
107,167.3265,-153.08763,387.47305,550
108,249.3327,-152.65929,481.53546,550
109,456.32983,95.962906,534.48413,550
110,133.8777,-116.676956,488.28052,550
111,152.74557,-121.12952,552.61707,550
112,148.96768,-211.85883,427.1449,550
113,262.1628,-138.21695,485.37506,550
114,382.17783,15.902262,505.50238,550
115,574.9312,223.50069,590.93726,550
116,130.96124,-205.83092,398.75558,550
117,403.552,31.85853,519.9144,550
118,185.81732,-236.5269,479.05682,550
119,200.25221,-205.8084,467.4908,550
120,573.54877,226.05885,586.8197,550
121,121.03569,-179.29814,471.32178,550
122,398.2378,22.063911,521.657,550
123,224.60258,-163.6843,465.5345,550
124,120.787796,-203.7909,478.86005,550
125,123.221855,-236.29204,448.89377,550
126,121.62666,-148.80264,459.98877,550
127,194.57236,-232.33858,486.4543,550
128,120.864044,-192.41116,475.09827,550
129,160.63953,-173.90346,401.70935,550
130,128.36536,-126.55614,473.9897,550
131,538.7176,189.25945,569.9869,550
132,387.5838,24.750916,504.27808,550
133,136.32896,-116.23146,496.24954,550
134,120.46344,-183.70505,470.68073,550
135,330.23877,-23.433165,469.67404,550
136,123.16542,-216.62631,446.3506,550
137,198.71613,-102.1474,376.79312,550
138,113.267586,-148.42564,432.9411,550
139,520.2441,164.40556,563.8126,550
140,385.52338,21.593895,504.30676,550
141,139.11948,-290.86328,483.85333,550
142,141.93393,-116.77179,514.9786,550
143,114.84952,-223.43294,460.33948,550
144,543.9503,197.80054,570.5666,550
145,640.0468,280.5885,632.97906,550
146,487.19632,119.82324,555.93494,550
147,119.702644,-255.7395,459.6966,550
148,329.11066,-36.48206,479.21753,550
149,139.91313,-283.38275,466.30573,550
150,127.47258,-132.151,472.98444,550
151,249.5792,-130.38487,462.76056,550
152,330.28076,6.3209224,444.93896,550
153,316.88223,-46.548874,472.65222,550
154,120.86839,-186.89061,473.27112,550
155,169.35022,-227.02675,456.4108,550
156,133.47697,-117.304306,487.17255,550
157,162.84543,-248.94069,470.81775,550
158,482.58456,124.97946,545.2527,550
159,141.20229,-234.46227,423.56055,550
160,363.82224,6.965834,488.89258,550
161,382.5207,16.945257,504.45374,550
162,288.3129,-62.73785,450.81665,550
163,185.0951,-223.95967,468.01038,550
164,120.96463,-182.67848,472.12683,550
165,116.74159,-199.21065,463.5074,550
166,122.72357,-155.24475,466.86044,550
167,110.96869,-208.4304,440.76074,550
168,289.06476,-68.54433,457.19583,550
169,484.36658,129.5124,543.90247,550
170,138.24702,-256.70605,460.60754,550
171,583.3054,230.56151,596.39343,550
172,137.55809,-290.78842,487.25235,550
173,131.47392,-220.73785,413.97406,550
174,122.66883,-160.70233,468.8606,550
175,120.530075,-192.79141,474.1529,550
176,117.44293,-163.80261,453.43695,550
177,576.0914,224.79257,591.4044,550
178,126.66675,-282.8461,462.85394,550
179,415.78607,58.595356,512.3874,550
180,126.06991,-133.67026,469.05438,550
181,361.30286,-4.6766734,494.80563,550
182,133.07716,-277.93692,445.64966,550
183,112.81421,-210.96837,430.51447,550
184,527.2951,174.21196,565.81885,550
185,118.56886,-259.87943,478.5106,550
186,553.4718,206.62561,576.1763,550
187,532.26337,185.85487,563.85925,550
188,103.578094,-203.67165,407.60025,550
189,113.49716,-263.0004,431.3449,550
190,308.8991,-47.482853,462.44934,550
191,143.94026,-209.98155,422.81116,550
192,402.3165,39.27432,512.4667,550
193,138.48927,-234.70226,423.32617,550
194,113.09207,-171.69972,441.56537,550
195,302.74747,-66.48787,471.83453,550
196,348.13916,-21.72259,491.99622,550
197,120.42755,-180.53572,469.54572,550
198,120.301735,-189.27077,472.01306,550
199,120.96636,-173.07246,468.95148,550
200,119.61627,-187.78691,469.16284,550
201,117.753525,-226.01476,459.17804,550
202,120.83397,-170.17865,467.16827,550
203,128.50034,-125.92416,473.9931,550
204,372.5346,5.8356304,501.01752,550
205,99.06061,-192.73656,394.55994,550
206,119.52048,-200.6335,473.44208,550
207,348.3507,-21.905697,492.27618,550
208,502.16907,144.10776,556.07587,550
209,319.13232,-73.82151,500.7414,550
210,411.2546,43.68749,520.0515,550
211,130.31927,-253.80295,452.54593,550
212,108.87172,-188.58992,432.9204,550
213,504.25067,141.96266,560.77905,550
214,552.8077,201.82994,579.39526,550
215,216.76172,9.658129,297.25458,550
216,542.21893,189.14674,574.69403,550
217,447.36243,82.289795,534.5973,550
218,108.72461,-210.90561,436.14923,550
219,125.524666,-263.03043,470.48688,550
220,235.63705,-123.618286,444.42615,550
221,124.50795,-138.42883,465.69537,550
222,124.84471,-138.36313,466.7149,550
223,104.80415,-187.59738,418.231,550
224,551.07294,202.82921,576.27216,550
225,119.79717,-258.14368,472.66742,550
226,121.01232,-175.25488,469.67664,550
227,121.28427,-236.55444,486.9809,550
228,123.85448,-253.00096,485.4504,550
229,136.19333,-118.684364,496.8238,550
230,168.45053,-198.51917,429.41467,550
231,111.67068,-246.92259,440.81604,550
232,536.0007,196.24309,561.07446,550
233,582.2393,233.62029,592.46375,550
234,145.94205,-224.71661,426.2079,550
235,116.652084,-231.30324,470.3269,550
236,122.9786,-268.78687,468.6712,550
237,117.6539,-233.5111,474.44135,550
238,301.69635,-54.453533,460.94757,550
239,379.2376,10.850328,505.30975,550
240,122.11539,-162.097,467.84235,550
241,120.39579,-178.53842,468.7976,550
242,119.132675,-212.57106,475.82257,550
243,118.44116,-208.82933,472.201,550
244,119.81061,-196.87154,473.05658,550
245,103.22267,-202.85245,411.85968,550
246,398.72174,31.469744,513.8152,550
247,416.90424,45.766315,525.7368,550
248,113.89548,-140.36432,335.19342,550
249,120.16653,-194.57388,473.45337,550
250,120.8754,-184.75063,472.53107,550
251,433.29553,63.26385,532.60236,550
252,550.362,200.5431,577.20886,550
253,134.70154,-234.14311,439.1422,550
254,139.56165,-116.08313,506.6352,550
255,549.81256,207.41496,570.40796,550
256,116.281265,-215.35487,430.6577,550
257,122.191315,-152.95,464.01593,550
258,122.530426,-152.12035,464.6504,550
259,128.62213,-123.12785,473.297,550
260,147.48404,-153.60182,388.38055,550
261,130.06276,-275.55722,442.5313,550
262,147.32974,-196.28932,399.95502,550
263,92.03812,-159.68315,355.00568,550
264,325.83826,-40.644962,478.97876,550
265,194.12714,-201.45583,470.3149,550
266,147.98602,-118.896164,535.91077,550
267,133.85966,-118.67732,489.18134,550
268,240.88268,-171.26228,491.69092,550
269,570.0737,217.7974,589.26843,550
270,121.673965,-167.07065,468.70197,550
271,127.19342,-278.99268,470.72565,550
272,120.94206,-174.87144,469.34833,550
273,115.54873,-209.19089,462.11636,550
274,126.39902,-257.42392,446.26813,550
275,123.98089,-141.89302,465.28302,550
276,119.629456,-214.35411,477.27374,550
277,121.65795,-266.95358,444.694,550
278,492.57373,136.0529,549.7165,550
279,150.52477,-261.47336,464.35748,550
280,334.57404,-33.309753,483.65186,550
281,170.71783,-233.8687,458.00574,550
282,120.70744,-193.11699,474.8465,550
283,275.07355,-105.23346,471.7295,550
284,144.74634,-117.18501,524.33264,550
285,124.183914,-285.40314,455.36047,550
286,150.61389,-219.92119,429.83286,550
287,162.24579,-250.93024,466.3185,550
288,120.72496,-187.25633,472.92786,550
289,117.09078,-240.43272,468.81494,550
290,123.23805,-159.86574,470.5586,550
291,509.31583,167.60341,546.6864,550
292,118.642654,-273.7038,466.9281,550
293,477.2772,121.19938,541.18616,550
294,577.6602,224.80217,593.58167,550
295,146.96948,-271.1255,463.39075,550
296,162.54668,-247.84578,466.61905,550
297,119.16232,-234.89594,475.17157,550
298,135.80354,-281.72968,454.67554,550
299,448.82874,87.61966,531.6716,550
300,514.4376,163.13495,556.95984,550
301,426.39532,55.024105,530.3356,550
302,468.47775,113.55753,535.4463,550
303,137.62335,-257.41718,435.73096,550
304,121.363815,-170.13889,469.07483,550
305,267.76147,-99.52759,457.33865,550
306,392.60754,24.808338,511.1101,550
307,244.04483,-131.3488,457.20703,550
308,126.80571,-131.24542,470.28217,550
309,120.58821,-187.88081,472.54745,550
310,355.84784,-5.293056,487.96957,550
311,467.65878,113.39301,534.5316,550
312,377.5093,8.598867,504.8821,550
313,129.04959,-125.32863,475.6845,550
314,121.32651,-254.21063,482.20413,550
315,138.49484,-271.62607,465.068,550
316,122.12564,-151.48883,463.23816,550
317,412.4676,44.478523,520.7101,550
318,283.7494,-89.41219,469.78394,550
319,123.077065,-144.3164,463.1549,550
320,354.05173,-7.4065413,487.66473,550
321,125.98302,-131.42645,467.9151,550
322,228.27678,-170.24786,474.46942,550
323,541.14746,187.41043,574.63043,550
324,135.88858,-116.49626,494.64227,550
325,122.0329,-162.80986,467.86542,550
326,120.65715,-178.47136,469.57147,550
327,474.32462,118.066666,539.6998,550
328,123.11195,-149.53554,465.48795,550
329,122.177505,-159.72694,466.83154,550
330,523.42755,168.04811,565.29456,550
331,121.81371,-151.51529,462.10153,550
332,421.8225,54.28015,524.8542,550
333,54.16621,-115.75505,219.0201,550
334,544.8331,194.02031,574.5928,550
335,205.55624,-195.21928,471.0372,550
336,512.13464,156.64314,558.9612,550
337,121.93981,-159.74529,466.20996,550
338,109.76213,-257.69662,419.76694,550
339,113.1729,-205.4717,451.1081,550
340,120.43068,-282.24258,459.44495,550
341,504.39252,144.67596,558.71423,550
342,264.97064,-119.141075,469.63742,550
343,545.58215,191.91331,577.1864,550
344,352.34735,-15.996568,492.50372,550
345,616.06586,258.71802,618.12573,550
346,388.32706,19.778028,510.34836,550
347,432.0901,62.7,531.459,550
348,121.8055,-246.93378,463.57,550
349,150.93126,-120.5836,546.3866,550
350,121.77266,-164.87045,467.89264,550
351,108.97711,-222.9738,426.18903,550
352,120.89321,-276.93112,454.5714,550
353,123.22892,-154.32669,468.0614,550
354,114.009224,-254.54951,460.82892,550
355,117.8989,-181.86244,461.1364,550
356,499.67828,166.15381,534.93353,550
357,118.64159,-206.16566,472.24426,550
358,120.78141,-175.25742,468.95276,550
359,132.67859,-157.69319,378.28522,550
360,570.54126,219.8014,588.15784,550
361,494.6214,137.75316,551.13025,550
362,117.58696,-169.3171,456.17194,550
363,204.75552,-103.43607,387.5639,550
364,378.3222,17.773336,498.75754,550
365,440.10703,78.030075,528.3027,550
366,238.40506,-83.67669,408.05365,550
367,102.57921,-219.12764,396.3055,550
368,133.75009,-117.00093,487.97003,550
369,172.021,-242.2477,469.13782,550
370,120.28843,-172.29056,466.22318,550
371,558.0157,206.9066,582.30457,550
372,120.54394,-165.53767,464.28625,550
373,526.75995,178.12956,562.1885,550
374,289.8905,25.102293,373.92416,550
375,126.54994,-135.10043,471.0782,550
376,211.53998,-157.65346,441.27725,550
377,120.696945,-170.06386,466.8393,550
378,568.88245,215.97774,589.26245,550
379,119.856674,-229.23952,442.99628,550
380,107.92107,-133.8599,408.147,550
381,123.58146,-154.1507,469.08054,550
382,130.4675,-276.23532,455.05414,550
383,476.55563,112.89368,547.2887,550
384,578.4976,226.13109,593.5791,550
385,99.771515,-251.42159,397.74487,550
386,376.5243,7.530828,504.70807,550
387,119.27345,-203.36967,473.51813,550
388,184.74481,-220.10497,464.69873,550
389,121.90197,-273.3765,488.02005,550
390,127.90121,-123.48461,471.18002,550
391,429.93854,56.120754,534.2432,550
392,119.803955,-196.81961,472.9913,550
393,111.74208,-189.04536,442.91266,550
394,117.25673,-182.76038,459.53143,550
395,176.48273,-135.72514,636.7999,550
396,138.3508,-115.921646,502.77634,550
397,254.80475,-79.10115,424.0503,550
398,549.88055,197.68153,578.62286,550
399,193.60294,-134.48537,405.8037,550
400,421.75598,55.973698,522.984,550
401,124.07571,-139.41386,464.26028,550
402,464.3632,109.4266,533.44574,550
403,521.158,161.68279,567.17255,550
404,200.62607,-215.46373,482.95413,550
405,450.04767,86.67813,534.37775,550
406,149.8875,-119.697296,542.60315,550
407,121.257385,-189.08073,475.25714,550
408,440.03687,86.89064,520.27826,550
409,387.55258,7.630325,519.64056,550
410,519.0432,167.5738,559.7594,550
411,537.0922,181.71182,573.4273,550
412,119.80986,-210.00822,477.3924,550
413,131.57451,-277.1357,480.22266,550
414,234.44125,-134.78651,450.4022,550
415,120.23673,-179.84366,468.64728,550
416,150.63658,-120.00307,545.16034,550
417,123.26697,-153.34059,467.7762,550
418,120.138596,-163.38268,462.0346,550
419,119.58026,-185.22343,468.2705,550
420,315.62372,-51.034927,474.33743,550
421,359.32486,-7.2501082,494.29523,550
422,493.64728,142.04222,546.17566,550
423,122.00582,-217.27968,398.5213,550
424,168.29517,-223.8488,454.70972,550
425,293.90033,-75.31711,467.68878,550
426,130.5165,-261.45422,460.6032,550
427,122.44821,-149.09657,463.2287,550
428,116.439415,-244.11385,468.7137,550
429,132.08406,-118.11346,483.08612,550
430,170.90144,-132.43352,617.025,550
431,140.2346,-295.702,476.29926,550
432,120.7716,-169.64992,466.8403,550
433,546.8748,204.46288,568.9947,550
434,121.32613,-155.75548,462.4566,550
435,525.4685,173.58961,563.83777,550
436,546.4051,198.18663,573.6117,550
437,122.78807,-157.26239,467.78156,550
438,485.73065,131.92525,543.80023,550
439,398.85358,33.107327,512.30927,550
440,499.60245,140.99983,555.16644,550
441,525.2909,174.42368,563.0056,550
442,124.55711,-236.5243,440.45807,550
443,120.52349,-227.3838,484.41254,550
444,119.60488,-177.96564,465.96564,550
445,531.3189,181.70532,565.6951,550
446,120.31834,-238.15907,482.94598,550
447,106.333466,-176.97911,419.64996,550
448,120.8468,-260.8756,474.73645,550
449,117.85864,-205.11157,469.26044,550
450,116.5826,-191.71533,460.2732,550
451,147.8995,-235.57622,431.55194,550
452,114.159805,-222.50768,447.90515,550
453,554.4025,204.28337,579.5674,550
454,111.62961,-194.87047,444.44812,550
455,247.65695,-100.184204,433.74454,550
456,331.8547,-12.324862,463.064,550
457,123.52283,-233.32698,431.76755,550
458,105.44783,-133.98015,395.70898,550
459,473.33725,114.251434,541.6295,550
460,111.90451,-219.06801,423.52167,550
461,462.55023,111.24306,529.29156,550
462,127.08707,-130.5398,470.87488,550
463,117.626816,-198.77055,466.24445,550
464,124.33621,-241.80421,452.89624,550
465,118.67624,-192.12473,467.56808,550
466,142.3092,-117.138,516.30304,550
467,124.04634,-271.76947,476.00256,550
468,160.9867,-259.9833,473.55804,550
469,409.69122,38.40993,522.693,550
470,294.30658,-88.03694,480.2614,550
471,118.33862,-249.0825,475.36392,550
472,321.4751,-58.5581,488.8281,550
473,119.98143,-278.30988,476.64786,550
474,119.49746,-193.77765,470.84833,550
475,276.20612,-43.73536,420.2131,550
476,124.76219,-138.52113,466.54333,550
477,522.5717,173.59567,559.9585,550
478,141.27628,-245.91011,434.39343,550
479,121.02687,-207.41145,409.18915,550
480,528.54193,171.04982,569.91394,550
481,490.56683,130.95572,551.2227,550
482,145.52411,-118.73719,527.6019,550
483,479.3665,119.92468,545.1186,550
484,195.54684,-219.21126,483.14255,550
485,114.35437,-130.05878,356.73547,550
486,575.6247,230.52844,586.01514,550
487,381.00525,13.236706,505.5598,550
488,371.87073,-8.63164,512.7378,550
489,424.03973,55.502987,526.6354,550
490,121.65454,-161.77388,466.23062,550
491,122.11494,-249.93794,488.4556,550
492,130.31361,-254.49962,420.2287,550
493,101.08681,-193.41515,378.59293,550
494,311.07123,-38.786663,457.56244,550
495,534.6631,184.21051,568.2912,550
496,119.71176,-211.09041,477.1795,550
497,328.64746,-38.085445,479.97498,550
0,652.23175,315.41348,644.6437,600
1,136.93382,-125.678246,504.7643,600
2,516.16034,244.83148,514.1948,600
3,294.6773,30.269667,383.47653,600
4,102.08521,-105.72682,367.6235,600
5,275.3246,37.727444,349.27884,600
6,492.50977,227.27844,495.3007,600
7,369.39008,108.93221,419.62073,600
8,138.72816,57.52219,163.96054,600
9,100.709854,-115.74531,321.3002,600
10,481.3968,217.64511,487.68063,600
11,444.58676,189.89433,458.29764,600
12,109.120384,-78.255196,266.4443,600
13,183.88976,58.443295,213.41785,600
14,130.82286,-126.63674,484.9406,600
15,460.92148,192.86948,478.93887,600
16,464.01578,203.66333,474.47452,600
17,128.27034,-285.8459,433.77115,600
18,110.60926,-147.13562,426.15884,600
19,103.99236,-79.65244,298.72598,600
20,396.84302,118.940895,449.22525,600
21,505.11908,236.30096,505.6087,600
22,79.81234,-155.24442,310.01822,600
23,137.52467,-125.854774,506.77267,600
24,204.43312,45.281673,278.1625,600
25,302.0193,13.564466,404.02975,600
26,134.49115,-217.63162,391.26492,600
27,476.31537,220.13678,478.46884,600
28,443.61603,188.15031,458.25467,600
29,381.97058,99.69356,443.38083,600
30,121.90772,-163.32693,470.98984,600
31,110.11251,-218.29251,384.00388,600
32,109.708595,-116.15158,404.00888,600
33,132.61877,-126.92091,490.9915,600
34,122.90735,-155.86194,470.75504,600
35,141.73781,-121.61359,518.86505,600
36,178.37529,-137.64076,647.15875,600
37,578.082,277.6854,573.10394,600
38,125.66073,-135.14522,471.4772,600
39,486.3604,223.56122,489.7012,600
40,361.1565,82.62653,429.64655,600
41,110.70045,-120.17843,415.29498,600
42,97.54762,-143.38817,358.17398,600
43,124.86736,-170.88675,481.96982,600
44,470.91757,210.22113,478.83807,600
45,92.244965,-189.51106,379.08124,600
46,457.06573,197.18916,469.85916,600
47,279.48572,50.4148,343.9589,600
48,292.3287,118.06426,309.68988,600
49,282.10257,90.71743,318.4628,600
50,121.92742,-128.95425,456.38495,600
51,622.6411,300.2423,616.2063,600
52,87.387825,-156.26427,347.26236,600
53,128.20042,-128.49828,477.11288,600
54,474.88693,214.89563,480.61807,600
55,202.74625,-18.245886,303.60617,600
56,462.5937,190.27237,483.22794,600
57,450.12787,186.32947,468.89212,600
58,133.2523,-11.275429,238.837,600
59,454.07703,185.73538,474.98154,600
60,481.65845,222.72626,483.8076,600
61,483.8744,217.96007,490.71967,600
62,414.5314,157.75937,442.31583,600
63,87.237175,-109.305885,331.91446,600
64,79.551186,-114.29389,309.78937,600
65,315.77557,53.064404,389.1774,600
66,95.51805,-272.4548,382.4869,600
67,464.0166,204.86334,473.48483,600
68,488.46704,222.87273,493.23776,600
69,143.98239,-118.08559,525.0159,600
70,99.55225,-143.35394,388.6035,600
71,282.07504,-9.157312,398.00046,600
72,413.27777,154.75381,443.74515,600
73,132.00572,-120.59229,486.2117,600
74,391.79358,155.34373,411.9299,600
75,126.719246,-139.91554,476.41284,600
76,170.21135,-128.77948,367.1246,600
77,120.77894,-169.58615,329.4899,600
78,475.2633,209.4927,485.483,600
79,267.65506,4.699001,366.26697,600
80,114.295074,-170.3783,447.3514,600
81,409.59485,150.49162,448.7178,600
82,209.43324,-156.75829,758.01324,600
83,106.31715,-119.85775,288.38998,600
84,116.346794,-193.4875,459.34518,600
85,486.1529,218.69766,493.28702,600
86,109.94929,-200.91249,333.46506,600
87,106.412544,-208.5404,434.70053,600
88,138.5194,-124.4918,509.50287,600
89,144.00185,46.90523,200.03859,600
90,584.9759,281.0773,579.8781,600
91,108.715645,-188.82106,436.21786,600
92,88.27955,-1.2748322,120.4418,600
93,211.92406,-158.76349,767.12756,600
94,138.42397,17.450266,269.61142,600
95,95.636986,-171.92743,383.6367,600
96,162.7559,-128.66818,591.6955,600
97,125.8261,-153.70488,478.53452,600
98,100.83296,-158.69846,397.11026,600
99,567.4815,272.0433,563.16534,600
100,276.14,36.61684,352.00418,600
101,445.83136,176.68327,470.86533,600
102,196.83223,-106.946686,364.14682,600
103,273.4494,26.833994,355.45425,600
104,361.33954,84.52584,426.56808,600
105,485.62714,218.86049,492.4463,600
106,115.00213,-128.81514,433.16428,600
107,87.54914,-164.78854,336.3555,600
108,275.25153,-22.648726,402.196,600
109,425.69858,161.307,454.87952,600
110,141.65382,-123.02241,519.19257,600
111,125.86196,-119.84142,465.5594,600
112,111.2168,-151.29987,351.41174,600
113,214.00261,-86.973465,374.9254,600
114,310.98444,16.250301,415.67868,600
115,497.20184,229.52682,499.9929,600
116,112.799934,-160.7784,438.23376,600
117,414.1281,146.22913,451.77603,600
118,280.70514,25.530554,364.00858,600
119,495.79938,161.42108,557.34125,600
120,576.12463,276.72086,571.1872,600
121,122.09958,-173.93056,476.03513,600
122,236.71812,71.09583,309.38193,600
123,94.02665,-188.31647,338.94473,600
124,114.25514,-147.0751,438.51096,600
125,125.46131,-147.07195,475.05322,600
126,127.56241,-125.8913,473.6964,600
127,260.02505,-34.56802,387.08264,600
128,112.97494,-142.30011,350.10803,600
129,274.01486,21.152035,365.37088,600
130,143.39427,-120.58338,523.971,600
131,501.7193,235.31949,501.7067,600
132,565.87164,223.74802,605.24506,600
133,188.84645,-143.96484,684.439,600
134,119.60009,-141.84227,453.88776,600
135,86.663994,-152.61508,337.28104,600
136,107.50817,-123.47687,344.82394,600
137,117.756454,-166.2392,457.22253,600
138,144.37383,-120.728836,527.27386,600
139,474.40637,214.1687,480.53348,600
140,257.72598,-25.469465,378.20413,600
141,187.15692,-52.629345,312.76224,600
142,151.29091,-121.76553,550.86725,600
143,114.695564,-147.10866,438.7369,600
144,499.75226,237.63751,497.2043,600
145,533.9427,254.98274,530.6661,600
146,485.70074,185.04102,522.203,600
147,100.05178,-146.07132,386.95926,600
148,167.81465,-200.43478,416.8395,600
149,121.17947,-99.58044,300.37875,600
150,105.101616,-119.38261,394.98486,600
151,89.3652,-116.0308,296.6355,600
152,123.619255,-157.3033,473.82486,600
153,449.12616,174.86017,481.9789,600
154,122.065125,-150.76158,465.63205,600
155,139.91075,-101.20654,298.06363,600
156,161.96574,-128.26834,588.9645,600
157,285.8399,-3.168597,398.34903,600
158,452.07117,193.24557,466.0427,600
159,88.95269,-202.37738,367.26254,600
160,167.75801,-83.456566,345.15848,600
161,286.97278,-6.298482,402.11484,600
162,172.47049,-72.236694,312.89847,600
163,149.28252,-106.35073,303.18417,600
164,115.307274,-168.46806,451.6143,600
165,129.07971,-136.05058,482.73563,600
166,148.66254,-122.89631,542.47534,600
167,125.86248,-138.94739,473.54446,600
168,114.28413,-97.58094,299.32993,600
169,427.57715,159.1456,459.11856,600
170,103.03794,-164.58698,398.85287,600
171,553.33716,264.74283,549.56757,600
172,132.47694,-160.5217,358.82626,600
173,243.55568,-8.20436,347.70184,600
174,138.2275,-119.365616,506.2781,600
175,94.53341,-162.01364,375.14755,600
176,130.6205,-131.0224,485.9316,600
177,535.40765,255.22202,532.53424,600
178,115.168205,-163.48383,349.26572,600
179,341.80078,84.294426,398.9166,600
180,145.1223,-122.1262,530.3637,600
181,217.20906,-97.17875,388.07785,600
182,154.24596,-163.32202,360.62933,600
183,119.29688,-175.83392,465.5157,600
184,499.60632,233.78299,499.96365,600
185,119.10351,-142.96867,452.77512,600
186,474.02435,201.78531,489.95248,600
187,313.78253,37.356453,401.59604,600
188,113.08245,-160.31668,440.3834,600
189,65.46692,-166.11504,269.55038,600
190,219.46967,55.645504,254.50421,600
191,92.44866,-155.38615,350.764,600
192,276.75778,20.67285,368.71835,600
193,309.4654,119.98647,359.04922,600
194,96.53167,-109.94918,342.7328,600
195,110.60486,-172.61552,437.20877,600
196,292.3247,2.6238592,402.05392,600
197,122.55834,-137.4281,462.0339,600
198,117.808754,-140.3349,447.3137,600
199,122.84411,-148.11475,467.40646,600
200,115.95818,-137.66264,439.9253,600
201,121.29517,-172.065,470.46548,600
202,103.676735,-163.11353,406.53302,600
203,149.01399,-120.46422,542.77234,600
204,260.5632,67.68375,302.80807,600
205,122.15275,-150.41861,465.80594,600
206,106.00474,-127.21717,402.64142,600
207,501.26617,232.94217,502.8956,600
208,481.25598,213.12961,490.96442,600
209,437.79025,172.52524,465.15854,600
210,276.7035,3.9397418,380.69376,600
211,100.626724,-118.0617,302.549,600
212,97.990685,-149.3455,347.63004,600
213,451.53687,180.1478,476.09622,600
214,492.40277,225.86801,496.2034,600
215,103.22972,-93.13314,375.1013,600
216,504.92255,237.4523,504.42093,600
217,415.0085,131.77019,465.58298,600
218,126.0709,-129.66464,470.53043,600
219,114.65424,-153.74008,362.99658,600
220,95.62264,-154.17087,370.50522,600
221,141.4536,-121.19042,517.7664,600
222,147.84148,-121.84463,539.3278,600
223,108.586174,-158.56956,424.27786,600
224,409.768,156.35669,436.40472,600
225,153.55244,-86.52961,339.1428,600
226,125.77468,-152.55927,478.50833,600
227,89.933266,-140.10997,335.0866,600
228,121.26388,-162.3063,468.30154,600
229,168.24461,-132.31744,610.2458,600
230,80.31841,-139.6101,319.93283,600
231,79.62466,-107.55163,277.49203,600
232,537.43854,257.77756,533.14056,600
233,484.245,222.78217,487.442,600
234,82.43932,-211.1442,335.94766,600
235,99.20713,-253.82626,403.14944,600
236,104.041626,-170.49387,368.01785,600
237,121.88594,-151.76004,465.48035,600
238,193.05888,-43.1177,313.2197,600
239,262.6515,17.801096,347.80402,600
240,124.47375,-141.66034,469.53476,600
241,95.64347,-104.968544,345.6233,600
242,107.16355,-187.5816,430.37573,600
243,130.48647,-128.86624,484.7728,600
244,123.95397,-128.45343,462.96786,600
245,108.637695,-165.39828,427.7209,600
246,198.17311,46.661,307.72473,600
247,323.38336,19.872446,432.37173,600
248,242.07896,72.81841,354.93643,600
249,122.527,-159.01863,467.35812,600
250,126.580574,-146.16104,478.55475,600
251,307.14764,47.02705,386.43405,600
252,353.74908,72.67396,428.05325,600
253,113.7884,-170.43803,442.08206,600
254,151.8384,-120.192024,551.87384,600
255,412.88684,150.19562,445.93622,600
256,106.8768,-170.2898,420.31448,600
257,126.50663,-126.85021,470.76053,600
258,119.47184,-142.70499,453.87363,600
259,161.82457,-126.95884,587.8453,600
260,105.38607,-131.08119,398.88516,600
261,102.28043,-281.3466,397.57468,600
262,141.35765,34.477245,212.66714,600
263,104.95112,-98.52016,379.39316,600
264,277.25702,18.955841,368.89658,600
265,175.26091,-124.01949,369.00656,600
266,126.52943,-116.486534,464.678,600
267,171.14178,-133.87553,621.6916,600
268,297.6985,42.769077,373.10452,600
269,547.9346,262.13046,544.19543,600
270,126.431656,-139.42899,475.52106,600
271,85.91568,-131.97215,269.2786,600
272,131.76611,-126.14676,487.84244,600
273,112.00779,-165.97481,433.92776,600
274,71.77056,-72.469475,202.59912,600
275,155.52405,-124.602295,566.14105,600
276,95.81263,-119.12847,315.78262,600
277,81.00795,-164.14207,331.61288,600
278,456.74896,197.15501,469.47525,600
279,104.71899,-32.15331,185.9773,600
280,136.42169,-262.1361,426.6553,600
281,96.9714,-237.96262,368.05542,600
282,121.80393,-159.1377,467.53482,600
283,106.907036,-259.22476,400.12656,600
284,171.05298,-132.4553,620.6275,600
285,145.77298,-92.60305,285.75766,600
286,85.09626,-92.43766,270.76486,600
287,91.069496,-186.53801,339.30563,600
288,114.15471,-167.2421,447.24936,600
289,100.210945,-157.74771,394.86838,600
290,151.50507,-121.709045,551.6053,600
291,408.7084,138.60178,450.4229,600
292,90.94983,-236.40134,370.4628,600
293,391.6535,111.82399,447.37894,600
294,566.5346,271.4687,562.3221,600
295,95.6054,-226.26363,332.18576,600
296,149.38075,-128.79659,337.55576,600
297,120.642265,-179.90372,473.20923,600
298,187.18886,-39.185215,292.97333,600
299,451.2013,184.15588,472.10867,600
300,484.8101,221.63889,489.04013,600
301,330.91217,74.753365,393.21524,600
302,348.46838,83.98046,408.4207,600
303,225.76765,14.253371,297.47104,600
304,130.50449,-129.11006,484.9153,600
305,236.6949,1.8397002,325.0316,600
306,321.78436,45.908234,405.39975,600
307,137.40819,-65.90876,271.38913,600
308,147.04884,-120.494644,536.207,600
309,118.64822,-176.8782,466.2925,600
310,356.36,118.26571,402.396,600
311,378.11597,97.05462,440.14667,600
312,332.8947,38.772427,427.28598,600
313,133.4792,-124.08027,492.6393,600
314,114.80149,-183.3898,454.95602,600
315,100.35296,-187.76532,359.1732,600
316,123.75765,-142.14175,467.86313,600
317,361.75558,69.15754,441.59146,600
318,209.70415,-23.880152,314.8409,600
319,134.28429,-125.88054,496.07333,600
320,219.66069,-44.35226,344.5577,600
321,130.61014,-123.67771,482.97495,600
322,174.13625,-120.870445,354.34897,600
323,439.89758,152.56271,483.00308,600
324,156.29495,-121.80241,567.2248,600
325,153.71121,-124.89669,560.21484,600
326,123.07876,-155.97894,471.1705,600
327,413.16074,142.59343,453.19498,600
328,147.79884,-121.43334,539.05133,600
329,124.79371,-144.86081,472.3744,600
330,489.5426,226.59248,491.67563,600
331,120.50735,-134.01219,453.3229,600
332,364.46613,105.56154,415.33813,600
333,316.70844,70.24682,374.93893,600
334,523.7193,249.55103,520.90546,600
335,169.48131,-121.44174,349.0668,600
336,449.43796,183.9465,469.7844,600
337,127.51966,-134.5896,477.3481,600
338,117.663994,-128.2648,293.70813,600
339,100.53956,-128.4141,380.68842,600
340,90.912224,-219.63933,335.6611,600
341,663.09357,320.5096,655.58405,600
342,321.95386,98.5832,364.29715,600
343,509.01068,238.6443,509.12338,600
344,338.29102,57.599724,417.2228,600
345,872.9521,427.67,857.59784,600
346,180.74266,-54.06006,325.1478,600
347,327.45825,54.216267,407.77975,600
348,90.53923,-161.52356,359.98666,600
349,177.04123,-137.86652,642.84247,600
350,116.41882,-124.29839,434.8403,600
351,123.00622,-136.09561,463.00034,600
352,108.51241,-172.2433,429.184,600
353,124.77122,-147.3667,473.01486,600
354,110.13862,-244.18338,456.91397,600
355,154.59792,-123.22842,562.364,600
356,424.51273,182.65813,435.97244,600
357,119.95597,-173.53877,466.96512,600
358,124.76613,-157.55508,477.29117,600
359,130.07257,-58.53387,306.41513,600
360,560.76025,268.70248,556.5885,600
361,413.4511,142.70256,453.55606,600
362,131.32208,-124.16474,485.48044,600
363,118.66895,-152.23073,455.3906,600
364,394.02576,93.04824,468.76004,600
365,388.4687,119.094086,437.2811,600
366,178.07332,9.517376,241.54471,600
367,461.62952,215.04404,462.18314,600
368,153.54694,-123.8308,559.2353,600
369,219.2405,40.94971,265.35446,600
370,113.37275,-147.34793,435.6946,600
371,506.93927,237.3168,507.39633,600
372,152.5288,-125.191925,556.3388,600
373,459.40424,204.02132,467.7081,600
374,108.09593,-111.658485,402.0505,600
375,153.11584,-122.696205,557.3344,600
376,189.91795,44.95122,225.16833,600
377,127.916374,-131.9616,477.59732,600
378,633.7647,305.62997,627.2165,600
379,123.06572,-152.49432,469.38547,600
380,164.40681,-79.579636,496.56235,600
381,148.38567,-121.93399,541.20306,600
382,81.2788,-207.37442,330.4232,600
383,412.4309,125.28771,466.7271,600
384,530.8974,252.74313,528.3041,600
385,111.05369,-313.28445,461.0671,600
386,398.29614,143.80374,430.933,600
387,113.341225,-149.21812,435.70132,600
388,95.995674,-41.425648,169.79941,600
389,88.09066,-189.10614,357.9285,600
390,149.91487,-121.55624,546.1214,600
391,334.20853,85.173515,389.37625,600
392,126.36944,-128.80457,471.11588,600
393,102.52317,-157.42725,398.37326,600
394,91.754875,-146.40723,339.1782,600
395,218.55502,-162.93672,790.41974,600
396,154.98409,-124.76577,564.4296,600
397,91.78353,-143.87526,332.10342,600
398,516.62103,244.92325,514.7484,600
399,203.27675,85.09665,228.00302,600
400,374.91318,99.184715,433.73502,600
401,137.17422,-121.76732,503.8113,600
402,404.97076,136.00537,447.3975,600
403,450.92987,178.57913,476.3883,600
404,277.33197,-16.704496,397.46164,600
405,403.799,118.97643,459.19263,600
406,155.85117,-125.6112,567.66534,600
407,178.93184,44.479534,261.5706,600
408,239.18373,-92.27067,411.5529,600
409,390.65015,122.52081,438.08142,600
410,482.67798,223.69507,484.47656,600
411,484.26144,214.5037,494.10196,600
412,123.41065,-144.49463,467.71652,600
413,195.78651,-70.50055,343.1362,600
414,112.81486,-131.26505,332.97675,600
415,130.10161,-131.92375,484.6135,600
416,142.33293,-124.51623,522.0783,600
417,127.734406,-135.17714,478.15604,600
418,125.98368,-142.03786,474.89194,600
419,144.77748,-119.3126,528.09564,600
420,251.40367,-27.67356,370.58853,600
421,312.51227,114.419014,408.13724,600
422,433.7166,169.42737,459.7767,600
423,100.701904,-150.47357,386.6304,600
424,116.797775,-168.4223,453.56717,600
425,287.13342,34.833286,366.39392,600
426,116.52651,-142.16882,434.4243,600
427,130.9565,-124.88574,484.63852,600
428,109.72358,-157.4847,428.40002,600
429,146.21999,-121.8942,533.94495,600
430,233.3381,-173.25987,844.0977,600
431,67.411674,-126.72965,202.03076,600
432,130.47441,-129.72191,485.09714,600
433,445.78235,182.54626,465.94986,600
434,116.90591,-144.30235,445.18387,600
435,495.31873,228.77719,497.98856,600
436,460.71173,198.28856,474.19113,600
437,120.854805,-116.80085,447.57217,600
438,310.83447,35.55528,396.7009,600
439,185.57275,-79.14707,335.71603,600
440,468.98407,197.79135,486.1514,600
441,501.11932,235.76962,500.51175,600
442,120.17762,-123.05074,446.66623,600
443,109.694466,-234.03632,453.1731,600
444,113.553314,-160.94345,439.2124,600
445,426.26807,168.98434,450.8179,600
446,131.30524,-129.66916,487.90067,600
447,129.22285,-132.70055,482.02957,600
448,101.18899,-138.97626,327.29727,600
449,125.68197,-149.33154,477.0579,600
450,124.176125,-131.05952,464.54785,600
451,72.38672,-96.670204,195.96454,600
452,119.415535,-176.12689,467.5579,600
453,486.72046,223.89098,489.92117,600
454,124.38339,-150.67268,473.6048,600
455,94.10963,16.208223,125.29296,600
456,221.2732,82.14074,266.27243,600
457,85.94773,-135.21887,326.05618,600
458,120.52131,-106.185265,441.37537,600
459,438.18002,169.11261,466.0848,600
460,102.9896,-142.75488,399.21616,600
461,408.06763,146.11736,442.65683,600
462,117.423225,-121.74992,438.23727,600
463,126.484695,-120.43792,467.8254,600
464,89.822624,-147.1277,337.4155,600
465,126.97222,-143.62039,477.99216,600
466,167.97594,-131.0021,609.91315,600
467,85.75813,-137.00122,337.3441,600
468,95.92253,-205.88962,393.80978,600
469,289.20557,47.533512,359.6845,600
470,95.996605,-205.75433,321.77252,600
471,86.43039,-127.7792,312.30057,600
472,287.9901,-9.400493,404.84753,600
473,108.67108,-205.70303,441.59027,600
474,85.74549,-153.95717,322.09512,600
475,103.59503,-57.83156,278.5416,600
476,118.59176,-128.23193,440.09436,600
477,464.2996,208.86281,470.68082,600
478,179.26054,-78.2898,325.91586,600
479,108.98147,-130.44675,412.15048,600
480,451.00598,176.86736,477.90735,600
481,438.40796,165.39471,469.50186,600
482,205.16844,-126.83636,687.62244,600
483,408.38672,127.46608,458.97397,600
484,107.316666,-225.60262,441.95944,600
485,97.02294,-107.51426,341.64597,600
486,423.86945,154.74928,457.876,600
487,291.11932,4.489872,398.32193,600
488,351.0024,122.299095,385.69876,600
489,429.6717,155.77092,465.3489,600
490,128.10443,-125.637146,475.51437,600
491,48.438854,-32.58624,139.77907,600
492,544.1948,262.2199,538.6857,600
493,166.46178,-122.491264,589.77655,600
494,76.74336,-58.249027,171.93915,600
495,534.6596,255.61102,531.1174,600
496,129.436,-135.46974,483.82004,600
497,256.68164,-36.39568,385.0082,600
0,622.7422,300.43704,612.87756,650
1,183.71512,-138.1225,624.978,650
2,503.07382,198.86772,530.0248,650
3,138.83829,-152.31491,487.54175,650
4,158.60637,-127.47225,541.8489,650
5,182.24799,-26.099018,397.3453,650
6,540.03064,247.07751,542.87585,650
7,468.62784,142.58295,534.36774,650
8,151.00381,-133.73898,518.5222,650
9,313.7056,51.302505,418.00586,650
10,486.13712,152.28223,548.3019,650
11,488.31363,164.0711,537.92737,650
12,330.18002,57.187126,418.14294,650
13,123.78109,-123.86321,407.05777,650
14,147.64369,-138.16281,510.18918,650
15,466.87088,141.34918,528.713,650
16,525.91376,218.5264,546.64,650
17,156.12079,-110.93025,414.74844,650
18,311.63284,69.21444,421.27682,650
19,421.77884,132.52313,485.16977,650
20,462.45007,137.7918,525.54736,650
21,552.68085,261.02762,548.96606,650
22,146.13092,-130.9403,415.23557,650
23,145.48564,-135.89766,503.05435,650
24,433.2747,121.55922,502.35538,650
25,493.01788,200.89627,514.33624,650
26,330.3586,53.401592,435.2733,650
27,577.72595,278.338,569.05414,650
28,509.23245,204.0379,534.34485,650
29,574.37195,274.7437,567.6554,650
30,152.91891,-132.5461,525.63074,650
31,236.58624,-65.10729,436.76694,650
32,142.5607,-130.56505,492.5902,650
33,152.2926,-132.22653,522.92554,650
34,149.70314,-134.46678,516.1019,650
35,153.47365,-134.879,528.09644,650
36,188.1386,-140.75705,641.3659,650
37,556.0361,255.10828,558.8579,650
38,145.93011,-129.53473,501.4623,650
39,525.7012,211.73969,551.6793,650
40,216.77364,-68.58707,426.2272,650
41,149.28117,-137.08685,515.1131,650
42,136.08865,-134.91513,472.3596,650
43,138.0064,-103.021576,455.94528,650
44,495.64615,188.16953,528.2946,650
45,149.17654,-143.45552,517.3935,650
46,521.7573,228.91238,531.8714,650
47,229.57529,-63.15022,430.83292,650
48,176.0611,-133.7038,598.7263,650
49,494.0632,158.4183,555.68774,650
50,152.77538,-136.47281,526.76196,650
51,561.2133,264.0471,558.3683,650
52,141.05331,-162.9324,497.27765,650
53,130.40717,-169.79172,465.7465,650
54,501.589,196.50206,529.9063,650
55,126.77793,-134.4536,408.00735,650
56,478.32974,149.89551,536.9086,650
57,460.19827,164.46095,498.56717,650
58,137.84644,-128.02818,476.56937,650
59,477.12137,151.59569,532.955,650
60,518.76404,223.36087,532.23114,650
61,512.52313,195.54895,546.3528,650
62,495.47397,161.75827,551.4385,650
63,216.0593,-158.23859,735.39014,650
64,136.93481,-148.0531,479.88187,650
65,477.4142,148.49751,537.21124,650
66,184.9686,-114.02571,444.60806,650
67,510.67297,211.5361,530.4393,650
68,517.3316,173.08865,574.1565,650
69,141.90326,-139.72542,493.5968,650
70,192.81616,-143.94115,655.54443,650
71,314.13998,55.872486,404.8113,650
72,483.02975,154.77611,542.3459,650
73,151.3458,-136.24887,521.6139,650
74,327.77823,0.3088715,452.98914,650
75,171.70914,-131.02022,584.97107,650
76,129.99962,-163.70639,461.84647,650
77,404.6727,108.25561,474.27048,650
78,534.8688,250.79549,532.4726,650
79,325.53522,77.74514,429.9708,650
80,140.84326,-171.71779,500.48294,650
81,338.27853,62.531624,428.66196,650
82,217.59155,-159.04366,740.9453,650
83,139.5271,-176.30449,497.5125,650
84,123.0391,-139.91171,417.20422,650
85,526.9592,228.51324,539.5426,650
86,289.74826,30.267666,412.32092,650
87,123.97268,-139.55304,427.0193,650
88,169.25754,-129.366,574.9044,650
89,163.89998,-127.08346,558.43713,650
90,511.60245,169.94995,568.4116,650
91,148.70255,-134.14291,512.74756,650
92,135.82755,-163.77983,481.35464,650
93,218.03,-158.8761,741.4992,650
94,143.38602,-130.84921,492.82974,650
95,124.13228,-160.38167,438.05838,650
96,200.73941,-147.9271,683.73865,650
97,159.42825,-131.7489,544.8037,650
98,181.22807,-136.8368,616.85065,650
99,518.2969,178.10638,569.70233,650
100,224.43967,-47.411343,423.95993,650
101,518.5883,193.59143,556.86975,650
102,224.77626,-93.22714,448.8287,650
103,221.93759,-53.45373,427.36612,650
104,459.63824,138.57098,519.06744,650
105,439.33456,114.812386,512.28064,650
106,162.9411,-131.4693,556.33105,650
107,224.99016,-61.08631,437.33243,650
108,153.31345,-94.81513,405.6476,650
109,520.0044,208.92563,545.93726,650
110,164.08673,-129.38528,559.8883,650
111,160.25201,-137.30212,550.6365,650
112,131.13815,-122.01269,402.9647,650
113,291.06247,5.5456986,410.81906,650
114,245.75912,-12.989516,411.96274,650
115,505.4414,180.68683,548.9556,650
116,143.7395,-129.83437,494.7628,650
117,464.15692,139.13411,527.4025,650
118,382.0117,65.08736,474.07016,650
119,389.22137,113.766174,462.58487,650
120,528.8789,231.01105,540.273,650
121,146.36588,-70.50764,389.8785,650
122,320.0495,48.39422,428.2783,650
123,141.11026,-156.0652,495.67874,650
124,157.94852,-128.61551,540.5202,650
125,150.43228,-133.79524,517.8313,650
126,150.98671,-133.50578,518.7737,650
127,153.62082,-206.75072,463.06195,650
128,137.4802,-125.98287,473.8564,650
129,195.16466,-77.898796,427.82465,650
130,158.26276,-132.04956,542.0603,650
131,537.05676,243.87448,541.24365,650
132,241.76465,-13.16516,420.71988,650
133,207.10602,-151.68312,704.7688,650
134,144.54355,-146.43239,503.4129,650
135,271.54965,45.459274,404.35086,650
136,125.11882,-103.38889,396.76755,650
137,163.29922,-130.63037,557.5039,650
138,153.38707,-121.96494,522.1936,650
139,502.14777,197.54959,529.85364,650
140,444.61493,121.46384,513.76855,650
141,234.10815,24.103283,411.6935,650
142,197.42735,-146.65323,671.68713,650
143,127.92814,-104.80645,418.25754,650
144,523.0604,239.32297,525.21326,650
145,488.10812,157.05287,544.52124,650
146,268.35565,52.585335,417.54794,650
147,121.736,-151.61693,424.0344,650
148,335.07657,14.811347,449.66342,650
149,138.79102,-72.99981,390.6514,650
150,133.53017,-128.77179,458.06406,650
151,137.94925,-136.39885,479.39383,650
152,137.99448,-140.60828,479.39474,650
153,128.66849,-153.04404,454.62997,650
154,124.45411,-132.55087,422.03802,650
155,123.827065,-147.69145,415.85513,650
156,179.39249,-135.1439,610.65845,650
157,173.41608,-93.13563,418.2888,650
158,507.19482,201.45659,533.73535,650
159,145.41534,-157.70888,509.59637,650
160,276.9223,39.115707,399.74664,650
161,416.43527,96.72222,494.37756,650
162,197.9976,-5.127864,379.07138,650
163,123.09171,-152.04184,436.14102,650
164,146.85971,-145.20503,510.6393,650
165,163.48926,-128.32779,557.979,650
166,176.5176,-135.32846,601.1393,650
167,131.97896,-149.04488,465.1064,650
168,328.624,73.08202,410.12494,650
169,521.57684,231.71536,529.5293,650
170,128.63745,-152.59012,454.2311,650
171,584.2135,279.10855,577.7783,650
172,139.15921,-153.01846,488.5274,650
173,145.4973,-139.68814,503.9943,650
174,162.60536,-125.09475,554.7416,650
175,148.71622,-138.41437,514.26404,650
176,120.14518,-111.274635,404.84915,650
177,561.9597,262.6913,560.60596,650
178,135.89563,-148.62029,475.958,650
179,373.4708,61.84324,465.2911,650
180,206.74156,-152.25754,702.8439,650
181,128.98212,-152.77875,420.8987,650
182,291.45718,7.9931145,405.54178,650
183,136.11209,-169.58595,484.3405,650
184,524.8578,228.44366,536.8109,650
185,148.53601,-137.1471,513.4485,650
186,490.5836,178.2397,530.42896,650
187,247.29695,24.409569,399.49768,650
188,150.15927,-93.30384,410.34717,650
189,136.2113,-145.05818,424.40015,650
190,171.49376,-88.33546,408.48453,650
191,122.15655,-157.61844,421.88174,650
192,392.2668,109.08007,463.1705,650
193,140.25113,-82.19123,416.61792,650
194,132.47548,-130.73781,457.97867,650
195,292.4656,79.97874,334.82065,650
196,382.73923,90.63781,457.3324,650
197,160.10645,-136.28609,548.95386,650
198,143.9042,-149.75943,502.58188,650
199,145.04016,-146.7227,504.92697,650
200,138.86856,-166.0784,491.8992,650
201,137.21782,-155.00005,482.59763,650
202,213.25934,1.7986472,395.5102,650
203,157.79613,-124.80703,538.9922,650
204,208.30878,-66.26481,420.62875,650
205,162.94778,-134.75578,557.36743,650
206,146.27487,-148.85287,509.20242,650
207,536.2361,226.19429,554.523,650
208,452.8287,128.42204,521.6726,650
209,440.9846,148.15779,539.6429,650
210,446.6572,120.61881,517.66626,650
211,123.03275,-181.73648,441.70602,650
212,235.65065,-13.78535,414.2953,650
213,490.29883,158.23207,547.12964,650
214,486.41168,152.46826,547.3209,650
215,151.26814,-127.480194,517.6481,650
216,525.9279,231.42674,535.6759,650
217,454.7615,134.81406,519.7473,650
218,140.84514,-101.93499,411.73038,650
219,133.14319,-144.21385,466.6311,650
220,142.66647,-138.89346,495.04843,650
221,168.16818,-131.3045,573.37604,650
222,193.6124,-143.77554,660.03436,650
223,143.10019,-141.48811,497.21762,650
224,395.1633,102.14284,468.02136,650
225,120.4788,-154.41246,421.996,650
226,148.55408,-132.14973,511.2221,650
227,134.1244,-141.7641,468.47873,650
228,134.56111,-173.50412,480.55505,650
229,167.21454,-128.20981,569.85345,650
230,142.81973,-144.808,497.12177,650
231,123.351295,-156.79558,433.66202,650
232,523.2621,220.716,540.8377,650
233,473.4907,153.70508,527.4529,650
234,144.43005,-105.13845,416.18076,650
235,127.888084,-150.38882,447.66565,650
236,119.06139,-156.64722,415.95972,650
237,162.34546,-128.65964,552.9553,650
238,128.14915,-136.45938,415.38306,650
239,383.3735,92.16201,459.683,650
240,164.7789,-130.40714,562.15076,650
241,149.76494,-137.57436,517.4265,650
242,130.49313,-170.9389,466.5863,650
243,159.89565,-125.30091,544.7461,650
244,155.31964,-136.63818,534.9734,650
245,150.71866,-134.75537,519.4079,650
246,181.29459,-136.89122,616.08594,650
247,463.6303,136.11824,528.57153,650
248,235.61546,16.859842,431.05576,650
249,137.75327,-143.79793,481.37552,650
250,150.09573,-76.856026,402.71805,650
251,455.48276,130.37407,522.48206,650
252,484.9097,152.34453,548.59326,650
253,252.02544,35.97241,381.93997,650
254,177.65897,-133.54918,605.9567,650
255,453.95856,194.80241,465.19608,650
256,125.31306,-158.53493,441.52103,650
257,161.5192,-133.1304,553.12036,650
258,146.77896,-133.7282,505.91653,650
259,168.36603,-129.3022,573.48566,650
260,159.89728,-127.78425,544.99744,650
261,294.40598,13.739337,419.1207,650
262,154.74771,-128.60422,528.42194,650
263,169.35623,-131.02794,576.2223,650
264,125.27,-151.99425,422.08536,650
265,228.86694,14.679084,387.86984,650
266,184.62953,-138.29616,628.0679,650
267,252.77588,-181.47598,858.76086,650
268,225.87125,-84.6903,438.75717,650
269,526.62964,231.383,536.6013,650
270,148.87857,-125.138885,509.2227,650
271,357.98398,70.94869,438.13348,650
272,157.57503,-131.68382,539.1328,650
273,143.73662,-140.46494,498.8854,650
274,437.04202,118.83039,507.6494,650
275,183.35034,-137.54787,623.9355,650
276,144.12685,-115.58509,491.2496,650
277,143.3148,-114.604095,413.33054,650
278,512.63324,218.0774,527.7645,650
279,212.79446,6.057998,392.16626,650
280,410.2053,107.24793,482.79056,650
281,316.87204,58.33628,415.83615,650
282,139.7685,-131.36731,482.77707,650
283,275.5926,-21.242964,414.9042,650
284,167.02579,-129.01494,570.0541,650
285,370.3402,64.1673,458.09805,650
286,142.17784,-155.85638,498.27292,650
287,129.28241,-133.6316,449.89688,650
288,157.1506,-138.16234,540.5587,650
289,162.54184,-96.91275,408.7601,650
290,152.956,-132.1017,525.5851,650
291,513.5307,230.71872,519.2967,650
292,133.79184,-153.87704,470.97144,650
293,481.9615,150.72917,542.3682,650
294,514.1754,188.87799,554.85614,650
295,192.07741,-131.85193,439.61246,650
296,319.5764,57.48209,424.80563,650
297,138.58588,-141.82104,482.47702,650
298,162.1247,-77.94202,406.2156,650
299,499.91345,183.30539,538.23627,650
300,522.00903,211.81934,546.4143,650
301,326.2812,74.00881,410.82462,650
302,471.45523,143.92445,532.43225,650
303,468.5607,139.38643,534.4103,650
304,175.40034,-132.77722,598.177,650
305,384.38687,82.21007,464.4116,650
306,346.3288,59.69271,432.48306,650
307,203.09032,-66.43815,423.7334,650
308,159.21593,-132.42365,545.83545,650
309,144.151,-135.65617,499.0621,650
310,338.4542,93.73681,460.69073,650
311,479.35855,163.8844,525.6092,650
312,354.04578,95.6819,446.05414,650
313,162.54309,-128.20822,555.09924,650
314,130.2795,-142.06569,454.84586,650
315,131.28749,-173.40596,469.7888,650
316,143.54956,-167.57715,507.22897,650
317,439.17648,119.13923,509.1486,650
318,361.05875,69.90374,443.08792,650
319,147.40158,-146.8558,512.28845,650
320,134.0921,-92.25264,391.47586,650
321,139.11057,-142.72229,485.13327,650
322,149.89536,-144.55684,426.71786,650
323,463.22833,136.58023,527.61847,650
324,251.92252,-181.53995,857.6549,650
325,173.62007,-131.10352,590.36884,650
326,159.69463,-129.69908,546.5024,650
327,507.79385,205.59335,531.13916,650
328,159.58661,-130.2305,545.7385,650
329,179.33496,-135.20668,611.0832,650
330,501.85925,197.92903,529.0906,650
331,145.22775,-133.78882,500.86655,650
332,440.45328,124.81541,508.81833,650
333,390.88498,77.124565,477.04385,650
334,510.1193,210.30617,530.6353,650
335,405.27676,101.84083,478.35205,650
336,486.87704,154.89876,544.98926,650
337,140.61389,-146.53433,490.1038,650
338,256.11017,-21.442842,422.56485,650
339,172.29648,-27.302994,379.8843,650
340,141.79561,-141.6813,493.3265,650
341,506.24454,228.16736,513.01135,650
342,453.0159,128.92992,519.57056,650
343,498.40524,173.70422,544.98236,650
344,421.55524,99.69665,498.74966,650
345,527.17944,184.81082,577.1504,650
346,177.27777,-74.60047,406.78952,650
347,373.9781,110.31713,473.1838,650
348,121.46876,-166.50958,429.1917,650
349,200.47058,-148.01726,681.7559,650
350,147.0824,-131.72842,506.48965,650
351,152.40793,-66.54412,401.96304,650
352,153.28587,-131.34827,525.6738,650
353,149.63292,-133.9579,515.2347,650
354,129.42834,-149.27438,456.17816,650
355,148.63033,-123.71081,508.9446,650
356,491.11972,154.59093,551.8913,650
357,140.1868,-144.47218,489.0309,650
358,142.73315,-139.99403,496.30026,650
359,153.93066,-99.36973,406.54135,650
360,582.4133,277.595,576.623,650
361,554.5962,258.0495,554.1976,650
362,157.13986,-127.3274,536.34595,650
363,143.33047,-134.51102,494.85864,650
364,461.4705,142.07166,525.0813,650
365,493.85648,186.35925,526.94653,650
366,128.71436,-133.89755,430.4198,650
367,162.58542,-59.45523,404.85007,650
368,152.00552,-135.25146,524.1636,650
369,125.922554,-161.08058,447.4392,650
370,157.43811,-132.47293,539.7783,650
371,529.63824,214.65756,555.23645,650
372,173.792,-132.17722,592.57556,650
373,631.4051,305.655,620.25073,650
374,350.89066,84.14492,430.33035,650
375,151.73251,-133.1022,521.5734,650
376,491.15933,161.58096,546.1986,650
377,149.04312,-128.56032,511.90073,650
378,559.3949,262.53915,557.21094,650
379,133.7831,-115.32723,443.29703,650
380,198.37628,-146.48207,674.19666,650
381,158.69925,-128.40485,542.115,650
382,137.16728,-156.13982,482.57602,650
383,479.63895,149.16632,541.9398,650
384,520.31104,209.1671,546.47437,650
385,138.89621,-153.74991,424.5692,650
386,352.51382,47.79299,448.43784,650
387,151.33691,-132.82428,520.45026,650
388,245.45688,-53.741173,433.81168,650
389,137.46918,-143.4836,480.61618,650
390,207.13382,-152.26823,703.4204,650
391,239.09793,-35.032726,419.2585,650
392,138.41476,-148.07729,484.35574,650
393,127.562935,-124.579384,432.454,650
394,146.07928,-87.073235,409.6611,650
395,228.09904,-165.63287,775.61926,650
396,198.12126,-146.7717,674.66895,650
397,126.221245,-138.29204,438.24557,650
398,506.80515,207.47372,528.25476,650
399,188.58249,-53.03679,481.2925,650
400,503.92532,188.85538,539.8286,650
401,153.91432,-130.90344,528.72107,650
402,465.50574,137.49928,530.1201,650
403,507.60397,179.41544,553.1684,650
404,369.3728,52.412804,466.5201,650
405,336.7269,73.43473,420.9971,650
406,166.422,-129.19655,567.54645,650
407,233.62761,12.906439,405.3181,650
408,295.97202,-9.689071,424.42773,650
409,482.86874,150.98904,543.2514,650
410,511.60077,203.63043,538.5952,650
411,494.18094,163.99023,547.76,650
412,142.45966,-142.03307,495.68365,650
413,138.46225,-150.32619,485.46085,650
414,195.8331,-73.24348,422.50626,650
415,152.12604,-135.77278,523.4503,650
416,170.64133,-129.44458,579.60254,650
417,144.37296,-137.29176,498.73715,650
418,147.67569,-128.94371,506.88644,650
419,166.02118,-131.42549,566.96704,650
420,426.76212,104.000435,503.75522,650
421,131.45778,-113.63715,410.7894,650
422,413.62958,96.79537,491.5967,650
423,140.74521,-131.35464,485.1661,650
424,137.16373,-138.46169,477.13577,650
425,235.01804,-84.79252,439.91324,650
426,133.03848,-127.9428,459.4786,650
427,172.43013,-131.46078,588.46643,650
428,139.20583,-125.2235,479.13248,650
429,185.5651,-139.82883,632.2297,650
430,256.65112,-184.2731,874.2904,650
431,400.53,83.86715,481.89587,650
432,139.52162,-133.79669,483.09402,650
433,336.76517,56.971123,421.87006,650
434,150.12956,-134.59024,516.99005,650
435,497.6871,165.38446,550.78186,650
436,539.06354,229.49045,556.2448,650
437,160.7861,-132.93849,550.99524,650
438,513.80347,202.94011,541.96924,650
439,131.43102,-105.679955,417.25333,650
440,485.58035,153.87157,544.3637,650
441,527.227,204.3413,560.2741,650
442,140.93921,-102.12392,455.86795,650
443,142.32538,-133.25922,492.36703,650
444,144.78265,-136.6423,500.48322,650
445,451.34763,138.0856,515.737,650
446,171.13638,-131.39833,582.8989,650
447,146.6798,-129.92044,504.94626,650
448,176.83698,-97.48737,421.9045,650
449,127.525,-123.234825,409.7357,650
450,155.34326,-127.774864,531.2853,650
451,232.22043,-41.622986,412.7773,650
452,141.76352,-153.71245,496.50064,650
453,507.1489,198.71918,536.11646,650
454,132.62955,-115.014915,450.47006,650
455,144.1901,-79.99714,401.55167,650
456,130.02747,-110.99489,436.3154,650
457,138.6467,-171.62529,492.6998,650
458,192.30614,-142.48332,653.2295,650
459,529.2162,230.56152,541.3368,650
460,145.70183,-160.50345,511.2195,650
461,507.7985,186.70807,547.27386,650
462,135.65826,-128.03558,467.57053,650
463,164.61072,-128.21455,561.36005,650
464,142.30063,-156.75603,499.34348,650
465,135.5722,-126.19433,467.54465,650
466,179.15839,-135.8529,610.6859,650
467,142.73282,-148.12686,498.27722,650
468,124.15305,-167.68471,442.382,650
469,212.87613,-0.4813006,386.93082,650
470,249.71204,-80.441444,455.0172,650
471,244.13599,-74.96163,421.63358,650
472,514.6088,211.90732,535.9147,650
473,137.30447,-166.6273,486.91013,650
474,142.96866,-96.66496,401.56635,650
475,425.2264,134.14684,489.65762,650
476,140.48592,-122.23185,481.38727,650
477,537.76056,250.6196,536.6741,650
478,133.11172,-112.97949,412.3699,650
479,158.86671,-129.64407,542.85425,650
480,510.28363,200.51883,539.0325,650
481,414.24692,94.47299,493.42404,650
482,172.49721,-132.4623,588.09625,650
483,490.53784,177.72806,529.39795,650
484,139.06857,-111.48513,406.55203,650
485,189.86177,-141.68063,646.1013,650
486,481.5248,149.70021,544.9967,650
487,212.99734,-87.636246,438.07294,650
488,153.1662,-76.98877,397.37997,650
489,503.61838,178.87808,547.36707,650
490,151.34824,-138.49498,522.58997,650
491,139.88463,-182.2957,501.6564,650
492,228.62085,-79.109406,415.7318,650
493,142.49266,-149.05098,497.1162,650
494,123.49636,-147.5704,436.84912,650
495,499.15182,185.77338,535.25446,650
496,184.04942,-137.61826,626.7672,650
497,438.81903,116.4626,509.71426,650
0,520.3341,212.97354,591.781,700
1,144.57571,-176.22311,626.2245,700
2,449.89474,129.48712,557.4529,700
3,116.15908,-185.20029,524.5901,700
4,123.00019,-178.4212,545.994,700
5,117.25556,-195.06674,531.9491,700
6,461.44693,141.56589,565.28265,700
7,269.0988,19.51696,401.63104,700
8,118.780624,-189.0293,534.4093,700
9,110.06008,-221.02713,520.4064,700
10,272.51694,-23.966469,430.54575,700
11,418.67392,102.47521,534.85706,700
12,100.167625,-235.54855,472.5544,700
13,113.58694,-208.21872,525.863,700
14,122.73912,-181.6773,546.7872,700
15,330.1016,16.383167,476.81897,700
16,444.85397,126.14073,553.9507,700
17,106.672844,-227.4224,468.3992,700
18,118.64481,-185.30334,533.1371,700
19,167.45683,-93.74098,457.11057,700
20,327.412,7.205407,480.45505,700
21,454.38608,132.48557,562.6128,700
22,103.48617,-227.39665,441.20755,700
23,124.527565,-178.10245,552.0515,700
24,117.58581,-208.51642,466.0724,700
25,415.75827,103.65201,531.12274,700
26,109.31399,-215.34665,515.94305,700
27,277.28207,-51.842106,461.97476,700
28,436.67966,118.73564,547.68835,700
29,465.1445,143.30292,570.4308,700
30,121.59443,-176.79366,540.75964,700
31,109.82719,-232.19812,470.41898,700
32,117.7347,-183.87454,529.35144,700
33,127.83839,-177.59744,563.9564,700
34,131.8613,-175.70432,578.66785,700
35,122.38648,-179.6376,544.7621,700
36,152.66211,-182.22568,660.51465,700
37,382.47717,77.11621,505.02695,700
38,123.257286,-177.81706,546.553,700
39,455.85574,134.37961,563.3539,700
40,110.81178,-227.37375,481.9633,700
41,123.85203,-177.45749,549.3418,700
42,118.55726,-185.21768,532.7312,700
43,142.3265,-176.93147,617.5988,700
44,430.54623,108.36156,546.56274,700
45,123.609146,-178.50714,549.8581,700
46,464.78354,144.00024,568.1574,700
47,104.08167,-226.71991,476.29105,700
48,140.19238,-177.01526,609.1052,700
49,312.66534,53.432922,428.67242,700
50,119.9302,-182.75397,537.53253,700
51,454.17325,133.96194,561.36475,700
52,104.41784,-222.27617,498.45358,700
53,109.73586,-223.3778,520.8109,700
54,448.46768,128.89603,555.7067,700
55,101.763084,-224.24245,486.52454,700
56,366.8315,54.927723,496.53146,700
57,201.51306,-158.46078,454.902,700
58,128.64224,-176.58936,567.0969,700
59,449.59573,127.9554,559.0579,700
60,455.3776,133.88374,562.41907,700
61,442.9158,124.53808,552.20624,700
62,429.63107,117.093216,539.64905,700
63,166.04701,-195.24771,717.2466,700
64,116.77544,-186.88675,527.20886,700
65,276.33548,-58.143818,463.54947,700
66,114.76989,-187.32776,520.7761,700
67,475.38083,160.12337,569.5802,700
68,377.47263,78.37483,496.44327,700
69,114.35042,-188.58463,519.54895,700
70,155.82858,-185.1214,673.05493,700
71,100.63222,-232.2174,487.49258,700
72,406.7788,104.31051,518.27563,700
73,125.926765,-178.3216,557.728,700
74,256.65396,-70.00399,448.29318,700
75,140.37494,-175.61098,610.2228,700
76,110.53318,-213.94576,518.6824,700
77,284.81885,36.829628,409.46118,700
78,420.85806,103.63951,538.15173,700
79,114.564735,-199.72952,502.46384,700
80,105.86228,-230.72388,509.3658,700
81,138.23193,-163.74307,477.61667,700
82,203.52512,-233.47438,876.2521,700
83,105.29011,-230.17632,507.0369,700
84,110.2699,-221.60892,521.38904,700
85,431.94662,114.33665,544.7717,700
86,130.49149,-226.71008,471.584,700
87,115.83173,-193.57852,526.95825,700
88,160.486,-189.3909,692.0785,700
89,136.57494,-176.29758,596.0217,700
90,447.46024,134.4341,552.333,700
91,126.68952,-175.42932,559.146,700
92,111.62121,-208.0592,519.553,700
93,174.49686,-203.06424,752.78314,700
94,116.13296,-201.72034,529.19183,700
95,106.58187,-226.64545,510.44766,700
96,172.77115,-201.67105,746.22864,700
97,128.71443,-178.84879,567.0543,700
98,132.25461,-177.2513,580.2479,700
99,447.83438,133.31798,553.3989,700
100,101.46794,-229.2688,490.42154,700
101,440.29938,123.29719,549.7713,700
102,98.1558,-240.70271,470.74924,700
103,110.08845,-223.29128,475.36948,700
104,401.7883,84.11377,524.08435,700
105,265.83212,-54.90616,448.87732,700
106,138.10751,-176.57777,602.0207,700
107,110.70251,-214.08618,519.34814,700
108,105.76774,-222.37486,482.50906,700
109,440.50522,122.198654,550.48193,700
110,128.29076,-176.39009,565.2659,700
111,124.62112,-176.98459,552.7401,700
112,102.56825,-218.13065,483.77408,700
113,117.30772,-246.02364,481.19217,700
114,173.90509,-153.39134,445.2466,700
115,405.77353,92.379234,524.6062,700
116,123.7306,-179.86508,549.26294,700
117,315.09976,3.9694614,465.94846,700
118,210.7396,-94.75425,404.93167,700
119,114.702736,-205.44287,513.3088,700
120,447.7792,128.31259,556.13513,700
121,125.71078,-177.61778,556.30615,700
122,107.162315,-230.15582,514.2504,700
123,112.07836,-198.1623,515.84827,700
124,145.30753,-176.49258,630.1755,700
125,122.66801,-177.0097,544.46313,700
126,122.74135,-184.93533,547.1997,700
127,300.60187,-5.267119,453.53598,700
128,137.03806,-176.6361,597.9468,700
129,108.4074,-227.57422,517.7114,700
130,130.0645,-176.17682,571.81165,700
131,449.0092,129.02988,557.3978,700
132,327.13748,63.913315,437.62717,700
133,159.35019,-188.35257,687.9289,700
134,114.36857,-193.27127,521.57556,700
135,111.22431,-207.67088,511.73367,700
136,116.41636,-191.47342,527.562,700
137,126.09856,-178.25818,557.72156,700
138,142.66681,-176.64671,618.5852,700
139,449.4172,130.05586,556.1939,700
140,244.99973,-88.22801,449.21445,700
141,120.34165,-191.45479,539.5426,700
142,176.69443,-205.80215,762.8965,700
143,121.89382,-181.63297,543.0427,700
144,468.2772,155.22516,562.5294,700
145,422.9457,107.34209,538.0633,700
146,126.41981,-176.07446,519.8824,700
147,98.36799,-220.26407,461.65555,700
148,209.60403,-171.1116,473.0679,700
149,118.68176,-188.47362,534.3004,700
150,118.42574,-188.50551,533.39514,700
151,120.582275,-181.84305,539.45154,700
152,112.33118,-207.42343,519.81287,700
153,122.14846,-183.57199,490.4757,700
154,114.57053,-202.3843,526.4703,700
155,105.39265,-233.7081,460.55627,700
156,144.06747,-176.17203,624.4136,700
157,101.30538,-227.47818,470.3491,700
158,461.34793,141.24316,565.03735,700
159,113.12348,-203.39122,521.9884,700
160,105.158455,-217.80865,492.73233,700
161,231.68558,-92.466385,435.74814,700
162,115.70052,-196.66144,527.3806,700
163,107.62629,-229.32959,515.3342,700
164,116.98959,-186.13712,528.1941,700
165,128.99016,-175.25552,567.33954,700
166,130.45343,-178.3594,574.01355,700
167,121.34606,-178.4484,540.93524,700
168,113.80036,-178.39558,437.00003,700
169,369.3392,52.779972,502.00278,700
170,111.26469,-218.40335,523.30914,700
171,445.46613,127.85054,553.8106,700
172,113.050545,-206.86795,523.7156,700
173,116.18442,-191.94409,527.20636,700
174,136.82706,-174.53067,596.9724,700
175,120.31771,-180.1903,537.80383,700
176,121.415245,-179.07986,540.42236,700
177,437.1749,120.99733,546.64343,700
178,112.92351,-208.80145,523.9259,700
179,268.83926,-54.577686,451.38812,700
180,151.28261,-180.74652,653.7479,700
181,101.48444,-244.29611,479.4102,700
182,126.911736,-248.90129,471.35196,700
183,112.213066,-205.71133,520.12476,700
184,464.95615,144.6583,567.78064,700
185,119.58914,-181.85779,535.6101,700
186,335.18265,31.195427,472.8057,700
187,110.56305,-206.59892,504.05112,700
188,114.19543,-199.38303,523.8024,700
189,106.986534,-230.27928,513.7351,700
190,264.2487,-15.530718,411.66486,700
191,100.021736,-233.04506,487.06406,700
192,147.37979,-147.21579,464.92474,700
193,129.32726,-180.01271,569.9399,700
194,119.23466,-188.26596,536.0607,700
195,166.12004,-133.83395,428.05978,700
196,227.1547,-51.007034,404.4687,700
197,127.73661,-176.2245,563.1764,700
198,121.98932,-178.64902,543.1526,700
199,117.512856,-181.80115,527.6697,700
200,110.52729,-206.53366,515.101,700
201,114.401695,-195.78577,522.7903,700
202,119.61115,-184.79857,536.00604,700
203,146.82243,-176.72118,635.8221,700
204,274.53842,3.2074504,412.78177,700
205,129.49986,-177.96103,570.4368,700
206,114.22778,-195.77615,522.3374,700
207,445.63278,129.97154,552.379,700
208,294.7861,12.888807,430.94772,700
209,136.28241,-170.74478,561.40857,700
210,282.65802,-17.218163,439.97412,700
211,97.70716,-248.58627,479.75473,700
212,113.17156,-200.67273,521.0176,700
213,410.46085,98.35185,526.90796,700
214,240.30885,-80.30718,433.67007,700
215,129.51007,-177.38571,569.8567,700
216,452.13486,130.45602,560.7009,700
217,327.91452,33.179432,459.81326,700
218,116.598366,-192.15697,528.6145,700
219,115.599174,-186.73508,522.6767,700
220,115.26536,-190.15141,523.15045,700
221,125.24955,-178.09723,554.4928,700
222,155.992,-184.97475,674.41003,700
223,124.54437,-176.43843,551.7251,700
224,129.62148,-220.89203,478.07388,700
225,107.3042,-230.8905,515.1641,700
226,121.45285,-183.05728,542.0648,700
227,118.75547,-178.98206,531.0148,700
228,102.87535,-231.85854,498.5173,700
229,145.89584,-179.26556,632.2368,700
230,112.453545,-214.37979,525.17706,700
231,108.624214,-225.27672,517.31274,700
232,448.83426,128.57724,557.36926,700
233,343.34152,35.098755,480.35666,700
234,101.54316,-208.85043,473.59183,700
235,105.79888,-216.69705,500.72995,700
236,100.315,-234.64148,487.6462,700
237,131.78195,-178.65842,578.5315,700
238,129.15771,-201.33606,459.02628,700
239,162.04776,-147.95935,448.53308,700
240,138.3212,-176.76573,602.83356,700
241,123.32506,-179.33182,548.3054,700
242,104.853035,-227.57007,503.17856,700
243,137.90173,-174.95174,600.29395,700
244,115.349556,-186.99843,522.42426,700
245,129.93124,-174.59317,570.7064,700
246,149.37598,-179.66617,645.8506,700
247,209.82538,-120.72417,430.30664,700
248,122.80567,-190.96768,549.2792,700
249,117.820656,-186.64467,530.6879,700
250,113.507065,-207.20108,524.1718,700
251,235.1489,-50.380196,402.83838,700
252,249.7468,-9.819195,404.2358,700
253,117.116905,-176.48384,464.76096,700
254,153.25089,-182.37053,663.0481,700
255,417.14108,104.67669,532.2375,700
256,110.019005,-219.81299,519.8916,700
257,127.09229,-176.22838,561.1334,700
258,119.437355,-184.00125,534.6452,700
259,138.30511,-173.87251,601.73083,700
260,128.40105,-178.11069,565.7296,700
261,97.10483,-239.37982,471.05518,700
262,131.46507,-178.00351,576.87146,700
263,122.82462,-182.79575,545.41626,700
264,98.40571,-229.22163,469.5035,700
265,113.780174,-209.33896,526.5973,700
266,151.69333,-181.3472,655.8668,700
267,169.13513,-196.82982,724.6986,700
268,130.25102,-245.24307,453.24615,700
269,454.29025,132.91347,562.1591,700
270,128.40002,-176.98975,565.46045,700
271,131.5702,-199.15643,435.0303,700
272,125.056816,-181.3469,554.4643,700
273,123.60233,-179.07806,549.2769,700
274,121.833,-208.40506,434.59534,700
275,149.06061,-178.70056,644.9004,700
276,127.34616,-177.68979,561.6234,700
277,113.612144,-203.01881,524.00653,700
278,456.63547,137.60977,560.92395,700
279,116.54512,-199.56177,530.1777,700
280,108.62438,-222.11841,515.4831,700
281,109.28623,-213.76328,474.47592,700
282,123.12188,-180.81396,547.6317,700
283,116.115204,-254.24358,456.09872,700
284,143.94621,-176.17914,624.8866,700
285,240.65219,-73.719284,429.63763,700
286,113.46007,-209.98387,526.41284,700
287,113.71191,-212.9411,529.0657,700
288,123.69496,-177.94116,548.9966,700
289,103.73947,-216.09753,483.45602,700
290,133.94005,-175.0388,586.0331,700
291,355.19736,39.645775,492.90506,700
292,112.83877,-212.97226,526.13776,700
293,341.81293,31.40103,481.0359,700
294,401.43002,89.46237,521.5552,700
295,102.85873,-253.1466,440.87933,700
296,137.91136,-165.19637,464.6893,700
297,120.49792,-180.86348,538.33984,700
298,111.45105,-220.81139,525.11523,700
299,406.95816,89.98479,527.80054,700
300,430.79337,113.83648,543.14386,700
301,268.77518,19.290936,401.95633,700
302,338.37698,24.434597,480.52667,700
303,213.34854,-107.873825,426.96054,700
304,135.85243,-173.8335,592.9583,700
305,116.26238,-231.05743,448.8418,700
306,149.16756,-186.09319,446.23227,700
307,107.242455,-229.96786,473.32126,700
308,122.74965,-177.37071,545.55316,700
309,116.74799,-188.03723,527.42395,700
310,120.55929,-185.24043,524.8072,700
311,348.70096,32.183544,488.69537,700
312,171.26645,-90.49374,446.2239,700
313,138.74548,-174.78853,604.2471,700
314,114.08335,-198.14624,522.24475,700
315,102.55076,-230.32208,495.53348,700
316,111.48032,-206.79599,518.338,700
317,333.21573,36.68935,464.54843,700
318,121.411644,-225.74808,465.4867,700
319,118.58933,-186.84337,533.8774,700
320,114.1753,-205.01276,525.9666,700
321,121.69123,-176.84724,541.1931,700
322,124.543724,-224.8854,450.90826,700
323,190.72292,-162.6753,446.49896,700
324,190.74585,-220.21948,823.2035,700
325,152.6108,-181.75453,659.51807,700
326,125.37843,-176.3825,554.8197,700
327,447.85828,126.51317,557.4114,700
328,137.72482,-174.87897,600.06555,700
329,141.15805,-175.14955,613.19543,700
330,451.27414,130.21233,559.0213,700
331,119.944115,-184.54262,537.2565,700
332,252.00874,-2.4514887,396.80325,700
333,237.23978,-77.10837,426.1759,700
334,460.41245,141.19955,563.66907,700
335,140.71884,-188.99643,458.3595,700
336,398.2741,85.77263,519.2654,700
337,116.647224,-188.82823,527.3567,700
338,109.04322,-225.68088,519.4229,700
339,124.166954,-178.70093,550.2156,700
340,116.13889,-186.37721,525.3352,700
341,109.617424,-187.05328,462.29312,700
342,321.97632,10.593607,470.02133,700
343,331.49545,12.6106205,481.41306,700
344,185.79932,-180.328,453.99466,700
345,415.77432,112.59213,524.6408,700
346,101.83124,-208.05005,462.18808,700
347,119.154915,-187.21529,534.8787,700
348,97.989265,-240.53583,481.17233,700
349,167.42612,-196.6112,722.016,700
350,122.065926,-181.1329,544.0027,700
351,117.61531,-193.33669,532.52466,700
352,123.744804,-180.09753,549.3857,700
353,123.737816,-179.92253,549.5258,700
354,115.08959,-189.8029,522.6953,700
355,143.55377,-174.8699,622.3811,700
356,282.37476,-43.545456,458.8217,700
357,115.59567,-191.48038,525.0624,700
358,117.83239,-182.98685,529.8733,700
359,102.97753,-219.89615,489.09583,700
360,444.44315,126.31499,552.9712,700
361,443.52798,125.053894,553.22156,700
362,122.930565,-179.00421,545.50574,700
363,117.95914,-184.6227,530.28595,700
364,124.32252,-186.59258,475.01773,700
365,450.90057,129.90347,559.11096,700
366,111.19459,-218.88077,522.865,700
367,119.861786,-186.62424,537.82526,700
368,122.25977,-178.27101,544.02344,700
369,101.054115,-234.80165,491.18512,700
370,123.07963,-177.07478,546.3939,700
371,441.00568,124.34413,550.0635,700
372,157.02325,-186.73846,678.9628,700
373,452.46103,132.94615,560.11414,700
374,176.43176,-123.71121,450.14505,700
375,133.5109,-175.04138,584.19385,700
376,377.06082,71.80369,500.24228,700
377,131.92012,-176.97314,579.1237,700
378,432.9224,116.815315,543.982,700
379,114.99715,-194.45718,508.16544,700
380,214.89272,-244.28934,922.57245,700
381,140.5354,-176.48438,610.998,700
382,115.66355,-191.05492,524.8964,700
383,389.96243,91.41611,504.83817,700
384,453.81674,132.77698,561.9326,700
385,100.76108,-236.11575,459.20328,700
386,324.24094,9.479561,474.94406,700
387,119.96554,-178.68591,535.3508,700
388,96.49535,-239.54985,461.29355,700
389,112.37051,-212.51476,524.83386,700
390,192.26865,-220.66278,824.7479,700
391,202.11833,-107.87967,428.44104,700
392,121.264984,-181.6771,541.64294,700
393,125.868034,-178.17845,557.11383,700
394,114.868996,-203.48453,527.6962,700
395,172.52438,-201.23111,742.59143,700
396,148.43176,-178.22055,642.0829,700
397,114.00745,-204.29173,525.1119,700
398,471.70523,156.67186,566.8138,700
399,128.0386,-179.08047,560.03577,700
400,387.55118,70.28464,514.3059,700
401,126.95748,-175.85439,560.6238,700
402,177.56126,-185.05875,449.10672,700
403,337.61716,19.746422,483.66068,700
404,191.67026,-160.02841,446.3616,700
405,131.35175,-188.62401,456.06625,700
406,134.35728,-175.9439,587.8535,700
407,119.59754,-180.23378,535.015,700
408,106.746254,-274.48154,471.90784,700
409,341.431,37.771606,474.78494,700
410,463.08713,147.79132,561.72186,700
411,359.35422,51.49653,489.4864,700
412,116.95273,-183.79573,526.6953,700
413,113.42594,-191.50128,517.46594,700
414,105.724846,-218.96672,460.48276,700
415,120.693504,-181.44601,538.8001,700
416,164.89569,-193.73254,710.69293,700
417,121.46704,-186.47406,543.32526,700
418,127.23319,-179.18398,561.6693,700
419,141.15512,-175.61325,613.6929,700
420,184.57599,-150.40295,436.56506,700
421,115.50683,-192.50778,525.40436,700
422,226.50317,-86.71472,425.14148,700
423,124.381325,-180.78577,552.16174,700
424,116.35789,-187.19116,525.4999,700
425,100.014694,-245.87402,468.9023,700
426,124.4215,-179.6578,552.0812,700
427,146.93073,-176.9222,637.22955,700
428,149.85205,-179.66687,648.9195,700
429,149.85802,-179.79996,648.88696,700
430,205.01318,-234.77051,883.3771,700
431,350.77878,44.305374,482.2852,700
432,118.72128,-183.93088,532.8739,700
433,116.31382,-233.68106,426.25635,700
434,122.17225,-181.95549,544.5875,700
435,430.94498,117.78234,540.9385,700
436,446.21823,128.58707,553.449,700
437,125.989525,-176.15132,556.9944,700
438,445.6176,126.144104,554.6975,700
439,119.95075,-183.14548,536.563,700
440,372.91733,63.572197,499.35233,700
441,444.2686,127.33293,552.0853,700
442,128.77141,-179.52747,567.1051,700
443,117.43234,-183.27147,528.3273,700
444,122.28402,-181.92963,545.2163,700
445,272.4784,22.536228,411.39896,700
446,132.02974,-176.03044,579.04614,700
447,133.3722,-176.3026,584.16907,700
448,104.16761,-232.06647,469.69617,700
449,116.26017,-190.7029,526.9443,700
450,123.246826,-178.50923,547.0514,700
451,97.75552,-218.43808,469.44107,700
452,109.638374,-214.22055,512.01575,700
453,451.8829,130.76111,559.6964,700
454,142.25186,-175.70288,617.59033,700
455,113.72726,-204.15683,524.49316,700
456,133.86,-178.45744,587.2904,700
457,110.769684,-216.05539,520.595,700
458,168.95927,-197.70984,728.2925,700
459,475.5743,157.9524,572.0857,700
460,113.27226,-203.93356,522.7581,700
461,322.345,-0.72714067,477.70847,700
462,116.8842,-192.2641,529.3764,700
463,138.77264,-177.16962,604.723,700
464,111.70236,-215.47507,523.3339,700
465,125.143326,-178.20499,554.1018,700
466,139.9284,-175.35022,608.9638,700
467,112.90807,-197.87122,518.69104,700
468,110.62708,-249.0284,450.46396,700
469,155.3247,-125.95787,457.89725,700
470,104.115135,-228.88571,502.2592,700
471,115.757454,-249.71997,446.38654,700
472,421.06967,111.99202,531.468,700
473,111.8868,-199.19086,515.8678,700
474,112.55747,-216.77386,526.88574,700
475,126.879005,-164.53091,488.17123,700
476,144.63779,-176.88077,626.75574,700
477,444.7178,126.65312,552.22046,700
478,115.16709,-195.59161,525.18365,700
479,125.75754,-182.95323,557.5426,700
480,380.35355,68.558975,506.6467,700
481,261.29776,-55.01599,441.9205,700
482,159.47281,-189.20978,689.07043,700
483,442.88724,123.24111,553.1745,700
484,112.61711,-194.42424,515.9873,700
485,139.06104,-173.79666,604.5873,700
486,269.78394,-3.2162375,411.63593,700
487,129.25974,-231.36627,467.62982,700
488,110.9103,-206.72766,497.03726,700
489,448.33875,128.81865,556.58154,700
490,120.12711,-181.05077,537.25024,700
491,105.626564,-228.42139,508.3114,700
492,312.4664,11.05825,457.63113,700
493,116.45617,-195.06992,529.69507,700
494,117.865685,-180.9929,529.1438,700
495,431.92752,114.10568,544.53094,700
496,146.37448,-177.4492,633.6632,700
497,217.11098,-112.06099,433.25336,700
0,537.2328,172.46193,600.97675,750
1,125.497536,-153.03917,475.07623,750
2,518.8646,160.8976,584.01227,750
3,107.13474,-231.70645,448.03217,750
4,113.09839,-186.16542,451.5821,750
5,305.13284,2.7091072,430.0691,750
6,518.15784,160.0364,584.11237,750
7,465.8474,111.114815,553.1462,750
8,119.1661,-145.866,402.5523,750
9,280.26724,-56.563976,446.59845,750
10,470.9385,118.233055,553.2381,750
11,475.74216,127.48958,550.31573,750
12,374.96445,16.968632,504.09988,750
13,311.63318,-5.373638,444.06125,750
14,110.3015,-191.23805,444.7105,750
15,471.42548,119.90886,552.6131,750
16,507.80124,153.09917,575.82623,750
17,244.2246,-114.07074,452.55933,750
18,128.30112,-164.57777,407.61783,750
19,481.28925,129.65254,564.6454,750
20,463.40298,114.175316,545.28754,750
21,533.4814,170.34853,596.9716,750
22,236.80843,-104.83395,437.24658,750
23,104.21828,-185.14655,422.45056,750
24,435.36462,84.14477,534.57526,750
25,476.19724,122.76686,556.26715,750
26,202.22408,-172.04749,449.91162,750
27,327.3139,-34.982487,488.50494,750
28,528.5914,165.94202,594.1208,750
29,486.4197,130.29472,564.6033,750
30,113.90597,-196.85057,459.86304,750
31,342.21405,-3.5120628,479.39014,750
32,105.62438,-218.62479,422.28485,750
33,109.816414,-173.96861,433.83047,750
34,118.26171,-173.97157,462.27435,750
35,115.292046,-190.22652,460.49963,750
36,128.72528,-144.36095,482.45673,750
37,527.9796,164.7285,595.3786,750
38,112.23709,-181.62729,445.89642,750
39,536.17737,171.94206,599.519,750
40,395.3751,48.77574,505.3318,750
41,110.671974,-205.02391,453.71136,750
42,105.15188,-210.37633,434.35745,750
43,109.52581,-153.04422,415.16476,750
44,468.8779,113.75451,549.525,750
45,120.18046,-182.17789,473.44122,750
46,520.4358,160.35204,587.4653,750
47,313.65442,-38.02463,468.7862,750
48,121.64852,-151.23233,460.7254,750
49,446.7858,96.77025,542.58563,750
50,108.99648,-209.18158,450.0017,750
51,538.99725,173.50218,602.2729,750
52,119.70222,-214.3534,410.63748,750
53,135.21043,-250.08463,429.61713,750
54,496.361,142.82411,566.6772,750
55,280.20157,-60.889557,448.3779,750
56,469.81418,121.914085,546.9826,750
57,418.02377,61.81308,525.13873,750
58,111.48599,-205.704,457.4652,750
59,522.80035,162.74687,588.4035,750
60,519.2489,159.17891,586.7315,750
61,530.2006,167.96895,594.54535,750
62,492.33438,139.18958,565.2631,750
63,136.99472,-141.63933,508.28748,750
64,119.16003,-216.10918,415.22833,750
65,376.45737,18.113777,501.409,750
66,121.5281,-285.7155,436.45987,750
67,521.55457,162.895,586.1424,750
68,483.6013,127.62623,563.98615,750
69,106.0755,-209.20512,439.4369,750
70,129.88107,-147.90764,487.28763,750
71,313.92172,-42.41705,473.52637,750
72,521.4035,160.823,589.94293,750
73,115.611305,-183.44868,457.4431,750
74,357.43594,-14.766554,504.09482,750
75,123.735535,-148.90897,468.0999,750
76,120.13088,-231.79329,411.8587,750
77,469.4332,111.69756,559.5246,750
78,534.63367,169.73297,599.8482,750
79,322.65604,5.278528,448.80554,750
80,118.01537,-252.10426,417.34882,750
81,352.84402,39.31012,458.80994,750
82,127.27041,-143.06053,477.90118,750
83,114.09012,-256.01233,414.05157,750
84,174.6526,-183.5304,432.39087,750
85,527.0895,165.54497,592.70844,750
86,372.265,14.833394,501.96268,750
87,105.47846,-210.22417,437.4499,750
88,123.28024,-140.64714,445.30844,750
89,117.98181,-166.79721,457.27408,750
90,544.6095,175.21959,609.5861,750
91,115.889244,-197.809,467.08978,750
92,106.97881,-250.25256,419.71362,750
93,129.0587,-143.70865,483.69873,750
94,272.28287,6.6954217,427.2196,750
95,150.48106,-199.39854,416.7765,750
96,134.08559,-138.18593,498.00995,750
97,115.6804,-181.17493,456.40558,750
98,120.53831,-169.41269,466.9093,750
99,540.6159,173.89372,604.4792,750
100,285.1815,-83.54157,470.41742,750
101,528.4497,166.52597,593.62506,750
102,152.49028,-217.9839,430.30957,750
103,353.50916,3.0906615,488.2647,750
104,401.7748,52.31327,505.73648,750
105,440.3192,87.01458,535.8881,750
106,120.887276,-169.88121,467.87384,750
107,120.58454,-204.69164,400.84042,750
108,307.92642,-50.353798,472.84198,750
109,492.1646,140.58313,563.5666,750
110,118.88642,-163.66982,458.44055,750
111,125.21161,-162.48265,479.72772,750
112,220.47145,-113.66347,429.18536,750
113,363.62622,11.75953,492.5647,750
114,408.90692,53.52105,520.0016,750
115,482.2742,132.85167,556.2006,750
116,109.8823,-158.85031,397.59326,750
117,461.15945,110.634605,545.45306,750
118,377.4849,16.476341,505.54327,750
119,438.4888,88.91096,534.6542,750
120,533.00793,169.68303,597.16266,750
121,238.12794,-74.98794,430.87018,750
122,146.22423,-225.13019,427.04724,750
123,105.49284,-247.11852,417.2614,750
124,118.70056,-174.0572,464.263,750
125,111.59663,-197.16774,452.58273,750
126,112.63377,-162.68562,434.29797,750
127,358.06348,-7.880155,502.8405,750
128,119.240746,-148.40886,404.5456,750
129,263.09207,-81.39881,445.41617,750
130,119.06739,-174.7834,464.6452,750
131,528.4255,167.15605,592.5693,750
132,477.47733,121.219505,561.14703,750
133,119.22132,-151.59128,454.60925,750
134,103.18072,-215.86755,429.69775,750
135,261.80057,-42.20124,426.13782,750
136,171.95164,-159.15005,434.02985,750
137,110.06928,-183.94234,439.84503,750
138,113.02279,-152.8572,432.86523,750
139,485.48068,133.38457,558.2963,750
140,412.42715,59.807373,518.6523,750
141,378.70288,83.630974,478.00446,750
142,134.10927,-143.38979,500.075,750
143,210.46873,-96.07014,440.1217,750
144,515.31104,158.18175,581.2822,750
145,517.8632,157.38997,586.99384,750
146,411.16046,80.30518,507.0063,750
147,171.3858,-169.92781,421.45953,750
148,214.4944,-224.34895,501.58813,750
149,124.9179,-182.96738,420.53064,750
150,115.93609,-153.33342,393.42465,750
151,108.77623,-253.38979,448.77905,750
152,111.001976,-208.34955,415.93695,750
153,285.3996,-2.7050602,419.00937,750
154,210.55608,-109.90974,427.90277,750
155,339.63428,-8.558675,479.5617,750
156,120.20277,-157.08162,460.21558,750
157,277.3232,-76.799324,457.62695,750
158,528.6106,167.3824,592.5302,750
159,99.79134,-183.46649,383.85284,750
160,418.5368,67.30162,522.82697,750
161,426.29184,75.83887,525.84894,750
162,327.35385,9.588138,450.3246,750
163,297.29382,-55.32453,464.01187,750
164,111.58639,-205.11018,457.1283,750
165,113.93083,-188.37845,455.0066,750
166,118.047905,-180.20445,463.5893,750
167,111.5783,-202.21068,455.99384,750
168,182.72847,-206.07826,457.62888,750
169,474.77133,123.698524,553.55255,750
170,154.89226,-185.23506,426.25095,750
171,530.73376,167.85307,595.8283,750
172,148.75764,-214.73149,428.2606,750
173,109.32966,-207.30818,450.39285,750
174,119.53173,-150.19298,456.01578,750
175,106.61074,-215.29178,442.89728,750
176,100.45855,-181.01463,402.9297,750
177,534.6847,170.68727,598.62787,750
178,149.23038,-175.93092,425.19714,750
179,461.20694,107.539604,547.073,750
180,125.438515,-153.54755,475.41034,750
181,296.12296,-68.995834,472.80258,750
182,341.2686,-18.729975,487.95154,750
183,127.4611,-205.65202,408.86816,750
184,511.35638,154.74507,578.91986,750
185,108.82777,-198.78094,444.42444,750
186,457.168,106.35686,543.76276,750
187,263.73395,-58.245872,431.67422,750
188,99.79134,-191.71758,410.2057,750
189,198.57133,-166.5869,443.39127,750
190,388.493,35.05069,506.95453,750
191,137.26097,-236.76414,425.5595,750
192,444.36978,94.45599,539.035,750
193,110.5929,-158.82298,425.78073,750
194,104.757706,-171.74797,412.17596,750
195,121.5481,-180.7861,395.57782,750
196,430.39536,79.04949,529.72614,750
197,120.457565,-175.57716,469.26706,750
198,111.15903,-208.13821,457.1019,750
199,114.00553,-199.71422,461.61328,750
200,104.368065,-254.38548,434.38208,750
201,100.819786,-205.56676,403.82474,750
202,146.43047,-166.50313,417.4264,750
203,120.103325,-152.06313,458.49084,750
204,411.5211,57.461296,522.394,750
205,110.08524,-166.92873,427.69928,750
206,115.22871,-201.75157,466.21964,750
207,543.2827,174.84706,607.7602,750
208,480.8973,130.35982,558.03,750
209,238.80844,-51.75552,451.79358,750
210,453.6357,102.95363,542.68884,750
211,198.29308,-197.72266,465.5829,750
212,165.82588,-193.8885,431.33716,750
213,526.75104,163.91553,593.4777,750
214,493.1637,139.67369,566.7909,750
215,113.23058,-176.20215,446.4685,750
216,534.68396,171.14317,598.12646,750
217,482.94833,131.27667,559.5612,750
218,104.771965,-186.72697,424.28302,750
219,102.573105,-206.72931,407.20248,750
220,114.91695,-226.48619,422.32608,750
221,120.185616,-172.15178,466.77237,750
222,123.51986,-146.54027,466.11902,750
223,101.63235,-210.92563,420.02072,750
224,343.66428,-17.20215,491.09882,750
225,121.569626,-253.85544,417.84454,750
226,114.96118,-180.2045,453.86554,750
227,115.162315,-191.4883,461.8117,750
228,108.22849,-259.84195,413.64624,750
229,119.23449,-148.48058,452.9652,750
230,320.81363,14.443768,440.70264,750
231,257.9095,-82.234344,441.62692,750
232,531.3845,168.97858,595.3967,750
233,484.67108,134.71487,560.0311,750
234,325.53036,6.867803,453.55267,750
235,285.42477,-22.929329,427.31946,750
236,233.49419,-131.08742,450.50607,750
237,114.63367,-166.64641,444.56067,750
238,380.87894,40.150776,495.81863,750
239,430.98648,75.40596,533.7729,750
240,118.33521,-178.0664,463.8994,750
241,115.970985,-190.45735,462.7862,750
242,173.68684,-174.24376,425.28156,750
243,115.51881,-177.08713,454.77893,750
244,115.072586,-200.1286,465.48456,750
245,118.26,-177.97519,464.13623,750
246,113.454254,-163.07634,439.74164,750
247,432.79807,83.0199,527.1926,750
248,117.625404,-180.22859,407.34552,750
249,109.31031,-191.22752,442.04865,750
250,218.74347,-97.63359,429.0125,750
251,438.76218,88.8378,532.205,750
252,439.8711,89.96203,535.0415,750
253,383.4819,68.02871,480.59918,750
254,122.45579,-142.08632,461.63757,750
255,493.4872,137.88014,570.2492,750
256,113.972664,-237.34773,411.20245,750
257,119.489494,-179.55734,469.17487,750
258,110.40487,-171.95634,434.43546,750
259,120.01551,-164.14107,462.87482,750
260,105.751976,-173.65744,419.01526,750
261,224.35118,-152.24272,456.57904,750
262,129.37437,-141.00214,439.7303,750
263,225.86607,-21.645773,437.04114,750
264,185.36241,-167.98329,433.4488,750
265,168.1945,-151.13057,426.48962,750
266,123.67921,-150.76073,468.83112,750
267,131.02603,-138.40442,485.491,750
268,329.9538,-46.36504,496.74557,750
269,536.4281,172.12311,599.73486,750
270,103.00599,-166.37508,402.4922,750
271,349.3941,6.069904,481.42798,750
272,113.54914,-171.42067,444.10544,750
273,105.47018,-217.42482,412.12424,750
274,311.66852,-44.12874,475.33356,750
275,122.05346,-157.78453,467.21292,750
276,107.238655,-178.66234,429.4955,750
277,138.33202,-203.32964,408.61365,750
278,504.40738,149.64354,573.29913,750
279,138.06622,-192.61568,428.51767,750
280,406.11765,47.737305,519.0728,750
281,300.19827,-34.884033,453.2229,750
282,110.36435,-207.69939,454.4259,750
283,188.59023,-228.52306,481.5607,750
284,119.259224,-158.63649,458.33252,750
285,404.6581,49.29175,516.6606,750
286,221.26082,-104.24937,428.6174,750
287,144.58824,-176.94997,418.67505,750
288,120.08015,-187.91394,474.57068,750
289,238.18076,-92.11678,427.83197,750
290,121.13044,-158.29018,463.78864,750
291,479.71664,126.95427,558.12726,750
292,137.93799,-187.74583,415.13873,750
293,486.6669,134.14775,562.0028,750
294,508.9697,152.40651,578.3569,750
295,289.8937,-77.14232,475.2139,750
296,375.64175,25.757961,499.64975,750
297,103.55283,-225.7684,419.67285,750
298,184.93794,-158.04439,426.02002,750
299,516.7765,157.41946,584.8348,750
300,513.9983,156.84962,580.9047,750
301,480.1307,123.58759,562.72003,750
302,490.09662,138.0643,562.77594,750
303,392.37738,34.25656,509.852,750
304,119.573654,-154.97023,457.6709,750
305,309.25342,-50.38449,475.59872,750
306,398.66394,41.989254,515.24457,750
307,289.95477,-44.410603,448.00165,750
308,118.8635,-184.36966,469.39383,750
309,100.36638,-192.3289,411.95844,750
310,489.6766,137.84642,570.5297,750
311,416.66373,73.21014,510.71115,750
312,405.35666,74.6831,505.70776,750
313,119.02625,-165.27573,461.08057,750
314,123.195625,-177.71422,413.24054,750
315,185.9521,-174.41588,436.01306,750
316,96.57763,-196.87474,393.80453,750
317,445.38406,97.03511,535.0288,750
318,329.7034,-17.216673,473.5816,750
319,112.91973,-196.0931,455.81427,750
320,220.32036,-118.65304,437.4984,750
321,106.473045,-205.61346,439.58154,750
322,362.00235,8.723603,493.89325,750
323,444.221,94.19793,534.0824,750
324,152.04971,-140.75043,558.7057,750
325,118.79528,-163.13371,458.98282,750
326,116.828514,-185.73851,463.9347,750
327,516.1244,158.78859,581.8555,750
328,118.93185,-172.05162,463.36505,750
329,124.523056,-148.26004,470.00177,750
330,503.86594,148.78833,572.56256,750
331,132.59657,-149.96101,411.19922,750
332,458.3246,103.20727,549.66,750
333,383.1017,21.03064,509.385,750
334,522.10474,163.04536,586.84454,750
335,365.30774,17.48249,491.27975,750
336,506.26385,149.37575,576.9748,750
337,105.78738,-192.25609,430.83734,750
338,366.59778,20.798555,491.56598,750
339,103.067986,-166.61903,405.81168,750
340,113.05511,-211.36601,465.47888,750
341,445.5546,92.246346,542.2898,750
342,495.95218,141.35419,570.3053,750
343,481.2361,130.74533,556.4325,750
344,360.67703,-5.602555,500.84027,750
345,453.85788,110.25161,538.233,750
346,288.60754,-10.252076,422.72946,750
347,468.0418,115.50654,558.25885,750
348,137.02687,-246.34755,431.11676,750
349,130.95874,-140.10033,488.47742,750
350,99.17234,-177.50182,400.29456,750
351,113.82567,-150.26262,399.78888,750
352,100.96024,-173.39594,398.99274,750
353,110.36883,-197.01314,448.4262,750
354,108.58291,-248.90259,450.53302,750
355,118.10781,-160.6761,455.53418,750
356,468.54544,116.71968,549.54596,750
357,101.19318,-212.36931,418.45462,750
358,108.742386,-232.03201,453.96655,750
359,196.09445,-143.54697,427.1848,750
360,493.32724,141.63058,564.40326,750
361,532.2896,167.51826,598.8914,750
362,115.58799,-182.08763,457.89972,750
363,102.900604,-209.0345,410.0995,750
364,478.90448,124.75153,560.47455,750
365,519.30585,160.33717,585.5794,750
366,263.86795,-71.51209,439.48486,750
367,458.13126,98.62519,556.1816,750
368,117.06121,-181.43501,461.85324,750
369,143.14328,-233.24187,426.39124,750
370,118.03817,-184.04768,466.351,750
371,509.97403,154.5375,577.86786,750
372,119.698975,-150.61104,456.02753,750
373,538.5392,172.02077,603.3995,750
374,254.8027,-41.442978,415.50452,750
375,120.0766,-168.46129,465.2886,750
376,487.19223,133.61632,564.36914,750
377,112.13864,-176.18253,443.1198,750
378,527.67883,166.364,592.35443,750
379,330.97147,23.79023,449.2602,750
380,117.93342,-135.50502,441.62927,750
381,118.581276,-157.82773,455.48608,750
382,109.85001,-220.86082,414.6726,750
383,513.0746,154.59029,583.6978,750
384,527.27606,166.10036,592.9059,750
385,249.63982,-104.91511,448.89102,750
386,417.0466,64.68983,522.6608,750
387,111.44486,-199.84435,453.73053,750
388,291.66525,-77.470055,475.9847,750
389,143.6309,-236.45828,434.25037,750
390,126.83651,-142.0072,474.87317,750
391,408.244,54.09591,518.72003,750
392,104.21613,-193.23582,426.58832,750
393,100.37786,-176.43524,402.50568,750
394,189.88081,-87.02743,422.58484,750
395,121.276405,-142.56061,458.28305,750
396,122.713776,-155.7679,467.21362,750
397,149.10692,-135.11238,413.55627,750
398,519.5326,161.36995,584.58954,750
399,171.60112,-89.30803,438.97308,750
400,486.02216,133.2103,561.1179,750
401,117.41484,-182.17055,463.90155,750
402,420.40912,70.15636,520.13824,750
403,473.81665,123.65669,551.38074,750
404,363.94724,-4.5121684,506.64746,750
405,417.98312,64.56884,525.7145,750
406,118.753944,-168.55606,461.02173,750
407,114.474,-297.9121,469.9643,750
408,312.24142,-59.573307,484.1624,750
409,451.33524,101.21563,538.91565,750
410,506.9794,153.04504,573.607,750
411,488.23026,136.96303,562.018,750
412,107.09545,-211.38211,443.8064,750
413,104.36333,-231.38579,435.42206,750
414,283.7706,-52.761543,448.27747,750
415,111.254814,-186.60207,444.936,750
416,129.1138,-138.9795,480.28247,750
417,115.818985,-183.20798,457.52563,750
418,112.956245,-184.26329,449.7576,750
419,122.022606,-159.25027,467.11798,750
420,455.54434,104.03057,544.21204,750
421,163.54655,-202.3361,431.9525,750
422,411.83115,59.267967,519.94305,750
423,110.39338,-153.79332,399.97656,750
424,103.125,-206.41425,411.84598,750
425,312.21317,-47.46285,475.71304,750
426,114.788086,-186.31984,456.48895,750
427,120.06796,-158.38353,461.95688,750
428,117.018364,-174.71684,458.86285,750
429,127.003555,-148.41985,479.52228,750
430,140.60506,-140.35722,520.78125,750
431,486.99274,135.49564,561.5439,750
432,106.990524,-203.08086,411.0246,750
433,349.52585,-17.346804,501.5425,750
434,112.623245,-197.21303,455.78326,750
435,524.0506,163.39906,589.8825,750
436,527.3469,166.49225,591.5556,750
437,119.35589,-174.26424,465.78815,750
438,522.5266,162.90099,587.74603,750
439,103.11687,-181.7322,415.2352,750
440,506.76895,151.03177,575.861,750
441,522.77686,162.9789,588.34174,750
442,142.92166,-116.35473,425.895,750
443,109.20701,-224.77393,455.904,750
444,100.63113,-189.49141,411.916,750
445,466.24518,111.949455,553.9456,750
446,121.03629,-157.60541,462.64392,750
447,104.468056,-184.18405,423.0683,750
448,297.94174,-46.259468,457.5902,750
449,182.83649,-146.6787,424.97598,750
450,114.17265,-187.68407,456.0805,750
451,221.69127,-118.604805,428.96106,750
452,126.93142,-175.5517,402.74133,750
453,520.87976,162.33989,585.6894,750
454,107.72033,-214.63902,423.2721,750
455,164.21658,-155.62738,421.49493,750
456,107.99261,-225.43263,447.69318,750
457,100.38647,-203.65028,393.31757,750
458,128.4456,-142.18832,480.3324,750
459,517.0132,159.55717,582.50775,750
460,155.39409,-182.0325,417.8708,750
461,483.4365,134.88321,555.6452,750
462,100.84392,-189.36998,411.7874,750
463,118.17292,-168.4698,458.81976,750
464,109.422424,-208.73328,407.87427,750
465,106.28255,-164.53258,414.1264,750
466,123.636635,-152.59071,469.7149,750
467,102.861,-218.51198,428.23657,750
468,387.04874,24.12358,513.50397,750
469,388.29446,50.704536,497.7148,750
470,109.01968,-254.55617,405.7978,750
471,373.74222,10.945826,506.5071,750
472,488.60916,136.245,563.2807,750
473,104.90581,-254.47316,433.3294,750
474,175.3831,-128.66672,415.69775,750
475,234.78407,-100.00906,432.01328,750
476,104.61993,-180.4398,421.36078,750
477,475.02982,123.94907,552.5953,750
478,145.82164,-172.38461,419.89825,750
479,112.1748,-166.34686,437.2483,750
480,518.2164,158.73409,585.9416,750
481,437.32883,87.574425,530.28754,750
482,122.43749,-151.112,465.33633,750
483,531.4209,168.61623,595.81354,750
484,110.90925,-266.5479,428.7301,750
485,118.235405,-165.619,457.22668,750
486,450.9924,97.540436,543.9013,750
487,405.87552,53.764034,514.2502,750
488,414.96268,61.968834,523.6455,750
489,526.7354,165.86171,591.5268,750
490,122.354004,-163.69571,470.14832,750
491,125.93116,-257.1969,428.21716,750
492,375.33636,39.281933,489.0558,750
493,136.01578,-148.06187,402.79092,750
494,132.66203,-215.69054,420.72632,750
495,504.11514,149.8034,572.84503,750
496,118.06992,-156.01569,452.6613,750
497,407.57343,58.184956,512.63965,750
0,572.6953,172.49385,668.9544,800
1,122.44616,-170.07468,460.40164,800
2,556.75085,128.39336,681.2368,800
3,125.95658,-331.97968,480.60187,800
4,118.07308,-217.7156,467.98895,800
5,462.44638,117.35014,561.0144,800
6,545.09265,160.71992,638.18555,800
7,448.49173,105.10159,549.0638,800
8,211.45847,-148.46654,488.6494,800
9,264.28653,-145.92386,503.6515,800
10,507.04068,144.71857,597.79565,800
11,459.5152,113.66739,552.22125,800
12,345.74277,-23.772383,506.14154,800
13,256.5478,-126.607544,485.2646,800
14,118.76479,-233.07294,475.6169,800
15,469.2816,119.50959,564.9316,800
16,531.08655,156.3539,622.08264,800
17,241.81471,-201.06674,521.049,800
18,155.66841,-259.9262,486.20358,800
19,464.34497,116.763596,567.60535,800
20,453.5934,108.33861,550.8787,800
21,538.64404,161.88306,627.6551,800
22,286.64014,-118.706085,510.72827,800
23,112.77885,-217.78477,448.5526,800
24,501.64853,142.1203,595.01965,800
25,470.72812,108.341606,574.22577,800
26,379.91824,26.074282,516.1617,800
27,420.89844,70.02854,537.0252,800
28,545.2981,166.29955,633.72394,800
29,486.78116,115.35303,591.11145,800
30,115.07969,-243.62688,463.86884,800
31,326.25574,-57.17894,511.26428,800
32,139.06854,-360.90356,517.9308,800
33,122.33136,-203.04298,474.3834,800
34,121.46917,-205.46437,472.92603,800
35,117.56824,-235.47255,472.97632,800
36,122.596504,-164.78348,459.2707,800
37,547.3858,168.7789,635.9857,800
38,122.87977,-213.53362,461.87567,800
39,542.0736,158.69748,636.241,800
40,352.59036,3.0783994,497.15588,800
41,121.678276,-287.21036,470.95056,800
42,135.07675,-284.10233,481.93982,800
43,203.93513,-77.15375,471.46976,800
44,561.42645,120.42935,693.7092,800
45,122.601715,-323.96762,505.42017,800
46,560.3553,167.14183,654.1542,800
47,347.01788,-15.528321,501.1084,800
48,128.99069,-150.77655,472.30493,800
49,391.76596,70.49732,514.2201,800
50,118.90887,-285.5893,476.95908,800
51,542.4424,166.16928,629.7832,800
52,312.92203,-75.80471,508.04297,800
53,153.02832,-328.13455,505.9003,800
54,571.2165,129.06235,700.5548,800
55,305.50003,-85.17216,504.65198,800
56,469.7621,121.431335,562.2501,800
57,486.44034,128.09193,582.8707,800
58,164.37477,-241.16063,474.1764,800
59,514.29474,135.95667,614.3815,800
60,527.6926,120.711075,646.6139,800
61,540.0552,163.68004,628.30237,800
62,472.8514,123.74013,564.4962,800
63,130.1948,-143.09769,475.4369,800
64,135.75621,-272.4915,476.0384,800
65,414.40668,70.82439,524.03235,800
66,138.60059,-388.39673,523.77844,800
67,544.9582,122.54626,669.0147,800
68,510.7039,147.05342,601.2524,800
69,118.13972,-269.60352,474.82782,800
70,126.339096,-160.12357,468.4806,800
71,291.0688,-111.699615,501.4007,800
72,484.23465,117.04415,591.0482,800
73,153.62999,-216.37747,478.07678,800
74,327.72464,-74.53653,517.17505,800
75,122.811516,-154.04976,455.1648,800
76,175.21635,-304.17136,519.07886,800
77,354.9857,-3.019346,511.181,800
78,536.2654,161.34145,625.3124,800
79,279.69815,-80.582954,477.2379,800
80,141.86955,-346.17963,503.32416,800
81,445.83823,108.074554,545.6914,800
82,120.94475,-153.18881,449.53848,800
83,158.17552,-332.33145,515.4216,800
84,307.4122,-70.14116,497.8089,800
85,530.7117,158.28926,619.7419,800
86,386.99478,41.18493,511.99878,800
87,126.103386,-311.31842,476.81644,800
88,126.87073,-151.41562,465.61542,800
89,122.22978,-182.10605,464.2373,800
90,549.9353,171.37773,636.91797,800
91,125.05347,-291.0663,476.91223,800
92,139.93541,-361.3518,509.05914,800
93,120.84382,-178.41908,458.74634,800
94,225.714,-127.14604,495.06268,800
95,179.06029,-306.86386,525.13385,800
96,132.80186,-133.10661,480.00858,800
97,122.73513,-192.52428,469.96667,800
98,122.52618,-211.34474,479.29175,800
99,543.5769,167.30412,631.0007,800
100,267.5908,-149.07072,502.29617,800
101,536.70154,162.63316,624.50226,800
102,319.01593,-65.8986,506.4878,800
103,398.95383,54.05494,520.50995,800
104,474.11642,94.39006,590.6667,800
105,454.16025,107.12457,553.6238,800
106,121.44254,-199.41891,470.00034,800
107,146.26271,-289.01245,473.1324,800
108,310.9157,-65.47883,497.25278,800
109,485.20572,122.92064,581.8286,800
110,124.44397,-193.85501,476.27686,800
111,122.63442,-193.33675,471.7235,800
112,275.07004,-104.94073,489.76794,800
113,380.89676,34.42691,512.89307,800
114,487.4365,133.21205,579.7523,800
115,491.08994,135.05121,581.5145,800
116,135.42682,-166.47899,457.56604,800
117,450.6792,105.51672,550.33203,800
118,423.73227,87.908966,525.5187,800
119,470.59384,123.59878,568.2618,800
120,574.25604,178.49843,665.36255,800
121,283.30344,-77.65296,480.63022,800
122,121.96471,-320.44006,476.57715,800
123,136.16225,-362.17963,506.91946,800
124,118.74027,-246.03673,480.11276,800
125,117.8619,-224.90523,471.01443,800
126,154.63452,-187.13258,476.82123,800
127,428.37305,83.0903,536.57947,800
128,163.06703,-199.04367,484.30707,800
129,258.22916,-141.89043,493.44955,800
130,122.323265,-198.40701,472.22043,800
131,535.4517,161.92497,622.90686,800
132,447.95413,108.599976,546.1019,800
133,122.5206,-142.86014,449.8324,800
134,120.440956,-307.22607,479.68585,800
135,398.34006,55.688007,521.3656,800
136,236.99214,-127.36287,474.09677,800
137,126.218056,-190.84999,480.06274,800
138,125.55404,-172.63751,469.191,800
139,576.3332,132.72179,704.72797,800
140,399.60428,51.630234,520.7174,800
141,363.08487,54.84626,504.67346,800
142,130.5603,-139.88603,475.76245,800
143,134.62001,-226.73012,475.10437,800
144,541.9065,114.46443,671.98364,800
145,531.3443,158.20818,620.9968,800
146,532.8516,165.36784,624.1776,800
147,187.19116,-243.14313,496.69763,800
148,204.7067,-308.55206,550.1363,800
149,157.25386,-231.18282,482.64404,800
150,162.77359,-223.64714,483.592,800
151,127.85196,-352.74136,507.61115,800
152,208.58383,-189.95248,494.40173,800
153,425.17007,83.63422,536.6039,800
154,188.48418,-219.57904,489.094,800
155,352.64383,-15.249991,511.05035,800
156,121.081245,-162.86143,453.29608,800
157,293.4383,-115.170715,509.89746,800
158,522.9373,124.64551,636.3063,800
159,146.1404,-225.9578,458.60898,800
160,430.09323,89.32566,537.4522,800
161,445.04654,100.22114,547.2208,800
162,391.1238,56.00893,511.8886,800
163,415.0211,77.10945,523.61774,800
164,117.50268,-284.54062,478.8507,800
165,117.65659,-240.8455,472.35333,800
166,117.66152,-199.57518,457.96716,800
167,117.37617,-213.34827,464.5636,800
168,172.79686,-301.08997,511.85846,800
169,503.66202,141.4915,594.99866,800
170,150.46364,-260.44226,477.65298,800
171,541.0905,165.5449,628.6509,800
172,169.33632,-288.0019,504.5327,800
173,124.700066,-315.4053,488.82202,800
174,119.396286,-168.92091,450.28427,800
175,124.93505,-321.28156,504.64886,800
176,159.58698,-191.24828,479.83423,800
177,542.24603,166.25075,629.27716,800
178,210.60616,-184.63124,490.50183,800
179,421.9244,76.21732,530.0569,800
180,122.50559,-214.2964,480.62042,800
181,367.7516,10.391718,508.9992,800
182,396.7178,54.299805,514.40796,800
183,130.45645,-300.6204,474.03705,800
184,542.0402,151.0671,641.4179,800
185,119.65153,-263.5601,463.75464,800
186,530.09515,159.2488,618.99963,800
187,335.4999,-21.590633,491.00555,800
188,158.47847,-276.74796,485.39258,800
189,208.49506,-239.55542,510.5098,800
190,472.08163,123.03772,565.82605,800
191,175.73119,-312.7991,526.1083,800
192,426.20834,88.00004,534.032,800
193,151.3055,-148.42242,473.39343,800
194,145.81673,-196.7337,470.85397,800
195,435.05063,86.46912,549.61633,800
196,444.4707,101.52487,546.0819,800
197,121.91413,-200.66246,472.1611,800
198,116.7445,-238.99187,472.159,800
199,118.95187,-282.59158,481.93738,800
200,115.36399,-278.32098,472.42224,800
201,138.74135,-275.436,480.76776,800
202,243.72249,-126.39392,479.7863,800
203,118.60931,-176.80626,451.7412,800
204,446.49603,99.83609,550.79395,800
205,225.58531,-109.74211,480.8158,800
206,118.17927,-267.36157,469.27112,800
207,547.58936,169.48004,634.42786,800
208,502.10684,142.94276,593.1985,800
209,287.05496,9.136776,479.30566,800
210,491.436,133.92099,585.7147,800
211,213.03468,-250.70644,521.7679,800
212,194.5273,-234.69441,496.32037,800
213,543.8322,156.66678,640.71704,800
214,489.1767,134.66258,579.9145,800
215,120.08666,-213.39253,472.69318,800
216,553.8142,170.15529,643.02856,800
217,447.47855,102.323395,547.4689,800
218,111.50193,-219.98726,443.12537,800
219,137.42943,-273.17786,485.45285,800
220,157.33336,-289.6753,496.44482,800
221,123.68433,-192.07509,473.15118,800
222,121.69663,-164.48737,456.15558,800
223,141.25002,-296.66656,485.2327,800
224,352.91647,-9.81164,504.41852,800
225,193.49841,-234.17223,494.39526,800
226,121.493484,-204.63301,472.5423,800
227,114.86448,-244.96788,465.74603,800
228,154.10204,-358.10312,526.8113,800
229,180.17284,-104.73931,508.46512,800
230,302.54916,-52.632015,483.1864,800
231,187.8239,-235.84161,488.44153,800
232,567.0487,177.24818,656.181,800
233,507.07114,143.66537,599.05457,800
234,421.09604,73.51141,539.73,800
235,388.35126,31.729319,522.7163,800
236,302.05063,-87.00491,499.99487,800
237,123.72358,-181.67795,459.8589,800
238,400.2646,55.077606,525.2992,800
239,461.74158,114.12851,560.6688,800
240,124.98356,-184.43524,473.81567,800
241,119.529625,-229.9851,478.07843,800
242,189.60956,-251.53395,504.56818,800
243,117.47289,-210.90474,463.10126,800
244,117.85404,-265.1717,481.2212,800
245,124.501045,-305.73932,504.08618,800
246,232.12909,-88.8969,475.0759,800
247,480.23898,128.18648,572.6699,800
248,346.16153,39.273987,476.38428,800
249,122.44578,-235.81941,458.45245,800
250,190.8079,-171.98448,478.85852,800
251,463.28128,117.19139,559.05835,800
252,498.5264,141.40091,590.50073,800
253,312.4016,-30.570219,483.51257,800
254,119.83091,-146.30818,443.28253,800
255,545.04596,183.87837,616.44775,800
256,138.85963,-336.31946,495.4781,800
257,121.67736,-191.94505,467.64075,800
258,190.67726,-146.83282,495.6405,800
259,121.241486,-186.94324,463.4557,800
260,231.16324,-118.249374,485.60678,800
261,180.06352,-284.08826,507.23785,800
262,145.36542,-160.44987,493.83337,800
263,488.48386,132.19292,597.13055,800
264,332.19794,-49.276077,512.995,800
265,218.42458,-174.37889,488.06506,800
266,123.64614,-195.47646,475.05444,800
267,138.55711,-136.33989,481.82434,800
268,375.3216,17.035246,513.7486,800
269,546.3461,167.4324,634.33264,800
270,139.73997,-185.01328,463.47186,800
271,358.02005,-9.763268,514.2068,800
272,126.60318,-184.04272,477.09454,800
273,121.9343,-290.56104,476.6532,800
274,365.94315,-3.3128362,519.451,800
275,120.51118,-171.15924,455.41528,800
276,117.62769,-239.90526,474.5769,800
277,224.43364,-187.44199,488.43738,800
278,555.87695,122.582,684.1204,800
279,365.6086,31.467358,496.4392,800
280,397.68198,56.882587,513.73145,800
281,269.7916,-145.11833,507.83545,800
282,140.76114,-264.84937,477.99707,800
283,347.13516,-26.980917,510.02985,800
284,120.039375,-179.20885,456.92725,800
285,407.058,58.61547,526.20435,800
286,202.13057,-217.21815,494.63147,800
287,308.4592,-73.49068,497.55148,800
288,121.609856,-216.46931,479.28668,800
289,301.88956,-62.99231,488.2489,800
290,123.148384,-208.84004,479.794,800
291,498.18475,138.41753,589.8313,800
292,169.42949,-247.1722,484.72803,800
293,498.4137,138.70963,590.0924,800
294,517.6734,150.9678,607.4021,800
295,312.4853,-92.65102,518.00964,800
296,398.75027,52.117393,521.7033,800
297,182.41649,-259.80682,501.95377,800
298,246.94884,-138.19247,480.3509,800
299,512.8824,147.02739,603.09485,800
300,519.0894,151.31123,608.4022,800
301,490.9245,133.13872,585.79626,800
302,451.261,106.673485,545.70984,800
303,415.79208,72.26818,526.6689,800
304,120.51052,-195.74335,465.66837,800
305,332.91025,-49.75274,511.2685,800
306,361.3804,-1.8622028,512.1293,800
307,210.10072,-190.87128,486.58264,800
308,119.067215,-217.80562,471.74628,800
309,119.9468,-263.5967,471.69116,800
310,458.72104,117.68358,564.30237,800
311,418.2017,66.38111,531.67316,800
312,466.93643,116.84173,567.49915,800
313,120.33306,-200.4297,467.6036,800
314,369.11215,22.27,510.5773,800
315,191.40297,-247.24611,502.09235,800
316,119.06324,-295.57462,470.86987,800
317,445.85355,103.91342,545.1803,800
318,231.99661,-217.6278,517.824,800
319,115.60978,-258.93726,465.6635,800
320,228.64766,-184.22047,496.72772,800
321,116.043205,-255.05196,470.10715,800
322,365.309,4.40979,511.5166,800
323,417.55542,73.325935,527.1502,800
324,142.18275,-132.97069,510.79712,800
325,118.5357,-166.86006,447.12912,800
326,117.58729,-222.04744,469.48303,800
327,487.7081,94.08533,610.8734,800
328,121.812126,-198.75908,471.14728,800
329,122.79374,-166.71481,460.01163,800
330,578.37714,134.90427,705.76074,800
331,228.99608,-129.79865,484.0047,800
332,474.43338,121.43457,572.93097,800
333,439.63998,99.08359,538.84296,800
334,560.9675,140.58495,676.55334,800
335,379.41266,30.000654,511.76868,800
336,538.7011,163.40735,627.0702,800
337,117.61811,-249.5338,474.6144,800
338,304.51413,-74.29927,497.6063,800
339,127.54093,-176.1661,451.83746,800
340,131.94073,-371.81122,505.91583,800
341,496.22586,138.0462,589.5879,800
342,479.0344,127.19469,572.82513,800
343,518.93964,152.45973,607.297,800
344,332.7932,-46.551723,501.26953,800
345,507.67734,144.12843,601.3977,800
346,334.82077,-24.326025,501.33252,800
347,412.3534,76.571106,530.7488,800
348,150.85124,-343.6372,512.5459,800
349,125.27049,-151.05374,461.19067,800
350,145.03046,-228.73967,481.96198,800
351,174.92287,-183.67157,487.4725,800
352,235.53679,-171.55107,487.16095,800
353,128.71754,-308.85175,500.70886,800
354,131.57852,-373.53992,516.7895,800
355,116.88898,-213.66463,463.33154,800
356,469.9289,121.42678,562.6436,800
357,119.20999,-278.57635,470.79626,800
358,124.77358,-322.4802,505.59045,800
359,209.64105,-215.89064,501.69482,800
360,526.1289,156.86732,613.6228,800
361,550.15326,169.23161,639.1666,800
362,119.714165,-174.87372,453.9295,800
363,117.30413,-231.73042,453.88586,800
364,461.91806,115.80971,559.46045,800
365,503.2354,118.72186,612.67,800
366,253.77802,-144.57727,488.99542,800
367,480.46976,126.06467,579.1249,800
368,123.131226,-202.73401,476.83008,800
369,235.83464,-185.48766,496.09326,800
370,119.848145,-220.3484,474.95715,800
371,516.0737,149.80643,606.25916,800
372,124.247826,-172.22307,466.64215,800
373,557.79364,172.62636,647.33716,800
374,317.71765,-39.77463,491.8371,800
375,120.72928,-202.10756,469.5249,800
376,508.17636,144.45958,600.1139,800
377,119.66911,-221.21397,463.0821,800
378,541.37164,165.5633,628.5813,800
379,234.13005,-156.91373,475.82617,800
380,154.58397,-123.7902,514.7623,800
381,123.21299,-167.68292,461.3596,800
382,134.54451,-287.33862,479.90216,800
383,498.95895,140.46739,591.031,800
384,536.9588,160.1113,628.2073,800
385,317.03403,-68.28221,505.52628,800
386,446.67984,102.4064,547.26935,800
387,118.983086,-276.8136,481.80457,800
388,345.71512,-30.220627,513.393,800
389,142.31749,-362.59262,512.7987,800
390,125.751854,-145.86815,461.07687,800
391,412.43994,68.86136,526.48315,800
392,117.668106,-248.03117,458.71396,800
393,235.94525,-106.5487,470.3675,800
394,221.59898,-148.27248,485.54037,800
395,124.78462,-133.53806,454.12268,800
396,122.75779,-170.25407,461.51245,800
397,174.14955,-179.29259,478.0241,800
398,577.9281,140.11095,700.4607,800
399,119.751656,-182.61418,445.28912,800
400,461.05746,108.25593,559.7052,800
401,120.06412,-202.82463,467.82462,800
402,424.18655,81.210014,531.14905,800
403,521.1295,153.4618,609.7169,800
404,356.54605,-16.23769,513.6637,800
405,404.55252,59.67621,524.1075,800
406,121.78706,-203.96718,473.41797,800
407,138.60316,-311.89194,478.6375,800
408,422.78577,84.86859,527.572,800
409,488.53268,133.17892,580.874,800
410,509.19208,87.5784,643.447,800
411,509.90274,146.74367,600.0088,800
412,115.54673,-261.15927,467.878,800
413,126.8658,-339.4712,490.12546,800
414,324.04678,-62.12817,511.24094,800
415,115.96404,-201.89673,450.7533,800
416,130.84163,-143.75786,472.83823,800
417,136.82898,-245.3799,480.432,800
418,119.33375,-188.28441,453.0318,800
419,123.14106,-199.31108,475.10486,800
420,420.29288,77.96606,530.175,800
421,340.2455,-26.848536,500.20227,800
422,410.59952,66.36723,526.0973,800
423,165.55168,-175.154,479.9781,800
424,166.43074,-272.80276,503.81476,800
425,328.57812,-53.73626,507.2632,800
426,116.52531,-228.11476,456.44632,800
427,117.96978,-197.21245,459.38904,800
428,125.82232,-318.46884,512.1054,800
429,126.30077,-146.81485,465.5351,800
430,126.89318,-147.0285,467.27094,800
431,470.29898,121.279724,564.36505,800
432,158.38606,-266.61475,495.4935,800
433,370.8832,0.6244937,522.1213,800
434,120.29183,-284.21716,484.55585,800
435,543.7326,167.20451,630.90454,800
436,541.2145,165.50105,628.49146,800
437,122.72631,-182.62962,466.6932,800
438,530.3272,157.87317,618.54285,800
439,132.574,-272.11362,483.50784,800
440,521.2358,153.88446,609.2245,800
441,528.8039,158.26042,616.51086,800
442,267.22183,-9.290241,481.0877,800
443,124.27625,-346.0959,501.1633,800
444,123.19668,-312.51508,480.36505,800
445,470.22726,122.45208,565.8026,800
446,123.53811,-193.92415,473.62292,800
447,264.23904,-39.684097,465.91718,800
448,348.488,-20.687178,507.45657,800
449,147.58116,-261.9341,481.50397,800
450,117.70558,-224.98595,470.05862,800
451,177.89647,-238.19344,477.7112,800
452,118.237175,-233.80293,448.62195,800
453,543.1143,138.43175,653.59753,800
454,116.32005,-242.03162,466.47717,800
455,370.76517,26.381395,505.25446,800
456,117.46612,-249.80629,474.88437,800
457,126.68404,-286.261,465.72632,800
458,126.34817,-136.51384,460.1928,800
459,525.5025,151.24602,617.3732,800
460,170.94759,-268.53662,493.7608,800
461,420.38498,84.71533,521.0335,800
462,143.60292,-278.49625,497.05048,800
463,126.536026,-172.8549,473.5552,800
464,124.762215,-308.5177,480.0838,800
465,184.3282,-174.7764,486.8255,800
466,123.64765,-155.00441,458.37634,800
467,123.08149,-325.65094,492.49652,800
468,371.0959,6.084654,516.7422,800
469,360.75046,14.035987,506.29572,800
470,172.16066,-305.32507,515.3004,800
471,342.4407,-34.08734,509.12793,800
472,553.4058,171.68869,642.24005,800
473,124.112495,-342.165,492.44403,800
474,348.59885,-0.88706934,500.62726,800
475,250.9431,-146.12451,474.917,800
476,120.56562,-196.8665,465.8236,800
477,573.9266,148.8394,689.4125,800
478,225.32262,-149.5014,479.0984,800
479,188.99432,-139.75597,494.00165,800
480,529.07495,158.16307,617.38635,800
481,414.82016,74.009415,523.70026,800
482,128.7569,-141.46991,469.8866,800
483,539.6373,163.67741,627.7483,800
484,147.88322,-358.61035,519.76605,800
485,122.18461,-194.26523,469.972,800
486,487.66122,130.98456,582.8502,800
487,388.92526,44.383804,511.427,800
488,458.88846,114.60353,557.0316,800
489,531.081,159.3877,618.9373,800
490,122.49851,-201.20915,474.43036,800
491,154.8973,-378.59305,540.9951,800
492,414.43112,72.041565,530.5199,800
493,176.94365,-194.48781,471.45923,800
494,218.13719,-194.4668,483.13498,800
495,508.44437,145.404,597.43274,800
496,124.52364,-159.48613,461.8567,800
497,433.52567,94.014145,534.64795,800
0,601.14374,220.39754,628.32135,850
1,145.8069,-141.20651,512.5748,850
2,527.2797,161.72081,567.0445,850
3,105.352905,-143.49397,354.4354,850
4,122.89739,-134.25027,435.0777,850
5,356.4446,61.935238,457.35388,850
6,582.77484,210.61906,613.943,850
7,346.87012,17.665415,466.6499,850
8,181.18474,-35.920986,403.30908,850
9,237.58636,-33.85114,380.7874,850
10,408.30563,62.816998,502.2802,850
11,482.20224,140.51842,530.76807,850
12,352.88522,24.605726,466.26874,850
13,206.31241,-55.436047,378.44266,850
14,136.45352,-114.26982,431.4686,850
15,477.79727,135.1595,534.10095,850
16,540.11456,182.91197,577.8481,850
17,326.30643,-1.1134236,452.7243,850
18,141.39537,-96.63544,381.96826,850
19,446.16367,119.311035,526.1083,850
20,478.31464,136.35336,531.8731,850
21,551.10376,192.66661,584.8369,850
22,353.1367,32.076412,463.77283,850
23,123.02851,-137.85393,438.55078,850
24,409.41882,77.33394,499.53336,850
25,448.07266,91.80916,523.6373,850
26,243.01225,-90.90324,422.8512,850
27,452.45676,107.62608,524.81726,850
28,557.13306,195.02191,591.35254,850
29,305.1038,-115.54788,500.16708,850
30,117.13616,-129.44844,409.02496,850
31,340.82214,33.787304,446.87375,850
32,122.4134,-174.08884,366.39948,850
33,122.42716,-139.4941,438.93304,850
34,137.01843,-151.77269,491.8285,850
35,122.794655,-143.52376,442.1288,850
36,157.43922,-126.92976,534.7355,850
37,538.06476,183.15604,578.0599,850
38,125.4335,-138.96057,446.40057,850
39,553.96246,193.81319,588.1369,850
40,317.63278,23.450542,421.75363,850
41,126.38977,-163.90938,464.5017,850
42,118.24517,-111.755035,363.88675,850
43,140.6382,-82.259415,411.2037,850
44,544.0452,180.49487,573.72687,850
45,101.5086,-249.69873,400.5815,850
46,573.8371,204.44188,605.35535,850
47,296.82266,-10.078115,421.18884,850
48,163.39174,-105.98443,519.5564,850
49,508.644,159.36803,569.1469,850
50,116.39408,-127.412704,393.95773,850
51,544.7391,188.3497,580.6359,850
52,191.61009,-97.52995,388.87482,850
53,195.63478,-116.65779,386.96033,850
54,552.9222,185.49005,582.77734,850
55,301.8223,-5.445466,427.29272,850
56,488.58173,146.44508,536.6489,850
57,480.83194,134.13727,542.427,850
58,109.814095,-149.25185,408.08545,850
59,498.77444,144.77031,547.4497,850
60,517.6722,154.585,563.53754,850
61,545.30945,188.34358,580.7749,850
62,495.5934,150.77904,543.30255,850
63,164.24384,-119.07431,545.0823,850
64,143.75684,-90.99068,419.23148,850
65,459.82486,118.51568,521.2955,850
66,133.6238,-163.16638,376.57574,850
67,541.4738,172.97786,578.14417,850
68,486.56143,143.82167,541.5475,850
69,139.70583,-78.31969,377.1546,850
70,154.15834,-128.84413,525.7167,850
71,259.17123,-62.402317,415.83936,850
72,454.0479,98.95322,531.1444,850
73,130.56532,-131.72313,449.795,850
74,334.3105,-66.28235,498.46716,850
75,153.35896,-131.19902,526.63086,850
76,245.99065,-55.5101,401.79327,850
77,449.92322,108.24899,528.6235,850
78,543.8966,185.68767,582.94946,850
79,192.83534,-48.299374,374.5097,850
80,171.48238,-117.58094,375.86557,850
81,324.59225,39.576443,429.50732,850
82,173.5524,-112.28531,565.4609,850
83,229.71635,-80.45333,399.1086,850
84,203.29991,-49.51872,364.29147,850
85,543.677,186.79256,581.4097,850
86,384.11337,32.30064,495.65317,850
87,125.81383,-96.04741,359.92126,850
88,159.60857,-107.3898,512.6233,850
89,151.43881,-116.87053,501.63794,850
90,532.0189,179.53337,573.2423,850
91,111.843895,-159.00012,418.21228,850
92,123.99488,-170.87068,382.32477,850
93,156.44585,-128.37737,533.44525,850
94,223.78331,3.8181856,418.10272,850
95,290.62027,-4.5935946,416.52344,850
96,186.45688,-110.31617,595.17285,850
97,146.97383,-115.270935,474.17108,850
98,146.4902,-139.5182,513.2756,850
99,540.60046,185.83455,578.261,850
100,202.57234,-108.157196,388.28763,850
101,541.1106,186.00633,577.5299,850
102,323.17612,7.173355,442.80603,850
103,295.39212,-9.583552,422.62997,850
104,478.231,123.45665,536.758,850
105,440.09756,97.310394,515.9083,850
106,143.32716,-143.46616,506.69205,850
107,243.05402,-4.944234,392.59174,850
108,269.25244,-58.572063,424.77338,850
109,470.24194,124.95628,525.8624,850
110,148.31166,-118.05526,486.88077,850
111,132.3842,-181.90117,491.4095,850
112,302.1015,28.481081,405.17523,850
113,310.97513,-2.2031362,430.52832,850
114,436.84598,98.66899,509.5842,850
115,513.70514,165.92784,555.15894,850
116,141.84154,-145.66394,503.59662,850
117,444.0797,102.204346,517.33984,850
118,288.1987,-57.868954,443.19647,850
119,411.7446,79.41938,502.00653,850
120,589.1994,215.76836,616.318,850
121,309.1539,29.449596,422.50186,850
122,200.21346,-128.15147,397.08978,850
123,139.24034,-141.29836,386.69955,850
124,138.81909,-157.20287,500.03802,850
125,110.96737,-138.25111,401.75412,850
126,140.6761,-120.061325,463.92035,850
127,411.1132,66.189255,499.66772,850
128,165.229,-42.37131,369.28543,850
129,277.50055,8.564551,391.94354,850
130,134.65376,-154.6623,485.9059,850
131,543.2082,187.917,577.98035,850
132,268.47934,-5.528758,398.3932,850
133,161.59007,-118.64589,539.65906,850
134,124.50788,-99.82798,366.49243,850
135,266.74588,8.692826,396.00342,850
136,127.945175,-87.659874,354.35577,850
137,138.67891,-121.19182,450.42572,850
138,155.81737,-125.61578,528.8981,850
139,553.8356,186.9127,582.4093,850
140,422.70575,77.2995,510.46075,850
141,400.10715,103.32114,491.35596,850
142,164.79555,-121.807465,550.1229,850
143,125.23285,-105.31709,393.61713,850
144,532.6071,168.57149,569.75806,850
145,508.97733,159.74086,555.473,850
146,350.88837,33.82143,465.81598,850
147,253.40233,1.9395196,373.72995,850
148,279.95944,-162.69487,508.49368,850
149,157.6238,-55.06228,356.60126,850
150,184.8855,-43.887173,378.49243,850
151,131.11505,-112.93927,366.37634,850
152,256.22424,2.5875847,387.8723,850
153,349.31235,79.63301,448.89307,850
154,202.72737,-23.060787,382.08282,850
155,368.23593,35.156376,477.40747,850
156,151.51433,-132.53943,522.8317,850
157,343.30826,7.526822,466.5193,850
158,505.0999,139.8432,556.4739,850
159,242.32448,26.905807,395.6068,850
160,345.1174,28.877811,454.35522,850
161,457.6384,114.058105,527.2707,850
162,344.50497,48.49895,445.3092,850
163,225.38513,-99.27173,406.29764,850
164,107.503975,-179.20183,371.7661,850
165,141.10231,-118.25945,458.47806,850
166,241.8348,9.685277,450.09863,850
167,117.79905,-170.63666,441.8205,850
168,267.3786,-13.865226,399.99585,850
169,517.37366,167.69945,559.55493,850
170,145.17339,-79.33093,359.45724,850
171,547.4505,190.33624,583.0259,850
172,198.81464,-42.940895,372.14496,850
173,100.17631,-149.36916,364.59833,850
174,149.10216,-134.27226,517.3706,850
175,107.14001,-127.76665,360.43134,850
176,123.74039,-133.45197,436.7563,850
177,539.9638,186.00215,575.3474,850
178,204.52663,-6.05188,366.43787,850
179,464.5909,123.275986,524.7891,850
180,141.65204,-151.22224,505.84283,850
181,282.27493,-49.80476,432.4679,850
182,367.1943,28.42205,478.3233,850
183,184.33896,-57.208416,367.19846,850
184,540.3715,176.62067,578.48944,850
185,127.43372,-152.70967,462.8946,850
186,490.12265,146.42873,543.7106,850
187,264.97498,-44.4813,410.43835,850
188,185.60852,-57.40279,395.24274,850
189,184.7853,-118.77809,388.15094,850
190,453.59128,114.482834,519.5357,850
191,271.23886,-47.922333,421.4648,850
192,378.5857,50.58984,479.7464,850
193,149.62514,-111.5935,486.105,850
194,147.38327,-88.56214,419.1073,850
195,383.68362,55.385983,488.94937,850
196,427.22476,87.56346,512.2936,850
197,136.77074,-161.2372,495.34973,850
198,111.52419,-151.92696,413.32648,850
199,115.31233,-148.57909,422.91086,850
200,139.60477,-178.65434,376.44894,850
201,149.7874,-69.107315,365.81854,850
202,202.78539,-8.947961,385.61804,850
203,145.74112,-142.1477,512.8832,850
204,440.7914,98.50375,521.3425,850
205,156.9647,-92.68092,459.99347,850
206,149.99196,-86.68643,403.4366,850
207,550.62506,193.27951,584.35364,850
208,488.17023,146.37135,541.5657,850
209,167.0856,-27.086203,364.64874,850
210,485.68033,141.56464,541.5997,850
211,250.04222,-77.460945,417.48737,850
212,172.10744,-83.852875,373.34186,850
213,508.58438,154.83958,554.7151,850
214,452.59723,113.63955,517.8297,850
215,148.75139,-65.24466,403.82568,850
216,586.8005,213.80516,616.95386,850
217,476.65482,134.47319,533.7509,850
218,132.04369,-116.36441,421.43866,850
219,127.28924,-100.61487,390.04767,850
220,190.72371,-79.3547,373.5221,850
221,133.01926,-132.40747,456.39276,850
222,158.45305,-125.13643,535.6008,850
223,102.26542,-148.33182,381.19733,850
224,196.31706,-120.012146,392.8541,850
225,199.3184,-73.851616,364.55618,850
226,121.138954,-122.98113,408.85535,850
227,97.976166,-144.515,366.76416,850
228,163.78477,-137.47801,377.939,850
229,146.67247,-107.91496,481.41888,850
230,248.22206,16.963142,389.19397,850
231,226.9391,-33.144794,380.4045,850
232,595.4798,218.77342,624.53955,850
233,511.2879,161.99745,560.2229,850
234,341.4341,56.375896,443.76407,850
235,342.06287,36.357132,450.41165,850
236,281.59732,-6.145046,402.42572,850
237,136.16203,-142.4398,483.94058,850
238,385.2186,53.60368,487.64404,850
239,418.09537,78.12837,510.9135,850
240,140.94154,-132.1611,487.9912,850
241,125.231224,-146.84848,452.57715,850
242,267.27402,18.216574,373.1543,850
243,133.52364,-132.45102,464.87128,850
244,114.559166,-179.60934,436.02954,850
245,106.320595,-158.24986,400.93698,850
246,141.63586,-143.02069,501.67987,850
247,432.24783,93.01865,506.94836,850
248,196.08403,-33.39781,396.7307,850
249,121.72489,-136.46971,432.95004,850
250,143.59686,-80.980354,388.5347,850
251,438.86505,100.75954,512.0015,850
252,427.65787,90.479935,510.35883,850
253,422.86234,110.41179,502.576,850
254,158.32909,-124.91115,535.6885,850
255,553.8369,193.9878,590.0021,850
256,197.4967,-76.268585,380.72443,850
257,130.3061,-165.79837,477.4088,850
258,172.57529,-44.323536,412.51718,850
259,147.51488,-140.23227,516.71606,850
260,122.44526,-141.85847,440.26654,850
261,289.00406,-55.64753,446.32144,850
262,163.56047,-89.07119,475.7091,850
263,234.64355,2.72201,456.00122,850
264,284.87607,-12.7552185,415.05856,850
265,182.48593,-48.904144,368.55554,850
266,151.30382,-131.87506,521.49414,850
267,188.38579,-65.349686,516.45605,850
268,396.64255,47.15846,499.11078,850
269,555.4445,195.78264,588.5615,850
270,147.92345,-60.04417,387.83813,850
271,369.9872,52.865738,468.61102,850
272,149.9424,-117.40115,491.27133,850
273,116.676384,-144.31453,423.9881,850
274,378.62115,36.101376,491.51205,850
275,152.15407,-134.63948,526.3436,850
276,140.61473,-142.42131,498.4393,850
277,155.54207,-99.55255,380.25754,850
278,538.0318,173.06606,572.61896,850
279,192.70894,-42.45565,370.27856,850
280,286.83008,-74.516136,458.37317,850
281,202.26741,-83.038864,380.49005,850
282,110.40049,-118.08458,369.03326,850
283,382.96902,28.824877,498.49457,850
284,147.34764,-140.68471,516.31836,850
285,423.79932,80.987946,508.8039,850
286,255.43669,10.241414,391.05756,850
287,181.79448,-91.96091,375.32947,850
288,121.212135,-143.74493,435.69397,850
289,316.00797,35.504444,417.84436,850
290,142.36093,-143.42366,503.45062,850
291,496.52982,150.33873,547.25977,850
292,254.24458,-0.63417554,384.12488,850
293,511.8264,164.12445,556.3336,850
294,508.15915,160.9145,552.9386,850
295,351.17233,3.4363477,479.40494,850
296,331.9253,17.377983,449.53918,850
297,131.98776,-144.00958,374.64996,850
298,195.01723,-48.664196,375.7552,850
299,515.5352,165.6653,557.6875,850
300,524.21893,173.56099,563.2905,850
301,451.0258,107.900925,528.6902,850
302,483.46967,142.63525,531.36676,850
303,394.27075,44.93379,497.04474,850
304,143.71983,-143.73732,508.04718,850
305,366.0055,16.957949,486.81354,850
306,420.89542,79.17398,509.26,850
307,308.09583,32.58704,412.2574,850
308,118.314095,-153.27274,434.75165,850
309,140.40913,-73.37975,367.02832,850
310,306.5792,63.619328,435.05106,850
311,434.83572,81.7681,513.8832,850
312,376.7604,85.00653,477.96155,850
313,144.52689,-147.12564,512.32513,850
314,247.57634,19.638916,387.60425,850
315,244.99194,-40.520367,387.84387,850
316,143.61069,-124.79434,386.69904,850
317,448.0677,108.86934,518.04083,850
318,266.6802,-62.44325,424.64923,850
319,131.62646,-103.956215,393.54547,850
320,202.26671,-45.453903,370.26828,850
321,135.32211,-85.33883,359.09274,850
322,378.2668,37.708794,486.6428,850
323,441.86606,101.1279,513.1709,850
324,194.71294,-111.784515,617.67883,850
325,138.05598,-152.45683,495.69516,850
326,110.05749,-163.75801,414.57812,850
327,480.94348,117.46684,543.69586,850
328,142.9789,-147.68542,508.11597,850
329,143.92152,-138.14156,503.57428,850
330,559.70184,190.87978,587.6173,850
331,150.99722,-70.13012,385.24237,850
332,429.82108,91.76547,516.62537,850
333,332.97403,-38.62607,481.51556,850
334,553.7969,183.9189,586.8231,850
335,332.09564,21.914944,444.0291,850
336,523.51324,172.64542,565.1915,850
337,130.73506,-111.49933,404.70334,850
338,274.98022,6.285055,394.13364,850
339,135.50603,-116.08159,444.45325,850
340,102.08023,-184.59793,398.00842,850
341,396.04898,64.03574,497.649,850
342,484.83798,141.72873,540.44305,850
343,496.9835,153.05252,543.01465,850
344,419.54242,73.653824,503.57843,850
345,495.4523,142.73361,548.3989,850
346,328.71317,49.638783,428.1404,850
347,330.01172,51.27121,434.43646,850
348,239.99088,-75.76369,406.12054,850
349,154.1823,-128.30434,527.3122,850
350,139.92969,-98.78138,423.16406,850
351,262.61105,31.977621,419.52637,850
352,104.266975,-137.35289,376.46927,850
353,131.93935,-115.56637,424.85406,850
354,101.903755,-169.105,391.82233,850
355,141.6522,-147.85104,504.21722,850
356,462.1616,124.43644,518.16565,850
357,121.297554,-102.91809,357.84583,850
358,97.225426,-156.72368,371.65967,850
359,257.25198,-9.263256,382.83026,850
360,532.801,180.42686,570.1528,850
361,568.9112,200.57683,607.21893,850
362,142.68735,-146.63904,506.8388,850
363,127.50379,-100.918686,374.38547,850
364,425.53024,86.69863,511.20062,850
365,487.83865,128.06367,545.86096,850
366,304.81973,4.8395224,429.4048,850
367,285.94662,-12.073819,429.61285,850
368,132.52057,-155.26314,479.31726,850
369,185.24748,-115.40349,395.48694,850
370,121.84734,-150.68416,444.16272,850
371,525.8982,175.02089,565.54504,850
372,154.1121,-123.96188,523.6317,850
373,570.05865,201.40427,605.7395,850
374,334.7632,62.1241,426.57117,850
375,137.07472,-152.81087,492.70032,850
376,511.87778,163.37532,557.4795,850
377,135.4478,-130.4105,469.18918,850
378,538.2289,184.44449,574.2458,850
379,341.15988,49.32207,456.23395,850
380,187.0321,-105.28493,589.03827,850
381,140.95723,-149.07597,502.69135,850
382,147.852,-85.097946,371.2087,850
383,494.73334,151.9428,544.63446,850
384,555.31635,194.04031,591.3643,850
385,334.42233,20.30679,445.8929,850
386,473.67075,130.5457,533.30597,850
387,111.29959,-155.18065,414.45715,850
388,273.13364,-52.51836,427.12173,850
389,108.771904,-157.1397,352.07724,850
390,146.8568,-129.1337,507.60333,850
391,414.37277,72.30979,505.54303,850
392,139.07779,-98.44178,415.18207,850
393,136.91658,-93.283554,389.3786,850
394,245.55226,7.6440067,394.59805,850
395,167.855,-107.140274,545.0513,850
396,144.4364,-144.69737,510.74432,850
397,229.10828,2.0147135,383.5216,850
398,567.0143,194.50874,595.4592,850
399,132.85158,-87.67156,398.45642,850
400,468.98837,123.90809,526.593,850
401,137.8184,-163.39949,499.55457,850
402,414.46384,70.32025,502.44745,850
403,470.29807,129.24332,526.23346,850
404,407.21072,58.78335,503.09702,850
405,415.93243,75.70493,510.71808,850
406,136.0391,-146.80647,486.0854,850
407,117.65993,-225.70892,385.69388,850
408,421.5509,81.06094,503.63745,850
409,466.73074,126.27179,526.5438,850
410,523.0324,158.24275,562.8109,850
411,483.0159,140.9997,535.6727,850
412,105.23877,-132.89755,372.75452,850
413,111.0568,-133.15396,350.0891,850
414,238.92076,-32.186592,382.7324,850
415,157.95964,-70.29667,412.94055,850
416,173.33003,-110.26607,558.9438,850
417,189.28935,-32.852535,423.57864,850
418,132.3212,-134.64091,464.47437,850
419,142.89565,-150.66959,509.26666,850
420,416.85098,72.70121,505.42828,850
421,236.93971,-60.956318,400.3907,850
422,440.0004,97.615265,520.25116,850
423,148.72041,-93.649414,433.3719,850
424,122.772804,-100.47562,355.71628,850
425,321.53653,13.072094,435.36765,850
426,136.57289,-148.37556,488.72394,850
427,139.08372,-168.12395,505.92157,850
428,133.63371,-173.68839,491.7324,850
429,152.553,-135.31406,527.4695,850
430,226.30174,-110.833435,692.3557,850
431,458.53174,117.36823,523.3419,850
432,122.40477,-99.99589,368.57477,850
433,303.37247,7.4605474,428.751,850
434,117.25334,-141.18303,423.5659,850
435,516.2005,168.25557,557.0967,850
436,550.73035,192.76274,584.6063,850
437,130.39732,-155.06561,472.82135,850
438,532.88824,179.69899,569.8583,850
439,122.47924,-119.86302,399.7616,850
440,508.59625,162.28831,550.7905,850
441,513.9573,166.6226,554.9242,850
442,140.85847,-87.80554,414.6935,850
443,95.99528,-281.78464,375.17688,850
444,125.748764,-125.21983,372.55026,850
445,333.93643,12.95732,457.36688,850
446,147.61955,-117.013916,479.33575,850
447,204.35014,-8.153964,416.28333,850
448,345.1793,27.622627,454.187,850
449,169.54381,-56.051258,366.60297,850
450,141.53218,-147.83557,503.93796,850
451,309.237,32.52944,415.1538,850
452,203.47072,-29.834257,384.6961,850
453,549.08734,180.79886,586.74,850
454,133.7233,-160.98888,486.1473,850
455,142.9143,-122.84842,375.32123,850
456,134.05034,-173.4941,492.92194,850
457,188.42587,-60.053993,381.43945,850
458,162.6166,-120.20193,542.9199,850
459,542.62555,185.48317,577.6488,850
460,211.84163,-51.898,393.40018,850
461,485.69608,144.74059,533.6007,850
462,122.449844,-109.60017,384.96826,850
463,141.69083,-132.78343,493.80188,850
464,176.56691,-71.9653,370.5157,850
465,153.71466,-67.18938,395.68225,850
466,149.73036,-136.70302,520.33716,850
467,121.92692,-156.31657,373.75464,850
468,290.3347,-42.97612,439.81244,850
469,404.63037,80.3199,495.0481,850
470,373.52835,14.771931,500.38937,850
471,379.03452,37.37415,487.1292,850
472,547.82306,187.78975,588.16797,850
473,108.61712,-175.13148,368.62613,850
474,269.512,28.743887,391.78052,850
475,389.40634,74.079025,477.1173,850
476,132.96948,-128.631,455.6867,850
477,540.6195,176.2931,576.68616,850
478,216.82669,-27.729677,378.3307,850
479,190.76945,-38.634987,455.4041,850
480,513.61804,165.52731,556.49896,850
481,454.98605,115.21571,519.65607,850
482,181.8998,-109.4128,583.34973,850
483,545.24146,188.54051,581.24225,850
484,162.96382,-135.6363,385.91257,850
485,144.87154,-113.20905,470.7801,850
486,449.5913,107.33647,525.24194,850
487,390.87503,46.153988,494.52054,850
488,304.46786,19.525612,424.16174,850
489,518.58,168.90045,558.9432,850
490,116.11188,-142.58829,418.8422,850
491,214.10133,-145.68372,422.58295,850
492,477.61642,135.65929,543.18134,850
493,150.07843,-80.57708,396.04028,850
494,153.27318,-129.58795,389.36884,850
495,505.14896,159.45163,547.173,850
496,156.13841,-123.772766,528.4941,850
497,422.58487,82.01402,504.2348,850
0,742.4852,314.6581,777.3548,900
1,111.583046,-215.10367,475.35956,900
2,652.9187,263.9593,693.8545,900
3,162.05437,-248.65372,464.79898,900
4,173.01633,-176.83804,495.30234,900
5,471.51147,130.89233,566.78577,900
6,695.338,285.19827,741.71857,900
7,482.7535,140.47644,570.1083,900
8,294.41467,-59.663433,536.2003,900
9,360.93433,6.47583,508.1566,900
10,517.79987,168.36307,590.38403,900
11,575.0447,210.83218,632.2226,900
12,443.92377,102.8981,542.16364,900
13,250.4902,-120.35198,483.27036,900
14,162.50764,-207.54938,480.76205,900
15,549.13257,191.08737,615.2465,900
16,627.1107,244.80286,682.7823,900
17,452.80527,109.81879,552.76685,900
18,260.6212,-111.51614,480.1638,900
19,478.6316,135.16559,579.389,900
20,561.2311,201.02304,623.21796,900
21,630.0028,247.20374,683.8959,900
22,437.97345,90.87204,545.3447,900
23,129.6327,-233.73253,478.13968,900
24,543.3526,191.04437,614.50867,900
25,583.58936,215.12337,639.83136,900
26,446.29803,107.95781,537.8192,900
27,579.5597,212.63438,642.52264,900
28,644.569,255.59058,697.76807,900
29,557.54535,197.3089,615.76526,900
30,149.5412,-218.02643,479.6379,900
31,417.6115,73.32449,533.84625,900
32,231.7684,-167.97798,493.31564,900
33,125.735344,-238.0698,480.0823,900
34,134.87112,-226.35411,483.69052,900
35,114.42006,-255.6961,473.1512,900
36,126.19805,-177.84256,507.5723,900
37,589.1533,222.01569,648.3308,900
38,188.7255,-196.92827,506.70483,900
39,629.1394,246.58893,683.0228,900
40,454.61713,118.9153,550.19086,900
41,129.00798,-287.70648,470.1241,900
42,130.61386,-277.3034,470.10056,900
43,277.24615,-102.21948,541.62415,900
44,677.28235,281.4549,712.03455,900
45,117.87773,-390.8573,470.12936,900
46,661.1029,265.52045,711.493,900
47,428.1339,89.85599,532.2119,900
48,232.91452,-98.614044,560.72845,900
49,515.55145,158.78221,625.7525,900
50,217.74496,-144.4907,484.34363,900
51,627.2156,245.61502,681.333,900
52,459.04984,119.12029,553.5525,900
53,272.16736,-91.06877,472.13885,900
54,678.036,281.41492,713.30927,900
55,387.51004,41.997562,517.80426,900
56,562.9459,202.50864,624.9413,900
57,598.2821,227.29752,656.99023,900
58,142.2334,-295.24448,502.02377,900
59,610.909,231.94592,661.81274,900
60,640.8923,253.55855,691.1037,900
61,627.0452,244.9911,681.5011,900
62,649.05884,266.9082,685.8948,900
63,129.93083,-167.81653,513.2324,900
64,169.65486,-173.33833,504.03607,900
65,601.36633,229.77151,657.8813,900
66,161.74576,-291.79828,472.27054,900
67,651.64233,261.523,695.05115,900
68,562.8935,203.4551,628.67883,900
69,172.9981,-149.9122,478.47974,900
70,159.4385,-166.95343,515.7857,900
71,350.98944,-6.6896796,500.62234,900
72,618.4193,238.15494,676.35254,900
73,189.52286,-200.15927,506.31662,900
74,491.06018,144.38503,560.2926,900
75,129.33504,-175.52701,517.0187,900
76,353.62784,-5.262793,508.45544,900
77,423.45288,75.030304,541.24316,900
78,625.0272,244.12927,679.7834,900
79,340.78476,-21.180464,521.0753,900
80,275.86703,-91.57743,472.74313,900
81,459.32782,119.119064,572.33704,900
82,121.37179,-170.7698,488.34085,900
83,371.46924,20.41833,505.6805,900
84,257.88928,-111.11813,466.10477,900
85,621.7932,241.5908,678.8926,900
86,483.9019,143.26767,561.2278,900
87,235.4041,-128.76804,465.57028,900
88,171.88736,-127.4265,539.0641,900
89,182.18468,-127.51552,535.96643,900
90,613.11365,237.06189,671.58984,900
91,154.9058,-256.94138,480.77954,900
92,239.4972,-147.62994,471.7227,900
93,118.64328,-220.63794,491.7327,900
94,368.55554,14.858925,532.6013,900
95,385.21045,37.220295,514.596,900
96,135.6212,-164.49857,532.48364,900
97,156.11996,-195.67459,494.63068,900
98,124.93539,-202.97098,489.26938,900
99,623.24365,243.01642,679.81683,900
100,395.35815,54.26037,514.41785,900
101,616.9258,239.1679,673.36633,900
102,473.81622,133.68336,559.53345,900
103,399.8393,55.241306,521.8956,900
104,619.9849,240.0766,666.9153,900
105,552.4128,194.80746,614.45386,900
106,111.13686,-283.1691,486.7446,900
107,375.60278,25.672894,525.21375,900
108,339.21973,-22.107582,497.81406,900
109,575.807,208.84409,630.5017,900
110,155.41261,-156.41069,493.84818,900
111,105.19369,-363.91364,463.8776,900
112,398.0398,53.520634,531.0226,900
113,411.33884,72.01651,522.6769,900
114,562.93854,203.84648,627.162,900
115,580.2323,214.98863,638.1804,900
116,122.36026,-241.86884,486.83157,900
117,524.39185,172.11678,592.8978,900
118,508.51813,163.54843,579.59326,900
119,459.59137,122.19905,555.84717,900
120,659.29614,265.1142,708.2223,900
121,527.1049,175.0333,615.67883,900
122,119.56887,-371.8249,472.25757,900
123,204.64908,-194.14787,467.14835,900
124,110.00478,-254.50323,484.3809,900
125,128.95158,-257.48148,467.41025,900
126,146.68295,-226.24461,497.80368,900
127,526.6804,176.02795,591.6844,900
128,327.6488,-28.093773,514.06805,900
129,392.3583,45.817993,529.76263,900
130,114.20043,-227.52226,470.24347,900
131,625.1874,244.48885,679.1664,900
132,505.61975,162.94955,582.34796,900
133,134.72601,-203.23077,516.8251,900
134,151.23181,-235.54547,461.82095,900
135,420.28387,75.707184,537.60895,900
136,231.1641,-141.1096,488.5524,900
137,122.64345,-236.28514,480.58954,900
138,194.40295,-129.35616,560.42505,900
139,674.43225,279.32755,709.8214,900
140,503.43073,154.61844,577.7776,900
141,477.53748,135.22513,584.6178,900
142,113.98612,-203.38455,481.96768,900
143,250.37718,-131.89587,513.5422,900
144,661.3139,271.48364,698.1189,900
145,608.6715,233.85391,665.72217,900
146,355.7592,6.0154147,535.25885,900
147,376.19287,37.968777,516.78625,900
148,506.873,158.47037,570.9053,900
149,179.78934,-203.89026,490.77097,900
150,266.76648,-102.068115,495.43716,900
151,132.83588,-316.0152,488.48117,900
152,496.63754,150.97632,583.5149,900
153,500.80914,149.81876,607.83075,900
154,359.65823,5.634406,522.38727,900
155,451.92294,109.6824,547.3668,900
156,119.967415,-199.23776,499.24472,900
157,437.67126,95.127235,539.65283,900
158,621.76483,238.8486,670.2423,900
159,318.8327,8.22058,508.57245,900
160,460.6076,120.64978,553.9782,900
161,525.50244,172.80107,596.73413,900
162,400.38388,56.10507,537.2017,900
163,333.07928,-28.98796,501.0964,900
164,173.90244,-262.1159,471.59387,900
165,216.49261,-103.15535,505.637,900
166,339.81296,-34.309063,568.3943,900
167,111.26535,-349.16226,500.94525,900
168,365.47314,12.950079,516.3842,900
169,604.57043,231.58163,660.92957,900
170,351.07437,3.0748959,522.8412,900
171,628.71094,245.93057,684.64655,900
172,252.97461,-96.937386,485.08292,900
173,223.40274,-172.98622,472.15543,900
174,109.208305,-223.80736,476.4357,900
175,219.62132,-189.87744,472.35422,900
176,191.08638,-161.08075,518.60266,900
177,619.362,241.38467,673.6942,900
178,269.52112,-72.597855,493.0413,900
179,509.22382,160.80676,579.0176,900
180,113.17895,-365.51556,486.7169,900
181,404.70514,62.50761,520.0485,900
182,477.06152,134.86081,564.3174,900
183,278.2862,-58.913525,476.63126,900
184,633.23895,249.05463,679.797,900
185,137.94522,-259.21292,479.0812,900
186,589.47766,221.48718,652.7274,900
187,366.84375,20.745064,506.05737,900
188,300.70422,-65.9268,493.1521,900
189,308.68463,-64.86519,493.36478,900
190,528.632,178.5354,599.10706,900
191,379.44574,29.857548,509.79453,900
192,444.20087,106.09794,544.9721,900
193,157.22134,-202.8245,511.36172,900
194,204.0293,-136.09325,489.1987,900
195,537.2063,180.84526,615.72656,900
196,466.5296,124.46161,560.567,900
197,115.2535,-282.68683,466.94565,900
198,112.08692,-315.8494,460.70044,900
199,116.02006,-279.05515,461.47354,900
200,128.21338,-366.79242,471.205,900
201,216.54791,-130.33334,473.33694,900
202,358.99246,1.6676024,537.6355,900
203,108.54801,-263.49762,484.09805,900
204,517.6458,167.46634,595.51624,900
205,261.8824,-110.6147,533.0412,900
206,148.50296,-250.4395,468.51297,900
207,632.7708,248.88312,688.1572,900
208,590.8452,222.48775,656.3049,900
209,287.71857,-94.85329,591.27045,900
210,564.25867,202.75943,631.18713,900
211,336.4072,-23.33024,499.014,900
212,429.57867,88.58681,541.69104,900
213,615.3264,237.0111,667.8177,900
214,591.11395,222.58302,654.56934,900
215,154.02296,-183.09642,506.16174,900
216,680.74036,275.4791,732.28845,900
217,518.3651,168.80685,590.6276,900
218,138.7396,-258.98096,473.21506,900
219,201.10587,-134.38193,483.41605,900
220,289.51825,-85.42695,488.9186,900
221,156.7315,-170.70117,491.5497,900
222,125.103386,-181.95662,507.27982,900
223,113.82256,-320.7387,461.77234,900
224,413.87854,76.60153,512.66895,900
225,316.37448,-36.34042,487.72745,900
226,167.90195,-192.59772,486.8702,900
227,132.50905,-280.66263,466.14005,900
228,322.41864,-47.10381,491.78085,900
229,154.90324,-196.96799,528.05286,900
230,385.82635,34.38834,540.5068,900
231,386.7082,36.933563,523.28375,900
232,707.41504,290.64966,755.78,900
233,609.63306,232.7149,672.87415,900
234,420.3644,73.53642,537.8784,900
235,429.77673,82.283134,544.8412,900
236,384.29443,37.434887,515.02515,900
237,129.74028,-258.60873,504.15616,900
238,491.2832,146.0787,573.60693,900
239,483.64825,141.21631,569.1355,900
240,147.29631,-191.29755,504.03583,900
241,122.98148,-239.62692,474.12112,900
242,367.79327,34.867077,509.2761,900
243,154.60037,-193.4288,493.5601,900
244,112.43241,-365.64673,457.77768,900
245,182.64334,-201.40091,476.60318,900
246,143.97307,-321.2416,497.06467,900
247,516.44006,167.98683,587.12427,900
248,271.03314,-118.7426,512.46063,900
249,146.73932,-206.21455,476.3796,900
250,230.02711,-141.34525,486.38034,900
251,501.29767,156.76169,575.98206,900
252,495.71637,153.62549,578.88794,900
253,459.69043,108.96484,593.4498,900
254,117.27725,-208.28058,494.47327,900
255,643.0613,275.09735,669.5737,900
256,321.32254,-40.885925,495.5895,900
257,111.01989,-299.45142,463.91843,900
258,250.43646,-81.63937,513.3572,900
259,125.01709,-207.17848,489.35733,900
260,259.70572,-125.12731,511.21426,900
261,280.03418,-109.640625,481.6294,900
262,164.53639,-157.69412,513.5914,900
263,296.39868,-51.022663,564.38226,900
264,411.08838,64.362366,534.8113,900
265,352.39087,-0.7015917,528.4104,900
266,116.37663,-218.10388,486.07217,900
267,165.15866,-164.61143,551.8624,900
268,476.969,136.8735,553.83093,900
269,642.496,254.54727,695.9607,900
270,351.89685,-11.526039,568.2975,900
271,477.47086,133.96118,564.4374,900
272,140.30844,-182.06093,494.32788,900
273,130.28743,-275.46082,482.61935,900
274,468.08313,122.92598,559.052,900
275,109.083595,-279.47195,490.7579,900
276,120.933464,-212.5314,490.09897,900
277,240.55759,-130.1841,466.5759,900
278,671.45123,277.30267,707.6034,900
279,310.19458,-60.85937,529.58215,900
280,484.45227,143.60358,558.0192,900
281,392.56607,47.251,517.3506,900
282,152.41434,-291.0925,495.06,900
283,451.51978,109.775085,541.6457,900
284,117.17907,-214.99458,497.36557,900
285,478.34894,135.00098,559.1484,900
286,382.9853,31.478493,525.45996,900
287,234.06201,-156.33371,466.38834,900
288,129.5452,-275.6855,466.56482,900
289,398.69116,53.60912,533.2149,900
290,114.800514,-208.75613,475.18054,900
291,583.5265,217.13745,642.55286,900
292,359.0373,2.3289587,514.56586,900
293,572.96173,209.90457,634.1643,900
294,606.20575,232.2215,664.6152,900
295,459.57837,117.09804,545.93005,900
296,390.75143,43.620373,522.01404,900
297,240.61496,-162.95045,478.65335,900
298,284.05075,-83.154755,494.95053,900
299,597.72327,226.80186,653.30347,900
300,609.87933,235.67404,663.5,900
301,535.1572,182.06178,607.82764,900
302,549.4595,192.50198,608.95374,900
303,520.56555,170.62448,591.73083,900
304,118.89591,-213.3854,481.91776,900
305,462.29254,120.79881,547.5612,900
306,498.61218,152.0652,578.1494,900
307,339.3246,-0.57941383,504.3054,900
308,120.700005,-268.50107,464.3838,900
309,342.52863,-6.2189145,522.3367,900
310,458.23785,102.61539,619.9826,900
311,583.5535,216.405,641.887,900
312,436.9217,85.68103,574.42725,900
313,108.97672,-247.09433,481.82156,900
314,351.23468,2.579004,539.2997,900
315,322.2766,-29.181948,489.84927,900
316,246.4115,-135.75691,468.93872,900
317,513.6064,165.99722,587.59485,900
318,426.0858,83.145096,534.5864,900
319,145.55934,-226.15414,468.3303,900
320,332.38983,-28.621687,517.2077,900
321,289.77408,-62.146046,514.6062,900
322,504.90784,157.71506,580.86,900
323,567.3452,205.87105,629.7383,900
324,130.32161,-174.10196,518.9093,900
325,119.15075,-302.62552,501.13135,900
326,107.976074,-310.38654,467.892,900
327,632.81006,249.0111,677.3981,900
328,116.463585,-244.72324,489.99792,900
329,132.36722,-177.24701,484.12155,900
330,681.1143,282.86456,716.62805,900
331,303.1079,-66.078064,529.8308,900
332,506.44922,156.45006,593.14453,900
333,451.83548,116.72893,535.5564,900
334,664.31903,269.48026,707.8611,900
335,432.79865,91.844696,539.2117,900
336,610.26746,234.8125,668.66223,900
337,157.13881,-217.68927,473.2676,900
338,459.50787,113.50696,568.6727,900
339,187.10388,-166.08478,509.08176,900
340,114.300674,-340.06866,462.35245,900
341,478.09128,137.47812,566.24646,900
342,568.1367,207.08334,630.70197,900
343,587.1448,220.24701,645.3482,900
344,496.48828,150.72412,566.381,900
345,723.59235,306.92148,757.2464,900
346,413.14227,65.96262,559.719,900
347,474.26123,132.77281,575.7153,900
348,319.07336,-49.754925,490.8323,900
349,110.72953,-262.1233,486.93924,900
350,199.73972,-134.86826,493.49228,900
351,347.87616,-9.022552,559.4131,900
352,122.04582,-324.88657,473.24957,900
353,151.6347,-225.85431,488.96933,900
354,125.36736,-325.17642,466.1939,900
355,118.379616,-291.31485,499.49646,900
356,537.7797,185.3341,598.39233,900
357,150.98447,-242.066,466.3737,900
358,122.63111,-306.18408,465.69717,900
359,356.28967,8.220556,508.28848,900
360,618.5687,240.43407,673.589,900
361,670.4352,269.53613,723.8734,900
362,139.44836,-257.5097,508.64615,900
363,117.20228,-313.90802,471.47116,900
364,565.7965,206.50008,632.06274,900
365,620.1659,240.98459,672.1115,900
366,439.1286,97.23654,538.7304,900
367,556.88654,197.04579,629.9905,900
368,107.871925,-224.74701,465.9861,900
369,420.3382,75.59981,531.4949,900
370,109.23294,-267.13962,468.56168,900
371,605.8137,232.42142,662.4109,900
372,118.83204,-169.89725,483.05667,900
373,695.4347,283.83536,745.4258,900
374,415.2118,66.73749,557.6416,900
375,114.38126,-289.53592,482.29312,900
376,573.3883,209.10391,638.39795,900
377,144.46405,-211.39651,500.2585,900
378,625.894,244.5218,681.10254,900
379,444.89377,93.45598,568.0812,900
380,125.8684,-136.62454,485.41898,900
381,117.85523,-205.93341,496.16666,900
382,352.38965,-1.7896099,521.0361,900
383,596.3253,225.8954,660.66925,900
384,632.62244,248.23157,687.6743,900
385,466.8681,125.39871,559.0219,900
386,571.9813,207.7298,636.0663,900
387,109.98321,-307.45758,470.22458,900
388,399.1239,51.828266,520.1336,900
389,146.86234,-279.00888,473.90414,900
390,122.89706,-245.71579,508.68796,900
391,527.1421,174.8599,601.8668,900
392,140.76692,-216.88904,478.0118,900
393,209.79355,-158.78955,482.8892,900
394,410.67334,56.204906,564.89575,900
395,133.96176,-164.65149,498.92587,900
396,113.068016,-270.56674,488.7986,900
397,330.23587,-12.1686945,513.55347,900
398,675.4263,278.37808,713.0951,900
399,317.33286,-64.673195,584.3768,900
400,580.88025,213.6489,636.77466,900
401,110.1918,-325.35132,488.3577,900
402,513.4489,165.2381,581.55615,900
403,573.3009,210.07639,633.1381,900
404,509.84314,160.36462,583.1293,900
405,518.1557,168.64539,594.41797,900
406,125.42391,-221.60086,483.88907,900
407,136.44714,-335.80576,475.12997,900
408,502.4213,157.414,575.3751,900
409,560.5202,200.4987,625.75006,900
410,661.97974,274.15625,694.4723,900
411,585.05365,218.83932,646.23816,900
412,144.2775,-241.35522,468.38522,900
413,162.90067,-224.60922,459.6372,900
414,418.0926,72.424484,532.93335,900
415,235.0708,-99.41883,492.48178,900
416,132.77478,-146.22156,505.45096,900
417,269.38025,-72.53121,514.2311,900
418,160.0805,-184.46985,497.55594,900
419,112.138855,-280.3916,484.3721,900
420,529.30554,177.07297,596.9103,900
421,378.0324,32.012413,509.1921,900
422,506.20972,158.71536,581.9116,900
423,160.1481,-202.80055,492.49118,900
424,181.23764,-199.00305,476.8848,900
425,425.5324,82.70035,533.023,900
426,129.90228,-260.6692,479.98578,900
427,107.62429,-276.44443,484.23032,900
428,137.11876,-301.4461,507.25992,900
429,114.209465,-228.62048,494.99026,900
430,134.76665,-157.80644,526.9154,900
431,535.0128,181.70218,602.51416,900
432,177.97107,-180.1824,482.13083,900
433,399.95966,46.717617,524.79565,900
434,136.12717,-260.81152,474.07675,900
435,615.80646,239.03067,671.1018,900
436,625.039,244.61035,679.08264,900
437,117.458595,-294.46075,469.4525,900
438,628.54675,246.75317,681.0156,900
439,211.77422,-148.52576,485.1481,900
440,609.1467,235.15701,664.2551,900
441,606.9755,233.46866,663.2184,900
442,241.00394,-158.07785,518.62256,900
443,263.20465,-144.99112,466.80667,900
444,155.0037,-274.73013,467.98285,900
445,467.1812,124.904236,564.75476,900
446,132.90277,-229.59705,479.95926,900
447,379.8697,31.35094,539.2328,900
448,409.4803,66.65779,524.1656,900
449,328.29077,-28.153244,505.34952,900
450,127.32785,-294.2721,489.16895,900
451,334.12183,-8.192473,495.259,900
452,233.72147,-123.94231,473.03586,900
453,660.6658,265.03693,711.16113,900
454,150.201,-318.4264,494.13083,900
455,334.75183,-25.353966,503.9529,900
456,113.30113,-392.4073,504.21304,900
457,263.148,-102.02345,469.55026,900
458,123.25547,-174.38016,497.34042,900
459,627.7168,245.69858,680.9647,900
460,253.72614,-120.14645,468.30917,900
461,516.156,168.00285,579.70905,900
462,152.22925,-263.5699,475.0861,900
463,124.517876,-191.77882,492.05905,900
464,283.52075,-74.54968,483.54703,900
465,331.29166,-34.96485,531.6458,900
466,122.45039,-200.41675,506.85934,900
467,182.5785,-230.67113,462.9968,900
468,442.97977,99.54195,538.6549,900
469,456.94498,114.02466,559.476,900
470,330.3805,-48.367374,498.96133,900
471,463.1441,118.14279,556.84155,900
472,632.19543,247.8497,690.13934,900
473,132.76462,-307.86432,460.0796,900
474,388.7784,40.021923,532.71423,900
475,348.03827,3.180872,517.16473,900
476,310.7239,-64.14751,534.72534,900
477,697.7434,290.57004,735.6747,900
478,394.55487,44.841217,545.80664,900
479,249.18839,-119.37834,525.07184,900
480,585.90515,218.83133,645.4825,900
481,546.93146,191.51343,611.4519,900
482,117.31611,-176.21384,478.7306,900
483,623.0308,242.5669,679.1735,900
484,364.5216,12.931018,508.75082,900
485,134.94305,-231.21167,504.7097,900
486,544.7702,189.47838,613.44525,900
487,443.30133,105.61032,535.30896,900
488,369.21378,12.250376,538.3068,900
489,615.2749,238.57724,670.1736,900
490,118.3536,-259.88867,474.8392,900
491,230.8021,-169.85391,466.2139,900
492,557.97107,196.9644,634.6371,900
493,293.7853,-70.10571,502.25238,900
494,336.98352,-27.105265,510.50198,900
495,613.8396,237.70483,668.7968,900
496,120.00674,-171.9764,488.0366,900
497,466.9204,127.67592,548.76544,900
0,797.77435,348.76144,810.74713,950
1,134.77396,-119.13852,487.234,950
2,722.71765,302.515,740.76105,950
3,205.0717,-147.28212,522.57324,950
4,135.17107,-124.56972,486.2315,950
5,523.16205,164.82729,623.5857,950
6,756.4031,324.8938,776.435,950
7,557.2738,192.81783,628.59235,950
8,169.66281,-87.418106,519.2703,950
9,342.84375,1.3407928,532.12915,950
10,581.1465,210.79073,635.98724,950
11,604.83136,224.89424,648.77594,950
12,493.57678,135.57216,594.2202,950
13,338.19824,5.4892573,552.4965,950
14,156.38795,-105.30836,505.1131,950
15,614.3977,235.33578,659.79517,950
16,705.4856,294.25333,735.33514,950
17,508.4762,150.04478,603.7393,950
18,192.72575,-87.07265,498.0551,950
19,485.33643,130.95291,617.9903,950
20,633.204,248.16902,672.4007,950
21,704.367,292.91995,731.5269,950
22,455.98987,113.080574,574.42523,950
23,133.8,-132.46619,485.50302,950
24,600.7892,227.40681,663.0184,950
25,645.16296,247.90797,683.66327,950
26,496.91663,139.14497,602.5223,950
27,581.98334,209.29082,636.087,950
28,713.77264,299.0179,741.17865,950
29,573.80835,187.36497,624.66327,950
30,190.69794,-105.5171,521.76776,950
31,480.17358,126.792816,595.1619,950
32,360.76715,-5.192447,572.0076,950
33,145.96548,-118.67802,499.56808,950
34,137.52173,-127.85167,493.53833,950
35,128.55708,-134.21556,477.43658,950
36,138.58339,-106.64707,492.36768,950
37,666.80634,271.42273,699.5474,950
38,148.57536,-130.35167,498.4267,950
39,686.04926,283.1941,715.07025,950
40,531.1957,173.28224,616.59393,950
41,129.19865,-136.39372,480.28967,950
42,214.56337,-107.86806,524.5643,950
43,274.0114,-31.071806,588.78644,950
44,728.98254,310.20364,742.98364,950
45,130.78926,-275.25705,482.3802,950
46,741.0244,314.42575,760.5605,950
47,500.03265,144.42451,595.6484,950
48,176.1745,-82.12948,558.52203,950
49,623.76935,242.89049,679.9981,950
50,203.3352,-61.24405,552.3002,950
51,695.30475,288.6466,724.38654,950
52,511.17816,151.9074,612.1778,950
53,260.4341,-52.01137,523.53094,950
54,734.3644,312.49213,748.5399,950
55,450.97928,97.446884,576.7012,950
56,640.55566,253.62253,677.29865,950
57,625.6697,242.61317,667.4915,950
58,161.54317,-169.04778,518.2196,950
59,662.226,251.74715,696.94073,950
60,717.12085,295.17227,739.7835,950
61,684.94,282.6832,713.8978,950
62,651.82935,258.58688,683.2755,950
63,142.45113,-105.86826,505.31165,950
64,195.71764,-71.57619,536.569,950
65,638.93384,251.726,674.8474,950
66,194.79997,-166.74985,525.35614,950
67,737.3103,311.29343,754.14844,950
68,637.8662,253.48866,676.3591,950
69,185.90405,-76.46419,517.46844,950
70,139.23479,-112.4125,498.99268,950
71,387.38718,25.123104,545.5029,950
72,632.9347,240.12193,676.4344,950
73,160.2607,-104.99425,508.3999,950
74,482.6698,122.02426,569.6909,950
75,137.25314,-110.97542,490.41266,950
76,383.35254,32.09994,543.5115,950
77,438.60358,90.43577,564.7907,950
78,704.4047,293.24188,732.06146,950
79,425.40576,78.90382,597.4787,950
80,218.87901,-106.82971,514.04065,950
81,591.1355,221.74652,672.04376,950
82,134.40219,-111.38886,481.3136,950
83,472.34644,114.02342,579.97614,950
84,288.6353,-42.69154,528.2172,950
85,697.94995,289.9792,727.9268,950
86,573.22314,204.8151,629.4058,950
87,215.85545,-74.30822,517.31104,950
88,173.9424,-82.53868,545.10236,950
89,138.14792,-102.31009,489.25037,950
90,673.46375,276.25238,704.9736,950
91,155.12543,-149.55545,507.91974,950
92,202.951,-154.29042,518.0752,950
93,132.13918,-116.48594,482.93637,950
94,177.2629,-97.380196,502.58612,950
95,404.9353,62.7497,553.1611,950
96,143.54837,-97.615395,504.75104,950
97,182.78477,-76.9582,539.6081,950
98,134.22105,-119.05354,486.50943,950
99,672.70374,275.5034,704.5286,950
100,385.7791,26.404291,553.53064,950
101,679.67883,279.5404,709.4959,950
102,587.7354,217.23302,649.0966,950
103,461.16742,107.61795,584.24945,950
104,730.6942,308.05167,749.6089,950
105,621.7571,240.03831,666.24506,950
106,132.1949,-132.13852,484.53534,950
107,307.62518,15.818409,516.52997,950
108,491.98578,137.0095,589.1524,950
109,629.3456,235.25221,667.6287,950
110,129.54372,-124.74658,476.83026,950
111,119.56012,-190.98856,462.2753,950
112,396.7533,70.13069,563.8694,950
113,441.0518,90.23546,573.9249,950
114,634.0746,250.1382,673.06256,950
115,660.9978,267.37805,693.19763,950
116,170.04004,-90.00357,524.8373,950
117,587.6482,215.09712,641.68317,950
118,610.9501,236.02678,653.78143,950
119,585.14636,218.45259,640.62445,950
120,770.43195,332.75955,785.8326,950
121,480.76416,127.20894,633.29913,950
122,344.67877,-30.823336,547.6995,950
123,220.23103,-111.744354,517.57245,950
124,127.648125,-140.12044,476.20245,950
125,128.32529,-141.78032,473.65253,950
126,151.41997,-97.559364,512.88544,950
127,402.9395,35.200024,538.98596,950
128,156.59827,-179.97374,514.0302,950
129,371.04254,34.40109,560.3138,950
130,131.09105,-130.02266,482.40405,950
131,683.51764,281.72443,712.7595,950
132,558.7802,197.55716,625.99927,950
133,130.53581,-106.76127,476.36536,950
134,162.57228,-121.37283,495.25122,950
135,337.643,6.2650313,548.9869,950
136,410.3083,65.40655,586.34216,950
137,133.0753,-117.158615,484.7675,950
138,138.70613,-98.39536,497.00015,950
139,735.38885,313.10278,749.21124,950
140,532.5625,170.38931,602.27985,950
141,540.2624,179.56804,651.84576,950
142,137.04355,-114.44805,491.9803,950
143,298.9002,-33.733173,572.3763,950
144,702.2193,293.30893,719.42865,950
145,659.20996,265.84866,694.4572,950
146,506.67694,159.05455,614.71185,950
147,322.81842,15.18043,526.2519,950
148,542.56274,167.02705,603.51935,950
149,319.0102,-3.342083,573.75397,950
150,313.1558,-1.9327601,554.62225,950
151,176.71365,-152.55281,529.2954,950
152,513.53516,155.303,630.3424,950
153,489.2841,140.3034,649.9456,950
154,396.14502,57.48869,570.5981,950
155,496.91293,139.69261,597.7759,950
156,133.96114,-113.40091,480.8792,950
157,459.28363,105.29103,575.6743,950
158,695.25134,279.30353,720.80817,950
159,305.7516,21.440897,523.0734,950
160,520.83777,161.54036,619.9631,950
161,594.59106,220.2375,648.85815,950
162,494.58356,137.0197,614.0395,950
163,476.8427,120.530426,585.2734,950
164,186.78148,-152.75385,507.32043,950
165,184.60368,-73.29217,513.71405,950
166,274.62988,-16.716906,617.8122,950
167,125.458916,-210.29605,498.31696,950
168,266.5625,-54.63376,499.11908,950
169,674.8037,276.01685,706.8763,950
170,288.5914,-27.38114,541.6859,950
171,711.0774,297.20325,738.01337,950
172,309.62054,-1.5375603,542.09796,950
173,161.24525,-173.19049,506.17023,950
174,132.658,-111.767654,479.2638,950
175,211.27277,-123.50285,517.2703,950
176,169.00407,-101.19297,517.36554,950
177,675.5636,277.05215,705.37555,950
178,319.23633,17.790379,562.61475,950
179,548.7423,183.81909,605.6739,950
180,125.23105,-161.18462,480.21948,950
181,449.8994,92.41628,566.1259,950
182,516.11597,161.25969,581.77075,950
183,298.9447,-13.821973,526.11847,950
184,724.36096,302.12466,746.2424,950
185,151.79628,-120.41005,502.9297,950
186,663.52734,269.357,698.87335,950
187,301.45184,-87.42121,535.7836,950
188,220.904,-56.092026,496.45056,950
189,410.0841,59.10932,558.185,950
190,564.7184,198.77855,628.3041,950
191,337.1748,4.7809434,516.16327,950
192,464.11676,107.72768,596.6998,950
193,196.5706,-71.22103,536.4362,950
194,186.8709,-75.812416,520.66486,950
195,564.1316,192.82274,634.204,950
196,575.9139,207.45305,639.7946,950
197,130.37677,-138.31009,483.3282,950
198,131.3793,-153.29607,479.49847,950
199,127.14099,-149.30542,478.53796,950
200,185.00243,-210.0113,525.8092,950
201,199.7321,-74.40061,517.10754,950
202,392.07306,67.43686,590.5119,950
203,127.41759,-129.32628,466.76138,950
204,530.68774,169.6103,614.1377,950
205,148.18802,-109.456245,504.49182,950
206,140.95998,-125.42549,485.48578,950
207,679.09735,279.35724,709.45624,950
208,654.4075,264.32486,691.13165,950
209,411.8402,73.71913,635.8319,950
210,654.4893,263.3838,692.9771,950
211,409.18323,59.255295,548.65497,950
212,479.46286,122.2603,601.6418,950
213,676.1831,273.89032,707.98346,950
214,619.4115,240.41422,662.09534,950
215,130.12764,-119.48552,474.36526,950
216,775.7292,334.84644,795.06177,950
217,604.7123,228.76208,653.57196,950
218,154.30867,-119.36113,499.3655,950
219,246.8837,-38.717896,545.5806,950
220,399.93762,45.298412,563.11346,950
221,131.5626,-127.863754,481.07327,950
222,133.89664,-113.32238,480.37335,950
223,135.61855,-140.79274,486.25552,950
224,572.3903,204.90027,627.977,950
225,361.94696,18.60177,536.88544,950
226,141.91519,-147.6391,497.16418,950
227,126.72869,-173.19756,480.61356,950
228,350.17084,-18.52243,538.6861,950
229,361.59253,47.207493,627.94305,950
230,436.45764,97.399734,597.0223,950
231,379.35846,43.576595,542.28326,950
232,781.40063,338.29242,799.915,950
233,669.93066,272.9989,707.2513,950
234,385.58472,72.627075,571.6425,950
235,433.82416,86.71458,552.95685,950
236,426.33356,77.719215,567.9839,950
237,131.37697,-123.09566,481.63916,950
238,525.056,165.32277,613.441,950
239,580.573,211.45798,645.0607,950
240,140.22266,-108.23898,496.86127,950
241,142.70103,-123.7115,493.4662,950
242,387.82727,65.90346,554.0087,950
243,147.05037,-97.02087,503.16605,950
244,124.67071,-174.8543,482.97845,950
245,151.91103,-146.71442,500.1961,950
246,215.02513,-90.98687,531.732,950
247,613.9613,235.6408,656.401,950
248,368.20917,27.287409,579.5645,950
249,178.5712,-87.45165,514.53754,950
250,256.48895,-36.09634,542.8963,950
251,548.2976,187.90881,605.66547,950
252,607.9656,233.56114,661.8265,950
253,469.8962,128.09682,613.37787,950
254,127.866394,-124.09907,466.06345,950
255,925.2755,445.23236,872.6503,950
256,291.26117,-41.485184,520.3117,950
257,124.6185,-159.11705,477.4311,950
258,203.6457,-58.10659,555.1827,950
259,133.01186,-119.814964,485.9118,950
260,355.08533,11.095926,576.32477,950
261,418.63263,59.504665,556.7501,950
262,149.96603,-98.47368,511.6615,950
263,194.19615,-69.911285,562.5852,950
264,427.31555,90.96866,568.17505,950
265,256.31522,-48.885292,534.35944,950
266,136.65967,-135.36168,492.86615,950
267,262.61426,-34.043133,613.7358,950
268,544.37103,181.33156,608.903,950
269,705.48816,294.782,732.76776,950
270,340.29828,11.812062,598.9255,950
271,487.13977,132.31198,591.002,950
272,138.43224,-107.40723,495.8629,950
273,153.68565,-136.49406,504.9994,950
274,551.1672,185.99464,621.1496,950
275,129.68123,-128.41325,473.84094,950
276,141.57884,-105.58094,489.02576,950
277,334.979,6.9234576,529.1037,950
278,726.1216,306.94272,741.5518,950
279,299.01514,-41.30924,569.53033,950
280,386.568,13.7450285,546.94135,950
281,423.481,73.05887,562.8847,950
282,150.5795,-156.74986,510.47418,950
283,517.00146,156.69002,595.21375,950
284,130.40031,-124.201485,473.51306,950
285,538.4366,176.16826,607.3396,950
286,395.84277,67.4941,575.31104,950
287,297.0708,-54.281994,523.8258,950
288,131.32243,-134.75749,477.07343,950
289,507.81635,149.57185,616.44336,950
290,135.7451,-117.95482,487.8776,950
291,646.9944,257.94537,683.7857,950
292,400.61703,64.00435,564.6702,950
293,666.6308,271.398,699.25543,950
294,672.8259,275.25696,704.1411,950
295,440.90292,88.460075,553.6131,950
296,468.9374,113.92606,585.616,950
297,325.4951,-29.375397,541.5225,950
298,380.32242,42.53933,563.715,950
299,667.1953,270.3929,698.423,950
300,673.378,275.52426,703.11115,950
301,593.94165,221.22871,650.5973,950
302,644.17163,255.81525,677.9508,950
303,575.6361,207.94295,639.19476,950
304,129.85893,-125.96652,476.17297,950
305,396.6585,52.07699,537.07245,950
306,593.14124,220.14563,648.24164,950
307,464.30884,115.83507,589.78107,950
308,129.8893,-137.6202,478.42493,950
309,339.0832,18.251448,558.1062,950
310,475.49695,121.794136,644.64996,950
311,594.5098,217.26515,642.66925,950
312,527.8124,167.64987,641.868,950
313,127.2103,-138.03697,471.076,950
314,379.13638,59.074833,577.31396,950
315,346.40387,23.865784,528.59186,950
316,177.9477,-141.62726,496.82056,950
317,614.4458,236.6068,661.2464,950
318,428.4227,75.05226,556.1095,950
319,152.7104,-124.5801,493.35938,950
320,389.04565,49.716057,582.2724,950
321,214.18352,-75.07411,531.90186,950
322,545.3812,182.59276,615.9731,950
323,634.1714,249.14876,672.57623,950
324,149.02255,-99.72531,523.274,950
325,122.288956,-153.36317,470.75027,950
326,123.17027,-169.58412,472.84195,950
327,678.3091,267.35623,707.22614,950
328,131.2662,-124.82822,478.594,950
329,138.50177,-110.73649,496.97723,950
330,754.0732,324.11008,766.3937,950
331,350.71588,28.511637,585.4908,950
332,566.15936,198.77321,640.9483,950
333,623.5299,244.09001,663.8161,950
334,750.68427,320.1593,765.7161,950
335,532.9315,172.7556,615.4749,950
336,673.885,276.1086,705.0444,950
337,161.24927,-116.15909,498.9427,950
338,462.70642,114.59581,586.80005,950
339,254.84935,-38.768837,566.11444,950
340,136.40947,-260.53085,503.28876,950
341,548.38885,182.87221,644.766,950
342,672.2002,274.73468,707.91095,950
343,649.26025,259.60654,684.0417,950
344,535.8958,170.96797,596.3863,950
345,711.1465,311.07428,718.61975,950
346,461.0119,117.200066,605.2085,950
347,530.1395,169.81905,630.3083,950
348,375.14764,28.411608,534.18896,950
349,123.46269,-159.12363,475.83582,950
350,261.35016,-38.682465,553.8764,950
351,380.03943,64.61258,600.77704,950
352,135.50371,-175.87965,494.28183,950
353,224.71608,-67.04642,531.628,950
354,160.24094,-235.2936,523.6864,950
355,147.13692,-147.88423,502.9912,950
356,586.9574,213.98933,633.50226,950
357,170.0364,-134.02304,512.1116,950
358,161.33516,-143.91147,512.5441,950
359,411.12762,73.03976,559.285,950
360,708.5974,295.70477,735.9172,950
361,732.23456,310.35034,755.634,950
362,126.23755,-136.40648,474.2299,950
363,172.7364,-105.6226,511.40668,950
364,616.3241,239.58357,662.94574,950
365,686.4854,277.04056,714.98413,950
366,436.92487,89.188095,568.9942,950
367,598.4411,225.39445,652.9504,950
368,130.22038,-134.06345,480.9118,950
369,454.58777,101.53154,572.72516,950
370,127.67851,-139.54834,475.97244,950
371,655.8594,263.80197,694.0316,950
372,132.1566,-112.04844,477.38184,950
373,738.7035,318.5011,753.53656,950
374,536.5695,175.94981,628.64886,950
375,128.72816,-139.8878,478.63135,950
376,652.5748,262.2042,690.5424,950
377,147.44368,-104.78105,500.61584,950
378,679.4325,279.23248,709.6048,950
379,327.87277,23.409286,541.4287,950
380,149.97871,-96.63109,533.3798,950
381,124.47699,-163.279,478.96466,950
382,232.83147,-68.93553,528.8387,950
383,640.83746,255.45973,680.2985,950
384,738.60913,312.98096,767.09515,950
385,443.264,95.046906,569.3643,950
386,610.6419,231.9763,658.54767,950
387,121.33177,-172.03992,473.6533,950
388,401.3291,60.685806,545.7906,950
389,188.92503,-174.99359,535.7898,950
390,162.71284,-105.95503,515.3016,950
391,549.7992,186.51268,624.2664,950
392,186.8322,-80.4436,510.685,950
393,235.52763,-35.10211,545.52344,950
394,454.9497,111.45021,611.5231,950
395,134.05885,-97.60441,482.45978,950
396,131.95653,-125.11847,479.67557,950
397,240.61647,-28.784594,525.24225,950
398,759.1279,326.3644,771.7702,950
399,386.5969,53.957073,631.9731,950
400,656.51416,260.97043,689.19275,950
401,127.90473,-146.68047,479.5139,950
402,564.94147,197.40346,618.3881,950
403,636.414,251.27153,674.5484,950
404,561.7012,194.24187,619.51556,950
405,563.057,196.08864,638.3653,950
406,162.33199,-93.63214,513.4955,950
407,308.66867,-71.798004,529.3948,950
408,603.4578,227.7933,650.4265,950
409,649.3157,260.99106,686.80383,950
410,725.8998,307.5032,740.48,950
411,641.7547,255.09654,680.3604,950
412,147.07661,-160.99632,500.30173,950
413,205.93475,-133.83293,520.06696,950
414,348.6869,22.051926,528.76843,950
415,219.58368,-42.1086,533.7127,950
416,140.2498,-96.878494,494.32675,950
417,255.82236,-21.271765,546.43646,950
418,131.10323,-120.30031,480.95642,950
419,130.45943,-133.29042,481.34882,950
420,543.08905,179.74031,606.12854,950
421,428.511,66.935196,557.72516,950
422,600.657,225.528,656.4677,950
423,263.45343,-20.275661,559.72565,950
424,294.00574,-40.30041,545.8818,950
425,531.9635,171.13039,606.20953,950
426,154.99902,-115.13068,502.01593,950
427,128.07047,-133.51668,470.39127,950
428,133.36317,-245.30019,520.54376,950
429,133.0942,-121.73374,481.03488,950
430,146.87035,-95.82296,514.64667,950
431,603.38855,227.17857,652.2697,950
432,186.62447,-133.35344,525.957,950
433,504.52197,145.20076,587.6685,950
434,168.3201,-90.18323,517.9959,950
435,671.9496,274.74808,702.63043,950
436,694.81,288.4736,723.6275,950
437,130.61792,-135.889,481.7453,950
438,669.5304,272.56543,699.74286,950
439,159.6879,-118.79323,500.64856,950
440,674.75366,276.5136,704.613,950
441,667.4155,271.81165,699.19525,950
442,206.56125,-68.03841,569.3863,950
443,205.81473,-258.41977,536.7885,950
444,157.27644,-192.29317,505.25726,950
445,475.85876,119.96948,597.31274,950
446,190.02928,-67.449585,543.6274,950
447,404.66663,71.18926,622.3284,950
448,443.0805,90.89345,566.5422,950
449,300.78516,-19.001745,540.3316,950
450,137.351,-131.81383,488.484,950
451,407.57214,87.591156,566.9135,950
452,271.1134,-41.277287,520.1889,950
453,747.3508,317.3196,766.8986,950
454,154.11514,-199.0825,530.73584,950
455,488.72134,131.58644,604.36444,950
456,120.68027,-189.04121,477.58417,950
457,207.36139,-100.48702,507.0112,950
458,134.88408,-107.860466,482.4693,950
459,677.1188,276.69022,706.7805,950
460,268.48145,-34.983006,504.97122,950
461,585.3154,212.64833,634.69507,950
462,204.0334,-112.33107,523.2223,950
463,138.0312,-106.89789,494.52942,950
464,213.6592,-97.27117,518.3289,950
465,224.90068,-53.9715,535.65985,950
466,135.22543,-117.158356,486.48816,950
467,158.69539,-199.22682,506.10367,950
468,453.97266,102.355736,566.44635,950
469,546.94745,184.2479,632.7011,950
470,384.14218,41.605373,526.0068,950
471,541.7417,179.08992,609.625,950
472,671.11395,274.98355,702.4776,950
473,184.65564,-181.88869,528.19476,950
474,424.0509,84.887314,586.9168,950
475,182.7361,-237.19371,536.80505,950
476,382.9289,49.535828,606.14197,950
477,729.7715,310.58878,745.9113,950
478,275.52628,-31.82063,536.7873,950
479,343.93518,39.234287,628.72064,950
480,659.15674,266.26578,692.48395,950
481,576.7942,206.3125,626.2233,950
482,135.43268,-104.86359,487.98047,950
483,694.0406,286.61566,721.5301,950
484,318.27386,-29.383774,542.21063,950
485,150.29575,-118.544754,502.16394,950
486,619.5551,239.98817,666.2594,950
487,504.107,146.03535,597.768,950
488,475.92206,121.65132,597.5462,950
489,670.65594,272.01862,702.0037,950
490,131.4316,-131.1927,484.04724,950
491,194.72395,-239.66142,533.6768,950
492,491.18402,142.58775,614.56537,950
493,332.7041,18.846197,545.2841,950
494,191.05534,-140.5836,509.92258,950
495,654.80383,263.24948,688.8022,950
496,133.35841,-106.875725,483.78586,950
497,520.8313,161.79509,596.4232,950
0,698.99036,281.45395,759.94635,1000
1,138.75145,-231.04475,538.2232,1000
2,635.1739,251.31804,677.3337,1000
3,125.139595,-372.87842,473.24628,1000
4,113.97737,-236.9269,431.90906,1000
5,524.21954,181.7366,594.45123,1000
6,662.6171,264.86472,720.07043,1000
7,472.61395,135.9933,552.9856,1000
8,117.49042,-272.94562,476.05994,1000
9,195.60352,-221.51079,462.37933,1000
10,516.0682,171.11415,586.0499,1000
11,520.1337,172.84961,575.2739,1000
12,420.08118,86.84214,522.6595,1000
13,396.49072,70.53129,502.0141,1000
14,125.77283,-301.51898,488.26788,1000
15,542.9885,193.4501,607.0312,1000
16,639.84375,252.75177,696.0244,1000
17,376.3996,40.526287,502.31622,1000
18,121.34875,-421.5859,502.61197,1000
19,530.8115,188.93712,600.8455,1000
20,526.9686,181.2835,592.44965,1000
21,646.5292,258.06784,697.7805,1000
22,402.39978,72.61651,522.3816,1000
23,127.93664,-252.53386,516.35876,1000
24,548.4941,201.572,607.85736,1000
25,658.65894,269.53885,693.76154,1000
26,590.02747,226.62326,643.23773,1000
27,571.18787,216.92735,625.99176,1000
28,651.6616,261.0226,704.15906,1000
29,593.05396,220.437,636.6597,1000
30,113.30198,-310.27737,456.35022,1000
31,413.19522,80.7418,526.9344,1000
32,203.59987,-229.3444,444.7059,1000
33,126.37986,-264.8985,420.78174,1000
34,134.72504,-203.80894,458.42957,1000
35,124.988594,-276.96286,514.6936,1000
36,152.83147,-211.35887,573.6684,1000
37,591.6247,227.6779,647.17444,1000
38,113.90616,-359.49963,472.1844,1000
39,639.02905,253.45119,692.0965,1000
40,466.2179,134.88202,550.2426,1000
41,128.76251,-263.3143,522.7088,1000
42,120.15089,-310.09427,501.23608,1000
43,177.51546,-84.260826,343.90826,1000
44,641.26385,256.401,682.70764,1000
45,121.4346,-442.72055,507.81506,1000
46,647.56415,259.19882,699.21484,1000
47,492.58917,151.47662,564.1762,1000
48,110.82766,-258.0803,443.09717,1000
49,566.77014,209.28899,648.1566,1000
50,316.45935,34.082836,465.24774,1000
51,629.58136,248.41925,685.2764,1000
52,350.61615,3.7881396,474.25232,1000
53,148.83937,-234.82149,469.59473,1000
54,642.13184,256.78644,683.0451,1000
55,464.696,128.80501,544.9566,1000
56,586.38916,224.19234,643.8465,1000
57,571.058,216.03719,624.68304,1000
58,113.374245,-447.19897,465.83643,1000
59,572.7124,203.05794,622.46533,1000
60,647.14966,260.48178,687.69244,1000
61,630.9978,249.04588,684.91095,1000
62,591.3784,221.41801,634.9938,1000
63,138.89267,-207.132,529.4755,1000
64,128.54865,-186.99026,449.09998,1000
65,584.0841,223.47008,637.6259,1000
66,124.3617,-404.97726,476.29907,1000
67,642.2262,257.50717,681.96674,1000
68,626.1095,247.2285,677.9915,1000
69,131.47566,-227.74979,457.7146,1000
70,134.3872,-239.77852,529.3266,1000
71,426.3369,83.645645,514.9927,1000
72,606.6177,232.56358,653.30304,1000
73,292.7704,-8.336731,432.0931,1000
74,432.37598,74.420105,517.41223,1000
75,145.47768,-211.09384,549.6503,1000
76,219.0464,-211.0045,477.07367,1000
77,343.95862,0.15898167,476.30383,1000
78,661.17725,269.40933,706.7314,1000
79,432.58472,111.232475,518.6474,1000
80,152.50006,-296.7039,473.54926,1000
81,633.2728,247.56926,710.22546,1000
82,142.70195,-226.10709,548.83,1000
83,375.03934,33.137245,496.8471,1000
84,141.53006,-291.17703,466.62274,1000
85,630.6126,247.99687,689.6308,1000
86,497.23468,155.08278,559.7819,1000
87,160.80751,-176.50587,448.53473,1000
88,139.81621,-224.50388,538.56586,1000
89,135.8946,-85.34722,370.00775,1000
90,626.0865,246.81004,678.7178,1000
91,117.55259,-398.74402,476.70184,1000
92,126.670265,-417.71417,486.16977,1000
93,146.14748,-215.71812,554.3869,1000
94,234.11916,-162.83138,454.27917,1000
95,313.87305,-36.207066,477.64948,1000
96,175.42935,-189.2451,637.10406,1000
97,120.889595,-202.86317,456.96948,1000
98,138.5393,-225.18117,534.8222,1000
99,621.2308,244.18823,674.54486,1000
100,294.27734,-84.18971,465.4693,1000
101,617.47284,242.64285,670.65735,1000
102,459.7865,128.97856,539.6734,1000
103,399.5076,65.97872,507.52298,1000
104,669.3725,273.08713,708.1055,1000
105,537.5272,187.69548,599.26263,1000
106,127.25379,-267.53836,517.7173,1000
107,207.72029,-151.53752,453.75385,1000
108,422.51794,83.82123,511.07092,1000
109,568.5105,205.9687,613.8288,1000
110,119.77366,-209.77867,470.9601,1000
111,130.64456,-258.75943,526.63666,1000
112,242.78638,-76.01622,436.42825,1000
113,316.47284,-22.94491,462.43152,1000
114,566.9353,211.42534,624.20355,1000
115,591.72034,228.15332,643.45703,1000
116,133.89938,-243.04805,529.5174,1000
117,526.5598,180.59465,596.11774,1000
118,549.9397,196.92485,603.98975,1000
119,545.20953,196.86154,601.0661,1000
120,661.73114,268.7195,706.3953,1000
121,484.50986,157.93193,569.5562,1000
122,205.48392,-227.55656,446.92648,1000
123,139.61154,-354.24588,475.6371,1000
124,116.62661,-332.60117,485.43823,1000
125,113.904236,-274.50305,469.9049,1000
126,112.74604,-176.74997,428.047,1000
127,506.48016,159.947,571.1823,1000
128,250.7326,-99.34381,413.34888,1000
129,315.70538,-9.04335,461.71716,1000
130,138.71432,-228.97716,537.1628,1000
131,623.9948,246.27457,675.4229,1000
132,486.39383,149.23076,556.06213,1000
133,132.26074,-236.99687,522.32434,1000
134,131.37816,-267.98932,470.58563,1000
135,416.16284,98.50456,514.1391,1000
136,213.62904,-107.21008,411.2336,1000
137,135.46255,-234.10704,529.94086,1000
138,138.9412,-217.02443,533.69794,1000
139,638.80396,254.91837,679.73724,1000
140,494.51733,156.2122,566.56525,1000
141,569.7919,217.22523,633.9643,1000
142,148.75812,-205.42174,557.49756,1000
143,225.5862,-138.73595,422.70538,1000
144,624.6312,244.05449,667.9186,1000
145,604.0854,234.89558,658.06866,1000
146,630.64764,256.01505,672.26776,1000
147,236.5444,-68.35332,447.25952,1000
148,564.31006,193.30305,615.166,1000
149,201.15123,-136.79716,405.30927,1000
150,124.82878,-266.56543,473.4604,1000
151,146.74275,-369.48285,471.01123,1000
152,581.3127,220.38004,660.39874,1000
153,630.46045,245.64726,699.77545,1000
154,378.06927,44.973446,495.81204,1000
155,431.82547,99.60991,532.10016,1000
156,146.63506,-211.64343,554.0665,1000
157,455.70038,121.278114,543.8415,1000
158,632.29663,248.36784,674.7431,1000
159,246.08926,-48.15067,458.47836,1000
160,475.80475,143.82086,556.59143,1000
161,550.192,200.26634,618.1253,1000
162,523.8976,183.79025,592.3404,1000
163,337.69913,-17.006384,478.50684,1000
164,307.1435,-79.961365,484.08942,1000
165,147.86378,-172.64296,464.87723,1000
166,229.20908,-31.282183,398.84024,1000
167,109.59882,-349.88956,465.76755,1000
168,240.81096,-194.37888,487.53204,1000
169,614.9586,241.10289,670.4338,1000
170,163.708,-199.10184,451.62158,1000
171,639.3291,254.9897,688.04144,1000
172,171.8607,-192.73999,451.2159,1000
173,121.72631,-394.20074,479.83264,1000
174,141.57967,-221.69669,542.7029,1000
175,119.41977,-415.1699,486.5265,1000
176,107.62037,-311.71637,435.08405,1000
177,628.3419,249.01407,679.12213,1000
178,188.9312,-120.1067,425.98865,1000
179,524.69507,173.34557,583.9985,1000
180,135.97957,-317.68704,450.68256,1000
181,414.9646,70.79838,513.1203,1000
182,433.60712,91.205894,518.20715,1000
183,163.42128,-221.11702,460.03113,1000
184,631.54553,250.77094,674.6115,1000
185,122.68778,-295.19608,471.90842,1000
186,631.9835,249.92683,690.2645,1000
187,391.68277,47.088116,486.90533,1000
188,144.11617,-280.93143,481.09283,1000
189,336.86993,-15.338108,484.13947,1000
190,564.9364,208.11195,625.86255,1000
191,195.57597,-242.08815,478.1977,1000
192,424.41675,98.8717,518.7316,1000
193,205.58852,-59.824314,392.6521,1000
194,117.96888,-248.51945,478.4387,1000
195,596.60895,245.10419,628.9677,1000
196,532.7765,187.19292,609.3246,1000
197,120.50288,-284.8898,497.56006,1000
198,122.44578,-351.4407,470.2997,1000
199,126.42387,-274.77322,518.4927,1000
200,147.36282,-406.83133,500.9975,1000
201,153.61705,-210.18697,458.8357,1000
202,209.8848,-107.8722,434.24048,1000
203,132.7441,-250.21458,529.4039,1000
204,553.81555,202.36443,619.77435,1000
205,123.3523,-300.22827,472.94086,1000
206,126.51305,-263.44156,515.50964,1000
207,646.2723,259.1175,695.6744,1000
208,612.81476,240.14857,669.0378,1000
209,589.7869,233.34723,641.21814,1000
210,612.4787,240.01164,668.67487,1000
211,268.22375,-128.30173,475.27847,1000
212,330.9513,7.264248,472.10248,1000
213,635.9986,252.25371,681.7313,1000
214,573.5582,216.60774,632.77277,1000
215,110.75126,-295.64426,460.30173,1000
216,667.7149,268.53073,723.0119,1000
217,590.6147,225.27554,642.5826,1000
218,130.1852,-256.5183,524.799,1000
219,146.60094,-178.66292,446.1269,1000
220,319.17383,-19.621786,458.5758,1000
221,133.12239,-244.7213,528.1513,1000
222,136.61086,-237.40222,534.71716,1000
223,122.014656,-300.85342,504.2931,1000
224,328.7987,-48.119564,483.62332,1000
225,210.60265,-245.5971,485.58646,1000
226,150.92374,-193.15266,430.0313,1000
227,115.25181,-368.54483,483.51733,1000
228,292.30188,-114.88407,481.6181,1000
229,310.52136,68.45234,426.95782,1000
230,361.72308,51.987644,496.12512,1000
231,433.66467,101.344666,535.62866,1000
232,672.0176,271.78613,724.2832,1000
233,623.66754,242.27538,689.9543,1000
234,360.63257,40.260265,496.7751,1000
235,339.72552,-38.24898,493.26,1000
236,307.36835,-41.58128,468.7874,1000
237,139.0895,-227.00523,537.5412,1000
238,449.7749,117.95295,537.0135,1000
239,582.7563,221.17802,643.6382,1000
240,120.24823,-235.10158,486.30804,1000
241,118.780846,-284.48853,488.4369,1000
242,269.2948,-42.217697,446.99612,1000
243,140.22783,-213.67378,535.9522,1000
244,123.52026,-417.93564,514.2257,1000
245,132.17802,-291.55728,478.83453,1000
246,119.77575,-361.327,426.75854,1000
247,524.76715,179.39955,587.41205,1000
248,441.1103,129.7624,525.7307,1000
249,124.59707,-186.09404,442.45337,1000
250,125.517975,-277.12378,473.14282,1000
251,547.75793,193.4821,593.12714,1000
252,583.74585,224.61897,639.35803,1000
253,400.48083,90.11695,522.20795,1000
254,135.33205,-238.87108,531.78296,1000
255,959.0888,447.11783,928.049,1000
256,168.95226,-248.25339,470.2266,1000
257,120.4903,-334.78888,505.46515,1000
258,218.63622,-19.657494,453.05234,1000
259,136.86433,-231.79332,533.04736,1000
260,170.67856,-271.16568,462.84683,1000
261,392.7375,45.229992,497.35382,1000
262,115.24018,-212.02599,459.0122,1000
263,148.91444,-92.04579,439.13666,1000
264,331.93408,2.0657942,473.32092,1000
265,187.02386,-122.45692,435.43524,1000
266,120.87052,-347.51404,510.7824,1000
267,250.50665,7.1332574,402.24432,1000
268,466.10474,127.20539,542.74036,1000
269,653.2428,262.09238,705.4305,1000
270,476.01465,159.91542,566.664,1000
271,392.32275,61.58462,511.96725,1000
272,136.88411,-194.85251,520.43787,1000
273,119.129585,-323.58902,494.15717,1000
274,475.401,139.56862,559.3564,1000
275,140.99358,-227.7423,543.9964,1000
276,107.05442,-295.29504,446.98712,1000
277,244.12706,-144.60057,460.20523,1000
278,649.78394,261.87415,689.6186,1000
279,386.01044,80.1941,487.0401,1000
280,199.33281,-314.87448,508.38593,1000
281,422.11792,84.26009,523.13654,1000
282,127.048874,-369.7761,442.4594,1000
283,394.6707,54.511578,500.28894,1000
284,146.12077,-210.84901,552.048,1000
285,462.95105,128.9011,550.9089,1000
286,371.81418,44.386864,498.13812,1000
287,309.45502,-78.905815,474.29175,1000
288,120.07315,-314.28146,494.09628,1000
289,444.40472,113.81629,540.1567,1000
290,120.75666,-283.38705,499.17578,1000
291,578.95935,220.33281,635.13654,1000
292,391.10864,54.625286,501.63568,1000
293,632.2527,250.55272,684.2751,1000
294,617.95044,241.66972,676.00507,1000
295,447.5656,112.9928,534.11194,1000
296,412.79056,79.21574,519.0236,1000
297,363.66174,21.998634,482.70822,1000
298,388.8281,53.95576,496.77448,1000
299,598.61847,232.65305,648.16113,1000
300,611.5304,240.06993,661.39233,1000
301,570.6116,213.71239,635.8853,1000
302,573.6791,214.50053,620.28424,1000
303,609.0294,238.51183,661.3467,1000
304,133.37318,-237.04366,525.67474,1000
305,424.9057,89.12535,515.7314,1000
306,536.9568,188.92299,606.83264,1000
307,347.03583,20.42991,482.25696,1000
308,122.98054,-320.66727,513.07465,1000
309,348.41727,43.26012,481.82465,1000
310,547.53,202.35573,621.98676,1000
311,544.9967,191.0671,599.3151,1000
312,527.1813,184.31758,626.0498,1000
313,136.51436,-236.10805,533.89294,1000
314,133.02368,-266.65518,465.9726,1000
315,236.0316,-140.62035,463.75894,1000
316,154.6418,-295.42264,479.01505,1000
317,556.45337,204.0537,619.8566,1000
318,441.78302,112.24361,527.46906,1000
319,121.72033,-306.4631,476.87445,1000
320,297.0441,-33.035763,444.7798,1000
321,113.86201,-255.973,462.15143,1000
322,475.49976,139.6873,559.4497,1000
323,589.7393,227.41107,643.6457,1000
324,155.08861,-209.1892,580.3318,1000
325,105.39976,-370.3494,403.9159,1000
326,123.37499,-399.05286,481.82257,1000
327,636.5704,252.57219,678.5767,1000
328,137.93802,-230.60551,535.5452,1000
329,124.15943,-232.43611,496.26898,1000
330,650.06915,261.56754,690.2121,1000
331,161.48518,-174.87437,422.57614,1000
332,483.23022,149.44887,576.9676,1000
333,573.327,215.02467,625.1951,1000
334,643.77515,259.02505,683.3453,1000
335,485.61215,146.0987,563.7752,1000
336,634.01196,251.24371,687.88837,1000
337,127.19007,-274.254,487.56274,1000
338,415.13873,89.44819,531.7031,1000
339,116.38954,-286.35107,482.29065,1000
340,121.99207,-491.40228,508.91632,1000
341,534.21625,197.36278,596.32635,1000
342,616.2294,241.22002,677.7674,1000
343,587.0635,225.46455,639.18134,1000
344,529.63184,181.28741,586.44745,1000
345,707.3236,292.83096,748.2861,1000
346,328.85242,19.792889,469.31323,1000
347,477.5194,151.74257,556.436,1000
348,277.37,-104.53988,474.04166,1000
349,129.38573,-257.0018,520.84045,1000
350,220.40054,-27.004723,437.535,1000
351,375.37915,68.375114,508.91092,1000
352,111.83521,-372.8765,460.65613,1000
353,278.49106,-59.099857,452.3073,1000
354,116.26042,-432.88828,485.13574,1000
355,126.175316,-308.16232,404.575,1000
356,557.5547,202.5421,608.2199,1000
357,116.12313,-355.90903,478.3567,1000
358,116.82519,-403.6456,463.6178,1000
359,367.5611,28.783455,494.35898,1000
360,625.3921,248.04305,675.66095,1000
361,659.94244,264.7059,714.1209,1000
362,128.76364,-261.6692,521.08655,1000
363,130.36024,-338.51913,459.47247,1000
364,580.1011,220.11852,638.9567,1000
365,604.8314,231.90256,648.298,1000
366,403.68036,63.37242,511.8413,1000
367,441.45996,106.07534,536.7746,1000
368,134.89897,-235.14427,528.96716,1000
369,446.37518,113.529015,530.8757,1000
370,126.37214,-257.1777,513.12427,1000
371,590.5663,226.6735,650.1533,1000
372,139.84758,-227.7578,540.34875,1000
373,692.7005,291.30353,727.61066,1000
374,270.3966,-90.961914,455.46356,1000
375,121.389275,-292.9126,502.22687,1000
376,577.00793,218.15825,638.193,1000
377,110.91035,-261.32596,440.65375,1000
378,624.8202,246.51855,677.4389,1000
379,316.2179,-10.777927,461.67487,1000
380,148.78557,-193.45833,553.84576,1000
381,134.67633,-237.79424,529.2723,1000
382,316.72617,-2.4987218,462.33698,1000
383,610.0288,238.15135,666.44366,1000
384,647.0708,255.55077,708.47675,1000
385,368.34076,33.9816,489.9193,1000
386,613.3581,239.02351,670.70734,1000
387,121.44575,-314.50928,506.80615,1000
388,339.6643,-8.599377,481.0976,1000
389,112.26377,-415.08292,456.2079,1000
390,102.81709,-275.6217,425.12387,1000
391,502.18103,163.29631,574.36835,1000
392,131.00821,-205.74834,456.6121,1000
393,347.77673,41.393757,470.26672,1000
394,275.74246,-37.114544,457.9469,1000
395,95.2055,-282.1179,394.93408,1000
396,134.78012,-244.25365,532.695,1000
397,244.65181,-52.6265,433.75677,1000
398,646.6548,260.93832,685.4781,1000
399,498.8681,179.27417,581.6594,1000
400,577.2549,212.03069,623.74786,1000
401,129.004,-264.15723,522.8657,1000
402,534.1333,184.10794,597.25726,1000
403,612.88403,239.97456,665.334,1000
404,441.0437,103.37786,531.17957,1000
405,538.08606,192.93553,609.39856,1000
406,128.48738,-213.08516,452.6333,1000
407,117.48416,-459.97342,505.97833,1000
408,516.36865,172.76378,576.39435,1000
409,561.122,208.86624,625.29584,1000
410,597.4989,224.97017,642.3595,1000
411,618.56885,242.86543,673.46124,1000
412,115.29092,-329.47366,475.41986,1000
413,126.882515,-365.27615,464.72278,1000
414,253.79999,-108.80877,458.0396,1000
415,216.72807,-88.29579,435.1361,1000
416,136.01282,-184.61812,514.81604,1000
417,133.69377,-240.8131,457.25137,1000
418,124.79752,-260.74814,508.7162,1000
419,125.59861,-263.91272,512.1315,1000
420,542.1865,193.20523,600.966,1000
421,526.04877,179.4757,590.82465,1000
422,502.354,162.81235,575.3387,1000
423,205.2878,-101.06524,427.7595,1000
424,369.1433,39.311398,482.47406,1000
425,424.56506,90.9356,527.03076,1000
426,124.93637,-285.02005,449.90408,1000
427,133.4495,-246.09834,529.6196,1000
428,120.843346,-353.79175,511.57867,1000
429,144.58293,-216.96599,550.2485,1000
430,190.39732,-190.11412,684.6746,1000
431,523.6395,177.80165,594.12823,1000
432,116.02159,-349.0024,453.2728,1000
433,466.221,132.50249,542.9754,1000
434,113.75032,-246.61208,464.64014,1000
435,620.01855,243.96095,672.22217,1000
436,628.7191,248.63214,680.85114,1000
437,134.7176,-238.6909,530.0368,1000
438,609.84674,239.38847,655.9692,1000
439,117.65555,-328.32486,470.56006,1000
440,615.8835,241.84749,668.0421,1000
441,597.74426,231.976,651.04364,1000
442,105.604095,-266.08792,433.289,1000
443,295.08884,-157.21329,495.63898,1000
444,173.68416,-284.68073,470.73883,1000
445,540.7859,195.51556,607.6506,1000
446,134.09157,-176.0638,460.2392,1000
447,536.5344,200.43985,605.1898,1000
448,295.88434,-66.40296,471.80475,1000
449,148.23308,-230.87001,455.54034,1000
450,115.53089,-366.78934,485.3695,1000
451,430.70056,103.7726,537.4228,1000
452,291.13736,-70.19959,448.47693,1000
453,635.1925,251.88089,685.3007,1000
454,120.084435,-337.13785,507.07404,1000
455,220.95113,-136.3115,417.51312,1000
456,115.158424,-482.29907,490.964,1000
457,142.2194,-337.84714,478.2363,1000
458,157.96321,-207.11365,588.78046,1000
459,610.15625,237.83946,661.4119,1000
460,374.02493,39.125004,497.36133,1000
461,511.35263,166.20305,571.7249,1000
462,201.82939,-220.7631,455.32812,1000
463,132.68451,-228.74791,521.7154,1000
464,151.82744,-243.20598,448.6529,1000
465,362.41302,46.82877,488.16998,1000
466,144.07959,-211.65883,545.5398,1000
467,136.86777,-412.31204,491.19562,1000
468,390.73523,48.662563,510.54333,1000
469,504.9431,168.54384,580.7323,1000
470,432.82214,94.805244,519.05554,1000
471,463.62958,126.72647,553.64703,1000
472,675.1128,281.35318,712.03925,1000
473,121.14622,-373.6165,504.7547,1000
474,446.90472,118.304955,540.05963,1000
475,330.91174,-7.0672483,441.64624,1000
476,264.66772,-33.52978,428.22464,1000
477,657.0052,266.13586,698.40985,1000
478,411.47662,97.301735,519.229,1000
479,507.7776,176.74402,590.95636,1000
480,577.63635,218.94595,634.82526,1000
481,533.1396,182.8454,588.29193,1000
482,129.08711,-248.34264,516.8411,1000
483,637.79095,253.55977,690.523,1000
484,270.2098,-107.86048,458.23,1000
485,116.60292,-297.05344,481.86627,1000
486,580.6963,220.20497,644.4475,1000
487,431.0319,96.503654,522.1166,1000
488,505.92432,161.85614,578.5993,1000
489,611.6904,237.81732,656.70355,1000
490,120.77287,-239.3537,487.00446,1000
491,351.61057,-6.230089,484.35406,1000
492,597.3718,227.3051,669.6879,1000
493,226.67262,-74.97848,427.9915,1000
494,401.9588,78.054276,495.2624,1000
495,620.92694,244.69156,673.33356,1000
496,131.52986,-240.44757,521.5963,1000
497,491.97156,151.51619,563.9693,1000
