,x,y,z,iter
0,480.80823,-50.53198,710.5751,50
1,213.93878,-428.24948,842.75757,50
2,392.20752,-34.789223,573.1277,50
3,236.90854,-474.71606,933.93555,50
4,225.74554,-452.1448,889.6349,50
5,240.02438,-480.87375,946.06256,50
6,483.00754,-48.657227,711.7434,50
7,151.4345,-302.57675,595.9094,50
8,166.64,-333.15634,655.95935,50
9,123.00861,-245.5973,483.99573,50
10,112.236565,-223.8492,441.41754,50
11,378.90204,-42.626736,562.927,50
12,121.09731,-241.75438,476.4546,50
13,144.67055,-289.00793,569.245,50
14,134.90474,-269.43542,530.7948,50
15,90.71362,-179.57208,355.54553,50
16,406.7369,-44.801056,603.2672,50
17,129.98854,-259.57306,511.45206,50
18,121.827,-243.20853,479.31696,50
19,111.46302,-222.28877,438.34128,50
20,147.63545,-31.263016,236.22047,50
21,413.5425,-44.859203,612.65796,50
22,110.23285,-219.77345,433.47736,50
23,137.15694,-273.9737,539.6841,50
24,97.41736,-193.49355,382.36798,50
25,386.45117,-42.893517,573.5441,50
26,157.59601,-314.94907,620.21344,50
27,25.060057,-25.807173,66.80433,50
28,93.524,-22.488674,152.62128,50
29,479.74982,-50.65085,709.231,50
30,198.92352,-398.05066,783.4176,50
31,120.69727,-240.93385,474.84888,50
32,233.65742,-467.98996,920.74396,50
33,156.44986,-312.6423,615.6796,50
34,216.91992,-434.34927,854.6706,50
35,126.05175,-251.71312,495.99838,50
36,243.38982,-487.7331,959.48303,50
37,112.08733,-223.50255,440.76105,50
38,169.09973,-338.07584,665.62274,50
39,325.86685,-38.886337,486.52927,50
40,148.78139,-297.2717,585.47644,50
41,254.2798,-509.56766,1002.40466,50
42,224.96817,-450.5513,886.53564,50
43,262.05206,-525.29724,1033.2587,50
44,385.5511,-34.02065,563.21484,50
45,195.90073,-391.98203,771.52765,50
46,459.99203,-45.38837,676.9484,50
47,128.68478,-256.97894,506.34604,50
48,326.18854,-654.3159,1286.7784,50
49,173.36,-346.6451,682.4747,50
50,196.32513,-392.85425,773.221,50
51,426.07886,-46.431202,631.4163,50
52,140.29385,-280.24057,552.0144,50
53,121.85614,-243.24254,479.38843,50
54,402.28256,-36.206837,588.405,50
55,152.88646,-305.52423,601.6691,50
56,318.235,-38.36933,475.61035,50
57,93.15667,-184.63873,365.28644,50
58,246.20157,-493.3232,970.5113,50
59,436.85672,-45.176205,644.9084,50
60,396.51236,-40.82688,585.2094,50
61,427.05997,-46.598362,632.9288,50
62,342.43558,-39.366974,509.65094,50
63,401.932,-806.69836,1586.149,50
64,196.0655,-392.3362,772.17487,50
65,88.597565,-174.94598,347.01248,50
66,225.99316,-452.5989,890.5498,50
67,375.70068,-32.827198,548.4866,50
68,103.60554,-206.29701,407.1582,50
69,152.28578,-304.3058,599.3049,50
70,315.97842,-633.76324,1246.3988,50
71,122.029755,-243.63466,480.14093,50
72,87.88416,-173.50372,344.1836,50
73,202.5849,-405.4556,797.9632,50
74,94.80437,-188.00987,371.8028,50
75,226.57974,-453.79062,892.8827,50
76,176.04965,-352.0571,693.0927,50
77,180.8965,-361.78638,712.2112,50
78,391.18076,-43.27207,580.409,50
79,139.41875,-278.4693,548.5585,50
80,136.60483,-272.83282,537.47266,50
81,174.78737,-349.54282,688.1443,50
82,506.71405,-1017.43994,2000.1927,50
83,160.07925,-319.9565,630.036,50
84,162.4615,-324.7354,639.43506,50
85,429.9024,-46.961727,637.1938,50
86,138.89229,-277.4158,546.48193,50
87,224.96765,-450.5622,886.5487,50
88,150.29298,-300.32913,591.4482,50
89,333.1391,-668.3171,1314.2635,50
90,90.72759,-179.62141,355.5971,50
91,272.77087,-546.60345,1075.2118,50
92,170.16263,-340.23062,669.8461,50
93,293.07037,-587.6554,1155.8068,50
94,171.71585,-343.341,675.989,50
95,157.2095,-314.1793,618.6963,50
96,325.37927,-652.79974,1283.7068,50
97,243.09297,-486.98413,958.06506,50
98,243.32051,-487.4754,959.0427,50
99,89.601685,-177.16914,351.1018,50
100,129.29642,-258.21185,508.7573,50
101,243.51605,-48.27348,385.979,50
102,123.58189,-246.76712,486.2348,50
103,147.87231,-295.43637,581.8856,50
104,424.0161,-40.770313,622.8999,50
105,99.10122,-196.99658,389.1365,50
106,249.00389,-498.84592,981.36755,50
107,141.31247,-282.27615,556.01544,50
108,138.3178,-276.2868,544.257,50
109,403.66562,-44.480553,598.7366,50
110,176.67035,-353.32806,695.5748,50
111,226.47821,-453.48083,892.3104,50
112,121.57716,-242.72897,478.38773,50
113,119.06922,-237.67827,468.45294,50
114,155.41858,-310.5656,611.6133,50
115,395.00388,-43.78848,586.1626,50
116,206.78693,-413.92456,814.5879,50
117,96.59436,-191.78896,379.06027,50
118,238.09064,-477.0786,938.5945,50
119,134.7542,-269.13785,530.23596,50
120,423.30344,-45.577393,626.72577,50
121,210.05295,-420.56683,827.59485,50
122,139.13017,-277.90317,547.43665,50
123,219.63286,-439.7831,865.3695,50
124,311.7355,-625.23987,1229.6375,50
125,191.31679,-382.889,753.5665,50
126,193.76495,-387.71677,763.12964,50
127,102.093834,-203.25153,401.2031,50
128,169.58487,-339.04553,667.5675,50
129,128.06348,-255.72374,503.85657,50
130,94.92179,-188.43071,372.46814,50
131,392.7557,-43.49537,582.7934,50
132,188.62941,-377.40585,742.8541,50
133,258.16412,-517.4158,1017.81213,50
134,188.98888,-378.08273,744.21643,50
135,122.871124,-245.33533,483.45496,50
136,156.19939,-312.1645,614.74457,50
137,177.72101,-355.45175,699.7567,50
138,172.13419,-344.17337,677.61206,50
139,391.432,-34.812164,572.0889,50
140,96.68467,-191.96454,379.41568,50
141,139.2151,-278.0738,547.77606,50
142,209.58684,-419.61115,825.7713,50
143,146.52856,-292.75305,576.5898,50
144,420.58893,-46.127766,623.5854,50
145,241.52597,-42.720013,376.9433,50
146,211.35753,-423.09216,832.6211,50
147,120.47235,-240.50578,474.00742,50
148,374.38956,-41.45318,555.5626,50
149,120.41249,-240.39282,473.7693,50
150,219.94205,-440.33084,866.4511,50
151,234.99365,-470.75626,926.1954,50
152,144.79413,-289.2306,569.72253,50
153,160.1472,-320.08362,630.3188,50
154,157.7388,-315.2472,620.7903,50
155,121.54709,-242.66872,478.23874,50
156,190.99295,-382.19507,752.2306,50
157,155.86928,-311.49753,613.4354,50
158,414.2255,-37.75483,606.39685,50
159,201.0372,-402.389,791.93066,50
160,119.36119,-238.26065,469.59497,50
161,93.89469,-186.14705,368.19794,50
162,112.10164,-223.58864,440.885,50
163,231.48149,-463.62793,912.2063,50
164,217.94527,-436.40738,858.755,50
165,207.20396,-414.81564,816.3118,50
166,217.0549,-434.5359,855.1095,50
167,289.73135,-580.9184,1142.5865,50
168,121.41398,-242.37325,477.63647,50
169,304.2397,-37.591988,455.74945,50
170,137.65807,-274.95547,541.6487,50
171,334.0322,-38.386333,497.16833,50
172,140.57942,-280.8158,553.1457,50
173,228.17967,-456.93964,899.09735,50
174,232.85281,-466.60596,917.96436,50
175,275.7929,-552.9886,1087.6637,50
176,136.99268,-273.6045,539.0055,50
177,427.8679,-46.386524,633.81946,50
178,135.83316,-271.29294,534.44714,50
179,155.79913,-311.36896,613.1706,50
180,261.62793,-524.3174,1031.3766,50
181,136.11824,-271.88412,535.59235,50
182,123.0643,-245.73396,484.261,50
183,175.94974,-351.88504,692.7422,50
184,424.7235,-39.57107,622.6654,50
185,185.79912,-371.6822,731.6428,50
186,203.7098,-31.629866,312.60852,50
187,189.49275,-379.1203,746.24286,50
188,138.51659,-276.68042,545.02277,50
189,151.9321,-303.59262,597.8822,50
190,105.20466,-209.56754,413.521,50
191,136.87897,-273.41263,538.58856,50
192,146.40239,-292.47534,576.06006,50
193,174.64275,-349.22073,687.5184,50
194,191.15462,-382.5016,752.8486,50
195,93.49817,-185.33595,366.63318,50
196,92.753716,-183.80414,363.638,50
197,177.15826,-354.26917,697.43097,50
198,167.48883,-334.82532,659.2552,50
199,206.44272,-413.20935,813.1874,50
200,194.1519,-388.49622,764.65857,50
201,131.62646,-262.87436,517.91266,50
202,198.73222,-397.77893,782.8523,50
203,194.68777,-389.6368,766.84875,50
204,130.28748,-260.1637,512.5943,50
205,184.23372,-368.50055,725.3886,50
206,142.35774,-284.37073,560.13434,50
207,100.50206,-199.91873,394.78052,50
208,109.158134,-217.62279,429.23685,50
209,123.05872,-245.69493,484.15005,50
210,98.836494,-196.42096,388.0455,50
211,133.54187,-266.7193,525.4537,50
212,108.3503,-215.98135,426.04608,50
213,153.92072,-32.10914,246.08029,50
214,93.33192,-185.03024,365.97803,50
215,214.77545,-429.96582,846.0769,50
216,429.25665,-46.725945,636.06757,50
217,94.12881,-186.65279,369.1432,50
218,111.80915,-222.98543,439.73315,50
219,187.73654,-375.60382,739.31824,50
220,177.41707,-354.81116,698.50934,50
221,183.00294,-366.03577,720.5538,50
222,352.6551,-707.57526,1391.3605,50
223,210.89955,-422.17322,830.79346,50
224,174.09512,-348.14725,685.4147,50
225,146.27509,-292.2435,575.5985,50
226,199.97769,-400.17932,787.6168,50
227,106.10956,-211.49461,417.23413,50
228,125.644,-250.86554,494.32507,50
229,310.32556,-622.4911,1224.2172,50
230,167.55734,-334.98145,659.56177,50
231,156.08846,-311.9393,614.2988,50
232,405.95105,-44.995155,602.3809,50
233,92.064186,-182.36021,360.89868,50
234,174.84343,-349.63205,688.31683,50
235,234.96416,-470.7105,926.086,50
236,153.91957,-307.59302,605.7283,50
237,171.14986,-342.2083,673.76105,50
238,138.80544,-277.2387,546.14514,50
239,142.03322,-283.7236,558.8682,50
240,215.00551,-430.42947,847.01025,50
241,201.79715,-403.85678,794.84467,50
242,126.47566,-252.5473,497.6399,50
243,123.22379,-246.00725,484.7788,50
244,166.21681,-332.268,654.2408,50
245,211.76376,-423.89584,834.1928,50
246,296.3127,-594.1702,1168.6053,50
247,124.97046,-249.53926,491.75366,50
248,256.414,-513.85406,1010.82935,50
249,214.13417,-428.78763,843.7406,50
250,178.712,-357.38748,703.5828,50
251,72.12525,-142.26924,282.19205,50
252,110.970665,-221.29915,436.4465,50
253,122.56916,-244.67886,482.19025,50
254,316.43597,-634.87604,1248.5051,50
255,98.37708,-195.53728,386.27722,50
256,118.73957,-236.98755,467.1154,50
257,135.95108,-271.524,534.89984,50
258,249.88152,-500.79926,985.11523,50
259,168.53522,-336.9669,663.45654,50
260,255.83537,-512.7543,1008.6754,50
261,188.44739,-376.9887,742.0723,50
262,169.04393,-337.9518,665.4157,50
263,279.03162,-559.3722,1100.2089,50
264,110.891174,-221.1704,436.13406,50
265,190.54836,-381.20123,750.3681,50
266,358.61017,-719.67004,1415.1211,50
267,378.38467,-759.21643,1492.8539,50
268,143.92415,-287.51462,566.31445,50
269,345.3207,-39.85397,514.0983,50
270,177.143,-354.24054,697.3963,50
271,114.729256,-228.88148,451.22922,50
272,216.86862,-434.25192,854.50397,50
273,183.989,-368.0141,724.4641,50
274,119.69272,-238.91298,470.89944,50
275,241.90137,-484.632,953.46704,50
276,268.88245,-539.1162,1060.3972,50
277,117.33666,-234.19293,461.6223,50
278,377.74915,-33.029366,551.50366,50
279,134.93935,-269.53143,530.9516,50
280,154.41823,-308.59677,607.6999,50
281,149.08185,-297.86966,586.65674,50
282,153.82253,-307.39102,605.3458,50
283,96.09616,-190.7379,377.0425,50
284,279.3695,-560.14844,1101.7258,50
285,113.86418,-227.16127,447.84503,50
286,140.91733,-281.4639,554.4397,50
287,190.63382,-381.43948,750.78015,50
288,176.7775,-353.49835,695.9525,50
289,95.47843,-189.51236,374.61633,50
290,202.03014,-404.34982,795.7613,50
291,280.3297,-37.01389,422.79395,50
292,150.1072,-299.91763,590.67993,50
293,29.402515,-55.619076,111.708595,50
294,33.33503,-51.65045,111.44235,50
295,104.50647,-208.14664,410.7457,50
296,192.0733,-384.2908,756.397,50
297,142.79523,-285.2508,561.86957,50
298,141.18115,-282.01904,555.51,50
299,395.2551,-43.57689,586.29974,50
300,443.81833,-47.635067,656.93866,50
301,150.76125,-301.22644,593.2608,50
302,98.982155,-196.8167,388.73154,50
303,95.785286,-190.09142,375.80365,50
304,195.69106,-391.57425,770.71246,50
305,92.721085,-183.73541,363.51962,50
306,108.03871,-215.32928,424.77472,50
307,132.18355,-263.99484,520.1003,50
308,176.74683,-353.459,695.86444,50
309,205.48547,-411.34247,809.5081,50
310,294.33725,-590.1816,1160.7705,50
311,266.3414,-46.71561,415.1466,50
312,149.39726,-298.5027,587.8984,50
313,236.8327,-474.47418,933.46857,50
314,171.64413,-343.17743,675.6654,50
315,124.331474,-248.23941,489.20844,50
316,121.43208,-242.40782,477.7411,50
317,88.53422,-175.01895,346.8792,50
318,141.91978,-283.49512,558.4197,50
319,169.05714,-337.98364,665.4684,50
320,156.34267,-312.43558,615.2966,50
321,176.68954,-353.37387,695.66583,50
322,133.02666,-265.6751,523.40204,50
323,125.038445,-249.69469,492.02322,50
324,362.12512,-726.52203,1428.6608,50
325,292.13626,-585.7464,1152.0435,50
326,176.9464,-353.86783,696.6424,50
327,444.4956,-45.33194,655.54193,50
328,213.8479,-428.09842,842.43005,50
329,144.27768,-288.2496,567.74,50
330,397.85233,-35.61154,581.70984,50
331,283.3962,-568.1692,1117.5444,50
332,214.37476,-429.12653,844.47095,50
333,142.64627,-284.9614,561.2926,50
334,408.39398,-36.985523,597.5986,50
335,144.74889,-289.16412,569.5574,50
336,96.04978,-190.64043,376.83798,50
337,167.96692,-335.80255,661.15826,50
338,174.51633,-349.01602,687.09827,50
339,189.36711,-378.89487,745.77356,50
340,196.13188,-392.4832,772.49097,50
341,156.93048,-313.64783,617.6303,50
342,91.70138,-181.65852,359.4702,50
343,92.78583,-183.85275,363.7551,50
344,98.609314,-195.92502,387.1035,50
345,323.8974,-27.110508,471.7671,50
346,182.11479,-364.28378,717.09924,50
347,113.233086,-225.89543,445.39728,50
348,115.17092,-229.80685,453.05527,50
349,355.0028,-712.2496,1400.5902,50
350,156.35326,-312.46194,615.33966,50
351,119.243965,-238.03334,469.15448,50
352,270.75998,-542.82587,1067.7157,50
353,209.12137,-418.64807,823.8515,50
354,202.90549,-406.20883,799.39545,50
355,224.97884,-450.65594,886.69495,50
356,107.240524,-213.6946,421.58182,50
357,155.01778,-309.794,610.068,50
358,174.66797,-349.25818,687.63336,50
359,102.72346,-204.47272,403.6175,50
360,290.90146,-39.399715,439.78406,50
361,357.91223,-39.8449,531.3736,50
362,215.7342,-431.88705,849.89026,50
363,167.95035,-335.76776,661.1178,50
364,121.43892,-242.40765,477.77942,50
365,404.81238,-44.266544,600.0921,50
366,203.65538,-407.59375,802.16754,50
367,306.5332,-614.61584,1208.8322,50
368,210.87317,-422.2358,830.8476,50
369,259.46643,-520.0756,1023.05975,50
370,193.52296,-387.28046,762.24396,50
371,404.80505,-44.83329,600.64496,50
372,203.92574,-408.16135,803.27826,50
373,450.51923,-47.936783,666.4415,50
374,105.609535,-210.40727,415.1545,50
375,175.84708,-351.6453,692.2817,50
376,97.16807,-193.0876,381.49417,50
377,239.3546,-479.5012,943.3639,50
378,301.47626,-37.13132,451.5073,50
379,274.15036,-549.542,1080.9249,50
380,361.5798,-725.5382,1426.634,50
381,278.14456,-557.73083,1096.9801,50
382,163.6104,-327.04477,643.96954,50
383,94.58242,-187.5595,370.9254,50
384,411.35147,-44.966934,609.7571,50
385,126.0981,-251.79367,496.12305,50
386,109.36816,-218.04109,430.08322,50
387,194.7436,-389.65765,766.9305,50
388,98.08213,-194.86684,385.02936,50
389,170.68927,-341.28958,671.95026,50
390,262.26932,-525.7033,1034.1091,50
391,104.231064,-207.59671,409.70087,50
392,191.46758,-383.10507,754.04095,50
393,165.3568,-330.56372,650.8766,50
394,117.9877,-235.47523,464.1328,50
395,316.1518,-634.00635,1246.8807,50
396,176.24991,-352.46222,693.88324,50
397,165.97249,-331.80045,653.29,50
398,412.234,-37.50968,603.4072,50
399,209.13837,-418.62076,823.83075,50
400,302.72253,-35.91031,451.79678,50
401,232.56656,-465.88943,916.61456,50
402,273.17285,-37.756474,413.8989,50
403,92.980545,-184.30568,364.55634,50
404,90.4656,-179.05103,354.59814,50
405,136.72725,-273.08566,537.954,50
406,215.3747,-431.31454,848.68756,50
407,298.72482,-599.02936,1178.1798,50
408,99.97986,-198.82028,392.6701,50
409,69.21594,-47.52212,152.73817,50
410,463.05377,-49.003525,684.6937,50
411,156.3599,-36.16919,253.98895,50
412,174.15265,-348.237,685.5928,50
413,203.6225,-407.57266,802.1078,50
414,111.81186,-223.0102,439.76514,50
415,201.40274,-403.04816,793.2385,50
416,236.45706,-473.74786,932.02515,50
417,235.5117,-471.7507,928.1599,50
418,180.13458,-360.2859,709.2489,50
419,219.64255,-439.84998,865.47375,50
420,91.33478,-180.87741,358.03043,50
421,206.02179,-412.3661,811.52014,50
422,99.26337,-197.32492,389.77338,50
423,155.68593,-311.13028,612.6992,50
424,167.57616,-335.0295,659.64294,50
425,171.6761,-343.33304,675.9188,50
426,142.70505,-285.0838,561.5283,50
427,292.82184,-587.2302,1154.9348,50
428,242.62955,-486.17612,956.4739,50
429,237.9682,-476.6335,937.7537,50
430,415.55368,-834.2811,1640.2325,50
431,147.92326,-295.54483,582.0788,50
432,254.48474,-510.04315,1003.3099,50
433,108.35327,-215.93143,425.93112,50
434,234.72469,-470.21768,925.14026,50
435,49.752438,-97.41055,193.5909,50
436,55.884876,-41.892982,127.749245,50
437,197.28413,-394.7891,777.01697,50
438,337.42026,-40.06383,503.5356,50
439,161.76224,-323.34274,636.6969,50
440,66.10137,-130.30229,258.4941,50
441,88.864136,-175.55019,348.12686,50
442,214.54036,-429.60568,845.34015,50
443,280.22153,-561.8663,1105.121,50
444,313.0408,-627.8313,1234.7516,50
445,156.8165,-313.38507,617.1563,50
446,208.23492,-416.83246,820.2941,50
447,208.96521,-418.37167,823.2906,50
448,146.89937,-293.49713,578.0688,50
449,128.84875,-257.29465,506.917,50
450,320.6459,-643.1108,1264.7566,50
451,104.222115,-207.55537,409.58826,50
452,211.16986,-422.7042,831.83734,50
453,453.548,-48.617733,671.269,50
454,189.54031,-379.23026,746.4388,50
455,251.35114,-503.78796,991.0131,50
456,115.14202,-23.680552,183.17822,50
457,118.84535,-237.22862,467.5815,50
458,254.90053,-510.76547,1004.7586,50
459,446.50287,-42.973946,655.9655,50
460,192.3638,-384.84897,757.5175,50
461,90.88303,-179.9446,356.22,50
462,343.4178,-688.925,1354.7649,50
463,239.20177,-479.2562,942.87317,50
464,116.566,-232.62204,458.58246,50
465,227.20285,-455.06226,895.34534,50
466,245.53758,-492.03342,967.9485,50
467,137.42462,-274.50143,540.73413,50
468,137.69048,-275.0421,541.8022,50
469,150.4766,-300.65808,592.1462,50
470,117.712,-234.9005,463.0113,50
471,106.79157,-212.80005,419.829,50
472,82.7833,-16.674116,131.04181,50
473,172.61015,-345.12247,679.4888,50
474,177.49736,-354.96368,698.8149,50
475,120.1918,-239.90453,472.7726,50
476,239.02159,-478.89856,942.10626,50
477,381.09393,-33.679108,556.76184,50
478,174.09677,-348.10495,685.35205,50
479,216.88315,-434.27658,854.55585,50
480,255.63329,-48.81653,403.19913,50
481,99.10813,-197.02283,389.1845,50
482,239.02838,-478.86612,942.07825,50
483,336.68176,-38.65782,501.06644,50
484,130.22229,-260.08447,512.3812,50
485,207.06938,-414.46802,815.6683,50
486,85.88747,-169.61272,336.3865,50
487,114.125885,-227.6821,448.9074,50
488,218.53862,-437.644,861.17126,50
489,402.48798,-43.980984,596.61127,50
490,157.02533,-313.80945,617.9698,50
491,191.65964,-383.42178,754.69904,50
492,159.64543,-319.06125,628.2922,50
493,178.50203,-356.96207,702.7346,50
494,185.86963,-371.8765,731.945,50
495,389.60074,-43.414715,578.3853,50
496,257.40994,-515.8961,1014.83936,50
497,103.67961,-206.42741,407.41888,50
0,659.8437,72.60746,787.3921,100
1,210.60309,-302.10727,733.6658,100
2,660.8889,73.76534,787.60974,100
3,245.13524,-351.3947,853.7164,100
4,223.7919,-320.87158,779.4657,100
5,189.57335,-271.82574,660.12537,100
6,661.53723,72.85263,789.3549,100
7,133.96458,-191.82207,465.77313,100
8,148.9187,-213.3922,518.1634,100
9,123.83012,-177.39465,430.4888,100
10,119.702576,-171.79765,416.39365,100
11,625.6339,65.36499,750.1357,100
12,131.15517,-187.69597,455.82654,100
13,160.74211,-230.41362,559.47144,100
14,184.5444,-264.57452,642.53674,100
15,404.0613,32.369606,494.8382,100
16,600.68915,60.359116,722.6501,100
17,129.17722,-184.85197,448.90674,100
18,148.69682,-213.04782,517.3569,100
19,99.96728,-143.45314,347.59424,100
20,420.06036,36.542793,511.19562,100
21,618.1209,65.42342,740.26715,100
22,129.68155,-185.60974,450.7156,100
23,169.53302,-243.0242,590.1159,100
24,97.04076,-139.21681,337.38763,100
25,615.7581,62.46178,740.1879,100
26,167.1863,-239.6485,581.9364,100
27,476.26648,44.36354,576.57806,100
28,405.2909,34.485825,494.03903,100
29,616.0596,63.673126,739.35895,100
30,255.84402,-366.8805,891.19556,100
31,135.71571,-194.29553,471.83432,100
32,220.95181,-316.89294,769.70715,100
33,165.5538,-237.33607,576.264,100
34,240.98871,-345.5506,839.4016,100
35,169.51851,-242.9752,590.0574,100
36,295.2827,-423.20554,1028.3524,100
37,111.96334,-160.76183,389.46927,100
38,174.74095,-250.52718,608.33215,100
39,585.2385,59.93055,702.9524,100
40,148.29868,-212.47264,515.9713,100
41,216.93947,-311.19232,755.76685,100
42,211.2492,-302.93515,735.8127,100
43,297.10492,-425.84695,1034.747,100
44,663.60944,74.64972,790.28375,100
45,158.10669,-226.63016,550.28723,100
46,660.25476,73.21696,787.32056,100
47,131.42612,-188.08345,456.76852,100
48,262.6024,-376.47296,914.6257,100
49,135.02068,-193.27748,469.383,100
50,248.93056,-356.92685,867.0621,100
51,655.82025,71.24207,783.53046,100
52,151.63258,-217.2998,527.65393,100
53,175.01895,-250.88466,609.2758,100
54,662.3097,74.20802,789.02527,100
55,140.95671,-201.89424,490.25684,100
56,567.9034,56.465664,683.82715,100
57,81.59753,-107.27765,268.90146,100
58,214.85452,-308.12613,748.4125,100
59,611.86914,65.38691,732.14197,100
60,399.79056,50.0421,471.34982,100
61,596.81793,60.25311,717.713,100
62,575.5009,57.399723,692.7919,100
63,340.34677,-487.83054,1185.4852,100
64,159.51733,-228.61902,555.143,100
65,321.9519,-6.3312345,433.32712,100
66,211.93681,-303.97327,738.2707,100
67,663.1375,74.434944,789.8805,100
68,85.017204,-120.71423,292.97272,100
69,162.60515,-233.04593,565.93695,100
70,277.68613,-398.09445,967.1709,100
71,147.84593,-211.82436,514.3813,100
72,515.146,50.11224,621.44464,100
73,188.53484,-270.4112,656.56744,100
74,173.72571,-47.079323,295.0446,100
75,249.31638,-357.4738,868.39886,100
76,157.0448,-225.09041,546.556,100
77,165.96072,-237.93248,577.70764,100
78,608.92365,61.35083,732.38275,100
79,136.14264,-194.91458,473.34668,100
80,155.18927,-222.42027,540.07587,100
81,125.46997,-179.59358,436.0248,100
82,374.98727,-537.5558,1306.32,100
83,167.80112,-240.53123,584.08374,100
84,138.39333,-198.1857,481.269,100
85,568.11523,57.817184,682.75934,100
86,149.54945,-214.28908,520.3627,100
87,232.90578,-333.97128,811.27576,100
88,272.0383,-390.0741,947.58887,100
89,283.1949,-405.96353,986.3309,100
90,397.2812,31.137083,487.29056,100
91,199.71599,-286.46255,695.62,100
92,145.1203,-207.90019,504.83194,100
93,289.88226,-415.53833,1009.62775,100
94,196.87767,-282.34332,685.6779,100
95,185.04678,-265.34885,644.3339,100
96,286.5652,-410.7695,998.0316,100
97,277.17184,-397.40674,965.4325,100
98,258.99298,-371.35147,902.12994,100
99,487.7343,46.37647,589.44904,100
100,127.91962,-183.12201,444.61398,100
101,513.6332,49.851868,619.72876,100
102,124.89688,-178.85846,434.1327,100
103,145.45981,-208.38214,506.0331,100
104,620.87006,66.291214,742.96277,100
105,129.05388,-57.38704,254.09637,100
106,243.86917,-349.75555,849.5425,100
107,141.31876,-202.42291,491.526,100
108,143.23051,-205.14288,498.19424,100
109,656.89484,70.68654,785.5144,100
110,193.95804,-278.08865,675.3904,100
111,213.14198,-305.75494,742.53625,100
112,134.6415,-192.71313,468.0326,100
113,126.875786,-181.58986,440.91183,100
114,127.13472,-182.06749,441.97604,100
115,520.86566,50.842403,628.15704,100
116,201.41264,-288.85638,701.50806,100
117,317.09937,-11.585484,433.60944,100
118,205.14114,-294.11932,714.43353,100
119,166.03256,-237.94162,577.8743,100
120,603.7093,62.89316,724.0463,100
121,210.79742,-302.28687,734.22,100
122,137.69662,-197.17131,478.83408,100
123,210.13199,-301.37927,731.9601,100
124,279.13177,-400.13702,972.1661,100
125,158.49687,-227.1436,551.56537,100
126,192.88351,-276.58832,671.6958,100
127,123.294914,-176.686,428.6908,100
128,197.14651,-282.73886,686.62396,100
129,142.3608,-203.92686,495.18698,100
130,159.04245,-227.93591,553.4971,100
131,636.9245,65.86842,764.3473,100
132,187.58528,-268.94504,653.14685,100
133,253.27585,-363.10977,882.12506,100
134,190.46024,-273.08762,663.20306,100
135,150.98088,-216.35599,525.359,100
136,162.74985,-233.24077,566.4257,100
137,228.97539,-328.27023,797.4854,100
138,200.98932,-288.23532,700.00525,100
139,664.2088,74.68774,791.02655,100
140,340.44818,-8.11933,460.1789,100
141,174.81941,-250.60403,608.5847,100
142,274.58212,-393.59232,956.2903,100
143,185.79591,-266.40067,646.9194,100
144,624.516,65.5127,748.5294,100
145,531.18744,51.807926,640.65643,100
146,191.84671,-275.08615,668.0585,100
147,131.61884,-188.35931,457.43616,100
148,524.00195,65.020134,616.95795,100
149,92.63387,-132.91418,321.89612,100
150,200.73657,-287.9469,699.19604,100
151,234.448,-336.14062,816.5849,100
152,162.17345,-232.4331,564.43994,100
153,195.83942,-280.80862,681.9984,100
154,169.60883,-243.11186,590.37573,100
155,151.4055,-216.96776,526.8561,100
156,220.03613,-315.4932,766.3809,100
157,174.14804,-249.63673,606.23834,100
158,658.59314,72.690506,785.6789,100
159,211.61012,-303.44693,737.0587,100
160,153.28874,-219.67314,533.4217,100
161,249.33109,-24.077572,360.44077,100
162,75.57033,-101.46714,251.21838,100
163,241.4091,-346.18134,840.9225,100
164,256.00336,-367.02283,891.6575,100
165,242.13187,-347.18265,843.3867,100
166,281.51974,-403.59674,980.55054,100
167,293.02777,-420.03363,1020.576,100
168,163.53816,-234.47797,569.26843,100
169,525.68713,51.224808,634.0713,100
170,149.13048,-213.67648,518.8951,100
171,592.18646,59.30074,712.63544,100
172,145.40091,-208.2894,505.8147,100
173,236.17407,-338.69907,822.72394,100
174,229.98686,-329.66812,800.90234,100
175,265.70898,-380.88376,925.3748,100
176,137.13864,-196.34438,476.8424,100
177,639.0261,69.69824,763.17773,100
178,155.25035,-222.48154,540.2519,100
179,145.53592,-208.4829,506.29422,100
180,299.8057,-429.8418,1044.3124,100
181,145.50888,-208.44824,506.19592,100
182,124.96873,-178.71419,434.0605,100
183,182.597,-261.7717,635.7251,100
184,664.92175,73.89022,792.73083,100
185,191.3893,-274.38986,666.4073,100
186,444.90848,39.813587,540.2966,100
187,173.66245,-248.96184,604.5747,100
188,149.8855,-214.77635,521.5367,100
189,140.23872,-200.87425,487.76547,100
190,124.87847,-178.85992,434.128,100
191,134.92053,-193.15295,469.04965,100
192,149.57321,-214.34328,520.4489,100
193,139.97716,-200.48232,486.82953,100
194,154.3748,-221.22548,537.2002,100
195,118.16883,-169.50287,411.02875,100
196,333.11594,0.27397028,439.76385,100
197,196.3214,-281.5808,683.7493,100
198,215.57153,-309.24643,751.0143,100
199,185.18956,-265.5281,644.80774,100
200,192.9708,-276.68124,671.96136,100
201,142.97585,-204.79234,497.32748,100
202,274.58374,-393.55652,956.2384,100
203,222.98315,-319.65384,776.5588,100
204,148.12901,-212.24478,515.38666,100
205,209.63959,-300.824,730.3958,100
206,153.1234,-219.43097,532.8489,100
207,339.95044,-9.773791,461.6147,100
208,126.46675,-181.05031,439.5469,100
209,76.58106,-93.30372,240.04048,100
210,115.61246,-165.94696,402.17712,100
211,146.46162,-209.81384,509.51837,100
212,125.28222,-179.43465,435.532,100
213,496.3298,47.300026,599.7405,100
214,402.34256,33.63976,491.12335,100
215,227.22664,-325.98364,791.68195,100
216,650.0503,70.71287,776.5378,100
217,397.92953,30.828272,488.5482,100
218,125.7339,-180.0921,437.1272,100
219,189.45041,-271.63782,659.67194,100
220,188.97441,-270.93088,657.9939,100
221,200.11705,-286.9832,696.9651,100
222,317.08823,-454.54312,1104.4736,100
223,224.36649,-321.84198,781.6743,100
224,152.04106,-217.85046,529.0357,100
225,143.5267,-205.57559,499.22958,100
226,247.92651,-355.46115,863.5266,100
227,113.72758,-162.77367,395.08252,100
228,161.35307,-231.27017,561.56964,100
229,225.52563,-323.35184,785.49927,100
230,195.24382,-279.95807,679.9139,100
231,207.18878,-297.1069,721.62573,100
232,567.7947,58.091965,682.06354,100
233,124.08793,-73.76905,270.21255,100
234,183.8464,-263.6252,640.1481,100
235,294.1912,-421.7116,1024.6367,100
236,160.05547,-229.41362,557.0473,100
237,170.72112,-244.75423,594.3222,100
238,158.91608,-227.74226,553.04694,100
239,123.50136,-176.93279,429.3548,100
240,261.68802,-375.20703,911.49164,100
241,206.78513,-296.59927,720.31354,100
242,141.68916,-202.92577,492.8008,100
243,129.65617,-185.55383,450.59933,100
244,223.7061,-320.87216,779.3388,100
245,215.47464,-309.06024,750.6203,100
246,256.92465,-368.35278,894.86237,100
247,108.51101,-155.75394,377.33835,100
248,216.4539,-310.48782,754.0627,100
249,207.56725,-297.7034,723.00665,100
250,167.89862,-240.65683,584.4179,100
251,335.59912,12.538733,428.28235,100
252,122.37972,-175.31981,425.41214,100
253,143.1989,-205.13316,498.12405,100
254,333.5802,-478.04492,1161.7937,100
255,79.8359,-98.709335,251.50409,100
256,128.29686,-183.68173,445.95627,100
257,167.5637,-240.21953,583.2883,100
258,289.6953,-415.28763,1008.9844,100
259,211.41992,-303.13943,736.3556,100
260,241.93858,-346.8624,842.6577,100
261,198.77252,-285.06647,692.28424,100
262,158.47789,-227.15416,551.5693,100
263,301.06516,-431.66464,1048.7279,100
264,119.804306,-171.92802,416.72742,100
265,176.53394,-253.10268,614.61475,100
266,345.64883,-495.34375,1203.8661,100
267,338.4797,-485.19907,1179.0233,100
268,151.58028,-217.22685,527.4781,100
269,598.3196,60.809746,719.1161,100
270,241.10762,-345.74582,839.86597,100
271,119.398834,-171.35802,415.34595,100
272,219.24022,-314.37442,763.6432,100
273,186.99994,-268.11118,651.12354,100
274,121.76608,-174.56288,423.40344,100
275,186.11206,-266.8279,648.03094,100
276,233.70465,-335.02368,813.9091,100
277,140.10495,-200.69048,487.30807,100
278,665.9918,74.80969,793.2271,100
279,122.935585,-176.14345,427.39044,100
280,119.37982,-171.27602,415.19394,100
281,172.37994,-247.09985,600.0638,100
282,196.39813,-281.62772,683.9499,100
283,96.35379,-138.40645,334.70847,100
284,275.81586,-395.34988,960.5598,100
285,129.01723,-184.68375,448.4188,100
286,159.98093,-229.32722,556.8265,100
287,185.86737,-266.46487,647.14246,100
288,190.19948,-272.73288,662.3247,100
289,118.18979,-169.54831,411.0126,100
290,248.49838,-356.25906,865.4704,100
291,506.50256,48.854904,611.43854,100
292,154.07056,-220.79736,536.15485,100
293,382.16812,18.939804,482.26788,100
294,399.5672,32.925552,488.27527,100
295,113.69902,-163.26125,395.5307,100
296,192.15639,-275.52066,669.1167,100
297,174.52786,-250.19992,607.5877,100
298,126.931725,-181.6903,441.13022,100
299,575.4571,57.236603,692.90826,100
300,600.5285,61.135315,721.6677,100
301,128.7159,-184.233,447.34793,100
302,118.91398,-27.326056,195.03003,100
303,136.34013,-56.406025,259.4957,100
304,222.49352,-319.0975,775.07294,100
305,276.57202,-24.399576,396.495,100
306,108.389015,-155.62434,376.98007,100
307,146.75804,-210.24808,510.57928,100
308,177.36714,-254.23785,617.46265,100
309,185.79926,-266.37445,646.9173,100
310,256.95554,-368.43677,895.0215,100
311,432.01923,37.716206,525.6178,100
312,155.02278,-222.16556,539.47327,100
313,216.72217,-310.7975,754.90344,100
314,160.03601,-229.4172,557.02594,100
315,146.41945,-209.75887,509.38464,100
316,137.0253,-196.18454,476.43658,100
317,350.96136,14.395558,446.32816,100
318,134.56332,-192.61578,467.77383,100
319,177.2464,-254.096,617.0679,100
320,157.53992,-225.76205,548.2525,100
321,151.45972,-217.03165,527.0231,100
322,155.26923,-222.52904,540.3505,100
323,96.47174,-138.42111,335.30286,100
324,397.31146,-569.6049,1384.2174,100
325,321.11853,-460.31848,1118.5121,100
326,206.74101,-296.47614,720.08185,100
327,662.1575,73.938614,789.08997,100
328,165.7742,-237.67854,577.061,100
329,190.13391,-272.51437,661.9445,100
330,663.66565,74.4289,790.5731,100
331,286.79642,-411.14502,998.91675,100
332,209.19864,-300.09793,728.75964,100
333,127.55039,-182.60391,443.34094,100
334,662.52795,73.81189,789.69336,100
335,138.20287,-197.92914,480.62546,100
336,430.55334,37.13207,524.33673,100
337,158.34004,-226.94173,551.0496,100
338,176.48103,-252.95593,614.3273,100
339,191.1969,-274.11398,665.7247,100
340,235.88496,-338.23862,821.645,100
341,141.51517,-202.71814,492.23447,100
342,251.11922,-11.525412,346.1895,100
343,233.37357,-19.066101,332.4911,100
344,87.220985,-123.465355,300.48193,100
345,721.6528,85.53664,855.2403,100
346,161.14954,-230.95595,560.84796,100
347,178.62506,-256.1383,621.9139,100
348,130.03322,-186.08247,451.89746,100
349,279.51617,-400.73688,973.56494,100
350,240.63982,-345.0173,838.15826,100
351,153.15115,-219.48886,532.9626,100
352,233.69875,-335.06247,813.963,100
353,179.51157,-257.3274,624.93634,100
354,184.09264,-263.93353,640.9632,100
355,265.0564,-379.93332,923.08325,100
356,90.7869,-88.34408,251.09155,100
357,177.21664,-254.04031,616.93787,100
358,215.03517,-308.38797,749.05383,100
359,121.03415,-173.62671,421.00784,100
360,549.4975,54.07899,662.23975,100
361,544.0932,53.305656,655.97906,100
362,229.07814,-328.52777,797.9999,100
363,206.00183,-295.43533,717.541,100
364,116.7611,-167.69061,406.22256,100
365,573.78876,57.47079,690.49396,100
366,197.32391,-283.0086,687.2504,100
367,339.76025,-487.11667,1183.6095,100
368,228.68112,-327.94144,796.5656,100
369,258.45496,-370.50336,900.1427,100
370,200.46515,-287.44025,698.1471,100
371,646.2946,68.83804,773.56586,100
372,202.29222,-290.1083,704.56793,100
373,650.4584,72.02652,775.7451,100
374,128.70476,-184.17802,447.2521,100
375,157.55357,-225.80563,548.3119,100
376,84.22807,-120.609024,292.41595,100
377,237.83752,-341.05276,828.4591,100
378,585.14813,58.495632,704.2697,100
379,233.52446,-334.87555,813.45337,100
380,284.62656,-407.98825,991.2767,100
381,263.9792,-378.41415,919.3565,100
382,160.92346,-230.66068,560.09033,100
383,331.84457,-18.170456,461.6007,100
384,643.72504,69.909996,769.09894,100
385,145.21854,-208.04271,505.17908,100
386,130.33861,-186.51352,452.95932,100
387,176.67123,-253.30052,615.0708,100
388,310.79712,-19.859186,436.05548,100
389,196.1948,-281.29968,683.218,100
390,259.64755,-372.1888,904.25134,100
391,122.28255,-175.28674,425.2028,100
392,200.09663,-286.9289,696.8605,100
393,179.50645,-257.31467,624.9181,100
394,143.1563,-205.07994,497.97433,100
395,324.51373,-465.18665,1130.3539,100
396,261.2341,-374.55484,909.9147,100
397,169.83214,-243.4432,591.15784,100
398,662.47424,73.95803,789.48254,100
399,157.64397,-225.93071,548.62317,100
400,487.55692,46.1363,589.4891,100
401,230.46077,-330.44257,802.7041,100
402,357.1256,10.0485,459.72998,100
403,143.37798,-24.377039,222.13678,100
404,198.04977,-30.866951,302.2998,100
405,165.81076,-237.72917,577.1858,100
406,266.6351,-382.22095,928.6145,100
407,339.1264,-486.0291,1181.1769,100
408,164.8685,-42.310616,276.8333,100
409,419.0276,36.48335,509.89487,100
410,667.63574,74.15468,796.0024,100
411,437.3457,38.762207,531.4889,100
412,179.44781,-257.26944,624.7563,100
413,211.37465,-303.1067,736.2245,100
414,90.7091,-130.16367,315.13116,100
415,216.76215,-310.94342,755.1566,100
416,263.7731,-378.10492,918.6146,100
417,282.02026,-404.32126,982.29346,100
418,185.11739,-265.4097,644.54333,100
419,223.4675,-320.47418,778.4341,100
420,129.05504,-61.553185,259.6517,100
421,204.55019,-293.37695,712.46295,100
422,123.13179,-176.43436,428.19736,100
423,159.70825,-228.93045,555.8571,100
424,165.54892,-237.2725,576.18896,100
425,158.39879,-226.96846,551.1941,100
426,143.93631,-206.16548,500.6752,100
427,285.47226,-409.17752,994.189,100
428,284.42447,-407.65863,990.5361,100
429,226.07114,-324.27948,787.60394,100
430,405.5754,-581.3871,1412.9719,100
431,131.71947,-188.53537,457.8245,100
432,274.22726,-393.08838,955.04645,100
433,116.17538,-166.42186,403.99667,100
434,259.643,-372.22665,904.31354,100
435,464.00763,43.193054,561.7261,100
436,357.7297,15.383166,454.0741,100
437,178.46541,-255.85587,621.32324,100
438,512.97455,52.463165,616.27466,100
439,126.53873,-181.14178,439.7931,100
440,328.78745,10.988617,421.1038,100
441,397.23358,29.989052,488.64136,100
442,196.52635,-281.7797,684.36395,100
443,274.957,-394.11288,957.56036,100
444,283.15674,-405.91864,986.21783,100
445,127.48816,-182.47778,443.07446,100
446,242.91508,-348.33014,846.1478,100
447,226.7634,-325.12924,789.8111,100
448,154.71638,-221.70158,538.3851,100
449,145.32394,-208.21344,505.55756,100
450,296.82092,-425.55096,1033.9001,100
451,137.84769,-197.40965,479.37585,100
452,195.54402,-280.46686,681.03986,100
453,657.40485,72.80076,784.0227,100
454,206.4394,-296.0477,719.03564,100
455,201.83243,-289.41116,702.92096,100
456,140.81209,-201.6678,489.75018,100
457,135.88162,-194.54382,472.42688,100
458,206.96942,-296.85974,720.94824,100
459,655.1011,71.92626,781.89,100
460,198.16307,-284.2279,690.19464,100
461,368.0338,20.868717,461.0745,100
462,352.659,-505.50558,1228.4352,100
463,263.43298,-377.60675,917.42584,100
464,131.51263,-188.22224,457.09134,100
465,194.13965,-278.40543,676.07794,100
466,241.37259,-346.05426,840.6758,100
467,152.95467,-219.19238,532.2574,100
468,155.48364,-222.8148,541.07166,100
469,167.4557,-240.02509,582.88196,100
470,129.82158,-185.8772,451.32175,100
471,142.8293,-204.57391,496.80106,100
472,434.55255,39.705788,526.8442,100
473,176.9837,-253.73329,616.1576,100
474,194.3324,-278.68915,676.7737,100
475,135.75853,-194.43524,472.097,100
476,261.46204,-374.81586,910.58386,100
477,668.38007,75.30217,795.852,100
478,176.49088,-253.02853,614.4343,100
479,216.56133,-310.57236,754.36804,100
480,479.37424,45.41878,579.5214,100
481,234.59653,-26.669985,344.4041,100
482,200.76073,-287.97852,699.26825,100
483,551.44586,54.29011,664.56665,100
484,169.4938,-242.9813,589.997,100
485,239.383,-343.25308,833.8303,100
486,401.6714,31.923697,492.22055,100
487,120.002914,-172.21774,417.4491,100
488,187.8536,-269.3036,654.07086,100
489,567.62115,56.16732,683.7758,100
490,189.76982,-272.12115,660.81104,100
491,233.7334,-335.26154,814.28455,100
492,185.05373,-265.34595,644.33673,100
493,193.44699,-277.43646,673.68665,100
494,224.37332,-321.75616,781.53613,100
495,644.1665,67.963585,771.6831,100
496,211.82831,-303.81348,737.8796,100
497,114.11539,-65.43046,246.92418,100
0,787.74805,129.29124,908.4666,150
1,148.31178,-240.14987,538.96545,150
2,776.99,127.33815,896.2283,150
3,178.71109,-277.10153,633.598,150
4,181.80042,-280.5907,642.7782,150
5,90.85355,-159.96126,342.78238,150
6,817.5578,134.95108,942.1546,150
7,252.73293,-54.599506,399.42197,150
8,109.5959,-196.2729,421.1567,150
9,354.85385,-19.82352,495.25598,150
10,329.17288,-41.193,485.50906,150
11,824.6562,136.63843,949.8909,150
12,356.96667,-16.768486,494.60117,150
13,126.51168,-214.73785,472.6427,150
14,135.12294,-225.14207,499.4699,150
15,376.01355,10.518823,488.8739,150
16,765.6324,125.55785,883.0785,150
17,171.98949,-111.09296,367.57373,150
18,122.15617,-210.2452,460.2199,150
19,501.1351,79.088455,581.0384,150
20,684.9401,111.463165,790.8964,150
21,670.728,108.0043,775.437,150
22,268.57336,-72.13084,440.44812,150
23,115.64216,-204.72891,442.51157,150
24,343.7949,-16.041634,476.35526,150
25,751.6526,123.1181,867.10596,150
26,115.75513,-204.74756,442.72495,150
27,451.41782,68.05946,526.5766,150
28,548.4459,86.542786,635.7742,150
29,787.85284,130.14224,907.89746,150
30,153.12775,-245.91939,553.8714,150
31,97.132835,-173.88725,372.57855,150
32,113.771194,-203.10565,437.12567,150
33,133.50543,-223.16556,494.3779,150
34,168.05098,-264.09195,600.46545,150
35,119.4158,-207.19267,452.0172,150
36,275.51724,-395.30258,934.1043,150
37,383.1596,10.727862,498.0909,150
38,131.99072,-221.37245,489.80084,150
39,809.04706,133.78108,932.15674,150
40,87.74256,-133.29497,298.64758,150
41,129.67265,-218.56613,482.49057,150
42,156.19435,-249.95186,563.9513,150
43,203.04662,-306.2768,708.35034,150
44,782.02124,128.27959,901.9251,150
45,114.1672,-203.61221,438.4384,150
46,759.4706,124.1457,876.315,150
47,305.7736,-33.137436,445.49908,150
48,179.55257,-277.4298,635.188,150
49,494.1679,79.64139,571.6223,150
50,150.59311,-243.145,546.4715,150
51,791.61957,130.13586,912.745,150
52,123.629166,-211.69885,464.2639,150
53,114.01709,-203.7139,438.13556,150
54,779.05725,127.74983,898.54706,150
55,113.91449,-203.42566,437.75922,150
56,648.6942,104.56276,749.9219,150
57,281.06262,-56.26428,438.791,150
58,164.36937,-259.46918,588.78296,150
59,752.41785,122.85321,868.3093,150
60,834.0628,138.13605,960.78204,150
61,746.85504,121.93065,861.91345,150
62,879.5323,146.81487,1012.161,150
63,262.60178,-378.34787,892.29395,150
64,118.4438,-206.21408,449.18433,150
65,362.8153,6.396964,476.10046,150
66,122.61178,-210.54904,461.18637,150
67,782.9638,128.49521,902.9584,150
68,191.62408,-77.31049,346.46994,150
69,122.06889,-210.12668,459.8788,150
70,224.28287,-330.72513,772.0948,150
71,114.6143,-204.19319,439.84293,150
72,396.86893,23.562998,501.6608,150
73,141.25233,-230.65999,515.7184,150
74,544.15405,86.36259,630.38983,150
75,217.9549,-323.92776,753.79944,150
76,116.94193,-205.95328,446.15735,150
77,182.87276,-83.08348,345.5741,150
78,719.524,117.15535,830.6789,150
79,117.10552,-206.006,446.53998,150
80,117.86359,-206.16002,448.0976,150
81,278.42017,-36.787643,413.42505,150
82,176.46278,-272.9234,624.4525,150
83,117.966194,-206.0229,448.14023,150
84,127.44122,-109.390434,311.30566,150
85,660.1165,106.8639,762.7348,150
86,132.14482,-221.5868,490.27213,150
87,154.85948,-248.22624,559.60815,150
88,164.402,-258.94647,587.9761,150
89,193.85942,-294.64365,679.2068,150
90,425.1244,63.753036,496.30173,150
91,145.4057,-104.57485,328.74872,150
92,115.71613,-204.08633,441.95963,150
93,190.98358,-291.0804,670.1985,150
94,115.67497,-201.0623,427.70126,150
95,116.74781,-205.69678,445.5717,150
96,204.81366,-308.43472,713.81726,150
97,173.82907,-270.23804,617.0422,150
98,194.82874,-295.1066,681.15936,150
99,573.28064,90.77344,664.2527,150
100,166.58434,-109.06037,358.70508,150
101,581.23364,92.50269,673.0682,150
102,84.119255,-143.4463,311.6374,150
103,114.01334,-203.76314,438.20337,150
104,463.4304,69.45505,540.9023,150
105,535.2685,84.99516,620.12866,150
106,154.02003,-246.96875,556.59937,150
107,96.76055,-143.23193,323.56396,150
108,113.679115,-202.47752,436.3796,150
109,835.26495,138.26033,962.21704,150
110,146.57031,-238.63211,534.5115,150
111,139.23146,-229.69803,511.5693,150
112,100.68639,-180.7467,386.2508,150
113,120.7605,-132.2522,334.26254,150
114,315.1088,-58.11841,486.0327,150
115,404.06628,26.995846,507.29437,150
116,128.17241,-216.91846,478.09338,150
117,883.5328,148.05536,1016.32916,150
118,141.26622,-232.5751,518.58594,150
119,137.62973,-228.33292,507.57138,150
120,727.81146,118.71534,840.06415,150
121,115.487946,-202.35828,439.65738,150
122,158.27856,-117.866844,360.39212,150
123,155.62498,-249.42134,562.40094,150
124,161.07718,-255.35783,578.31616,150
125,114.53055,-203.52988,439.1415,150
126,161.1335,-255.04135,577.9152,150
127,120.52298,-208.33408,455.1416,150
128,116.624825,-204.5206,444.09848,150
129,114.15007,-203.91637,438.68588,150
130,134.80293,-224.7739,498.51382,150
131,734.0835,119.58325,847.4177,150
132,130.68913,-220.17992,486.28757,150
133,173.05817,-269.9324,615.61725,150
134,124.8186,-213.19441,468.1831,150
135,115.43124,-203.96329,441.27963,150
136,119.467926,-207.0553,451.96042,150
137,207.27666,-311.61362,721.743,150
138,140.72334,-231.65973,516.503,150
139,780.7568,128.05339,900.4845,150
140,377.62314,4.9376736,497.33276,150
141,125.29503,-213.71162,469.60022,150
142,204.457,-307.7077,712.2836,150
143,142.41965,-233.64618,521.6152,150
144,758.38495,125.00244,874.1934,150
145,626.3242,100.575584,724.4192,150
146,161.49039,-255.66635,579.2867,150
147,114.10143,-203.94228,438.57452,150
148,956.95825,160.68881,1100.4076,150
149,134.83241,-117.48804,331.188,150
150,119.57093,-206.14772,450.61136,150
151,219.82367,-326.21674,759.6149,150
152,117.275604,-205.86374,446.6933,150
153,147.37077,-239.25089,536.45215,150
154,117.211235,-205.5218,446.22318,150
155,108.626175,-194.5167,417.35168,150
156,200.56442,-303.61984,701.1926,150
157,130.3969,-219.66696,485.17252,150
158,766.6697,125.42038,884.53516,150
159,152.99414,-246.39935,554.4284,150
160,113.653336,-202.92715,436.7413,150
161,375.28882,3.4036775,495.9757,150
162,441.52914,66.14451,515.5787,150
163,163.79317,-258.43387,586.429,150
164,159.22192,-253.12836,572.58856,150
165,172.16887,-268.4175,612.2597,150
166,235.31516,-344.29974,806.5034,150
167,160.59517,-255.50262,578.00415,150
168,153.82425,-103.2569,336.65225,150
169,592.886,94.69516,686.2309,150
170,115.440315,-204.65942,442.03937,150
171,731.39453,119.40447,844.097,150
172,124.76836,-213.1008,468.00665,150
173,166.78726,-261.95474,595.5817,150
174,210.1808,-316.43454,732.6036,150
175,190.58145,-291.08728,669.70905,150
176,115.186806,-204.3168,441.19693,150
177,802.2708,132.55046,924.44995,150
178,126.094246,-214.70528,472.1616,150
179,136.11642,-226.67764,503.1157,150
180,268.57324,-384.03613,908.4576,150
181,93.738266,-165.58171,354.54517,150
182,113.910355,-199.73766,433.86954,150
183,129.43729,-218.46382,482.12927,150
184,770.4047,126.14207,888.7434,150
185,115.5989,-204.13118,441.77814,150
186,437.26898,54.347233,522.22534,150
187,131.37784,-220.63913,487.89444,150
188,104.80407,-187.53688,402.44156,150
189,116.12394,-205.51993,444.2188,150
190,93.68698,-166.62196,355.38477,150
191,94.29405,-168.06999,359.32486,150
192,100.41014,-177.41689,382.5205,150
193,113.54203,-202.88374,436.43747,150
194,116.58501,-203.87555,443.32983,150
195,111.300156,-192.77423,419.86392,150
196,344.76743,-35.210537,499.34756,150
197,149.81955,-242.03539,543.76544,150
198,124.30875,-211.02827,464.2846,150
199,128.00938,-216.72224,477.64255,150
200,130.16887,-219.38599,484.45914,150
201,116.2573,-205.01997,443.93872,150
202,171.09464,-267.46976,609.4658,150
203,162.7357,-258.34256,585.0807,150
204,115.939125,-202.62375,440.15594,150
205,119.50336,-196.37813,437.07242,150
206,118.32554,-206.70413,449.47293,150
207,323.74963,-45.090492,482.7746,150
208,124.86539,-130.84665,337.5131,150
209,114.08393,-203.55858,438.2584,150
210,283.7607,-48.317493,433.34924,150
211,111.649124,-199.82874,429.14606,150
212,185.1456,-96.14311,363.3901,150
213,706.86566,115.53494,815.70953,150
214,843.2954,140.7869,970.49115,150
215,109.847466,-193.02208,417.92795,150
216,815.70215,134.98312,939.7187,150
217,551.1172,87.88779,638.1177,150
218,210.49219,-74.71388,368.23605,150
219,126.69876,-215.20042,473.6972,150
220,141.62941,-232.734,519.25977,150
221,160.60535,-254.77676,576.8365,150
222,225.56516,-332.99432,777.07837,150
223,143.78407,-235.0133,525.41656,150
224,117.36029,-204.61018,445.53854,150
225,112.47474,-201.1997,432.42313,150
226,210.64604,-315.30972,731.56757,150
227,110.99391,-199.15671,420.9031,150
228,134.66026,-224.69786,498.20776,150
229,168.84705,-265.46573,603.5492,150
230,145.07808,-236.75337,529.72876,150
231,122.62781,-210.7159,461.5507,150
232,793.18896,131.22447,913.8641,150
233,319.74292,-52.09533,485.3087,150
234,142.31891,-233.32008,520.9937,150
235,234.46297,-344.62125,805.8171,150
236,112.83985,-201.87032,433.82184,150
237,135.72342,-225.7291,501.06076,150
238,126.3859,-215.01094,472.98096,150
239,291.27686,-62.957424,459.88284,150
240,202.42427,-304.87393,705.45135,150
241,144.98827,-236.41742,529.08936,150
242,113.14694,-202.55408,435.00052,150
243,86.766335,-122.95228,283.18875,150
244,156.48225,-249.70552,563.87683,150
245,184.44452,-283.7393,650.8538,150
246,172.15004,-268.751,612.6719,150
247,317.65524,-57.554253,488.7835,150
248,113.87948,-203.34267,437.62012,150
249,165.55743,-261.29834,593.06195,150
250,108.877174,-194.9821,418.37012,150
251,375.7992,40.716084,455.4929,150
252,89.51169,-156.65799,335.62296,150
253,93.119385,-161.30974,346.09454,150
254,258.23062,-374.1429,880.3768,150
255,104.85011,-131.55093,315.01288,150
256,95.02836,-168.46149,360.91058,150
257,134.73714,-224.29755,497.65497,150
258,199.45377,-301.90894,697.20306,150
259,158.16277,-252.43349,570.27216,150
260,142.61926,-234.07138,522.55414,150
261,116.390396,-205.48138,444.6752,150
262,127.87635,-216.00993,476.35898,150
263,236.82771,-345.35095,810.0131,150
264,228.59755,-76.17344,392.72003,150
265,112.203026,-199.75966,430.22678,150
266,285.22586,-407.57462,964.86316,150
267,212.48946,-318.0298,737.9641,150
268,114.98439,-204.64172,441.10754,150
269,731.122,119.39031,843.759,150
270,176.5664,-273.9536,626.1501,150
271,302.9573,-51.50299,462.42316,150
272,147.9974,-240.38904,539.0123,150
273,129.92703,-218.96368,483.43207,150
274,288.65646,-69.197365,463.54327,150
275,119.120285,-207.129,451.3915,150
276,151.33861,-244.58717,549.6694,150
277,115.13925,-203.66197,440.17932,150
278,790.4007,129.85567,911.408,150
279,98.08939,-175.5996,376.80807,150
280,813.7414,135.53284,936.7888,150
281,124.37487,-212.66351,466.8276,150
282,165.9162,-261.81485,594.30963,150
283,210.51163,-81.6192,376.49454,150
284,200.12726,-303.2682,700.09283,150
285,94.44364,-134.04266,307.55786,150
286,94.05125,-163.17291,352.43036,150
287,150.97519,-243.81825,548.04596,150
288,127.306015,-215.90077,475.4273,150
289,100.84927,-180.63591,387.30438,150
290,189.93967,-290.66644,668.23206,150
291,448.42828,60.14055,530.90436,150
292,129.26596,-218.35658,481.72797,150
293,494.50214,76.946266,574.33435,150
294,430.1996,57.66846,509.423,150
295,301.64047,-30.044874,436.5064,150
296,135.92043,-226.30112,502.2448,150
297,127.95784,-216.6844,477.52048,150
298,109.966484,-126.38018,313.78403,150
299,651.2718,104.543724,753.2587,150
300,713.8452,116.50084,823.9206,150
301,280.43213,-67.49965,450.61688,150
302,103.507416,-158.77586,349.4883,150
303,353.93097,-22.119198,496.63358,150
304,208.88142,-312.7649,725.52014,150
305,404.43765,39.523846,494.45135,150
306,300.92032,-61.982166,471.59183,150
307,112.15402,-200.74895,431.1474,150
308,135.36047,-225.34943,500.07803,150
309,124.173706,-212.45377,466.20975,150
310,186.77911,-198.57066,501.23648,150
311,428.84772,56.37262,509.02643,150
312,118.02213,-206.54395,448.81088,150
313,153.36833,-246.60141,555.294,150
314,114.011505,-202.15837,436.4042,150
315,116.417175,-205.50642,444.7601,150
316,116.46537,-204.83977,444.13165,150
317,375.8361,6.7442217,492.90945,150
318,121.42888,-127.72633,328.47137,150
319,128.66734,-217.59247,479.8265,150
320,114.917694,-204.62364,440.9275,150
321,125.960396,-114.488304,315.97726,150
322,113.831345,-203.56903,437.6264,150
323,249.66545,-74.68158,418.45654,150
324,265.67267,-380.00293,898.7482,150
325,181.32607,-279.6779,640.7932,150
326,207.72978,-311.9509,722.8207,150
327,786.78546,129.19699,907.3019,150
328,175.61418,-219.35602,517.9913,150
329,156.54057,-251.00084,566.0846,150
330,782.47595,128.36064,902.44446,150
331,171.00069,-266.7321,608.16675,150
332,125.34418,-212.35164,467.61087,150
333,116.2092,-205.25888,444.1046,150
334,773.3997,126.6732,892.1569,150
335,102.56578,-140.12471,326.1493,150
336,736.5822,121.43851,849.06573,150
337,114.74368,-204.35553,440.36166,150
338,134.9044,-225.28278,499.4888,150
339,125.37334,-213.98524,470.16104,150
340,206.21861,-310.02155,717.9893,150
341,113.5283,-202.94263,436.441,150
342,317.48804,-30.705452,458.18423,150
343,356.69232,-24.853481,503.36554,150
344,400.3211,50.574047,477.46002,150
345,1097.8326,186.03972,1260.9115,150
346,114.23416,-203.54025,438.52634,150
347,113.3178,-198.12535,430.15015,150
348,116.940796,-141.59981,343.3693,150
349,168.80646,-264.87003,602.58124,150
350,197.96378,-299.758,692.1143,150
351,95.32719,-169.64015,363.67892,150
352,180.92827,-279.72382,640.3701,150
353,118.04014,-206.14207,448.41263,150
354,124.94623,-213.1742,468.24356,150
355,205.02173,-308.82224,714.6509,150
356,198.85439,-95.24285,380.1072,150
357,152.9402,-246.27824,554.2749,150
358,149.26408,-241.53098,542.34247,150
359,91.19004,-160.75429,345.12418,150
360,592.00635,93.9572,685.71747,150
361,732.34155,119.41213,845.32025,150
362,135.19,-225.04565,499.39017,150
363,152.02104,-244.54832,550.4379,150
364,717.1637,117.226654,827.5767,150
365,663.65106,107.15538,767.01855,150
366,118.32239,-206.28725,448.933,150
367,150.40572,-240.77103,542.7586,150
368,184.71103,-283.95148,651.5024,150
369,183.86954,-282.68484,648.5634,150
370,150.10452,-242.33145,544.6569,150
371,848.9766,141.101,977.5268,150
372,146.64459,-238.65355,534.5969,150
373,763.60846,124.96587,880.96497,150
374,86.12508,-142.07492,310.3437,150
375,116.98961,-205.48398,445.76364,150
376,84.39394,-133.22086,294.95984,150
377,163.45609,-258.5012,586.13434,150
378,827.19556,137.29697,952.63446,150
379,178.72394,-276.95956,633.4016,150
380,144.29355,-235.82675,527.4091,150
381,120.06389,-207.71622,453.76337,150
382,112.850586,-201.5404,433.49588,150
383,408.5458,31.089859,508.69333,150
384,746.2101,122.318756,860.7644,150
385,110.633514,-197.89845,425.3814,150
386,115.77953,-205.22342,443.24188,150
387,138.62175,-229.33563,510.2774,150
388,450.69827,68.71799,524.9313,150
389,118.52843,-206.129,449.2384,150
390,175.67801,-273.02548,623.64233,150
391,113.281296,-202.80379,435.5086,150
392,158.0757,-252.1855,569.7451,150
393,135.15535,-225.37953,499.8926,150
394,115.40516,-204.53859,441.72812,150
395,197.30762,-299.00528,690.1324,150
396,172.19193,-268.19467,611.91846,150
397,120.70282,-208.44476,455.73013,150
398,760.5468,124.27912,877.5911,150
399,127.6385,-216.2531,476.4257,150
400,585.5917,93.659134,677.71686,150
401,155.71059,-249.43391,562.5358,150
402,360.28766,-10.284151,491.6489,150
403,386.0628,51.674088,457.514,150
404,382.1327,7.540986,500.3481,150
405,112.983055,-201.23618,433.42422,150
406,180.95157,-279.8803,640.6473,150
407,175.1228,-272.13614,621.6009,150
408,328.30307,-39.803715,482.80316,150
409,431.37595,64.19233,504.05325,150
410,790.5539,129.83017,911.6332,150
411,504.8124,78.09634,586.6694,150
412,124.41076,-212.70522,466.8882,150
413,173.43967,-270.8185,617.4159,150
414,385.73322,30.338942,479.52292,150
415,148.00294,-239.69946,537.90784,150
416,196.98235,-299.75842,690.82886,150
417,177.92253,-275.20328,629.7477,150
418,131.25278,-220.58574,487.62918,150
419,143.92216,-235.40787,526.22516,150
420,382.27057,12.807846,494.5637,150
421,133.31404,-223.1946,494.14835,150
422,268.80823,-42.898792,407.3465,150
423,114.5709,-203.39308,439.08636,150
424,116.11973,-204.27486,442.9243,150
425,126.6538,-215.49232,474.0943,150
426,119.64943,-207.41386,452.64032,150
427,211.61487,-317.62888,736.24835,150
428,244.51094,-356.88666,837.0279,150
429,144.73952,-236.01479,528.15906,150
430,298.75482,-423.45956,1005.927,150
431,259.946,-74.458954,431.7736,150
432,177.00948,-274.78232,627.9562,150
433,199.17174,-40.367496,313.07663,150
434,194.0291,-294.91388,679.83386,150
435,446.50052,63.11629,525.0781,150
436,358.40234,45.455013,427.5168,150
437,131.72531,-221.08104,488.9663,150
438,654.8117,106.08035,756.57446,150
439,166.30367,-110.06761,359.94464,150
440,376.17346,-2.6522136,503.9755,150
441,456.4452,67.79867,533.4163,150
442,160.11734,-254.7157,576.18964,150
443,209.2345,-314.0329,727.83966,150
444,209.52382,-313.25293,727.08826,150
445,115.023796,-204.58568,441.10944,150
446,166.57703,-261.7068,594.9847,150
447,170.95096,-267.65125,609.5275,150
448,116.291824,-204.58493,443.56808,150
449,100.64354,-179.10577,385.12732,150
450,161.76205,-255.80656,579.8382,150
451,138.1843,-128.95114,351.9572,150
452,122.015564,-209.64827,459.06198,150
453,790.1165,129.97375,910.94403,150
454,114.15493,-203.48428,438.2474,150
455,136.98315,-227.5886,505.587,150
456,124.910065,-213.18657,468.311,150
457,99.63203,-178.26987,382.26428,150
458,139.24765,-229.90607,511.9539,150
459,715.1725,116.38036,825.7117,150
460,118.70278,-206.88007,450.3045,150
461,800.3075,132.52025,921.9781,150
462,223.74324,-329.9792,770.29456,150
463,236.25105,-346.98938,811.66516,150
464,113.73871,-203.39919,437.26523,150
465,120.026924,-208.02904,453.9602,150
466,187.38455,-287.46906,660.2043,150
467,114.69646,-204.32173,440.23035,150
468,122.86964,-211.11171,462.5007,150
469,116.6209,-205.28786,444.90128,150
470,344.2775,35.672237,419.11636,150
471,111.1005,-198.89922,427.00427,150
472,433.9137,62.72244,508.92896,150
473,126.740204,-215.23195,473.7094,150
474,125.73488,-214.07973,470.68832,150
475,100.35151,-101.35326,274.62598,150
476,144.20422,-236.20041,527.86945,150
477,810.71265,133.64648,934.4183,150
478,124.051025,-212.36781,465.90912,150
479,182.55518,-281.36447,644.8971,150
480,554.04614,87.244286,642.40784,150
481,340.0702,-33.263,490.9362,150
482,149.21094,-241.53656,542.24585,150
483,489.71228,75.48322,569.4103,150
484,117.80952,-205.34286,447.1194,150
485,155.1637,-248.35416,560.1897,150
486,670.49274,109.40684,774.0288,150
487,385.62985,52.805286,455.81076,150
488,172.94594,-269.8774,615.4113,150
489,569.09143,89.67791,659.78687,150
490,149.57806,-241.9863,543.385,150
491,149.94362,-242.04434,543.9189,150
492,123.77768,-212.05556,464.96912,150
493,122.91487,-211.02188,462.2777,150
494,157.39436,-251.43698,567.82153,150
495,756.91394,124.01633,873.13666,150
496,148.33531,-240.4481,539.47626,150
497,379.47424,19.083603,483.7666,150
0,529.1243,115.02572,597.82764,200
1,118.15962,-188.4622,443.86133,200
2,540.3561,118.902245,609.12177,200
3,143.49298,-220.9386,531.47156,200
4,110.30288,-175.8351,414.30795,200
5,101.68037,-164.93146,383.14517,200
6,531.2449,114.76658,600.9333,200
7,273.93018,-58.836205,442.509,200
8,92.707924,-151.39627,349.7301,200
9,111.65899,-179.70792,394.2618,200
10,275.39145,-61.76074,447.70358,200
11,492.71155,98.35371,565.20166,200
12,105.98578,-181.04082,402.10703,200
13,107.2618,-172.43369,403.67493,200
14,121.12091,-191.76512,453.79108,200
15,287.17014,-90.6559,497.2411,200
16,522.1673,111.66039,591.76685,200
17,337.1954,-66.82636,537.111,200
18,111.45319,-179.3106,419.6174,200
19,311.7608,-84.58002,523.28033,200
20,439.39627,58.07062,534.7666,200
21,516.3593,110.14058,585.4671,200
22,100.25852,-169.82211,381.7371,200
23,122.45146,-193.98293,459.0581,200
24,99.63299,-169.5108,379.0404,200
25,510.70148,106.44951,581.47205,200
26,104.04874,-173.03244,394.92355,200
27,442.8728,68.37592,528.359,200
28,427.8446,54.782204,522.63745,200
29,460.2079,52.41156,569.98334,200
30,126.857506,-199.23857,473.6538,200
31,99.86767,-165.19997,378.33588,200
32,88.56735,-143.70915,333.489,200
33,115.52882,-184.21768,434.05206,200
34,120.92794,-190.60083,452.27252,200
35,112.28487,-180.26949,422.56192,200
36,188.64998,-286.88348,695.1969,200
37,104.23621,-158.6431,357.32028,200
38,117.525795,-187.54927,441.7648,200
39,525.76984,111.37117,596.8822,200
40,82.87323,-132.94453,294.6601,200
41,110.38741,-175.91447,414.50882,200
42,129.52722,-203.69836,484.12497,200
43,128.16206,-197.47299,474.3471,200
44,542.1918,119.630005,610.87756,200
45,108.52958,-176.0723,409.18765,200
46,535.28613,117.26508,603.914,200
47,209.83461,-48.65476,343.92398,200
48,167.33565,-253.24707,614.6197,200
49,88.984795,-143.70895,334.79532,200
50,152.87993,-235.85194,566.61914,200
51,537.41296,117.66784,606.3801,200
52,99.477005,-161.64317,374.9582,200
53,119.132126,-190.22482,447.89987,200
54,541.0509,119.004524,609.9565,200
55,88.1871,-146.80392,334.58276,200
56,483.40787,93.2494,557.72534,200
57,299.4173,-79.00901,500.54446,200
58,119.89204,-189.2775,448.73938,200
59,529.87506,115.47715,598.4065,200
60,586.6532,132.11601,658.46747,200
61,511.25467,108.79871,579.9101,200
62,500.26797,96.26432,577.4298,200
63,216.6718,-326.96863,795.45557,200
64,57.808365,-91.30002,213.65211,200
65,347.6229,-60.64553,544.089,200
66,111.47666,-177.00117,417.99332,200
67,540.95184,118.9259,609.8991,200
68,236.57408,-66.27079,400.34448,200
69,101.62966,-163.57936,382.44595,200
70,165.804,-251.15149,609.0796,200
71,96.559715,-159.55878,365.64444,200
72,482.1789,91.52317,557.793,200
73,107.517265,-172.18748,404.0974,200
74,453.96808,57.99532,555.02966,200
75,142.20639,-220.1439,527.8742,200
76,107.984375,-175.289,407.16095,200
77,98.58796,-160.7885,371.91125,200
78,503.36935,104.67881,573.33704,200
79,95.141235,-157.82658,360.71237,200
80,103.08096,-168.51971,389.14938,200
81,75.263504,-100.24535,239.75066,200
82,141.18808,-214.57996,519.27576,200
83,96.240906,-156.46323,362.69073,200
84,86.647194,-144.98453,317.75458,200
85,480.28436,89.64192,557.0785,200
86,106.95124,-173.17366,403.05405,200
87,121.91473,-190.36588,453.98743,200
88,142.23613,-220.75217,528.3547,200
89,134.00636,-206.37868,496.0092,200
90,452.0912,48.493385,563.1101,200
91,80.26265,-130.82387,302.4719,200
92,89.955444,-147.0907,339.46036,200
93,161.2588,-246.58104,595.3153,200
94,130.35078,-203.05489,484.88358,200
95,118.03203,-188.35463,443.59598,200
96,153.27634,-234.61707,566.1692,200
97,142.32959,-220.10469,527.99005,200
98,111.51223,-175.67122,416.64832,200
99,476.5477,91.33924,550.4013,200
100,235.72978,-88.48413,425.30536,200
101,451.319,66.67619,541.48413,200
102,73.90945,-110.60709,253.20508,200
103,110.538025,-123.61449,314.89957,200
104,445.96747,74.85522,525.76294,200
105,512.11285,100.66059,589.04266,200
106,106.341286,-170.89458,400.21045,200
107,106.95562,-173.62236,403.25122,200
108,84.98929,-143.33073,322.86926,200
109,549.0273,120.57973,619.14545,200
110,128.27422,-200.67279,478.1803,200
111,135.37682,-211.56996,504.38544,200
112,108.808655,-180.97331,413.0552,200
113,90.691956,-150.8839,330.79153,200
114,317.56702,-66.93531,510.66736,200
115,388.7472,1.7648127,529.3635,200
116,100.567474,-162.27731,378.66367,200
117,452.80795,59.048412,552.08856,200
118,107.880585,-171.57834,404.80576,200
119,115.80541,-185.27728,435.60767,200
120,503.71643,104.55396,573.91736,200
121,121.040115,-192.56502,454.58246,200
122,103.2649,-168.23805,389.52808,200
123,117.90452,-186.35283,441.43683,200
124,103.42421,-162.1438,385.46906,200
125,100.3223,-162.1738,377.82068,200
126,105.22595,-168.16414,395.40552,200
127,76.90928,-129.64214,289.2338,200
128,139.68909,-217.84367,520.08386,200
129,106.279915,-173.68953,401.22946,200
130,125.626144,-198.77608,470.62973,200
131,517.9435,110.592804,587.13257,200
132,104.37803,-167.68948,392.71698,200
133,120.86494,-188.9722,450.4572,200
134,100.14353,-162.2129,377.28384,200
135,110.7591,-178.28131,417.0197,200
136,117.38505,-187.32552,441.31247,200
137,193.17989,-292.42722,710.192,200
138,131.95625,-205.0015,490.40005,200
139,541.89777,119.335686,610.76984,200
140,345.2905,-60.733704,541.2227,200
141,113.03113,-181.51007,425.43652,200
142,154.46008,-237.6398,571.78345,200
143,113.503456,-181.7235,426.9549,200
144,489.65198,96.11202,563.28296,200
145,470.8265,87.335396,546.6547,200
146,107.09959,-167.44235,398.75867,200
147,91.86043,-153.39865,348.80347,200
148,536.55096,113.387886,609.4213,200
149,84.28844,-139.51007,319.2243,200
150,118.21597,-189.16217,444.63098,200
151,140.77518,-217.76915,522.27875,200
152,115.12985,-184.07945,432.81528,200
153,114.10353,-182.99255,429.36847,200
154,110.83069,-178.9843,417.60345,200
155,105.03887,-175.2117,399.10913,200
156,138.85522,-215.36963,515.91724,200
157,106.09295,-171.66208,399.7397,200
158,542.9679,119.302055,612.24335,200
159,130.26637,-201.94167,483.64526,200
160,116.75825,-187.01085,439.33093,200
161,350.46225,-45.869102,531.1893,200
162,116.569595,-114.98975,308.20718,200
163,108.04046,-172.5494,405.8806,200
164,121.07487,-190.78333,452.58426,200
165,119.5335,-188.64104,447.23404,200
166,170.95546,-261.38058,631.0969,200
167,163.8837,-251.16502,605.9029,200
168,92.66043,-154.1931,351.72296,200
169,440.6554,64.66694,529.1871,200
170,74.69373,-125.831665,280.64175,200
171,522.898,112.08065,592.3488,200
172,100.57477,-166.20749,380.89697,200
173,118.09759,-187.75745,443.2176,200
174,124.68338,-194.94713,464.98383,200
175,147.94524,-228.80531,549.055,200
176,104.930435,-169.17857,395.05228,200
177,508.7227,106.679474,578.5698,200
178,110.54853,-177.49818,415.99573,200
179,100.11257,-161.07812,376.64587,200
180,198.81075,-301.5195,731.45465,200
181,100.35013,-167.68242,381.3692,200
182,85.00142,-143.84517,322.56372,200
183,114.55684,-183.46423,431.00104,200
184,534.25037,116.677925,603.09814,200
185,117.25052,-185.1422,438.77997,200
186,386.13388,5.499296,521.6535,200
187,106.92938,-172.08084,402.46,200
188,101.89843,-168.79488,386.30875,200
189,65.67271,-96.72596,225.7022,200
190,198.65825,-69.60403,352.93713,200
191,99.70025,-165.3547,362.01785,200
192,128.23141,-85.87791,286.112,200
193,90.405014,-89.781586,243.24512,200
194,103.676476,-167.7982,390.6212,200
195,97.31634,-160.1866,368.2412,200
196,279.05222,-81.44642,475.3331,200
197,109.62117,-175.25226,412.0451,200
198,101.50798,-162.59479,381.56454,200
199,99.03666,-159.04381,372.49667,200
200,114.52915,-182.27501,429.88443,200
201,108.04468,-174.63585,407.08902,200
202,171.0756,-262.61932,633.14294,200
203,150.84511,-233.7009,560.47455,200
204,123.876686,-87.40928,283.8768,200
205,100.82904,-160.93307,377.8632,200
206,103.77486,-170.3917,392.26346,200
207,355.68503,-39.140396,530.6736,200
208,169.86346,-106.31424,361.72574,200
209,72.45364,-118.811935,273.39743,200
210,380.35764,-22.043516,545.13086,200
211,105.256134,-175.99318,400.09564,200
212,105.81155,-174.088,400.20892,200
213,460.41238,83.32164,536.60583,200
214,305.3283,-85.38892,515.2779,200
215,108.33879,-171.0878,405.0109,200
216,525.4493,112.41833,595.42755,200
217,433.37726,15.944674,574.4604,200
218,102.80816,-168.72633,388.5776,200
219,103.53516,-166.70923,389.69525,200
220,106.981125,-172.00052,402.59235,200
221,111.32657,-177.90724,418.49014,200
222,158.21344,-241.44171,583.48724,200
223,113.826454,-180.86308,426.92316,200
224,98.860985,-159.8731,372.29123,200
225,108.2021,-175.64003,407.97845,200
226,151.28853,-233.60364,561.05566,200
227,97.87785,-157.49295,368.18552,200
228,116.47482,-186.30812,438.11,200
229,135.93542,-211.7963,506.17252,200
230,107.98245,-172.90425,406.08945,200
231,125.72642,-198.85834,471.00775,200
232,468.6402,80.52044,550.50665,200
233,324.6005,-66.533775,519.73773,200
234,102.91461,-165.96352,387.49173,200
235,177.15718,-268.70694,651.7116,200
236,93.91133,-156.32755,356.49948,200
237,106.36313,-170.67941,400.1515,200
238,112.947876,-181.48848,425.14014,200
239,88.996155,-117.39725,280.4717,200
240,156.25694,-240.96489,579.1337,200
241,116.53154,-184.38116,436.36252,200
242,104.117874,-169.76741,392.79825,200
243,95.31541,-156.87071,360.44568,200
244,128.37328,-201.72064,479.39578,200
245,142.409,-219.83116,527.989,200
246,148.46095,-228.94131,550.23413,200
247,275.1132,-85.73554,475.14395,200
248,109.28404,-176.1557,411.5598,200
249,146.78314,-227.30783,545.1452,200
250,107.18015,-172.86276,403.62592,200
251,84.49607,-141.97903,320.79193,200
252,101.310524,-168.31744,384.32956,200
253,105.367226,-179.24123,401.21597,200
254,156.8083,-239.1499,578.2157,200
255,142.51105,-95.17267,313.5545,200
256,100.14254,-168.08063,380.9346,200
257,108.68212,-175.69286,409.5263,200
258,122.29058,-189.7679,454.1165,200
259,154.70657,-238.69394,573.727,200
260,126.88657,-198.66805,473.18314,200
261,103.29175,-167.88348,389.41003,200
262,93.03404,-150.63503,350.38162,200
263,131.37813,-202.89499,486.74622,200
264,208.96274,-86.40033,386.60977,200
265,100.63892,-167.16248,381.8025,200
266,260.1769,-390.6443,953.1339,200
267,189.50829,-287.8752,697.91833,200
268,100.70611,-166.1508,381.22455,200
269,482.78375,95.088585,555.0663,200
270,123.427185,-193.94955,460.93027,200
271,145.67126,-104.38411,332.1971,200
272,103.76761,-166.0119,390.04025,200
273,112.709755,-180.71103,424.06912,200
274,85.7389,-145.69627,325.17245,200
275,102.77576,-165.99866,387.03983,200
276,93.84037,-149.78326,352.3672,200
277,105.3908,-171.0616,397.33145,200
278,538.5082,118.08813,607.4348,200
279,97.80258,-158.74953,368.45984,200
280,274.80725,-91.47816,481.09576,200
281,101.999756,-165.13918,384.2748,200
282,125.60774,-197.78398,469.7327,200
283,216.51492,-103.18219,417.6815,200
284,168.222,-256.72214,620.88025,200
285,89.69104,-152.05264,335.20874,200
286,88.98118,-149.40892,330.1929,200
287,107.10561,-172.5391,403.2279,200
288,112.78627,-180.76187,424.26813,200
289,91.61798,-153.41853,347.9752,200
290,138.27393,-215.36337,514.66156,200
291,437.2631,57.09887,532.9792,200
292,104.06842,-168.41855,392.0791,200
293,424.852,40.100006,535.42346,200
294,398.9646,5.5682836,539.0498,200
295,204.90842,-74.04712,366.99893,200
296,94.17208,-152.24933,354.53995,200
297,117.22895,-186.9419,440.46158,200
298,152.65495,-100.825096,333.23193,200
299,526.52747,113.800575,595.5462,200
300,497.888,100.19626,570.3666,200
301,152.28499,-92.62683,323.35266,200
302,76.814186,-129.6275,286.7735,200
303,355.22018,-53.166046,546.0453,200
304,131.05789,-204.83086,488.35077,200
305,366.88385,-42.5442,549.7731,200
306,191.01787,-89.90952,367.39072,200
307,101.687256,-166.63286,384.0903,200
308,126.345085,-197.9734,471.28296,200
309,96.14597,-157.03358,362.77615,200
310,93.60296,-150.36479,351.97025,200
311,434.23022,64.34224,520.7359,200
312,74.806595,-124.33309,279.44812,200
313,125.53027,-196.32706,467.93652,200
314,91.92663,-145.53186,324.61542,200
315,106.0469,-172.52084,399.92792,200
316,110.29688,-178.87395,415.8635,200
317,308.9701,-80.89522,515.2386,200
318,188.83621,-81.50406,353.76642,200
319,117.96683,-186.67987,441.85477,200
320,96.64588,-158.10994,364.80704,200
321,108.94527,-176.4386,410.6277,200
322,105.925224,-173.93333,400.42682,200
323,218.34479,-88.87406,401.9335,200
324,192.8533,-290.0651,706.2764,200
325,125.84437,-195.95422,468.02216,200
326,147.48608,-227.96954,547.24005,200
327,545.5571,120.20845,614.83655,200
328,76.853,-123.119606,287.74323,200
329,133.99756,-209.1806,499.54486,200
330,542.4421,119.41146,611.4281,200
331,98.57895,-155.02162,367.69025,200
332,102.08563,-165.97896,384.87527,200
333,93.16066,-151.81291,351.28665,200
334,541.92413,119.186516,610.9523,200
335,292.54996,-46.97235,453.92657,200
336,494.29196,95.64924,570.0201,200
337,90.452225,-151.01613,343.5154,200
338,106.82974,-171.56885,401.94656,200
339,104.33311,-167.70767,392.56906,200
340,130.93556,-204.2221,487.5102,200
341,93.825615,-156.1886,356.1448,200
342,296.6783,-73.17485,489.47186,200
343,326.90015,-78.40811,536.4527,200
344,393.86624,-2.6169693,541.5198,200
345,577.4548,126.46989,651.5966,200
346,102.17205,-167.24707,385.85715,200
347,113.79989,-182.6317,428.29495,200
348,99.66244,-170.10536,376.528,200
349,125.21243,-195.09477,466.0498,200
350,174.49469,-265.96927,643.40485,200
351,78.17827,-130.90622,296.78635,200
352,101.139626,-160.08615,378.69775,200
353,110.89321,-174.66608,414.41205,200
354,102.80344,-165.04468,386.73093,200
355,166.7929,-255.03728,615.93646,200
356,169.50708,-74.62546,321.91257,200
357,119.938354,-190.32748,449.95425,200
358,138.28877,-215.13763,514.31445,200
359,100.78098,-164.61139,380.35135,200
360,487.1818,99.37566,556.8045,200
361,550.8681,121.220085,620.9992,200
362,120.063126,-189.45628,449.10593,200
363,114.208954,-180.72949,427.54614,200
364,317.48962,-75.29647,520.3677,200
365,495.4083,101.56018,565.71436,200
366,112.06606,-180.16461,421.88504,200
367,167.34573,-255.33093,617.0014,200
368,133.9102,-208.17046,497.87302,200
369,109.314545,-173.85544,410.09036,200
370,106.88542,-171.6495,402.19315,200
371,503.44098,101.90464,576.14703,200
372,114.97923,-181.40454,430.13745,200
373,518.04315,111.82821,586.0671,200
374,83.90622,-141.08511,318.90643,200
375,120.55091,-188.40541,448.965,200
376,91.39381,-146.05435,322.41666,200
377,126.56132,-198.07549,471.86923,200
378,498.07483,99.389336,571.40717,200
379,135.18544,-208.19463,500.336,200
380,172.53967,-261.72748,634.8856,200
381,113.5566,-181.13208,426.76508,200
382,95.92803,-157.72664,362.6635,200
383,401.66382,4.8729105,543.58746,200
384,500.11313,102.7476,570.85364,200
385,103.44044,-168.52954,390.17838,200
386,78.34641,-132.46567,296.67194,200
387,113.34364,-181.2563,426.27637,200
388,367.00842,-40.84139,548.11084,200
389,100.819534,-164.94536,380.63443,200
390,192.96808,-293.88626,711.6658,200
391,125.79947,-103.49063,305.88547,200
392,120.766266,-189.10445,450.40213,200
393,111.7484,-179.04918,420.3739,200
394,111.03538,-180.17258,418.73395,200
395,158.62546,-242.2624,585.3204,200
396,149.03137,-229.89796,552.2582,200
397,107.891426,-174.5743,406.577,200
398,541.1818,119.41077,609.73627,200
399,70.444565,-76.0703,204.15628,200
400,507.62512,103.228806,580.5003,200
401,118.37621,-186.54079,442.61905,200
402,372.1417,-23.47865,535.3671,200
403,441.80685,46.585117,551.09546,200
404,254.97801,-105.71417,471.6615,200
405,101.37708,-167.956,384.31488,200
406,149.06673,-229.15741,551.7421,200
407,209.61037,-318.51413,772.27856,200
408,309.59103,-87.7634,524.28687,200
409,368.544,-37.220276,545.8941,200
410,536.91846,116.96454,606.40356,200
411,438.5098,61.590996,529.6049,200
412,67.621765,-111.72113,255.2545,200
413,132.07773,-205.58664,491.46844,200
414,90.37838,-152.16449,334.0108,200
415,125.16233,-197.61134,468.3936,200
416,161.63048,-248.92836,599.1258,200
417,138.14137,-214.53253,513.3033,200
418,117.71021,-185.82417,440.43903,200
419,115.312904,-184.19177,433.5004,200
420,393.23868,10.744944,525.41266,200
421,127.35433,-199.42116,474.95,200
422,366.5168,-33.97741,539.7283,200
423,107.994354,-173.76495,406.51834,200
424,112.45829,-179.75783,422.90738,200
425,105.88469,-169.66551,398.2044,200
426,107.08952,-171.4584,402.7104,200
427,192.58765,-293.06717,710.0048,200
428,209.65204,-316.69904,770.0243,200
429,118.8796,-186.31084,443.19434,200
430,250.49924,-373.88144,914.5448,200
431,229.48189,-59.975735,383.18066,200
432,140.25632,-217.64027,521.23676,200
433,293.25696,-39.46252,446.59427,200
434,132.17896,-203.72763,489.35995,200
435,468.8087,85.49031,545.7567,200
436,505.71445,88.05827,592.9275,200
437,111.69556,-177.00642,418.48105,200
438,458.2678,71.772316,545.49274,200
439,94.6973,-155.76216,358.00156,200
440,365.49057,-37.112274,541.6167,200
441,480.61313,91.12174,556.07855,200
442,117.557396,-183.00777,437.17892,200
443,103.13111,-161.02145,383.77148,200
444,134.5412,-208.33228,499.19727,200
445,278.4691,-63.763256,454.08603,200
446,119.40209,-187.48015,445.71548,200
447,92.26868,-147.7407,346.67007,200
448,103.98835,-170.02545,392.57874,200
449,110.42795,-178.9822,416.35156,200
450,121.515305,-190.42384,453.15265,200
451,104.83432,-171.09148,395.64603,200
452,114.18524,-181.71573,428.48532,200
453,527.7578,114.25364,596.73846,200
454,130.82938,-206.7621,490.04684,200
455,130.06546,-203.89551,485.42636,200
456,112.14056,-179.39577,421.75623,200
457,88.59074,-150.20169,336.6227,200
458,133.6445,-206.91875,495.87152,200
459,514.0442,108.516945,583.9267,200
460,106.21356,-171.49617,400.07132,200
461,387.10846,-21.03826,553.01337,200
462,127.91545,-198.53445,474.85303,200
463,193.9669,-294.5124,714.2276,200
464,85.491615,-143.39572,315.45593,200
465,102.5944,-167.39232,387.06924,200
466,142.08395,-219.92386,527.46625,200
467,103.41046,-168.12349,389.86258,200
468,102.51245,-165.47122,386.00723,200
469,85.86158,-143.20241,325.76898,200
470,101.669014,-166.84074,384.32288,200
471,103.41287,-172.10585,392.54846,200
472,450.40152,59.106834,548.6412,200
473,98.8258,-160.33499,372.3459,200
474,103.13349,-167.14447,388.6693,200
475,64.20129,-91.5323,225.44212,200
476,138.44412,-213.91577,513.7461,200
477,543.482,119.825554,612.4238,200
478,110.225395,-177.88896,415.2358,200
479,130.83263,-203.93538,486.917,200
480,447.47406,70.63357,532.1315,200
481,314.14096,-66.90536,506.2406,200
482,62.1072,-95.65594,227.86879,200
483,454.02655,76.35464,535.1052,200
484,106.39147,-172.04163,400.85263,200
485,127.896835,-199.47488,475.95706,200
486,431.43115,22.974955,563.79315,200
487,391.97342,-24.330423,563.5132,200
488,97.80123,-155.31274,366.53058,200
489,469.29953,86.75866,545.18835,200
490,111.86022,-179.35324,420.88934,200
491,98.14201,-158.54454,369.61127,200
492,58.38808,-78.10244,195.01022,200
493,100.37027,-163.19485,378.43964,200
494,120.203835,-189.88606,450.21338,200
495,502.41635,103.71932,572.9974,200
496,115.416855,-180.77426,430.24713,200
497,397.5525,-4.2747264,548.4685,200
0,579.722,150.59116,642.92004,250
1,150.2755,-216.3024,556.2143,250
2,574.4742,148.48157,637.819,250
3,118.286064,-181.09744,450.0391,250
4,120.98624,-184.67001,460.02,250
5,100.78183,-150.86996,349.7019,250
6,588.622,154.20692,651.5353,250
7,436.8761,59.741653,538.81195,250
8,111.210205,-181.02367,431.782,250
9,383.3837,27.631262,500.7654,250
10,444.3574,63.344643,545.0994,250
11,580.9876,151.03784,644.2155,250
12,372.9636,6.7631235,510.02808,250
13,119.26103,-182.60478,453.81586,250
14,110.6766,-183.16821,432.22192,250
15,554.0452,138.6234,619.5586,250
16,582.58386,151.84682,645.6117,250
17,353.0651,-15.184816,507.60028,250
18,113.28544,-182.06885,437.91553,250
19,510.76907,113.46305,584.937,250
20,573.95636,148.25313,637.3548,250
21,582.0847,151.60692,645.1575,250
22,295.09933,-93.566345,520.283,250
23,114.2422,-181.04245,439.3599,250
24,166.0873,-155.3853,429.70703,250
25,586.784,153.6693,649.5632,250
26,94.125465,-163.92342,372.27313,250
27,506.53983,110.96942,581.67584,250
28,570.3239,146.41223,634.17114,250
29,621.44025,165.30502,685.50903,250
30,120.11691,-183.891,457.09314,250
31,338.00073,-36.171356,510.92047,250
32,184.15506,-73.419136,345.4484,250
33,83.29939,-143.82785,329.18912,250
34,114.12832,-177.82248,436.36432,250
35,113.446815,-188.0946,443.3439,250
36,194.05336,-253.00928,682.4016,250
37,396.0328,27.964602,518.0267,250
38,115.51694,-178.77632,440.77103,250
39,596.7506,157.47977,659.4393,250
40,392.86224,25.51131,516.31134,250
41,128.02046,-194.01933,485.92487,250
42,126.38456,-191.62396,479.69598,250
43,146.74097,-211.02327,542.7646,250
44,578.6406,150.18584,641.84265,250
45,119.68059,-183.1285,455.325,250
46,578.74493,150.18051,641.98975,250
47,594.8321,152.8214,661.36993,250
48,124.35746,-188.9036,472.25137,250
49,631.6043,169.96248,694.89734,250
50,142.02353,-208.95503,531.78015,250
51,580.0417,150.72238,643.22784,250
52,135.42702,-135.16109,367.5574,250
53,113.49571,-186.62984,442.1945,250
54,581.5488,151.37521,644.65045,250
55,213.5448,-106.093864,424.91312,250
56,580.16724,150.68666,643.43774,250
57,416.65466,53.254143,518.0816,250
58,119.518974,-182.58282,454.49008,250
59,580.4294,150.76672,643.71277,250
60,602.45593,159.87805,664.8867,250
61,575.8135,149.01817,639.1226,250
62,607.0835,161.65726,669.45917,250
63,268.40146,-316.57867,897.14844,250
64,143.4183,-74.778046,296.4076,250
65,537.50574,129.84473,605.48883,250
66,181.64279,-96.83923,371.90796,250
67,583.11584,152.01952,646.16064,250
68,530.4911,123.97262,601.6426,250
69,109.873,-180.49619,427.96976,250
70,116.15225,-178.49025,442.40604,250
71,105.86865,-179.68628,416.94745,250
72,581.25903,150.35603,645.2533,250
73,74.94337,-98.5567,253.7142,250
74,564.4344,140.13316,632.2621,250
75,125.23619,-190.02548,475.45187,250
76,114.538666,-182.66191,441.5076,250
77,338.45654,-28.968075,503.49313,250
78,578.8108,150.23987,642.02423,250
79,401.8284,30.84316,522.78485,250
80,113.04096,-186.6414,441.12772,250
81,342.94043,-31.42237,512.2377,250
82,161.36002,-223.7056,585.49457,250
83,96.32003,-146.93802,339.62344,250
84,296.137,-86.18856,512.7069,250
85,594.55597,156.64276,657.26697,250
86,107.03174,-183.33551,422.61957,250
87,113.37019,-177.03185,433.773,250
88,128.13766,-193.96971,486.13312,250
89,152.37833,-216.64514,560.3736,250
90,585.2381,151.27197,649.79626,250
91,95.46616,-158.07494,372.87344,250
92,83.817604,-147.26062,330.82965,250
93,199.01617,-257.99335,697.65845,250
94,113.379906,-181.84427,437.90024,250
95,113.83928,-185.66394,442.3245,250
96,146.30553,-210.91476,541.9443,250
97,140.02367,-206.77357,525.20966,250
98,127.04831,-192.44823,482.00385,250
99,577.3388,148.86737,641.3517,250
100,333.7647,-43.77009,514.0126,250
101,593.7595,156.20665,656.60065,250
102,565.2581,141.81108,631.74866,250
103,337.5784,-48.532654,524.9973,250
104,590.0053,154.86502,652.7874,250
105,569.82544,143.79504,636.0405,250
106,117.700745,-181.05632,448.44495,250
107,84.52416,-148.31615,332.75568,250
108,375.99164,0.35544258,521.5235,250
109,591.1149,155.22867,653.94183,250
110,125.850784,-191.03777,477.86182,250
111,164.20482,-228.1085,596.6244,250
112,149.52577,-178.60693,442.1774,250
113,368.01123,-4.8237514,516.3662,250
114,374.5572,4.180794,515.1111,250
115,555.40063,140.0746,620.0092,250
116,110.46533,-179.94765,429.0198,250
117,598.2543,157.75989,661.21655,250
118,112.96007,-178.81905,434.22855,250
119,114.34514,-177.99893,437.01465,250
120,582.2473,151.6329,645.3549,250
121,114.21438,-181.57712,439.7486,250
122,301.9339,-52.850815,481.4023,250
123,118.06508,-181.09056,449.4235,250
124,123.85147,-188.40991,470.54892,250
125,85.2913,-149.51733,337.05026,250
126,118.269264,-181.13687,450.0315,250
127,408.8953,34.742584,528.2987,250
128,115.67364,-178.72989,441.14044,250
129,97.20899,-170.30632,380.2006,250
130,115.272514,-178.67253,440.0181,250
131,580.7504,151.05222,643.87744,250
132,114.241646,-117.36657,319.3777,250
133,138.8952,-205.95787,522.23016,250
134,114.35133,-180.8242,439.45972,250
135,112.973724,-189.036,442.96088,250
136,113.07961,-185.57634,440.26736,250
137,146.13715,-211.04736,542.02405,250
138,118.56789,-181.69978,451.2608,250
139,581.5914,151.39153,644.6929,250
140,544.3164,132.16098,612.57855,250
141,112.22076,-186.13286,438.61966,250
142,196.38368,-255.873,690.30853,250
143,109.16673,-179.25984,425.17908,250
144,584.1322,152.4574,647.1283,250
145,553.6224,138.85115,618.7739,250
146,115.9459,-178.0577,441.47443,250
147,165.43193,-132.68413,399.95032,250
148,587.75543,153.41338,651.12744,250
149,251.69289,-75.164246,438.75714,250
150,138.10062,-205.50383,519.80975,250
151,140.8238,-206.70638,526.4606,250
152,113.694954,-184.50392,440.8833,250
153,110.81302,-184.6694,433.84656,250
154,114.78342,-180.02301,439.89682,250
155,90.73077,-158.84637,355.4777,250
156,134.0915,-200.74,506.40454,250
157,98.805305,-172.23897,390.89886,250
158,585.10944,152.84573,648.0743,250
159,119.039085,-182.51266,453.15356,250
160,113.777466,-186.94798,443.21854,250
161,406.43533,42.591377,515.8591,250
162,272.50836,-103.44661,500.94357,250
163,126.93953,-192.51303,481.8969,250
164,139.01114,-205.25494,521.2785,250
165,119.246346,-182.50967,453.7133,250
166,222.40198,-277.2866,764.16406,250
167,131.96573,-197.85242,498.70892,250
168,277.78995,-63.013126,460.41174,250
169,575.5516,148.2978,639.4882,250
170,306.17227,-72.79906,510.41226,250
171,576.105,149.0969,639.4459,250
172,114.69611,-178.71927,438.52884,250
173,147.47058,-213.83913,548.09576,250
174,110.80241,-175.4652,425.97366,250
175,158.04852,-222.42694,578.2493,250
176,95.6,-167.47098,377.57672,250
177,583.15314,152.16776,646.0724,250
178,115.90873,-179.26978,442.1763,250
179,100.800804,-170.12088,396.02,250
180,207.19814,-264.6596,720.7274,250
181,272.2019,-101.26064,498.28015,250
182,356.4823,-14.006849,510.94604,250
183,114.17081,-181.79976,439.81387,250
184,581.19684,151.16452,644.3736,250
185,114.807915,-177.64638,437.95007,250
186,379.81177,18.635561,506.05835,250
187,138.8284,-148.819,389.14545,250
188,83.89032,-134.81917,310.44907,250
189,260.41684,-65.00399,439.21866,250
190,485.03345,94.18644,568.717,250
191,160.40498,-163.18704,433.37787,250
192,196.83899,-99.97422,395.92917,250
193,385.8209,5.884807,528.9033,250
194,114.29372,-180.32181,438.86862,250
195,268.31302,-78.50327,466.2101,250
196,461.6436,85.96793,544.8452,250
197,128.23228,-194.19177,486.6132,250
198,121.473274,-185.50761,462.0037,250
199,103.560425,-113.68794,302.08286,250
200,116.06982,-178.84302,442.33722,250
201,96.33354,-169.48474,381.4502,250
202,127.45219,-192.8914,483.51425,250
203,133.9773,-200.99643,506.7191,250
204,391.94827,5.1291895,538.4945,250
205,114.80933,-176.351,437.29114,250
206,98.2223,-172.95116,386.47705,250
207,400.18936,35.151764,515.6862,250
208,409.2918,41.28679,521.2777,250
209,293.46567,-39.99301,454.98694,250
210,480.60736,94.27607,562.4889,250
211,99.15767,-174.75792,391.00528,250
212,109.74401,-189.47656,434.22363,250
213,567.2215,144.92436,631.3928,250
214,565.3103,144.2313,629.4663,250
215,198.5435,-11.705761,293.0214,250
216,584.2562,152.47632,647.2731,250
217,587.4466,152.06436,652.0139,250
218,301.5837,-77.05185,509.73535,250
219,99.26093,-168.4228,390.82578,250
220,114.596565,-178.47452,438.0803,250
221,111.25036,-182.92993,433.4576,250
222,148.62001,-213.2233,549.0578,250
223,123.186356,-187.66943,468.2024,250
224,352.72345,-17.421984,509.63187,250
225,106.33097,-180.44719,418.64102,250
226,170.37895,-232.80815,613.83527,250
227,377.17163,11.515452,510.49347,250
228,116.373474,-179.47223,443.63004,250
229,153.11984,-218.73288,564.8301,250
230,116.28694,-179.28743,443.26825,250
231,117.849045,-180.96867,448.74765,250
232,592.88495,155.9627,655.6584,250
233,576.4245,148.47028,640.5275,250
234,115.60564,-178.92122,441.137,250
235,198.20555,-256.01053,693.4681,250
236,90.53573,-158.49849,358.3471,250
237,125.92477,-191.25246,478.23935,250
238,114.76337,-178.67345,438.67303,250
239,452.16965,72.13626,546.3514,250
240,198.78584,-257.9568,697.1881,250
241,119.50972,-182.9521,454.7643,250
242,176.38402,-151.01103,437.4837,250
243,253.7759,-94.044395,464.20087,250
244,129.03278,-195.2568,489.53775,250
245,129.94768,-195.92027,492.18463,250
246,163.09607,-227.6207,594.23865,250
247,477.13184,95.441315,556.56696,250
248,113.0343,-183.5748,438.52057,250
249,135.35887,-202.62442,511.27606,250
250,102.81185,-142.08275,339.56952,250
251,518.3961,120.77404,588.27057,250
252,343.85617,-27.025671,508.3666,250
253,293.96146,-83.301506,506.23206,250
254,158.18658,-221.19377,576.69666,250
255,344.7094,-22.219475,504.25952,250
256,99.21412,-171.6257,392.4218,250
257,114.36568,-181.3175,439.93115,250
258,102.38403,-160.85277,392.49222,250
259,131.78836,-198.15443,498.82657,250
260,122.00487,-186.02914,463.7685,250
261,393.65793,10.257595,534.9271,250
262,113.19959,-180.43102,436.2957,250
263,192.12486,-250.75484,675.65894,250
264,440.35132,65.04719,537.6263,250
265,209.97623,-114.932304,431.58435,250
266,259.8068,-309.37747,872.6576,250
267,215.01785,-271.50876,743.8592,250
268,208.85963,-115.738655,431.4703,250
269,580.3726,150.85185,643.55316,250
270,135.99887,-202.79558,512.59827,250
271,295.6933,-83.73318,509.5196,250
272,115.47826,-178.2885,440.30655,250
273,128.14842,-194.11977,486.32184,250
274,375.67758,1.9986012,519.2396,250
275,85.976776,-147.03828,329.53387,250
276,125.374626,-190.26724,475.99484,250
277,77.72278,-134.10825,305.74573,250
278,581.06824,151.13258,644.2307,250
279,344.31183,-22.694809,504.28204,250
280,516.8037,119.21246,587.6039,250
281,152.66653,-118.35581,365.2,250
282,129.31676,-195.43057,490.41614,250
283,423.25092,56.532665,523.50574,250
284,136.93387,-203.34714,515.05945,250
285,326.64178,-55.165035,517.6983,250
286,144.64148,-149.27205,397.71512,250
287,113.85944,-184.30542,441.16702,250
288,117.46666,-180.73259,447.53442,250
289,430.40234,58.389393,531.40045,250
290,125.94683,-191.27844,478.3223,250
291,546.1665,135.07118,612.27747,250
292,113.94721,-184.16827,441.28598,250
293,553.13055,136.29059,620.59546,250
294,575.2947,148.32353,639.10443,250
295,471.47995,87.75341,556.62427,250
296,179.05371,-58.510292,320.6655,250
297,114.290825,-179.13269,437.87448,250
298,378.8861,7.9558053,516.883,250
299,586.1764,153.1566,649.2247,250
300,599.16754,158.56334,661.68,250
301,269.24973,-106.89214,500.836,250
302,410.864,46.608524,517.4203,250
303,455.4722,84.93886,537.5155,250
304,144.80344,-210.97498,539.43536,250
305,539.45,130.96149,607.0921,250
306,457.3302,82.99721,542.0449,250
307,311.5082,-68.9892,513.2627,250
308,121.147835,-184.73143,460.4971,250
309,327.26605,-57.448307,521.52985,250
310,274.06097,-37.927105,425.0798,250
311,577.6254,149.69408,640.9366,250
312,114.418076,-182.78723,441.33234,250
313,133.63025,-200.43027,505.18628,250
314,87.7515,-151.00674,346.738,250
315,113.80573,-187.89035,444.08707,250
316,114.33275,-179.86996,438.57428,250
317,517.52856,120.05629,587.7732,250
318,375.6271,6.5921206,513.8974,250
319,117.8069,-180.83406,448.5551,250
320,158.0296,-128.23892,384.55588,250
321,261.3015,-118.475716,503.9401,250
322,94.80912,-165.30223,375.17294,250
323,427.96573,57.177547,529.32336,250
324,245.81186,-295.25183,828.6962,250
325,127.346306,-192.84473,483.062,250
326,148.72557,-214.40396,551.1119,250
327,582.58344,151.823,645.62537,250
328,124.409424,-102.421,312.39493,250
329,108.88425,-172.58372,418.6125,250
330,582.6132,151.81099,645.6779,250
331,101.99619,-164.30322,394.50235,250
332,98.25479,-163.14554,384.16208,250
333,299.82294,-73.333694,502.71204,250
334,583.3933,152.09212,646.4667,250
335,507.69904,106.04049,587.99115,250
336,591.12024,154.72682,654.4576,250
337,258.13336,-95.65911,472.425,250
338,101.33393,-172.06755,398.8655,250
339,90.30955,-153.86938,355.84445,250
340,130.48628,-196.81067,494.4375,250
341,117.89835,-161.78835,384.43958,250
342,514.91724,116.448814,587.7362,250
343,466.8773,91.01544,546.9283,250
344,518.2237,117.75739,590.987,250
345,634.31226,172.34155,696.17456,250
346,136.7808,-151.07115,391.078,250
347,89.68895,-149.73529,351.27634,250
348,149.56535,-167.51234,427.19986,250
349,169.85924,-232.49698,612.6691,250
350,145.9955,-210.57835,540.86456,250
351,406.53214,26.669025,534.1264,250
352,114.57486,-176.43295,436.50623,250
353,117.36522,-179.94334,446.68915,250
354,114.3806,-178.67827,437.73947,250
355,144.16881,-210.01839,537.0681,250
356,350.6196,-25.455923,516.4268,250
357,122.65959,-186.83527,466.1201,250
358,129.19557,-195.22812,489.91025,250
359,260.17215,-85.66252,463.04626,250
360,572.98834,147.72108,636.5369,250
361,597.37555,157.64964,660.1247,250
362,120.616844,-183.9997,458.52795,250
363,127.32568,-192.74522,482.99335,250
364,510.99326,116.59214,582.20166,250
365,593.0392,156.00938,655.8089,250
366,110.097855,-180.7582,428.8075,250
367,146.39919,-212.05348,543.6383,250
368,151.0666,-216.36072,557.6899,250
369,121.57498,-185.35526,462.1363,250
370,120.036354,-183.46835,456.58075,250
371,591.57117,155.39857,654.40063,250
372,113.884575,-181.19926,438.6018,250
373,573.36707,148.05081,636.72876,250
374,371.26566,-10.521178,527.5976,250
375,99.452705,-164.76392,388.39798,250
376,366.46027,0.89138776,507.58636,250
377,122.62704,-186.85431,466.073,250
378,594.23474,156.47426,656.9875,250
379,125.897446,-190.58109,477.52042,250
380,115.71013,-177.54523,440.44592,250
381,222.227,-73.48061,396.72064,250
382,173.31822,-119.99473,392.99304,250
383,539.03436,130.55717,606.9074,250
384,586.64777,153.4267,649.61273,250
385,90.534485,-154.95692,346.33997,250
386,445.32013,62.272892,547.75757,250
387,119.65238,-183.17264,455.2809,250
388,406.15778,34.862656,524.252,250
389,146.41508,-152.52261,403.0764,250
390,157.8654,-222.46335,578.16626,250
391,498.0897,104.63159,576.231,250
392,113.332,-180.18013,436.35913,250
393,105.25065,-177.93352,413.8139,250
394,112.045006,-185.43916,437.62396,250
395,161.94917,-224.70207,588.0798,250
396,143.3284,-208.98215,534.03577,250
397,89.59893,-156.67778,350.26096,250
398,578.0672,149.94221,641.29736,250
399,394.96576,12.631011,534.0947,250
400,591.67444,154.98685,654.9521,250
401,117.06409,-180.20714,446.06342,250
402,534.604,127.655754,603.724,250
403,594.16895,155.91754,657.4309,250
404,405.49048,44.73977,512.141,250
405,239.69354,-89.1672,439.7455,250
406,124.131165,-188.50473,471.34094,250
407,175.57843,-237.5405,629.3647,250
408,442.42825,71.96415,533.1378,250
409,451.95645,81.334595,536.31744,250
410,597.89465,157.88243,660.59955,250
411,565.66656,144.05731,630.1175,250
412,88.428154,-150.91304,348.72015,250
413,120.786224,-184.49367,459.3413,250
414,437.7031,62.985252,536.2914,250
415,119.216156,-182.82913,453.87503,250
416,156.63637,-221.73317,575.01013,250
417,144.23552,-210.39519,537.54767,250
418,100.89751,-168.59782,395.3373,250
419,115.46346,-179.32928,441.05573,250
420,481.74066,99.182144,559.2684,250
421,118.93894,-182.40378,452.77466,250
422,590.95184,152.62862,656.24744,250
423,96.17566,-164.82278,379.77155,250
424,150.4101,-136.51863,385.76474,250
425,132.63295,-137.27205,366.06467,250
426,397.7987,23.285582,525.7921,250
427,169.3149,-232.54225,611.789,250
428,191.86606,-251.0085,675.7562,250
429,113.91415,-178.69507,436.62408,250
430,291.90244,-334.56744,961.80676,250
431,450.98587,71.18182,545.7243,250
432,139.99794,-206.93324,525.4511,250
433,84.30421,-108.875885,276.5065,250
434,123.68671,-187.95116,469.74396,250
435,565.0583,143.21172,630.08875,250
436,590.80994,153.43175,655.27606,250
437,240.04729,-56.034565,400.666,250
438,572.81824,147.15565,636.86334,250
439,396.4764,21.76878,525.66425,250
440,522.9648,121.39854,593.8439,250
441,590.1085,154.74287,653.04517,250
442,184.76482,-56.63885,326.37134,250
443,111.71751,-173.42007,426.547,250
444,127.474945,-192.94553,483.58868,250
445,425.11368,52.226612,530.99335,250
446,114.529045,-178.10422,437.649,250
447,127.360954,-192.71355,483.05496,250
448,112.278404,-188.49225,440.62222,250
449,96.36857,-161.63843,378.0853,250
450,123.85478,-188.53789,470.65695,250
451,190.74959,-75.64588,358.45737,250
452,120.86631,-106.272766,311.89072,250
453,582.76184,151.85266,645.84125,250
454,92.207306,-161.1558,360.43405,250
455,122.64122,-186.80739,466.05695,250
456,251.84836,-56.821976,417.3793,250
457,259.04773,-95.00284,472.89752,250
458,124.56975,-189.16942,473.03302,250
459,586.54126,153.34004,649.54614,250
460,118.328735,-181.63701,450.5616,250
461,604.5126,160.29768,667.28186,250
462,197.08305,-255.21585,690.33264,250
463,153.44157,-218.21457,564.5549,250
464,164.12965,-139.2019,406.47168,250
465,109.60845,-183.53358,429.78766,250
466,167.85617,-230.55484,606.2739,250
467,92.88192,-154.39012,347.29443,250
468,117.52054,-150.30855,367.63342,250
469,371.91544,-5.9194956,523.124,250
470,508.98984,112.02917,583.9828,250
471,182.63173,-152.87639,446.44086,250
472,569.06036,145.00507,633.8136,250
473,114.28008,-181.51886,439.8726,250
474,88.283195,-152.27744,348.82263,250
475,104.957306,-171.00377,407.56696,250
476,113.069305,-175.27792,431.53262,250
477,583.23315,152.1157,646.2284,250
478,113.25381,-188.03134,442.82584,250
479,121.57856,-185.47289,462.2272,250
480,575.89905,148.67767,639.57764,250
481,522.0419,119.290054,594.7008,250
482,114.413704,-27.447054,202.85179,250
483,552.5872,137.55669,618.614,250
484,125.615974,-159.09459,388.9682,250
485,148.94524,-214.28737,551.15826,250
486,601.2227,158.1775,664.8524,250
487,539.6615,127.80358,610.4254,250
488,84.85401,-142.01817,332.40048,250
489,567.3026,144.08475,632.34326,250
490,113.41322,-177.96445,434.7648,250
491,117.34208,-180.54706,447.11346,250
492,227.73671,-20.11125,342.41092,250
493,100.482025,-166.18301,392.35715,250
494,84.06984,-147.48665,331.76102,250
495,581.4613,151.33202,644.5812,250
496,118.146286,-181.15317,449.70486,250
497,464.3842,82.7003,552.0895,250
0,517.2331,161.05331,542.0307,300
1,121.49199,-175.34512,424.40213,300
2,531.68207,168.25153,554.551,300
3,149.63359,-180.61966,486.70734,300
4,121.42169,-172.52219,421.80048,300
5,391.192,29.728605,494.2148,300
6,529.5901,167.21672,552.7334,300
7,383.59384,5.723802,508.58957,300
8,121.83956,-171.59508,421.9315,300
9,483.29565,136.15828,519.1647,300
10,411.09833,39.02825,511.52094,300
11,511.32092,157.53186,537.4321,300
12,431.394,77.87162,501.75058,300
13,128.75662,-171.63074,436.68927,300
14,122.8953,-185.01491,434.9466,300
15,416.098,56.443707,501.33606,300
16,489.04764,142.51965,521.21735,300
17,386.78558,19.198616,499.0165,300
18,122.761345,-189.0996,437.3144,300
19,342.83563,-46.301178,507.13998,300
20,495.29904,147.27847,525.29755,300
21,518.42896,161.49153,543.2256,300
22,407.00046,46.725384,498.53397,300
23,122.18655,-171.21854,422.6387,300
24,270.9784,-117.70509,488.39148,300
25,480.8378,135.52217,516.46985,300
26,110.13923,-186.51517,400.38437,300
27,415.8895,54.179756,503.31076,300
28,505.0567,153.59528,532.6227,300
29,316.83994,-41.65424,468.32306,300
30,125.6887,-199.44525,451.38004,300
31,196.14264,-132.01134,407.85297,300
32,119.80766,-166.67073,365.43417,300
33,121.326996,-175.30478,423.9485,300
34,120.828384,-173.61864,421.48593,300
35,126.36859,-206.14941,457.3579,300
36,252.89487,-234.44788,731.05646,300
37,437.30045,82.86814,505.13266,300
38,124.253944,-170.12372,425.94205,300
39,487.1328,139.34587,521.51086,300
40,257.41248,-116.58247,469.17712,300
41,126.212524,-170.37354,430.23254,300
42,126.17448,-200.96742,453.5933,300
43,120.90476,-172.22757,420.20282,300
44,529.25543,167.07843,552.41437,300
45,272.37253,-102.38124,473.68356,300
46,520.2764,162.56644,544.6761,300
47,441.79333,81.87509,512.0569,300
48,161.79164,-184.20683,511.91428,300
49,323.42847,-66.383446,502.37073,300
50,121.15548,-172.49669,421.27353,300
51,525.8118,165.26553,549.5248,300
52,210.56984,-103.998024,395.57434,300
53,126.87401,-204.2245,457.4614,300
54,528.2306,166.60936,551.486,300
55,161.17786,-167.00638,407.1259,300
56,500.92215,150.92046,529.5146,300
57,426.67334,74.04832,498.89886,300
58,121.25058,-176.37086,424.48593,300
59,514.5769,159.29623,540.16077,300
60,556.8313,180.49823,576.5887,300
61,528.0567,166.52426,551.33435,300
62,509.3361,156.08902,536.08923,300
63,247.48427,-232.8036,720.1269,300
64,122.91743,-202.31575,445.72046,300
65,482.31573,135.52469,518.39545,300
66,121.84264,-180.95992,429.43555,300
67,527.1254,165.97029,550.6153,300
68,347.673,-41.012043,508.20596,300
69,124.7462,-193.08737,444.93695,300
70,139.09955,-174.25533,459.0962,300
71,125.907936,-199.4726,451.9944,300
72,476.0682,127.01556,517.4931,300
73,95.10996,-155.04088,343.9895,300
74,511.64853,157.82564,537.6254,300
75,129.11096,-171.0166,436.65283,300
76,126.4767,-202.03688,455.08795,300
77,124.61414,-194.53285,445.51883,300
78,500.78677,151.09753,529.175,300
79,322.38248,-71.39688,506.33585,300
80,125.360985,-196.62933,448.7434,300
81,191.13441,-142.34386,413.42868,300
82,156.48154,-181.83136,499.72855,300
83,106.57243,-179.85574,387.74918,300
84,194.26727,-138.99844,413.5423,300
85,488.99222,141.58772,521.9825,300
86,222.8765,-135.59431,446.29486,300
87,141.07225,-175.82663,464.98468,300
88,124.0928,-170.10477,425.44098,300
89,162.87206,-185.35196,515.43066,300
90,455.2587,104.68305,509.59366,300
91,256.19897,-95.69703,445.50162,300
92,120.04632,-196.64687,434.86478,300
93,150.29901,-180.33615,487.18747,300
94,121.56254,-174.6792,424.0099,300
95,125.74853,-202.70236,453.6415,300
96,126.87295,-169.33089,430.479,300
97,129.91844,-171.4222,438.58176,300
98,123.13818,-186.35646,436.41794,300
99,489.85092,139.9051,524.64215,300
100,304.21924,-94.52813,507.19373,300
101,485.8899,137.81088,521.20087,300
102,425.4068,64.64437,505.9348,300
103,276.56558,-110.398346,488.20654,300
104,471.00012,123.38876,513.961,300
105,516.4218,159.71155,542.25836,300
106,121.97085,-188.36333,434.77567,300
107,180.454,-127.97214,386.25436,300
108,264.42862,-107.73236,468.9076,300
109,535.88794,170.30894,558.23315,300
110,131.9855,-172.39487,443.82498,300
111,135.13838,-173.92418,451.6291,300
112,249.36577,-130.6145,474.54785,300
113,281.6375,-111.72193,495.92078,300
114,482.1772,136.53679,517.38586,300
115,450.73444,102.49243,505.49896,300
116,204.20714,-105.171646,388.7212,300
117,519.0494,161.05519,544.48236,300
118,126.80154,-203.4669,456.83533,300
119,122.23679,-170.72223,422.2895,300
120,515.8144,160.03102,541.1056,300
121,176.12737,-142.19922,394.79337,300
122,123.46295,-188.1452,438.43274,300
123,121.147285,-174.2409,422.70248,300
124,125.11686,-200.57408,450.61554,300
125,120.877525,-172.42151,420.74548,300
126,122.39222,-169.83047,421.73407,300
127,185.40187,-160.402,428.54507,300
128,123.08763,-186.50537,436.39185,300
129,144.84935,-168.02429,390.36487,300
130,130.71594,-172.40329,441.5016,300
131,515.55884,160.05539,540.73676,300
132,108.06996,-182.06886,387.65234,300
133,128.37563,-171.13289,435.50415,300
134,125.93111,-203.379,454.51022,300
135,123.982155,-190.93663,441.52994,300
136,116.38219,-190.32175,421.3772,300
137,159.1367,-184.76894,508.51227,300
138,123.34411,-188.12276,438.1063,300
139,528.99976,166.96811,552.17615,300
140,460.72794,111.77408,510.56552,300
141,125.74715,-198.15613,450.7436,300
142,157.38704,-183.984,504.27933,300
143,126.1208,-201.574,453.87708,300
144,488.40704,140.98459,521.7307,300
145,461.53326,114.34538,509.3649,300
146,134.3651,-172.86473,448.81082,300
147,114.68031,-194.49298,416.25162,300
148,482.69455,136.05649,518.47156,300
149,103.7973,-176.13802,376.46695,300
150,114.11348,-187.27878,413.71103,300
151,154.92548,-181.38126,496.33032,300
152,125.6749,-198.43217,450.65918,300
153,121.188324,-196.47641,437.91376,300
154,124.29628,-192.5867,443.47586,300
155,186.90866,-136.25943,401.48764,300
156,153.02895,-181.38083,493.35577,300
157,110.12286,-186.70795,397.67923,300
158,528.50085,166.6971,551.7665,300
159,149.50436,-179.99568,485.37625,300
160,113.4478,-188.68214,412.32718,300
161,420.8868,65.434135,499.1557,300
162,411.1006,53.95831,497.0436,300
163,122.23714,-199.6634,442.5465,300
164,123.72523,-170.10612,424.7379,300
165,129.5874,-171.57318,438.2332,300
166,202.6209,-206.86119,610.7993,300
167,194.30826,-203.34015,592.49445,300
168,124.99289,-165.89137,370.39072,300
169,496.4401,147.23605,526.8553,300
170,328.38565,-60.77196,502.96988,300
171,519.0997,162.01176,543.6237,300
172,125.28559,-196.3215,448.32904,300
173,122.12596,-170.67944,422.04166,300
174,129.29361,-171.77185,437.9911,300
175,160.44104,-185.93066,512.3212,300
176,125.80822,-201.61168,453.0127,300
177,527.299,166.14404,550.6779,300
178,121.15585,-174.7515,423.2329,300
179,121.18825,-171.28943,420.43005,300
180,165.83449,-186.98634,522.52893,300
181,323.60526,-70.66516,507.16293,300
182,114.479706,-193.26472,416.679,300
183,124.96787,-194.63306,446.45987,300
184,521.08167,163.03209,545.30914,300
185,125.73408,-200.04688,451.8152,300
186,419.51816,61.7108,500.8306,300
187,127.38304,-208.876,461.5723,300
188,279.87283,-68.66212,447.7531,300
189,123.036934,-202.79277,446.41647,300
190,146.06564,-182.70654,412.13046,300
191,119.29875,-185.41318,390.6385,300
192,333.9645,-55.81621,505.43362,300
193,225.04608,-110.7251,420.94946,300
194,122.284805,-184.11766,432.70508,300
195,91.57629,-151.03236,331.54715,300
196,417.81055,60.409,499.79608,300
197,121.2754,-171.07266,420.35498,300
198,131.66585,-172.41791,443.1753,300
199,125.70658,-199.81061,451.6205,300
200,135.07709,-173.92174,451.6682,300
201,126.25948,-201.17131,453.9503,300
202,135.70125,-173.88539,453.02286,300
203,134.5267,-173.45204,450.43558,300
204,368.50256,-17.235016,511.94235,300
205,177.0112,-79.518616,325.72037,300
206,122.380775,-194.68011,409.10352,300
207,355.25403,-27.782825,504.79675,300
208,352.47546,-34.124,507.54715,300
209,129.93298,-170.40305,380.96503,300
210,505.02362,152.38666,533.6956,300
211,123.837074,-189.67426,440.33585,300
212,146.26875,-184.88972,416.09122,300
213,480.21823,133.06294,517.71844,300
214,488.72928,141.80785,521.43085,300
215,99.96911,-157.53795,333.8587,300
216,518.63605,161.45493,543.53485,300
217,458.19626,107.82332,510.6913,300
218,209.2316,-133.89186,428.2996,300
219,125.56786,-197.85776,450.07025,300
220,126.91111,-203.63838,457.22,300
221,123.352585,-188.16621,438.11526,300
222,156.00749,-181.70091,498.63184,300
223,121.25458,-175.4298,423.8167,300
224,222.05353,-109.3019,414.71185,300
225,103.79785,-169.87112,357.32602,300
226,157.19963,-184.07394,504.23578,300
227,102.340004,-166.62137,369.9091,300
228,121.40745,-178.52864,426.6449,300
229,133.75598,-173.49104,448.78738,300
230,121.77469,-174.49861,424.17422,300
231,123.60271,-188.33714,438.91077,300
232,451.49887,102.523315,506.49442,300
233,449.74982,103.32198,503.48468,300
234,123.09399,-186.96745,436.7004,300
235,238.8665,-226.36089,696.99005,300
236,122.645485,-176.7128,380.72885,300
237,133.00934,-172.57242,445.91235,300
238,120.61363,-196.38565,436.30273,300
239,365.63254,-23.138264,514.02814,300
240,176.0352,-192.48251,547.12054,300
241,121.689316,-171.83737,421.89786,300
242,115.78972,-195.541,416.91135,300
243,103.931816,-163.02357,343.52356,300
244,121.65892,-178.85559,427.47714,300
245,134.40761,-173.37439,449.90936,300
246,121.51624,-170.42386,420.3301,300
247,404.67194,39.250813,502.636,300
248,179.95265,-99.714005,350.74478,300
249,139.58646,-176.012,462.91397,300
250,110.84176,-185.69392,403.1936,300
251,350.1151,-27.25696,497.3336,300
252,240.82796,-117.538994,448.70993,300
253,119.57916,-183.52505,388.09778,300
254,160.03282,-184.49883,509.49136,300
255,206.62868,-150.46735,442.4293,300
256,110.14621,-186.34393,399.02982,300
257,122.08886,-179.89647,429.35526,300
258,123.13675,-169.07397,422.51947,300
259,154.10793,-182.8096,497.45648,300
260,121.5401,-198.225,439.8156,300
261,324.1097,-59.896446,496.52087,300
262,110.126434,-177.13919,397.04602,300
263,156.12398,-181.34554,498.32162,300
264,318.60526,-75.45987,505.65103,300
265,399.09116,27.028461,507.58752,300
266,294.09753,-261.1356,835.10016,300
267,149.71242,-179.4759,485.39163,300
268,320.42368,-90.03379,523.8852,300
269,531.24316,168.06093,554.1457,300
270,126.90359,-170.78008,432.05182,300
271,366.54718,-17.535727,509.51773,300
272,122.982735,-170.66994,423.6448,300
273,121.75502,-177.0496,426.28854,300
274,274.68243,-99.38162,473.92297,300
275,107.019295,-176.81749,373.23718,300
276,145.16579,-178.16478,475.64865,300
277,119.63166,-192.63776,431.45816,300
278,524.68274,164.7974,548.4564,300
279,122.02611,-180.73029,429.64044,300
280,532.26575,168.69402,554.9218,300
281,104.13975,-176.59663,378.28287,300
282,141.8585,-176.7887,467.94156,300
283,412.56802,49.142853,503.63983,300
284,155.46645,-182.9683,499.91812,300
285,126.961464,-168.91725,373.82104,300
286,221.45961,-121.024574,428.62595,300
287,122.72061,-184.60571,434.1979,300
288,121.646095,-175.26018,424.6959,300
289,118.3683,-200.99165,429.81274,300
290,134.91466,-173.54555,450.76956,300
291,437.8122,87.27934,501.8367,300
292,122.63157,-184.29805,433.76306,300
293,473.1973,125.61248,514.9142,300
294,496.87463,147.77946,526.94116,300
295,402.14166,27.363808,511.3491,300
296,114.20146,-175.10623,371.9274,300
297,124.401,-192.87234,443.857,300
298,404.66736,41.08303,500.86618,300
299,538.7769,171.79842,560.687,300
300,515.0819,159.38887,540.73517,300
301,363.60052,-11.439235,499.2757,300
302,150.55458,-164.55748,390.5496,300
303,318.2625,-72.60021,502.0376,300
304,140.2143,-175.70113,463.23352,300
305,433.10098,80.01176,502.10455,300
306,404.88132,40.55704,501.62338,300
307,200.53038,-135.48755,417.38828,300
308,140.12926,-175.82738,463.32614,300
309,175.32195,-166.09212,422.9316,300
310,496.77222,145.76439,528.6361,300
311,522.624,163.77194,546.673,300
312,107.21032,-178.19609,377.28513,300
313,145.01659,-178.06938,475.1259,300
314,343.59372,-41.475693,503.27603,300
315,126.35955,-200.9285,454.07703,300
316,121.33845,-173.29573,422.45853,300
317,367.0017,-9.145778,501.46448,300
318,188.3616,-156.16626,427.32953,300
319,123.12975,-170.11784,423.5555,300
320,126.726974,-203.3404,456.53714,300
321,350.72375,-32.39699,503.39667,300
322,108.61539,-181.43207,384.9293,300
323,156.77634,-177.63725,415.19492,300
324,200.30104,-203.07861,601.5661,300
325,124.43462,-169.92993,426.19086,300
326,185.16124,-198.64769,571.01654,300
327,533.1576,169.05345,555.7649,300
328,108.311295,-183.21329,393.43732,300
329,122.011505,-168.56358,420.09763,300
330,531.03265,167.93831,553.97876,300
331,123.27479,-194.66779,442.15085,300
332,254.97429,-52.20749,397.39603,300
333,128.57541,-187.89528,402.90643,300
334,530.33777,167.5611,553.40814,300
335,431.3747,71.801735,507.30444,300
336,494.13986,144.65352,526.1034,300
337,147.884,-170.86429,398.5793,300
338,123.76663,-191.71976,441.3786,300
339,101.88045,-168.7755,369.8049,300
340,133.59988,-172.91525,447.54355,300
341,109.37811,-184.41837,391.63892,300
342,415.81064,54.957157,502.417,300
343,402.56564,41.49256,497.59888,300
344,470.02365,120.99564,514.7891,300
345,557.4433,180.39401,577.5102,300
346,204.0605,-141.42451,429.5386,300
347,143.36432,-121.53906,331.8471,300
348,299.8521,-92.681,499.29852,300
349,128.5317,-170.39198,435.04807,300
350,165.10262,-186.81554,521.22144,300
351,276.8857,-99.218575,476.63516,300
352,123.606636,-169.67345,424.14835,300
353,121.28264,-176.14763,424.34766,300
354,136.08755,-173.55083,452.95544,300
355,138.35127,-174.15982,457.9068,300
356,157.83821,-172.31126,413.46286,300
357,127.96611,-171.35771,434.98224,300
358,125.9339,-170.19176,429.52365,300
359,109.31656,-181.86139,397.27133,300
360,514.992,159.85576,540.1671,300
361,540.37744,172.58478,562.0818,300
362,123.06293,-188.67719,437.6201,300
363,126.41951,-201.91219,454.85974,300
364,489.2196,140.16934,523.5559,300
365,529.36194,166.98247,552.6543,300
366,121.13969,-186.72621,431.629,300
367,125.68526,-169.59535,427.80524,300
368,165.9248,-187.4991,523.5053,300
369,126.69553,-204.18182,456.9994,300
370,125.97329,-199.89162,452.43402,300
371,526.54706,165.63113,550.1647,300
372,121.5812,-170.6037,420.59708,300
373,514.0776,159.47382,539.30084,300
374,246.97618,-100.31188,438.54156,300
375,128.96306,-170.65254,436.1285,300
376,362.5707,-13.819294,500.31012,300
377,141.92715,-176.695,467.8669,300
378,526.5509,165.51309,550.2852,300
379,170.13278,-188.60008,532.1319,300
380,123.23317,-192.19856,440.3478,300
381,285.81677,-103.69398,492.6779,300
382,314.88385,-71.76764,496.86685,300
383,437.79092,89.161934,500.13873,300
384,486.5334,139.68898,520.3988,300
385,98.4932,-166.72758,356.86276,300
386,322.21817,-77.15346,512.3698,300
387,122.33296,-171.22234,422.83124,300
388,384.34836,9.924828,505.2716,300
389,401.29187,28.977224,508.53198,300
390,139.32253,-175.797,462.11743,300
391,404.52142,32.631756,509.1358,300
392,122.321495,-182.89789,432.01804,300
393,122.63201,-184.83553,434.10187,300
394,125.90809,-199.26807,451.8458,300
395,160.06839,-184.1802,509.30542,300
396,157.82793,-184.05292,505.16678,300
397,119.464775,-195.01358,432.44366,300
398,526.25006,165.61937,549.77374,300
399,317.77567,-62.703403,491.29123,300
400,523.7449,164.11281,547.8586,300
401,121.61242,-173.4369,423.00497,300
402,429.88724,73.81997,503.41428,300
403,512.7277,157.0652,539.70593,300
404,414.92786,59.849606,496.47836,300
405,354.99554,-30.04413,506.80698,300
406,175.91652,-193.16762,548.1896,300
407,123.62325,-170.05226,424.72086,300
408,408.29666,44.194305,502.6983,300
409,417.86575,62.932076,497.43298,300
410,516.2638,160.31053,541.4486,300
411,461.4897,114.29385,509.33246,300
412,126.0664,-200.19543,452.87488,300
413,144.08403,-178.33234,474.01266,300
414,386.3141,9.965938,507.91507,300
415,122.96688,-171.0528,424.07693,300
416,199.74158,-207.68332,607.50415,300
417,157.64015,-182.73486,502.64386,300
418,176.83055,-130.32407,382.34082,300
419,111.28157,-181.68648,382.72617,300
420,443.67343,95.313156,502.51236,300
421,122.93918,-184.6129,434.7724,300
422,555.00476,179.38666,575.18225,300
423,125.677605,-200.1583,451.81354,300
424,100.7491,-170.81535,365.53735,300
425,125.05109,-202.33688,451.54214,300
426,103.517914,-174.61806,370.8731,300
427,196.13231,-205.58318,598.70245,300
428,163.97182,-185.7785,517.8456,300
429,121.37478,-173.49225,422.42395,300
430,307.277,-265.07782,861.6822,300
431,300.84082,-103.794334,512.77856,300
432,122.43326,-170.77977,422.5775,300
433,331.61246,-32.297005,478.0339,300
434,152.5039,-180.6034,491.37457,300
435,488.49054,139.63287,523.059,300
436,473.64047,121.52139,519.08734,300
437,122.84297,-200.89113,444.90106,300
438,458.1662,110.36528,508.37473,300
439,231.07166,-129.0341,449.8134,300
440,443.3164,92.700005,504.32654,300
441,516.0796,159.75256,541.7406,300
442,120.881226,-174.97462,422.4629,300
443,120.842735,-170.09769,418.31033,300
444,130.1945,-171.43103,439.1604,300
445,477.13745,124.71091,521.01263,300
446,120.67269,-174.94498,422.12634,300
447,121.33408,-172.76665,421.67282,300
448,113.373505,-187.60313,395.56165,300
449,105.37836,-171.56363,381.20462,300
450,188.82133,-87.314354,348.5057,300
451,123.891914,-197.91628,445.82034,300
452,127.34612,-171.0403,433.10822,300
453,530.5767,167.68051,553.6133,300
454,472.24042,126.584785,512.82196,300
455,123.299904,-187.71602,437.69568,300
456,122.906075,-185.73184,435.47458,300
457,323.30136,-76.45771,512.994,300
458,148.58212,-179.90068,483.8878,300
459,503.13956,152.2828,531.2469,300
460,125.762054,-198.3369,450.87057,300
461,459.1945,108.64386,511.30286,300
462,122.5008,-171.14975,422.7257,300
463,196.1238,-205.72055,598.9101,300
464,126.706,-205.07114,457.5959,300
465,287.12225,-108.40566,499.77332,300
466,189.95514,-199.97583,580.50415,300
467,195.54599,-145.19453,423.11838,300
468,124.570465,-193.56125,444.69263,300
469,303.4537,-98.43579,510.33224,300
470,481.83627,134.66603,518.52454,300
471,142.6219,-178.40918,402.44864,300
472,462.187,115.01055,509.6258,300
473,174.5785,-137.75323,388.604,300
474,124.671646,-196.8692,447.17157,300
475,121.51065,-172.27608,421.60043,300
476,113.867096,-179.34207,407.87628,300
477,534.7253,169.81842,557.1383,300
478,125.48218,-202.4413,452.78683,300
479,144.29892,-177.95312,473.60364,300
480,507.5422,155.1369,534.557,300
481,464.8453,115.24029,512.9795,300
482,118.81566,-190.94661,428.22974,300
483,512.8864,158.17169,538.9474,300
484,114.33972,-171.89104,365.47565,300
485,148.64378,-179.54373,483.14285,300
486,493.14835,143.13396,526.1416,300
487,458.00137,107.76801,510.495,300
488,121.4591,-175.45735,424.07016,300
489,475.9718,129.09874,515.5205,300
490,125.47451,-197.05069,449.30295,300
491,127.970924,-171.42361,434.7854,300
492,112.27693,-173.40494,368.22357,300
493,122.52676,-148.61255,345.95358,300
494,100.62077,-163.87466,363.76434,300
495,489.29156,142.28288,521.75525,300
496,123.57635,-190.62283,440.23315,300
497,445.09674,89.92397,509.218,300
0,511.71686,153.7018,558.7989,350
1,126.17037,-212.65512,492.96655,350
2,518.42334,158.5981,563.67773,350
3,121.72619,-214.18112,483.44107,350
4,129.7604,-211.36581,499.07596,350
5,358.94363,9.54043,480.98007,350
6,521.97754,160.9446,566.4757,350
7,179.26187,-193.75839,456.52368,350
8,126.61455,-212.18819,493.6552,350
9,319.94485,-50.67763,488.6267,350
10,362.87698,4.2709556,491.6442,350
11,519.5516,159.31854,564.58624,350
12,325.37997,-42.491783,487.65137,350
13,122.11157,-219.33554,487.56262,350
14,121.033165,-240.71886,497.07632,350
15,432.42404,93.591034,502.84155,350
16,506.73297,149.925,555.297,350
17,188.15079,-184.82996,455.34384,350
18,119.18145,-222.51678,481.02856,350
19,372.06,16.417747,491.8943,350
20,490.9855,139.83255,542.69824,350
21,514.0654,155.384,560.5316,350
22,267.4708,-111.35467,480.5295,350
23,122.39146,-215.22894,486.1013,350
24,212.1383,-168.61174,468.2538,350
25,490.84525,140.90578,541.59174,350
26,120.96387,-238.69586,495.72055,350
27,404.05072,68.99333,485.68115,350
28,505.3493,149.12923,554.1171,350
29,464.04538,126.37536,517.7967,350
30,121.94201,-224.6748,490.25903,350
31,180.57515,-174.94914,434.9036,350
32,121.84319,-230.11206,493.2118,350
33,120.48217,-224.21193,485.81265,350
34,123.34207,-213.3625,487.3333,350
35,107.10312,-227.33316,438.11902,350
36,276.33215,-249.00554,810.57117,350
37,275.13846,-112.01917,491.76605,350
38,121.96399,-226.37775,491.3546,350
39,532.001,167.8348,574.0054,350
40,192.76062,-154.0314,426.60773,350
41,137.00761,-210.54926,512.3301,350
42,121.68396,-226.64279,490.59457,350
43,140.12393,-209.46281,516.4885,350
44,516.8533,157.46745,562.52045,350
45,120.98833,-234.70212,493.41608,350
46,509.1655,151.40001,557.31854,350
47,446.92178,107.82069,510.2785,350
48,212.19456,-225.39145,667.5796,350
49,551.6531,178.91977,590.71326,350
50,133.56468,-210.79004,505.8032,350
51,516.7981,157.30103,562.58606,350
52,223.4146,-135.37082,447.36792,350
53,117.47076,-248.31549,490.02353,350
54,518.02826,158.32033,563.38074,350
55,319.08612,-60.96227,498.18784,350
56,510.32562,152.56886,557.8881,350
57,415.96515,80.40644,491.93408,350
58,121.776726,-220.49594,487.189,350
59,471.97314,125.01561,529.37286,350
60,523.80664,163.06366,567.1653,350
61,667.93616,246.57909,701.62274,350
62,524.34576,162.95894,567.96173,350
63,272.59827,-250.0336,805.9257,350
64,144.4857,-238.44012,475.84506,350
65,417.063,78.01792,495.4478,350
66,114.33653,-239.21837,475.9663,350
67,516.5747,157.04485,562.5018,350
68,367.79352,14.490863,488.04926,350
69,122.115204,-226.6785,491.9981,350
70,189.29132,-217.56927,616.71265,350
71,114.05866,-243.21123,471.27332,350
72,485.12106,136.4752,537.6931,350
73,117.37294,-222.71149,475.86237,350
74,517.2321,157.99185,562.5883,350
75,143.69171,-209.94298,523.95557,350
76,116.58735,-242.01213,484.56116,350
77,121.02566,-245.1297,499.73703,350
78,505.31613,148.63765,554.4817,350
79,289.84662,-89.51009,488.03375,350
80,121.760216,-233.0716,494.69574,350
81,125.11387,-222.86456,437.03094,350
82,216.78928,-226.33328,676.7534,350
83,105.08767,-222.95483,430.7829,350
84,113.13407,-222.23207,427.18646,350
85,523.77155,162.49759,567.57916,350
86,276.4184,-106.15629,487.23587,350
87,121.78445,-224.75897,489.77203,350
88,138.20319,-210.60081,514.4047,350
89,176.45667,-214.25494,589.8028,350
90,520.36694,160.0804,565.03894,350
91,120.8241,-233.96695,492.5178,350
92,119.43302,-244.71593,494.7322,350
93,161.80786,-212.58458,560.8845,350
94,124.75289,-212.90575,490.14734,350
95,121.68345,-232.43445,494.09573,350
96,125.85764,-211.96611,491.49936,350
97,123.74572,-213.28554,488.143,350
98,122.08933,-219.17088,487.4085,350
99,487.59024,137.73785,539.9403,350
100,265.634,-119.22375,486.2938,350
101,512.0369,153.71457,559.22424,350
102,402.63617,58.08065,493.3078,350
103,244.26576,-134.556,473.92258,350
104,500.77075,147.881,549.02936,350
105,416.7654,77.091354,495.88458,350
106,128.39453,-211.67926,495.86743,350
107,107.24818,-224.16263,446.458,350
108,324.86853,-37.335117,481.68118,350
109,521.67084,160.94128,566.06744,350
110,133.18063,-210.87791,505.2894,350
111,142.63956,-210.64929,522.8143,350
112,124.05025,-225.74783,439.28363,350
113,184.96684,-180.78061,446.97516,350
114,333.68057,-32.176376,488.4439,350
115,452.43997,110.75287,515.16077,350
116,109.25384,-221.43445,424.98868,350
117,477.1791,127.99213,533.89294,350
118,121.53414,-235.96223,495.7159,350
119,121.99478,-224.19778,490.09503,350
120,517.6901,157.90735,563.2737,350
121,121.488396,-230.20053,492.14603,350
122,145.77376,-229.23476,463.19446,350
123,123.31602,-213.39691,487.4045,350
124,119.88181,-240.3666,493.69412,350
125,121.522606,-228.06801,491.00885,350
126,121.69811,-218.49466,485.7884,350
127,320.5403,-47.82393,486.53268,350
128,123.32932,-214.41948,488.04074,350
129,106.787834,-225.29446,433.29523,350
130,127.33242,-212.13815,495.17944,350
131,511.70105,153.67558,558.7998,350
132,117.77268,-242.19455,488.42853,350
133,122.046394,-214.9158,484.82022,350
134,120.061905,-241.95798,495.12375,350
135,111.76334,-236.72127,466.34677,350
136,106.747894,-226.5719,445.3389,350
137,146.45166,-210.29486,530.0617,350
138,121.71321,-226.1421,490.45468,350
139,519.7004,159.47278,564.6565,350
140,462.26855,117.5223,522.65784,350
141,116.73055,-237.21829,482.6482,350
142,194.0805,-220.01573,628.5442,350
143,114.51956,-230.64476,472.3456,350
144,516.27765,156.57816,562.4957,350
145,468.14462,122.74013,526.15216,350
146,138.78935,-209.90282,514.3197,350
147,114.89639,-245.05598,479.63727,350
148,483.89572,136.13947,536.30255,350
149,137.08041,-209.50102,429.26752,350
150,122.52295,-216.15103,486.99533,350
151,138.04517,-210.72093,514.227,350
152,121.21391,-236.93477,495.30997,350
153,114.14009,-239.95825,475.67438,350
154,121.86758,-227.22528,491.58423,350
155,110.77915,-220.85902,423.70477,350
156,163.70607,-212.0597,563.51117,350
157,121.81063,-247.31804,503.32904,350
158,520.2257,160.0209,564.90137,350
159,122.398,-216.54506,486.86185,350
160,121.101776,-235.96814,494.45572,350
161,374.9643,24.086807,488.14047,350
162,386.28235,45.004436,483.1627,350
163,122.22056,-220.25119,488.4411,350
164,149.15479,-210.84796,535.3285,350
165,126.47255,-212.2842,493.25122,350
166,249.28438,-239.74019,751.2849,350
167,229.98405,-233.16187,709.2746,350
168,104.33732,-217.8278,419.6139,350
169,509.9684,152.68768,557.31665,350
170,192.15755,-155.80336,428.04205,350
171,509.08676,151.56429,557.0733,350
172,164.08456,-195.5517,439.92392,350
173,124.97292,-212.71059,490.6897,350
174,124.188286,-212.8588,488.56998,350
175,160.61432,-212.2347,558.5804,350
176,112.2894,-232.74072,444.19443,350
177,523.68976,162.60812,567.3765,350
178,121.75887,-226.22893,490.56564,350
179,121.39185,-233.61723,493.86792,350
180,156.28075,-211.41148,548.8205,350
181,245.18442,-131.47212,471.8062,350
182,116.15415,-248.25981,477.69543,350
183,120.16802,-236.68658,492.21405,350
184,513.9561,155.10635,560.6193,350
185,121.02291,-237.84196,495.27975,350
186,421.33063,82.383804,497.46344,350
187,121.87201,-260.16733,508.92905,350
188,103.65412,-216.33493,431.32938,350
189,121.42064,-237.9581,496.61597,350
190,182.73695,-199.25883,466.02866,350
191,106.75169,-223.61592,429.46683,350
192,115.98628,-221.00348,428.14368,350
193,116.95953,-241.36739,485.45325,350
194,123.27505,-213.02788,487.013,350
195,109.48075,-222.96802,453.0977,350
196,486.43723,137.71559,538.3826,350
197,128.31927,-211.87416,496.67804,350
198,125.86725,-213.12282,492.5062,350
199,112.27217,-236.39597,454.2434,350
200,121.88101,-221.71262,488.22992,350
201,115.120285,-244.3402,480.52496,350
202,138.37007,-210.31548,515.14185,350
203,122.27654,-212.68356,484.2466,350
204,190.09329,-165.71889,439.13248,350
205,101.08634,-207.79666,419.38336,350
206,119.31905,-240.9613,459.9449,350
207,258.21432,-140.89085,499.35703,350
208,365.86267,9.244724,490.6588,350
209,212.29431,-152.94273,452.01718,350
210,442.187,103.51166,507.58057,350
211,121.686485,-232.26892,493.95648,350
212,111.74002,-233.22902,446.23215,350
213,418.58432,78.58491,497.0193,350
214,449.1482,107.16843,513.786,350
215,104.68838,-220.83305,427.55545,350
216,516.4978,157.17558,562.28876,350
217,502.60623,147.9548,551.41736,350
218,125.16826,-236.05672,456.5157,350
219,121.32754,-237.29567,495.95557,350
220,121.32605,-242.81703,499.2961,350
221,120.266624,-243.45601,496.51614,350
222,159.93065,-211.52654,555.74115,350
223,124.39507,-213.2672,489.3937,350
224,227.665,-118.62149,434.34686,350
225,105.54335,-216.6676,414.54132,350
226,144.83931,-210.67937,527.2349,350
227,116.235725,-182.34033,373.6437,350
228,121.421776,-231.55598,492.76456,350
229,132.18579,-210.87488,503.46542,350
230,114.58194,-239.79884,477.1219,350
231,121.65652,-233.25531,494.48,350
232,513.1534,155.36737,559.3224,350
233,460.85294,117.512344,520.7636,350
234,121.53955,-232.83104,493.89023,350
235,190.3086,-217.79518,618.933,350
236,106.31861,-224.45117,432.1306,350
237,132.09978,-211.03908,503.5793,350
238,120.3711,-241.54459,495.73996,350
239,384.16055,34.047848,490.7773,350
240,206.99464,-224.17433,656.61774,350
241,123.779175,-213.7834,488.5946,350
242,118.71829,-244.68272,492.60403,350
243,104.86457,-217.0144,415.02942,350
244,122.08574,-222.21205,489.2267,350
245,125.22928,-212.64339,491.2648,350
246,125.755264,-211.28363,491.10278,350
247,354.2316,-6.1002827,490.24832,350
248,121.86845,-228.23686,492.18848,350
249,143.47925,-210.6515,524.8596,350
250,121.07672,-237.67169,495.4183,350
251,473.28818,128.32343,528.443,350
252,317.76562,-48.18784,483.05316,350
253,191.04489,-177.50087,450.99988,350
254,202.65323,-222.52623,647.03406,350
255,355.07144,-2.0905044,487.36078,350
256,116.210045,-239.0942,482.0015,350
257,122.38092,-217.06895,487.10065,350
258,121.29539,-226.46605,489.36826,350
259,160.14406,-212.23157,557.7481,350
260,109.61249,-233.37036,457.39563,350
261,126.5549,-225.17679,441.8468,350
262,105.74363,-222.66125,430.39963,350
263,180.0049,-213.22324,594.16235,350
264,323.57367,-48.961437,491.7915,350
265,133.45052,-226.63167,449.92087,350
266,294.71225,-259.8645,857.5296,350
267,128.3189,-209.9785,494.99878,350
268,152.71416,-227.86792,469.81558,350
269,511.8502,153.92616,558.7883,350
270,130.45447,-211.50453,500.58047,350
271,184.4607,-165.38293,430.80255,350
272,121.98481,-224.93729,490.5083,350
273,121.896805,-232.71927,494.8765,350
274,162.44807,-212.9632,460.08783,350
275,121.88679,-225.03171,490.2775,350
276,150.28226,-209.748,536.44116,350
277,109.625626,-222.86536,453.46393,350
278,515.7811,156.48032,561.91174,350
279,121.45847,-236.6189,495.88184,350
280,465.84393,124.061905,521.9878,350
281,113.344635,-241.89333,472.98645,350
282,121.86135,-221.10556,487.8307,350
283,372.19662,16.228867,492.275,350
284,158.49084,-211.54916,553.4919,350
285,190.38063,-159.56648,430.4982,350
286,105.10753,-219.6532,422.74277,350
287,121.45361,-236.4814,495.83405,350
288,122.76166,-215.4377,487.22473,350
289,182.81725,-213.65877,482.00275,350
290,150.46198,-210.93497,537.7797,350
291,493.94757,142.51726,544.407,350
292,121.81115,-229.1178,492.48096,350
293,462.43393,118.264626,522.27234,350
294,499.8356,145.65308,549.64703,350
295,371.31067,17.447031,489.87393,350
296,118.039635,-243.26889,465.31436,350
297,121.34737,-233.2723,493.58942,350
298,251.21729,-104.579025,451.66275,350
299,517.0654,157.59041,562.7046,350
300,524.40546,162.66046,568.2925,350
301,363.29272,14.358211,482.01358,350
302,277.9208,-94.1159,476.398,350
303,303.58112,-82.76824,499.5691,350
304,130.27429,-211.71368,500.35974,350
305,402.38025,59.505478,491.6023,350
306,271.2115,-116.78665,491.14542,350
307,272.79904,-94.19157,469.75552,350
308,148.05312,-210.53622,532.9346,350
309,117.303986,-244.7662,488.0862,350
310,392.2994,63.273907,474.81836,350
311,488.73645,137.89937,541.31604,350
312,184.40422,-185.74695,453.13605,350
313,131.96362,-211.23291,503.20663,350
314,185.59865,-172.29869,439.19446,350
315,119.73906,-237.72461,491.64236,350
316,122.35939,-216.7626,486.8358,350
317,386.5381,38.34491,489.79187,350
318,111.46704,-237.56613,459.9027,350
319,146.74265,-210.80511,530.7931,350
320,117.44876,-244.06665,488.17896,350
321,230.29262,-154.86122,476.6165,350
322,120.213936,-238.96947,493.75238,350
323,118.70408,-241.89828,461.22916,350
324,241.24957,-236.80974,733.3665,350
325,122.28627,-219.64857,488.32697,350
326,141.09007,-210.622,520.14166,350
327,514.7097,155.97589,560.8983,350
328,121.95049,-229.53731,493.17746,350
329,121.007835,-222.0876,485.78232,350
330,519.948,159.63263,564.85443,350
331,121.437996,-233.44872,493.9779,350
332,111.038025,-217.83066,454.4577,350
333,367.58463,10.8077,491.48102,350
334,517.0659,157.6521,562.6508,350
335,338.52045,-25.938421,488.8012,350
336,462.03107,118.301994,521.7031,350
337,119.63741,-239.32912,492.34653,350
338,121.21935,-231.89046,492.31857,350
339,116.17261,-238.62701,481.58688,350
340,135.71603,-210.35204,509.22287,350
341,146.51845,-205.64163,434.308,350
342,478.17743,132.19003,531.87335,350
343,417.71973,80.45763,494.2486,350
344,492.55896,141.73473,543.21674,350
345,548.5302,178.16757,587.14276,350
346,291.22873,-105.36526,506.24,350
347,110.56661,-229.03786,437.81088,350
348,111.077805,-225.97287,431.8708,350
349,158.20909,-211.04071,552.47144,350
350,148.80688,-210.26157,533.9662,350
351,139.62321,-239.48659,472.84103,350
352,121.75428,-225.62936,490.21167,350
353,121.472694,-227.99341,490.75827,350
354,122.07168,-220.2964,488.00616,350
355,121.369576,-224.1429,488.20227,350
356,141.21896,-226.42168,457.67972,350
357,121.73259,-223.99193,489.1851,350
358,137.97792,-210.3388,513.86475,350
359,111.79868,-234.16154,465.60257,350
360,502.93814,147.13643,552.5608,350
361,514.4036,155.66632,560.7479,350
362,121.59385,-217.30836,484.7661,350
363,219.40268,-149.12723,456.48862,350
364,396.25528,53.931843,488.36038,350
365,522.48975,161.51462,566.685,350
366,127.494675,-212.60905,495.43625,350
367,124.808586,-212.34065,489.60223,350
368,176.2332,-214.19751,589.0127,350
369,122.35613,-217.12291,486.95752,350
370,118.029274,-244.6797,490.48904,350
371,513.4678,154.85616,560.17474,350
372,126.550934,-212.13339,493.55548,350
373,506.42905,149.79968,554.99567,350
374,255.74881,-145.05792,500.46487,350
375,121.519135,-218.06612,484.953,350
376,407.91254,67.65932,491.985,350
377,124.46563,-212.53389,489.45636,350
378,509.1487,151.83156,556.93933,350
379,162.27957,-211.0133,559.5587,350
380,126.65926,-211.27654,492.58597,350
381,352.81912,-8.252082,490.52878,350
382,135.95735,-216.8321,438.96652,350
383,438.243,99.31824,505.78812,350
384,510.748,153.01472,558.077,350
385,103.52095,-220.41743,430.96457,350
386,354.90573,-1.8934282,486.95984,350
387,122.42703,-217.16338,487.33377,350
388,333.7795,-32.337666,488.8101,350
389,281.252,-98.85097,486.1568,350
390,132.61871,-210.55466,504.05154,350
391,393.12054,45.090553,492.39676,350
392,121.84429,-226.57437,491.1029,350
393,120.97891,-236.6465,494.45825,350
394,121.76814,-230.10223,492.94342,350
395,199.29414,-220.18314,637.9501,350
396,149.4027,-210.9003,535.9038,350
397,121.50824,-231.0504,492.73718,350
398,515.3471,156.42113,561.37915,350
399,137.97371,-212.83418,436.81287,350
400,489.5455,139.37872,541.1713,350
401,132.4032,-211.28743,503.97476,350
402,387.65585,41.54252,488.302,350
403,510.61447,152.52039,558.31586,350
404,363.92688,8.638448,488.60983,350
405,138.4249,-220.48262,447.29465,350
406,130.50954,-210.63492,500.22388,350
407,146.90862,-210.79852,531.3938,350
408,374.60034,22.471064,489.28113,350
409,436.25073,96.320786,505.66043,350
410,519.08966,158.59471,564.57404,350
411,469.94684,123.02781,528.3028,350
412,120.41881,-236.1169,492.61844,350
413,121.72262,-222.1294,487.99966,350
414,325.12167,-32.334713,477.01163,350
415,121.00359,-220.04005,484.86212,350
416,193.64905,-220.25261,628.4209,350
417,161.23026,-212.22583,558.9647,350
418,113.0046,-232.20451,443.60364,350
419,121.884605,-226.55878,491.19592,350
420,379.7193,30.704716,487.96216,350
421,122.36295,-221.05826,489.36176,350
422,488.95203,139.58868,540.1997,350
423,115.378586,-233.33907,476.37585,350
424,173.10371,-151.20206,398.74472,350
425,118.51479,-227.5946,438.8802,350
426,185.04181,-163.51378,427.91516,350
427,187.5545,-218.34038,615.27637,350
428,188.35362,-216.68912,613.835,350
429,143.17009,-210.4027,523.37524,350
430,395.3924,-298.96558,1082.9819,350
431,346.2531,-17.397064,490.74542,350
432,122.11284,-221.60147,488.92377,350
433,221.31238,-108.558754,416.48825,350
434,124.929085,-211.45831,489.2753,350
435,478.00662,129.45708,533.8283,350
436,503.7671,147.98773,552.95996,350
437,122.01833,-226.94559,491.85202,350
438,504.61383,148.66939,553.5099,350
439,134.72743,-237.73671,465.37585,350
440,466.5136,120.28024,526.0134,350
441,514.328,155.7806,560.55725,350
442,121.44297,-224.3878,488.51886,350
443,147.86458,-209.64752,531.5589,350
444,132.31111,-211.00175,503.76392,350
445,528.2516,167.35635,569.3419,350
446,122.33468,-214.1147,485.24265,350
447,122.50655,-215.29933,486.20563,350
448,121.220825,-246.52089,501.12354,350
449,114.81574,-222.02205,467.9753,350
450,121.34422,-232.369,493.10034,350
451,121.78963,-228.14958,491.89642,350
452,121.8771,-225.95622,490.8055,350
453,519.27716,159.09807,564.4034,350
454,206.11514,-93.65774,379.37573,350
455,121.69223,-220.69173,487.05853,350
456,115.096924,-222.03247,430.2595,350
457,141.08856,-215.44415,441.7019,350
458,155.8869,-211.45891,548.8681,350
459,509.4304,151.90907,557.24414,350
460,121.79502,-231.15819,493.6604,350
461,431.54642,92.01519,503.01175,350
462,131.8647,-211.14612,502.38297,350
463,141.60855,-210.58041,521.4706,350
464,121.87304,-228.65271,492.38354,350
465,111.65899,-233.67245,447.99023,350
466,199.90941,-221.64676,640.8424,350
467,156.87474,-213.15234,454.59528,350
468,121.4566,-243.87221,500.2128,350
469,259.94025,-133.70361,493.77457,350
470,483.48373,136.9041,535.1406,350
471,147.04863,-225.83415,460.54794,350
472,504.65305,149.92645,552.4986,350
473,113.42738,-220.48808,425.5744,350
474,118.287445,-233.6743,484.98096,350
475,121.13197,-234.1356,493.4141,350
476,121.188095,-226.47694,489.0401,350
477,524.19226,161.33327,569.11456,350
478,118.60363,-235.72949,487.1474,350
479,127.06703,-212.33163,494.55725,350
480,461.81662,117.82623,521.76404,350
481,429.21127,91.565704,500.26276,350
482,121.58778,-223.70465,488.63678,350
483,514.84607,156.0567,561.013,350
484,119.024994,-242.57515,492.25583,350
485,141.84154,-210.50497,521.33844,350
486,531.196,166.92151,573.74207,350
487,406.46695,67.15307,490.47192,350
488,121.635284,-243.15083,500.34293,350
489,494.19998,142.54558,544.7366,350
490,121.930885,-228.06769,492.2227,350
491,124.886086,-213.11421,490.5496,350
492,386.96008,39.26941,489.5417,350
493,116.373116,-223.35379,473.3176,350
494,116.220215,-210.04062,412.48022,350
495,507.57178,151.09317,555.43463,350
496,114.61659,-241.51164,463.03073,350
497,389.21115,43.324158,488.73914,350
0,519.10565,171.41685,560.0971,400
1,137.84079,-204.44724,503.2876,400
2,528.2948,182.84796,562.9755,400
3,137.87813,-184.1281,495.3814,400
4,139.72469,-187.42722,502.41266,400
5,175.6489,-155.18747,407.725,400
6,504.54486,158.4754,551.2276,400
7,334.67813,-60.206184,521.84906,400
8,137.61325,-194.52394,498.4092,400
9,409.54764,45.608448,519.01074,400
10,467.80692,121.13799,532.3076,400
11,498.49036,151.96696,548.5039,400
12,354.85947,-33.18229,522.03784,400
13,136.5501,-204.90915,499.471,400
14,136.32475,-208.85237,500.40613,400
15,315.38898,-90.376564,526.0976,400
16,480.04272,132.06345,539.65784,400
17,161.63106,-216.14468,468.28586,400
18,128.78018,-202.18604,474.98383,400
19,334.1348,-71.55301,532.50085,400
20,482.56894,138.59462,537.917,400
21,514.779,167.85117,557.2356,400
22,351.8472,-31.900822,516.58777,400
23,137.17847,-196.18094,497.7798,400
24,242.86421,-158.66101,499.77048,400
25,351.6571,-33.99185,518.4211,400
26,120.886345,-207.77823,450.26862,400
27,393.03394,28.593966,513.17365,400
28,492.5451,142.57996,548.21185,400
29,519.61334,186.4596,548.045,400
30,136.63722,-204.21713,499.50668,400
31,205.93318,-149.71579,441.68954,400
32,115.213036,-196.81616,418.938,400
33,137.7355,-206.82733,504.03342,400
34,136.79451,-192.73682,495.19174,400
35,135.51602,-198.12708,421.31635,400
36,229.17067,-262.32294,800.18915,400
37,342.5488,-57.688606,530.02515,400
38,117.831314,-200.2058,440.22433,400
39,535.6815,190.79793,566.0536,400
40,214.19939,-162.5782,465.7293,400
41,144.26938,-185.78293,515.13574,400
42,134.78639,-209.36116,495.8572,400
43,140.06151,-185.18935,502.46213,400
44,524.4765,178.22275,561.7048,400
45,126.302216,-214.87514,471.98233,400
46,512.8154,165.25839,556.7554,400
47,469.56198,123.78521,532.50653,400
48,170.56241,-205.78168,601.9254,400
49,397.649,41.74833,506.56485,400
50,136.98878,-205.69948,501.2255,400
51,523.67114,177.64206,561.096,400
52,205.61119,-110.03283,398.80664,400
53,134.73286,-223.62016,501.48798,400
54,524.00507,177.75815,561.45264,400
55,126.91329,-218.26448,465.48517,400
56,500.82095,152.78902,550.974,400
57,417.36786,63.830597,511.88028,400
58,137.15668,-194.49905,496.95407,400
59,500.44586,150.79102,552.16766,400
60,519.7126,175.55351,557.53564,400
61,515.1752,168.50372,557.2027,400
62,520.9736,177.3129,557.71765,400
63,195.653,-228.68639,686.49133,400
64,145.76996,-200.98753,437.4647,400
65,372.89252,-5.7249656,519.42615,400
66,134.8999,-210.18521,496.49683,400
67,522.0912,175.39557,560.8326,400
68,213.74573,-137.0559,438.0924,400
69,137.57469,-210.83302,505.17303,400
70,156.74701,-194.48642,555.7858,400
71,133.94879,-217.96483,497.05026,400
72,438.7074,92.57965,516.6645,400
73,135.72044,-206.19043,497.66452,400
74,507.24063,164.383,549.8939,400
75,150.31108,-188.76627,534.2474,400
76,133.2857,-219.63426,495.64053,400
77,120.05072,-206.0013,445.68195,400
78,464.49124,114.71749,533.0155,400
79,161.63568,-188.58029,434.85477,400
80,136.15936,-209.33348,500.09418,400
81,127.05653,-203.43608,423.87173,400
82,171.0408,-206.0843,603.475,400
83,116.35514,-198.49797,423.31686,400
84,132.57637,-198.6659,420.72186,400
85,471.6108,124.335754,534.696,400
86,294.33603,-92.51121,499.70258,400
87,138.30267,-193.04094,500.01306,400
88,148.65822,-188.86443,529.3536,400
89,161.79643,-197.84859,572.47217,400
90,494.80222,153.45746,542.22845,400
91,146.4223,-156.15224,382.03168,400
92,120.05802,-204.42043,448.61395,400
93,138.55818,-190.3896,499.838,400
94,104.13602,-168.2526,361.1214,400
95,135.94939,-213.34438,501.15076,400
96,138.8277,-188.33975,499.93744,400
97,139.8492,-190.7419,504.03543,400
98,139.22844,-191.97455,502.57944,400
99,494.69788,151.5862,543.7725,400
100,370.15518,-10.9761,520.8867,400
101,439.31946,87.56457,521.6442,400
102,394.3133,38.721775,504.94064,400
103,186.8549,-165.40695,435.65375,400
104,421.34595,65.239876,516.0369,400
105,424.66928,68.410324,517.7559,400
106,132.95926,-200.48584,486.9824,400
107,117.357414,-198.0583,427.7112,400
108,325.84198,-46.11178,495.22964,400
109,528.2551,183.0982,562.7013,400
110,139.44768,-189.0223,502.12827,400
111,142.5455,-188.88956,511.44077,400
112,200.41644,-163.42377,449.32977,400
113,300.5305,-95.07209,510.56396,400
114,351.79175,-37.488964,522.12964,400
115,400.17902,34.746864,516.8744,400
116,259.08444,-69.22946,428.30072,400
117,468.39883,120.92347,533.1414,400
118,135.69891,-221.46825,503.74988,400
119,134.77687,-220.40247,500.53693,400
120,522.74054,176.24883,560.9979,400
121,173.60437,-148.43326,399.03503,400
122,320.17862,-57.337406,499.03455,400
123,136.44955,-200.37215,497.25525,400
124,131.98003,-214.10007,489.44662,400
125,135.33524,-204.69394,495.63907,400
126,141.65413,-186.64685,507.83392,400
127,135.01056,-223.86826,502.58868,400
128,137.358,-193.51462,497.2021,400
129,133.90694,-218.7972,497.1619,400
130,140.11664,-186.63588,503.26996,400
131,479.9704,132.58313,539.1817,400
132,116.54828,-192.77394,410.38702,400
133,135.02443,-198.72913,492.0958,400
134,126.33674,-213.37492,471.737,400
135,126.1992,-212.84842,471.1018,400
136,122.347824,-210.08969,445.2915,400
137,149.3846,-187.2274,530.9107,400
138,136.70938,-209.798,502.08606,400
139,524.4353,178.35416,561.5415,400
140,432.1753,77.54314,520.28107,400
141,172.09055,-146.53856,401.01852,400
142,157.32253,-194.21301,557.52527,400
143,109.459785,-184.7322,402.24585,400
144,468.85797,120.309616,534.3011,400
145,418.88773,59.463715,518.1423,400
146,151.88736,-191.94429,540.1472,400
147,135.40407,-219.28847,501.92444,400
148,268.7896,-146.81418,521.79736,400
149,146.71693,-167.7253,392.9012,400
150,129.31429,-206.60133,478.32645,400
151,148.90247,-188.93718,530.06995,400
152,135.00305,-223.86372,502.45898,400
153,120.46106,-204.21904,436.18488,400
154,133.53354,-214.48717,494.33157,400
155,225.31409,-122.19454,437.26028,400
156,156.23454,-193.26732,553.86926,400
157,135.16136,-219.91263,501.43362,400
158,517.81,171.09666,558.6241,400
159,144.90019,-186.11632,517.1296,400
160,117.106606,-200.55727,437.24557,400
161,421.9788,62.573433,519.31793,400
162,218.23988,-145.87221,452.94995,400
163,137.72133,-206.19806,503.64688,400
164,143.86447,-187.60876,514.73505,400
165,144.03694,-186.30034,514.6543,400
166,189.37201,-223.05203,665.3181,400
167,170.61348,-205.01404,601.8605,400
168,122.07371,-200.41624,453.8956,400
169,482.5338,133.56537,541.88385,400
170,137.8049,-201.22014,426.4573,400
171,517.24786,169.12247,559.50006,400
172,133.09457,-212.60596,443.25735,400
173,136.08679,-198.19327,495.20523,400
174,143.97665,-184.60594,513.788,400
175,139.47505,-184.73518,500.47815,400
176,134.87535,-214.13747,498.1,400
177,518.3232,173.82988,557.0234,400
178,135.64842,-201.30847,495.14194,400
179,134.5805,-216.17259,498.02628,400
180,146.35445,-189.18755,522.7747,400
181,263.45993,-117.00839,483.1069,400
182,131.51576,-219.3662,489.8729,400
183,131.2138,-215.51164,487.73746,400
184,504.97458,157.12653,552.94995,400
185,135.02176,-214.0309,498.5031,400
186,442.78354,89.31668,524.8593,400
187,135.2507,-226.68927,504.21808,400
188,174.4578,-137.4255,393.35486,400
189,136.6711,-201.06635,498.2258,400
190,125.11642,-215.27844,458.11496,400
191,134.56989,-212.67128,443.4038,400
192,119.594666,-202.82588,433.49255,400
193,130.62898,-211.44412,484.20593,400
194,137.09491,-186.34341,493.69562,400
195,122.896805,-196.21866,454.66757,400
196,381.2694,12.89096,512.52856,400
197,138.61935,-192.58405,500.91223,400
198,138.99196,-202.42249,506.07443,400
199,136.06708,-213.62122,501.64157,400
200,137.1,-202.08311,499.96808,400
201,132.22638,-224.06042,493.85403,400
202,135.63696,-187.71542,489.6029,400
203,134.81569,-196.04053,490.33234,400
204,112.85888,-190.17485,412.5673,400
205,113.534195,-148.60617,343.80734,400
206,133.2792,-219.39853,460.23444,400
207,308.42337,-97.21784,523.7188,400
208,378.03842,3.4580388,517.411,400
209,108.31727,-181.57864,400.3664,400
210,450.84204,100.66195,526.3254,400
211,135.3062,-218.71269,501.3352,400
212,151.79147,-206.87846,448.2346,400
213,429.3134,71.766525,521.1594,400
214,423.86435,73.816216,512.1268,400
215,129.97801,-209.85664,481.5807,400
216,503.29916,157.52472,550.31714,400
217,386.75998,18.351477,514.6727,400
218,147.88728,-195.62859,432.50037,400
219,132.66142,-215.5804,492.05353,400
220,127.447914,-215.02916,475.7979,400
221,136.33128,-198.983,496.28674,400
222,145.07327,-188.13277,518.5017,400
223,141.95656,-189.18587,509.85718,400
224,220.23265,-110.10971,416.93964,400
225,163.7829,-184.59756,430.73178,400
226,156.22667,-192.9759,553.74225,400
227,105.12727,-180.6822,389.45972,400
228,134.7022,-211.77296,496.6057,400
229,143.06294,-185.1106,511.3345,400
230,116.834045,-195.7906,435.8797,400
231,128.87721,-210.9786,440.85333,400
232,417.15918,65.23009,510.32965,400
233,356.50098,-19.253855,510.3688,400
234,136.42719,-207.24866,500.07098,400
235,183.5675,-217.59671,645.7407,400
236,133.88943,-188.86922,409.46378,400
237,141.61148,-187.28409,508.01276,400
238,132.27415,-216.07565,491.1051,400
239,354.3841,-33.578156,521.81683,400
240,161.60767,-198.29668,572.03064,400
241,137.34105,-197.69986,498.9412,400
242,129.84296,-218.32669,484.5582,400
243,116.20549,-183.98195,385.05014,400
244,137.1918,-204.65384,501.35446,400
245,149.06285,-187.38148,529.95764,400
246,137.46758,-191.56746,496.92212,400
247,303.43832,-108.65104,528.73364,400
248,107.6066,-181.56204,401.49786,400
249,158.3359,-194.32077,560.71594,400
250,121.85327,-206.75244,455.13556,400
251,184.25476,-190.61429,459.35205,400
252,240.62732,-126.70905,462.15344,400
253,149.94734,-197.30583,434.1902,400
254,164.94598,-200.74768,583.0947,400
255,154.76157,-214.1427,460.28122,400
256,128.34328,-215.75024,478.9386,400
257,140.53633,-189.77197,505.85312,400
258,139.10422,-193.81851,502.93027,400
259,154.416,-191.14189,547.55786,400
260,219.8394,-131.35635,439.69446,400
261,115.72522,-195.75822,431.93896,400
262,125.68591,-202.65785,465.74515,400
263,158.13353,-195.40259,560.3766,400
264,308.75522,-91.64908,518.27014,400
265,266.4035,-119.52979,489.97614,400
266,223.5573,-256.1738,781.2342,400
267,153.77003,-190.46637,545.36847,400
268,166.27898,-196.59108,450.05453,400
269,525.5387,179.59483,562.01056,400
270,139.70833,-187.11028,502.16165,400
271,278.61826,-85.38629,471.11908,400
272,138.07208,-198.54633,501.53036,400
273,135.33833,-219.34387,501.77032,400
274,315.66553,-84.54988,520.64,400
275,129.05737,-210.94513,479.35464,400
276,146.2637,-184.3416,520.36536,400
277,110.067,-185.985,407.58734,400
278,516.99994,169.9676,558.4674,400
279,136.88277,-202.60803,499.5257,400
280,510.49622,168.14645,551.2125,400
281,125.365395,-210.73187,467.70233,400
282,140.47289,-185.10876,503.69104,400
283,355.65173,-33.4139,523.3539,400
284,149.63737,-187.60785,531.776,400
285,194.94235,-138.08795,414.93686,400
286,114.7639,-194.47507,419.52216,400
287,128.02016,-214.23692,477.4313,400
288,138.30215,-198.86148,502.35242,400
289,130.87569,-225.31895,477.7489,400
290,139.1915,-190.03835,501.77097,400
291,415.3611,63.007088,509.87683,400
292,136.57364,-206.84203,500.34137,400
293,442.38107,87.5562,525.7914,400
294,491.75717,144.75908,545.4291,400
295,400.86682,33.507534,519.08795,400
296,163.31088,-176.69661,424.7463,400
297,130.1082,-213.99178,483.73346,400
298,431.77008,78.872025,518.6762,400
299,521.02856,175.8519,559.05145,400
300,489.81174,146.2346,541.5059,400
301,394.03104,42.092247,501.1708,400
302,203.3762,-171.15558,461.09686,400
303,375.01706,0.34830993,516.33777,400
304,139.06212,-191.50949,501.8724,400
305,358.77164,-28.48993,522.68896,400
306,341.52994,-55.368706,526.1323,400
307,195.5912,-135.86617,413.14697,400
308,151.21799,-190.13661,537.4458,400
309,134.31114,-220.74417,499.1403,400
310,451.8601,122.06169,509.90292,400
311,470.1247,120.786545,535.603,400
312,183.304,-136.67377,402.05087,400
313,140.2969,-187.95537,504.38538,400
314,270.6794,-100.7846,476.11978,400
315,134.8487,-214.61803,498.38232,400
316,136.84271,-205.57509,500.61902,400
317,227.32007,-179.90906,502.64703,400
318,136.15503,-212.94482,445.65152,400
319,144.47362,-187.47325,516.506,400
320,122.30377,-211.67409,453.28284,400
321,283.75247,-120.19949,513.59,400
322,122.27312,-208.38934,456.84802,400
323,134.66989,-221.26663,500.37933,400
324,212.65723,-246.16121,744.4431,400
325,137.13673,-196.6151,497.8607,400
326,143.59389,-185.15659,512.8414,400
327,519.2288,172.03323,559.7614,400
328,135.61134,-202.59743,495.54834,400
329,132.56639,-197.61414,484.01715,400
330,526.03754,180.3215,562.0826,400
331,140.24094,-190.39844,505.17062,400
332,116.48984,-189.1567,432.35208,400
333,213.32704,-145.42247,447.2618,400
334,525.3856,179.3706,561.9903,400
335,355.351,-20.746773,510.2934,400
336,499.62662,155.45146,547.18176,400
337,126.839066,-213.21834,473.29507,400
338,134.5916,-203.8409,492.92166,400
339,121.29883,-200.98714,451.4965,400
340,140.52321,-188.20018,505.20352,400
341,128.2687,-191.82875,407.59866,400
342,325.61963,-75.771034,525.15045,400
343,410.31854,49.730843,515.9963,400
344,476.0026,129.24484,536.6665,400
345,522.286,181.76129,555.786,400
346,197.6932,-164.8571,448.28976,400
347,116.29927,-166.46257,363.56006,400
348,142.84428,-201.57439,433.12338,400
349,153.4694,-190.75937,544.58136,400
350,165.3631,-200.93803,584.3848,400
351,114.426994,-194.4148,425.68423,400
352,135.51959,-206.04222,496.70792,400
353,141.3864,-186.92993,507.13452,400
354,136.14087,-215.01227,502.45963,400
355,136.73811,-198.03731,497.19424,400
356,135.37343,-218.8241,501.6641,400
357,136.40875,-197.78984,496.05365,400
358,147.17581,-186.65009,524.0102,400
359,135.41985,-207.55618,497.0779,400
360,483.1963,134.02768,542.3919,400
361,522.97595,176.8586,560.81915,400
362,134.9358,-209.39711,496.3112,400
363,120.34551,-193.82793,409.4317,400
364,521.1645,180.06778,555.7411,400
365,473.4079,123.71264,537.6667,400
366,129.77351,-202.6617,478.19775,400
367,138.95724,-197.43596,504.02435,400
368,148.87633,-188.26155,529.75793,400
369,137.50879,-202.50368,501.39978,400
370,136.31541,-208.45091,500.22455,400
371,498.68243,151.86284,548.841,400
372,145.9744,-185.57214,520.00775,400
373,478.19263,128.75499,539.9143,400
374,354.03693,-17.499092,505.24417,400
375,145.36952,-185.78975,518.32477,400
376,223.83905,-169.72806,486.4446,400
377,136.70613,-196.54338,496.41492,400
378,483.97778,135.6221,542.20135,400
379,167.82968,-202.59097,592.5164,400
380,111.64543,-183.49625,415.16055,400
381,122.67994,-211.30771,451.34012,400
382,186.52444,-157.29239,425.94675,400
383,413.92084,61.897125,508.9355,400
384,440.36005,90.75982,520.3669,400
385,146.18942,-180.54579,408.70386,400
386,125.74728,-205.61514,431.06808,400
387,134.36052,-214.51738,496.78323,400
388,397.27444,27.639927,519.94336,400
389,327.20175,-56.132885,507.21902,400
390,144.87852,-185.10242,516.62177,400
391,231.66748,-152.40239,478.69995,400
392,137.18617,-195.06253,497.33545,400
393,135.07906,-208.899,496.5508,400
394,135.27617,-214.29506,499.45718,400
395,165.79327,-200.40498,585.5811,400
396,156.96597,-194.01326,556.3153,400
397,131.443,-214.37505,487.88248,400
398,523.4399,177.01196,561.3061,400
399,234.89752,-108.50178,435.81296,400
400,439.52396,85.4434,523.6966,400
401,139.38838,-191.28912,502.83942,400
402,365.2438,-16.124292,519.2957,400
403,505.31613,158.35497,552.34125,400
404,357.48154,-27.656647,520.07275,400
405,119.9667,-202.78664,435.5201,400
406,152.54312,-189.33473,541.22974,400
407,137.41301,-188.4639,495.47726,400
408,406.16443,41.386017,518.5623,400
409,339.8171,-52.449028,520.771,400
410,509.41623,165.58267,551.9125,400
411,436.27603,82.658264,521.5965,400
412,134.84224,-216.32718,499.01495,400
413,135.55157,-188.02252,489.43652,400
414,382.86182,20.63962,507.06696,400
415,137.61906,-205.88274,503.27594,400
416,168.24802,-202.51768,593.80286,400
417,141.31686,-188.53294,507.69064,400
418,124.21756,-204.8893,462.0683,400
419,135.7772,-212.70746,500.3647,400
420,439.9214,85.49472,524.1836,400
421,121.43984,-205.778,438.31235,400
422,473.60944,129.512,533.2064,400
423,136.22054,-206.61055,499.1984,400
424,133.96844,-192.68298,411.6356,400
425,134.50644,-216.54987,497.99078,400
426,111.43774,-189.93007,407.06226,400
427,188.3824,-221.16673,661.73346,400
428,158.41989,-195.12206,561.1386,400
429,145.01346,-188.60736,518.5299,400
430,257.94458,-289.31076,894.9301,400
431,457.1657,113.81393,523.9151,400
432,137.46306,-203.95468,501.9035,400
433,134.24597,-143.73892,359.5885,400
434,148.17491,-186.97746,527.12036,400
435,456.91785,107.67748,528.662,400
436,394.15225,26.063032,517.2041,400
437,137.7606,-207.53333,504.33527,400
438,455.0507,107.546715,526.23785,400
439,141.42084,-194.7717,423.35226,400
440,437.43445,87.09255,519.4872,400
441,480.83325,132.69778,540.27313,400
442,137.28627,-188.50102,495.11588,400
443,151.58147,-189.00401,538.15466,400
444,147.3313,-187.17273,524.68854,400
445,313.2668,-85.494354,518.32434,400
446,136.3506,-202.9979,498.05896,400
447,135.84494,-201.84325,495.9852,400
448,139.67801,-207.06053,438.3197,400
449,122.096054,-197.20587,452.59805,400
450,107.81801,-177.65457,401.1686,400
451,136.76378,-209.96257,502.3354,400
452,136.7398,-210.689,502.50604,400
453,518.62726,171.95085,559.00934,400
454,321.35245,-36.398792,479.4082,400
455,137.46231,-191.15425,496.6751,400
456,136.07281,-210.242,500.30637,400
457,160.5839,-176.4689,419.76328,400
458,141.78918,-184.97212,507.48676,400
459,461.4299,111.1585,531.9149,400
460,134.72144,-221.06488,500.58142,400
461,377.83698,2.9999065,517.626,400
462,143.25958,-190.77382,514.3774,400
463,141.1491,-185.23126,505.73608,400
464,136.74118,-206.63538,500.76596,400
465,142.70511,-206.46686,439.6888,400
466,166.40318,-201.73268,587.8961,400
467,220.64534,-137.17548,447.64978,400
468,134.6521,-215.77592,498.0741,400
469,322.08542,-68.873795,513.18555,400
470,489.10504,145.5135,541.26,400
471,132.32127,-221.86267,464.60156,400
472,384.5374,18.633963,511.3289,400
473,120.26379,-205.40717,448.76465,400
474,134.7791,-211.46873,496.90018,400
475,137.01085,-209.35945,502.72876,400
476,141.4535,-92.509285,297.89053,400
477,533.66406,188.78883,565.1039,400
478,116.84428,-194.09529,409.48965,400
479,138.4848,-188.6461,498.94107,400
480,449.21912,96.732574,527.36456,400
481,440.75186,90.18007,521.41437,400
482,144.47368,-189.70906,517.35474,400
483,445.07355,93.93729,524.1053,400
484,133.1885,-217.33252,494.16028,400
485,150.0696,-188.57115,533.4095,400
486,475.85522,128.77592,536.8583,400
487,400.00046,31.70226,519.65045,400
488,137.41467,-203.96101,501.74246,400
489,479.46014,133.04916,538.21875,400
490,135.74731,-212.62668,500.22763,400
491,137.75742,-201.29295,501.78296,400
492,375.95667,17.85949,500.35892,400
493,129.33438,-200.23917,475.87442,400
494,110.79773,-188.65045,399.70584,400
495,481.06815,135.4749,538.3508,400
496,135.47841,-205.3404,496.29315,400
497,437.12897,82.59643,522.8371,400
0,521.2282,146.78961,573.969,450
1,136.02654,-191.18608,459.47162,450
2,531.77234,161.80959,576.06665,450
3,127.372475,-167.28235,435.02826,450
4,134.69464,-189.35501,454.92917,450
5,220.5388,-121.7043,412.8777,450
6,532.75226,162.91052,576.4954,450
7,426.81522,47.951897,529.23474,450
8,132.03418,-178.78273,447.74078,450
9,381.394,-35.42701,545.5448,450
10,527.1077,158.41411,572.5828,450
11,532.80475,163.11472,576.4045,450
12,380.1691,-36.072575,544.5162,450
13,140.23837,-207.19734,472.13724,450
14,134.12029,-187.35088,453.09525,450
15,526.8165,157.04942,573.27057,450
16,517.7202,144.50893,571.10486,450
17,189.63309,-212.58896,465.79474,450
18,136.51485,-218.08835,460.12347,450
19,385.03464,-26.234509,541.8061,450
20,520.4118,149.67474,570.61017,450
21,527.4082,156.39449,574.5586,450
22,328.1517,-94.32963,529.4079,450
23,130.68758,-169.33908,447.77103,450
24,288.33725,-146.20145,526.4864,450
25,405.60992,14.429715,531.5956,450
26,142.18953,-217.82779,478.48486,450
27,403.29608,21.125965,522.3363,450
28,518.16895,145.01462,571.29987,450
29,546.4615,182.89262,578.6726,450
30,132.88013,-183.3769,449.43552,450
31,334.09967,-74.612656,518.7689,450
32,533.256,170.35126,571.35925,450
33,120.547714,-195.86241,401.55905,450
34,130.4927,-177.94977,441.88242,450
35,189.36409,-169.1715,420.29803,450
36,163.95479,-200.9058,567.60944,450
37,326.66547,-111.123825,543.55804,450
38,213.96152,-155.15875,438.04822,450
39,550.3028,182.8584,583.8502,450
40,248.33292,-145.17195,472.48035,450
41,130.94926,-169.06577,448.96136,450
42,137.30286,-204.7786,462.0994,450
43,139.27472,-202.99449,469.3725,450
44,528.7805,158.1202,575.01483,450
45,344.36234,-70.53285,528.7272,450
46,521.09546,148.73807,572.23865,450
47,522.5609,152.31381,571.37756,450
48,355.93637,-46.14418,521.487,450
49,633.25305,237.143,649.66327,450
50,135.93343,-193.3202,458.80603,450
51,528.95685,158.33495,575.0789,450
52,128.85022,-209.5955,428.4613,450
53,138.77571,-211.65579,466.79477,450
54,530.25146,159.9486,575.52045,450
55,168.07321,-235.02985,472.56458,450
56,521.3721,148.91133,572.4675,450
57,396.86392,-2.009774,535.1215,450
58,132.8473,-184.10338,449.01797,450
59,502.13037,126.276085,564.6594,450
60,545.2942,156.36484,598.169,450
61,553.84644,111.22351,644.2557,450
62,540.5728,172.38283,579.3946,450
63,131.75497,-185.26743,444.65567,450
64,406.07574,12.732445,533.8097,450
65,523.53845,152.40388,572.59125,450
66,123.39343,-197.74326,416.03888,450
67,530.1566,159.88852,575.44257,450
68,349.0964,-63.595623,528.5471,450
69,301.80875,-132.83176,531.88824,450
70,132.45837,-178.1025,449.83694,450
71,145.711,-235.24077,469.2269,450
72,478.62354,109.92761,546.2739,450
73,133.59216,-212.8913,450.4745,450
74,366.02618,-65.44106,552.97076,450
75,128.99348,-169.54099,440.56958,450
76,148.72565,-232.41737,458.33057,450
77,458.70535,92.390884,533.5794,450
78,515.26154,141.66087,570.0964,450
79,284.26144,-128.47957,503.8043,450
80,141.84383,-213.02962,477.2617,450
81,429.90567,50.493465,531.1023,450
82,130.96469,-187.4695,441.93573,450
83,383.03006,-16.848494,530.3464,450
84,401.8166,8.211691,532.2723,450
85,533.98047,164.59497,576.79565,450
86,373.20566,-51.29082,549.4049,450
87,134.69875,-186.49002,455.5347,450
88,132.30687,-176.11063,450.45645,450
89,136.94318,-195.5306,462.0996,450
90,504.27625,138.77339,557.8822,450
91,367.50882,-32.579975,524.3126,450
92,177.78616,-180.85327,417.80652,450
93,133.88965,-170.68726,460.25235,450
94,140.01674,-222.69095,443.2359,450
95,141.71368,-210.53352,477.04684,450
96,136.32912,-194.64719,459.9906,450
97,132.62267,-181.38661,449.0221,450
98,138.69295,-201.95773,467.39493,450
99,542.74286,175.55571,579.7846,450
100,284.2301,-142.07149,517.00665,450
101,522.9623,152.32356,571.8881,450
102,481.97702,112.0843,549.0387,450
103,332.35065,-100.21014,540.6078,450
104,517.52625,145.92758,569.73663,450
105,547.3174,180.36417,581.97095,450
106,127.76857,-202.2064,430.88373,450
107,142.90749,-230.98428,477.75482,450
108,447.03583,72.71319,533.9207,450
109,536.2624,167.39323,577.61383,450
110,129.94514,-175.34212,440.73914,450
111,132.74687,-180.62062,449.80896,450
112,180.70354,-201.94943,443.65732,450
113,349.76517,-75.59857,540.6585,450
114,504.2933,134.52701,561.2386,450
115,513.5085,139.63388,569.37616,450
116,294.0405,-127.345764,516.1327,450
117,525.662,154.1341,574.03046,450
118,147.94958,-236.07332,468.76248,450
119,141.55086,-209.67093,476.55756,450
120,530.3427,160.03864,575.57,450
121,145.12039,-209.05168,420.21805,450
122,534.9613,171.50029,572.7029,450
123,137.09386,-203.99402,461.4402,450
124,153.37769,-196.07771,414.069,450
125,140.43204,-209.09639,472.69022,450
126,130.2752,-178.2153,440.8093,450
127,349.19385,-66.29625,531.22675,450
128,133.05156,-181.10524,450.86288,450
129,132.50093,-201.41272,400.329,450
130,130.43387,-172.43993,444.8169,450
131,523.2253,151.25906,573.0704,450
132,172.18727,-219.57227,458.4726,450
133,130.19757,-178.56155,440.4067,450
134,138.0954,-212.34154,464.87,450
135,139.96574,-215.54996,470.99924,450
136,115.368645,-189.85884,386.4674,450
137,127.71806,-171.20538,433.77887,450
138,136.7548,-194.87738,461.58176,450
139,531.67505,161.70631,576.0194,450
140,488.51917,116.646385,554.10986,450
141,153.3337,-228.96588,457.9632,450
142,146.50752,-182.71167,506.11426,450
143,121.94953,-196.44688,410.7551,450
144,530.8532,160.89415,575.5724,450
145,502.3496,128.98724,562.97235,450
146,151.31999,-187.72672,523.3223,450
147,206.06282,-206.28926,480.33173,450
148,473.3266,102.01887,545.3827,450
149,383.71747,-9.662914,524.56055,450
150,138.41676,-213.73189,466.13904,450
151,144.38489,-223.95627,486.0624,450
152,141.63464,-214.27502,476.44162,450
153,131.311,-212.08868,442.79572,450
154,142.72353,-213.598,480.40094,450
155,199.35342,-182.72752,447.28455,450
156,133.70909,-170.6484,459.49683,450
157,134.73674,-213.63954,454.01547,450
158,531.8677,161.91461,576.1098,450
159,132.33217,-180.18092,448.36316,450
160,140.68234,-208.47276,473.63202,450
161,450.7464,71.54622,539.8148,450
162,215.96674,-162.46619,447.56436,450
163,132.83653,-215.98872,439.26935,450
164,134.49553,-170.92393,462.6605,450
165,143.43727,-215.66336,482.68958,450
166,163.45695,-200.76752,565.7467,450
167,132.16255,-201.18996,444.5807,450
168,159.35612,-219.34105,446.5338,450
169,512.4335,139.74416,567.8695,450
170,230.27348,-130.15796,434.05383,450
171,528.0289,157.14554,574.78796,450
172,145.23405,-210.96313,420.6761,450
173,134.57689,-192.31526,453.827,450
174,131.07013,-178.72015,443.95364,450
175,139.20554,-174.81375,480.2987,450
176,137.92577,-199.92337,464.82623,450
177,525.6584,156.11154,572.47955,450
178,129.86847,-175.97357,440.09488,450
179,138.91187,-206.03145,467.57272,450
180,133.39551,-174.12138,456.3751,450
181,233.51804,-169.596,477.71848,450
182,151.74338,-227.45071,449.95792,450
183,129.78566,-205.83847,437.47446,450
184,521.0249,148.58243,572.2678,450
185,137.05151,-199.90146,461.50522,450
186,472.5498,95.6946,549.22675,450
187,162.12479,-200.42654,420.27847,450
188,137.11168,-222.18147,449.247,450
189,134.50702,-217.29524,453.321,450
190,317.35538,-110.728935,530.6036,450
191,200.4839,-206.69751,473.12488,450
192,153.85306,-220.27742,441.81982,450
193,158.92839,-189.11852,407.74695,450
194,129.7745,-174.65622,440.4204,450
195,181.1584,-236.65126,491.11044,450
196,450.7474,70.91065,540.3944,450
197,138.25381,-201.12958,465.89417,450
198,134.78166,-216.26456,452.35776,450
199,138.72914,-224.06046,467.36975,450
200,142.3593,-221.47125,438.1023,450
201,137.64153,-217.8804,463.6754,450
202,128.2944,-165.9957,439.7585,450
203,128.84155,-168.3076,440.79932,450
204,448.14334,79.13397,530.0786,450
205,119.19702,-193.19289,396.53647,450
206,165.61449,-244.71385,485.6567,450
207,462.36014,90.91095,539.49524,450
208,358.75232,-72.584656,549.9182,450
209,317.79694,-102.771416,523.869,450
210,511.2813,144.33942,562.7435,450
211,143.56348,-218.88646,482.95554,450
212,138.1131,-223.5796,444.49414,450
213,446.69775,69.22396,536.4331,450
214,510.39685,138.81941,565.91644,450
215,259.62778,-104.57652,449.25793,450
216,532.5778,162.88725,576.2834,450
217,519.8444,148.15053,571.0565,450
218,221.13081,-203.21379,496.55722,450
219,141.54433,-213.69507,476.20963,450
220,140.72072,-208.38844,473.7491,450
221,120.49145,-192.50395,406.2973,450
222,133.08086,-171.72887,456.2021,450
223,133.2558,-181.59744,451.54123,450
224,404.67908,19.16632,526.0239,450
225,144.27252,-205.88872,413.05582,450
226,133.61493,-169.69484,459.78836,450
227,168.26338,-86.23606,309.49234,450
228,137.04321,-211.23703,461.33237,450
229,135.37845,-196.13406,456.17935,450
230,135.29239,-210.36156,420.1108,450
231,140.7643,-217.82883,473.80676,450
232,530.7513,162.36488,574.28357,450
233,527.7927,158.77406,573.2051,450
234,137.27583,-197.94887,462.862,450
235,156.45003,-193.05621,541.3443,450
236,193.2464,-211.25899,469.71603,450
237,131.06537,-176.62192,444.78906,450
238,124.02467,-202.96274,407.4509,450
239,365.23553,-60.653316,547.4321,450
240,131.72154,-171.34416,450.97232,450
241,135.20053,-189.12553,456.87485,450
242,164.15805,-237.0101,473.8303,450
243,267.18665,-97.19351,450.73514,450
244,140.42581,-217.47762,472.72565,450
245,130.8548,-168.34404,448.98026,450
246,151.28487,-187.27484,523.434,450
247,461.42923,90.01949,538.96216,450
248,110.30091,-179.39871,368.2454,450
249,137.77234,-173.19395,475.29623,450
250,141.01517,-219.49869,474.80392,450
251,370.33334,-39.664413,534.6244,450
252,227.52232,-141.40541,441.4161,450
253,390.64627,-10.945131,535.08344,450
254,134.87315,-184.57796,456.91827,450
255,292.52097,-151.7083,537.25854,450
256,136.11917,-222.08813,444.96454,450
257,136.59193,-193.8258,461.02853,450
258,192.90572,-202.21431,462.62283,450
259,144.61827,-180.38577,499.66846,450
260,131.87346,-175.94734,448.67477,450
261,365.45477,-48.9982,536.84644,450
262,161.29405,-218.56662,447.84534,450
263,132.05939,-173.7557,451.12973,450
264,297.4666,-132.37329,525.0969,450
265,297.32974,-139.44577,532.04297,450
266,221.19579,-259.88034,760.15027,450
267,112.492645,-166.31375,378.85547,450
268,329.32224,-122.10004,557.4727,450
269,526.7355,155.56337,574.32324,450
270,130.80307,-173.97017,445.30573,450
271,208.41495,-189.29921,466.54507,450
272,133.10086,-181.25198,451.0697,450
273,138.6395,-199.97394,467.4866,450
274,224.71555,-193.33154,490.88202,450
275,135.84679,-193.36717,458.44864,450
276,156.67989,-192.65585,542.3747,450
277,170.02834,-225.41287,465.53323,450
278,528.09515,157.32649,574.7337,450
279,133.913,-187.00388,452.418,450
280,509.95975,141.27002,563.42944,450
281,139.8467,-207.08096,412.49075,450
282,129.82494,-172.09138,442.35544,450
283,376.50955,-43.82313,546.84314,450
284,133.34006,-170.92232,457.7515,450
285,370.6656,-45.599632,540.65424,450
286,168.26892,-226.22882,462.43185,450
287,141.67224,-212.23477,476.72333,450
288,138.13106,-196.76982,466.26096,450
289,298.4123,-130.94287,524.85785,450
290,133.05704,-181.905,450.62576,450
291,512.5352,139.98643,567.81464,450
292,136.96068,-214.00446,461.2957,450
293,467.88776,97.3837,541.794,450
294,530.0461,159.41588,575.6676,450
295,452.31393,74.340996,539.5465,450
296,269.1653,-139.43437,494.93753,450
297,136.94365,-195.06131,462.22272,450
298,460.86768,89.19713,538.88165,450
299,537.1289,168.01788,578.2672,450
300,538.12244,169.63632,578.31104,450
301,402.9104,9.73245,532.3192,450
302,207.8447,-139.7041,413.93076,450
303,299.02094,-131.01189,525.6943,450
304,137.28706,-194.93932,463.48303,450
305,433.24924,47.152122,538.58954,450
306,438.79126,59.24794,534.9389,450
307,446.52515,66.68398,538.5076,450
308,132.1482,-179.10878,447.98138,450
309,459.145,87.5396,537.87537,450
310,542.2421,182.20436,573.6052,450
311,508.21048,134.40819,566.47705,450
312,236.04678,-174.18074,486.37772,450
313,131.80025,-178.32927,446.97147,450
314,230.63895,-185.65157,490.66675,450
315,142.23569,-217.4136,478.6446,450
316,136.2601,-193.23924,459.9274,450
317,368.49808,-59.53316,550.74384,450
318,414.26395,29.04883,529.7799,450
319,131.83965,-176.7781,448.03455,450
320,137.82892,-201.53267,464.17776,450
321,435.25644,58.204647,531.1631,450
322,129.68913,-212.42455,430.91382,450
323,159.27121,-235.14551,466.78006,450
324,165.5018,-203.10905,572.83307,450
325,138.83044,-219.6477,443.27762,450
326,129.2694,-173.1061,439.1906,450
327,525.36035,153.95645,573.77014,450
328,126.06423,-200.94383,400.66162,450
329,123.673775,-165.11583,420.10443,450
330,532.4836,162.68336,576.3192,450
331,139.7658,-214.05382,470.48636,450
332,131.73647,-208.7509,418.01355,450
333,386.3026,-25.81952,543.1772,450
334,528.30255,157.48671,574.8814,450
335,442.75024,66.017365,534.0421,450
336,549.9844,182.59224,583.65015,450
337,175.41158,-211.3437,449.3439,450
338,133.12016,-186.83554,449.41986,450
339,116.9685,-186.79082,394.4147,450
340,142.0798,-213.46022,478.15967,450
341,123.18246,-201.16304,414.0407,450
342,497.2841,134.19005,552.23376,450
343,381.3429,-34.722473,544.8048,450
344,480.44403,113.98339,545.53357,450
345,584.00214,208.09518,607.7503,450
346,403.22546,16.412552,526.59595,450
347,188.93654,-138.58112,389.0783,450
348,153.28134,-215.4066,433.07788,450
349,129.65527,-184.72165,437.29794,450
350,139.69043,-175.89781,481.54785,450
351,254.04483,-171.18906,506.16748,450
352,134.78105,-193.85529,454.2374,450
353,134.44188,-189.82626,453.79578,450
354,142.97151,-214.22598,481.17776,450
355,139.01378,-210.97176,467.70477,450
356,169.71432,-250.88258,499.32468,450
357,134.30403,-189.17696,453.47195,450
358,129.97131,-169.80945,444.6746,450
359,131.15797,-201.89299,441.46704,450
360,520.9575,148.61082,572.1568,450
361,533.42725,163.81168,576.6793,450
362,110.99646,-180.52797,374.2624,450
363,185.75345,-194.91385,444.35248,450
364,542.5019,174.70403,580.1292,450
365,527.54333,156.69405,574.502,450
366,170.19724,-239.35977,483.73187,450
367,133.27083,-176.80194,454.23917,450
368,136.6309,-173.46538,470.04254,450
369,140.66414,-207.65881,473.56863,450
370,138.35562,-225.44199,454.97098,450
371,528.903,158.24303,575.0801,450
372,134.4545,-190.70885,453.6423,450
373,722.4992,291.2524,740.8007,450
374,411.91183,25.5431,529.8451,450
375,129.45589,-174.11401,439.3541,450
376,274.5143,-142.2036,504.0725,450
377,130.38843,-173.69344,443.6755,450
378,525.2906,154.1866,573.498,450
379,129.7703,-170.00954,443.64722,450
380,143.38881,-180.06645,383.3399,450
381,520.57086,159.37468,563.21564,450
382,386.09253,-26.352575,543.40546,450
383,465.198,89.485275,544.3522,450
384,520.76135,148.28658,572.1538,450
385,150.42288,-208.79138,422.94254,450
386,461.4663,83.09981,544.5138,450
387,137.90344,-200.71771,464.66074,450
388,437.9868,57.757095,535.22485,450
389,273.48822,-118.25055,479.4681,450
390,130.48044,-165.86848,448.99063,450
391,488.05573,120.26796,550.7158,450
392,130.92792,-177.40352,443.83035,450
393,139.08978,-207.0132,468.06558,450
394,132.0184,-213.12901,445.1796,450
395,149.18024,-184.68575,516.1682,450
396,132.6009,-171.49295,454.3893,450
397,202.7845,-159.11285,427.59668,450
398,527.35834,156.34729,574.52985,450
399,247.60765,-103.77229,431.54315,450
400,528.5714,157.54904,575.18805,450
401,134.64651,-186.19041,455.509,450
402,421.0818,37.466656,531.15497,450
403,537.6113,169.08011,578.0733,450
404,364.14227,-60.332344,545.64624,450
405,141.82475,-226.4908,478.2353,450
406,128.42326,-171.76453,436.38544,450
407,129.41174,-170.1295,441.96658,450
408,506.51352,135.29337,563.5436,450
409,423.9795,41.175827,531.6776,450
410,551.3546,155.80232,606.64056,450
411,486.03967,109.61447,556.26294,450
412,143.06792,-228.28984,454.01654,450
413,129.39389,-177.1802,437.6854,450
414,296.43195,-116.79969,508.8538,450
415,138.53334,-223.67307,451.90802,450
416,152.76639,-188.54616,528.7192,450
417,135.29037,-188.88438,457.22675,450
418,117.44533,-188.54037,396.0973,450
419,138.04942,-196.54166,466.0843,450
420,374.29297,-46.59402,546.4796,450
421,131.1081,-177.29984,444.58823,450
422,547.1013,179.78015,582.17737,450
423,131.57658,-202.71161,443.0799,450
424,166.26672,-174.26735,396.6694,450
425,187.26617,-206.76263,457.23965,450
426,138.91705,-207.89159,467.4062,450
427,147.15953,-182.7762,509.01614,450
428,144.39001,-180.46703,498.57666,450
429,141.47539,-213.12483,476.00638,450
430,215.73836,-254.6666,742.01666,450
431,523.66644,152.78957,572.4579,450
432,136.85556,-194.30229,461.99335,450
433,208.0686,-177.13565,456.313,450
434,128.69017,-170.22487,438.7024,450
435,489.72952,118.476456,554.2926,450
436,532.08405,167.17471,572.2703,450
437,145.97505,-237.54655,485.292,450
438,518.82965,146.82915,570.75,450
439,424.00455,39.421425,533.31744,450
440,506.79138,133.23485,565.533,450
441,529.63666,159.10985,575.3676,450
442,141.39601,-210.90742,475.88235,450
443,138.9985,-207.11151,467.71802,450
444,131.10197,-179.42433,443.61877,450
445,499.27084,128.58359,559.245,450
446,136.49178,-198.06784,459.88458,450
447,141.7923,-220.2156,477.4307,450
448,145.52815,-220.03162,435.91742,450
449,138.85783,-202.17636,467.98666,450
450,133.70346,-177.9453,371.41617,450
451,139.90022,-223.81133,449.08743,450
452,269.14584,-160.34161,515.3044,450
453,535.4139,166.29482,577.3549,450
454,132.17953,-200.22633,444.75754,450
455,132.72487,-183.81033,448.67264,450
456,132.62871,-200.67596,446.63388,450
457,192.09021,-208.07341,464.303,450
458,137.69405,-203.3294,463.4352,450
459,498.18436,127.09194,558.914,450
460,140.11792,-205.4359,471.94836,450
461,539.22003,174.18707,576.2053,450
462,134.59775,-176.39162,460.09363,450
463,129.49997,-166.54218,444.40625,450
464,142.01294,-214.2885,477.72394,450
465,249.58292,-146.60405,475.90726,450
466,139.0721,-175.22868,479.3803,450
467,246.44081,-162.37965,487.65643,450
468,130.25034,-213.86946,429.50162,450
469,516.60205,148.94763,566.17175,450
470,551.58374,184.35039,584.2976,450
471,129.5667,-212.78706,432.28165,450
472,365.5082,-59.449024,546.64185,450
473,209.15376,-194.94624,473.08063,450
474,123.75834,-200.02881,416.95886,450
475,131.17784,-174.75172,446.37988,450
476,359.31177,8.157107,475.31934,450
477,542.31805,174.29845,580.2028,450
478,146.64355,-195.78404,402.4869,450
479,136.26147,-193.89342,459.85068,450
480,468.30997,90.697205,547.4888,450
481,539.9593,171.66447,579.14655,450
482,156.89484,-214.891,450.8335,450
483,519.1414,147.09781,570.9499,450
484,125.50786,-202.4712,423.15952,450
485,136.8583,-173.11092,471.3276,450
486,523.9078,154.58502,571.3618,450
487,475.87442,101.35532,549.2507,450
488,131.6026,-212.62056,426.506,450
489,514.61847,144.48006,567.0367,450
490,142.00108,-219.08499,477.8991,450
491,140.5489,-206.30367,473.56674,450
492,414.76126,48.418827,512.6618,450
493,138.57355,-210.31055,466.77872,450
494,176.75072,-112.52629,346.39465,450
495,524.7421,153.18102,573.5632,450
496,129.10182,-198.17908,434.52048,450
497,476.24588,101.19472,549.86804,450
0,574.54,186.30717,614.657,500
1,124.73054,-187.51396,478.9568,500
2,581.4571,194.74829,617.3774,500
3,127.41621,-241.14459,494.76596,500
4,126.8127,-229.91586,490.777,500
5,434.38046,56.35136,531.0503,500
6,568.552,182.53812,609.6851,500
7,296.0251,-137.82677,528.4177,500
8,128.18015,-241.28825,497.49622,500
9,456.25232,72.86957,545.93774,500
10,476.848,106.98371,546.863,500
11,576.38086,190.95982,613.5632,500
12,444.38126,67.718254,534.346,500
13,129.36234,-247.68251,502.61093,500
14,126.41615,-224.33621,488.46417,500
15,493.14246,113.634384,563.2871,500
16,563.3461,173.41403,609.9515,500
17,250.30994,-197.74641,526.6856,500
18,129.43996,-241.04637,502.07715,500
19,269.24817,-184.5472,538.5597,500
20,564.48254,177.33026,608.38776,500
21,579.33844,192.23026,616.4893,500
22,429.57587,55.315685,525.43805,500
23,123.87506,-204.2676,476.96567,500
24,400.52356,11.059117,527.3253,500
25,376.978,-16.744602,521.40985,500
26,158.75111,-304.80008,571.5669,500
27,383.13788,26.50122,489.6593,500
28,540.78687,155.42975,594.2185,500
29,413.08972,62.624386,496.99963,500
30,127.17891,-232.48637,492.54245,500
31,284.42816,-173.18669,547.48615,500
32,390.23163,12.672839,512.10754,500
33,154.28116,-295.2784,566.1404,500
34,124.7216,-222.55713,482.20663,500
35,225.06624,-216.89066,514.1714,500
36,165.17517,-219.61276,644.00806,500
37,506.99393,131.0496,568.39496,500
38,182.64508,-286.28516,545.11194,500
39,592.2113,204.84225,623.4901,500
40,260.32507,-174.31903,515.91364,500
41,122.798676,-203.1023,472.96854,500
42,156.06651,-285.73264,530.77563,500
43,150.04213,-284.26367,538.4518,500
44,577.17554,189.78192,615.498,500
45,198.87596,-268.7626,537.67993,500
46,570.0799,182.59964,611.65155,500
47,535.3375,162.7838,581.2112,500
48,122.72497,-200.27542,472.09317,500
49,511.05252,144.71342,563.3815,500
50,133.1177,-257.60754,514.76385,500
51,580.1095,193.33939,616.667,500
52,238.89214,-231.61133,547.9357,500
53,127.08099,-239.94727,492.99982,500
54,574.6011,187.09326,614.1454,500
55,202.51154,-268.58746,541.30316,500
56,569.53973,180.10645,612.8784,500
57,463.8555,87.96277,544.4205,500
58,125.170204,-228.75484,484.35342,500
59,503.76974,122.307556,570.5578,500
60,568.77216,186.85718,606.65784,500
61,569.1754,180.65527,611.973,500
62,582.5397,196.46278,617.4923,500
63,120.0893,-184.13475,461.12595,500
64,279.38754,-190.48029,557.70514,500
65,541.79083,154.94524,595.9656,500
66,138.59442,-274.93527,528.60016,500
67,573.20374,185.5242,613.5054,500
68,466.06232,90.29919,545.56976,500
69,168.90976,-301.68625,561.62555,500
70,124.29026,-183.67776,477.73657,500
71,134.02655,-263.75165,520.1635,500
72,442.978,74.97923,526.849,500
73,181.22423,-298.73285,566.9021,500
74,551.1278,169.89583,596.5526,500
75,122.81218,-183.4595,471.954,500
76,190.57516,-277.76572,539.64044,500
77,138.48004,-272.52936,532.58,500
78,544.9063,154.68477,600.27277,500
79,361.02658,-30.929544,513.17615,500
80,138.07764,-271.41428,531.0722,500
81,456.25064,74.22407,544.97046,500
82,137.09479,-188.4688,531.1979,500
83,472.80527,99.688934,547.19885,500
84,320.42126,-100.374886,524.14276,500
85,566.00714,180.13611,608.1958,500
86,347.21545,-58.806183,520.6959,500
87,128.17867,-235.79704,496.45148,500
88,125.0721,-209.62137,482.007,500
89,123.22556,-204.00374,474.50754,500
90,584.60925,205.27835,612.9751,500
91,127.529655,-223.21358,492.69107,500
92,346.3337,-58.65995,519.3392,500
93,126.37535,-219.03151,487.86517,500
94,155.2762,-300.83136,570.93005,500
95,153.71649,-298.75372,563.77783,500
96,126.08177,-215.57849,486.56128,500
97,124.72178,-213.89842,481.0037,500
98,143.48494,-280.1391,543.5007,500
99,558.52606,181.14445,597.52264,500
100,332.22433,-78.81873,519.3409,500
101,503.35742,124.709404,568.2509,500
102,445.33264,65.41738,537.6029,500
103,347.79425,-60.591564,523.15454,500
104,499.08154,119.32975,566.68976,500
105,525.2635,150.75526,577.3523,500
106,128.0121,-231.6451,495.77756,500
107,135.57632,-265.2132,521.97614,500
108,419.2004,48.48115,517.8531,500
109,575.77295,188.71631,614.4653,500
110,124.92107,-216.44547,482.06613,500
111,127.3404,-231.31996,492.7881,500
112,292.71408,-142.6146,528.132,500
113,396.5748,7.0519896,525.7591,500
114,504.9172,124.95541,570.1517,500
115,518.4788,131.8731,582.8386,500
116,184.6697,-295.3857,561.05493,500
117,531.39703,150.81989,585.434,500
118,139.12207,-273.90515,527.0393,500
119,124.10448,-197.38286,476.95615,500
120,577.5918,190.2714,615.6763,500
121,467.27185,105.45146,535.5117,500
122,215.48814,-256.11932,544.04407,500
123,125.87344,-227.2928,486.9317,500
124,397.0412,49.444244,487.32913,500
125,128.09201,-242.08633,497.303,500
126,125.91035,-226.18364,486.8526,500
127,392.39453,16.121258,511.79507,500
128,126.5349,-225.52115,489.06036,500
129,218.71092,-243.90086,534.65735,500
130,123.51453,-197.88455,474.99792,500
131,566.64966,178.36963,610.4257,500
132,170.19409,-312.1452,580.6774,500
133,126.81679,-238.8845,492.126,500
134,164.72064,-302.57947,561.1827,500
135,130.28569,-252.54858,506.56662,500
136,228.48296,-227.4575,529.0848,500
137,119.64449,-182.01556,459.74695,500
138,128.03941,-237.85344,496.51498,500
139,575.39197,188.30115,614.2728,500
140,523.7703,138.54381,584.90027,500
141,129.69951,-240.94037,502.934,500
142,124.18462,-195.42117,477.33917,500
143,145.88931,-285.16992,552.2011,500
144,556.544,171.86224,602.1705,500
145,508.9411,129.10184,572.34503,500
146,125.299934,-186.27547,481.5563,500
147,224.14333,-237.07982,534.23773,500
148,474.5581,93.17251,554.53687,500
149,191.71713,-291.91693,557.8051,500
150,160.09886,-300.60886,564.8908,500
151,126.07448,-218.60529,486.5342,500
152,160.59322,-303.61578,564.2469,500
153,186.99974,-284.43158,544.4275,500
154,140.4255,-275.91806,536.9641,500
155,268.72165,-162.21278,516.1392,500
156,123.68383,-182.54346,475.57513,500
157,144.9964,-286.1275,548.69684,500
158,581.19916,194.63791,617.1189,500
159,136.40952,-267.07144,526.7516,500
160,159.16801,-298.49094,556.0856,500
161,499.05838,124.545425,562.7264,500
162,393.6046,1.8868482,526.5818,500
163,139.27168,-271.90994,532.84607,500
164,124.03292,-182.95288,476.6671,500
165,126.482254,-227.07823,488.9924,500
166,131.42986,-183.03001,507.95013,500
167,132.0329,-183.35355,510.66714,500
168,161.16852,-304.5517,571.0011,500
169,557.93176,171.6332,604.1736,500
170,416.81146,29.326324,532.396,500
171,581.67334,193.91513,618.28827,500
172,224.9384,-235.64088,533.77,500
173,127.69581,-240.28152,495.47345,500
174,126.65417,-227.15182,489.9206,500
175,122.047745,-185.40475,468.68008,500
176,147.44963,-289.925,550.7186,500
177,583.9054,199.30212,617.0017,500
178,132.95978,-260.48795,515.6972,500
179,132.20418,-258.93747,513.044,500
180,126.57913,-213.02242,488.41315,500
181,392.98526,2.2935712,525.3045,500
182,135.98907,-263.7127,495.72946,500
183,158.72386,-300.18274,561.1967,500
184,571.0506,183.51599,612.2208,500
185,150.38596,-295.08255,559.2544,500
186,554.93445,167.40405,603.5313,500
187,220.5276,-229.20845,520.62585,500
188,158.0515,-300.66852,567.0711,500
189,174.3065,-295.6613,551.89453,500
190,246.17593,-213.30124,537.6178,500
191,185.91344,-281.06778,538.2771,500
192,153.198,-293.74316,550.9898,500
193,178.8305,-313.1983,585.5688,500
194,125.38951,-226.28041,484.95367,500
195,190.9295,-264.47733,532.63074,500
196,469.47928,88.590195,551.3778,500
197,130.92441,-253.38669,509.0031,500
198,130.46518,-251.30685,507.09985,500
199,128.7834,-235.11514,498.63293,500
200,128.17569,-237.92232,496.75775,500
201,134.42094,-265.7154,520.3106,500
202,122.97154,-210.30296,474.09525,500
203,123.140495,-216.48306,475.55386,500
204,239.73936,-197.98619,516.3712,500
205,200.62955,-225.5492,502.15973,500
206,163.09831,-303.55106,560.8216,500
207,512.4986,137.43156,570.9349,500
208,471.3656,90.51362,552.3457,500
209,165.35042,-312.84598,590.273,500
210,530.7158,156.8449,579.7787,500
211,131.64304,-255.67899,511.88437,500
212,170.69273,-287.98547,535.81885,500
213,417.5097,43.940506,519.70935,500
214,561.0897,174.18643,606.3689,500
215,159.05711,-294.73358,552.7722,500
216,578.2317,190.5905,616.2786,500
217,468.0184,82.89712,553.8446,500
218,200.12128,-253.19739,522.7675,500
219,154.12073,-294.36728,556.99414,500
220,170.7029,-289.24142,539.43353,500
221,134.49756,-264.38394,518.9562,500
222,126.32412,-181.97678,486.5362,500
223,128.31065,-234.81793,496.9549,500
224,498.8293,131.31874,557.5561,500
225,299.28082,-132.15794,526.508,500
226,125.29878,-178.03064,483.18817,500
227,215.8954,-206.50983,492.15973,500
228,154.36528,-296.67194,556.6287,500
229,176.62096,-279.01404,532.39716,500
230,187.7456,-293.7993,557.0439,500
231,152.03806,-294.12106,552.17377,500
232,526.69037,142.89171,585.4532,500
233,483.81253,106.16674,556.72144,500
234,181.66675,-298.52774,562.33356,500
235,131.77815,-183.58592,509.30786,500
236,361.51813,-23.262138,506.69458,500
237,124.46622,-212.72455,480.20737,500
238,161.48581,-307.022,572.7182,500
239,358.4529,-48.484035,526.069,500
240,122.85994,-182.75218,472.08835,500
241,126.22364,-225.0668,487.96472,500
242,180.9293,-287.24536,543.225,500
243,316.00208,-91.88115,509.8706,500
244,145.67558,-285.22318,549.80975,500
245,121.53701,-189.73051,466.832,500
246,124.68832,-211.52148,481.03125,500
247,418.59857,32.00912,532.2572,500
248,250.78152,-164.02777,495.555,500
249,123.25471,-180.33963,474.22418,500
250,144.22038,-283.18262,547.2498,500
251,288.19833,-139.8738,518.89734,500
252,301.38718,-146.34624,542.95874,500
253,196.08058,-264.95334,530.4206,500
254,124.33913,-202.5128,478.6145,500
255,367.54935,-26.466125,517.7419,500
256,162.02158,-306.97647,570.5871,500
257,124.28604,-195.97789,477.52274,500
258,185.41058,-263.20218,529.49817,500
259,123.093735,-182.16588,473.09036,500
260,198.34564,-288.77478,562.49475,500
261,134.09439,-261.97427,519.66907,500
262,143.32455,-280.46722,544.4342,500
263,124.62901,-201.48615,479.93924,500
264,409.13892,18.612074,531.9537,500
265,396.19174,21.952196,511.45258,500
266,145.4588,-196.2246,565.50555,500
267,123.19124,-221.90123,476.31244,500
268,340.05667,-83.07482,533.85785,500
269,581.2273,195.9508,616.16125,500
270,124.760994,-219.09967,481.69992,500
271,261.87064,-169.0267,514.99994,500
272,128.26111,-236.35266,497.0015,500
273,131.15439,-253.43298,509.84854,500
274,365.5976,-35.40568,523.4278,500
275,128.59865,-240.02338,498.66925,500
276,119.530396,-185.29732,459.11676,500
277,173.09303,-287.1843,541.9681,500
278,571.9378,184.30524,612.7825,500
279,128.67839,-242.66449,499.41492,500
280,530.94434,159.10301,578.30963,500
281,175.60031,-295.0036,551.1667,500
282,122.94572,-207.0481,473.7462,500
283,374.1808,-24.478151,524.79065,500
284,124.11708,-184.08743,477.19916,500
285,365.22287,-16.620655,505.5234,500
286,201.04291,-251.13988,522.9126,500
287,157.18855,-298.49173,557.9284,500
288,128.48486,-237.55426,497.76416,500
289,191.3283,-274.4612,534.92957,500
290,124.34303,-202.9556,478.77878,500
291,522.2495,138.69275,582.78595,500
292,167.13756,-301.38,560.73474,500
293,498.32153,131.40654,556.76855,500
294,578.988,194.44492,614.36035,500
295,418.6184,37.83835,526.82684,500
296,141.84773,-278.68427,541.55945,500
297,137.54347,-267.72876,528.06067,500
298,450.7405,88.197174,526.93506,500
299,554.6481,176.48845,596.0125,500
300,559.123,174.6432,603.4124,500
301,483.12885,100.54536,560.1932,500
302,253.64476,-175.89453,508.75055,500
303,323.14893,-91.45123,519.1868,500
304,126.87934,-227.27147,490.5582,500
305,388.0623,-1.4185998,522.1286,500
306,390.61975,-8.612282,532.2601,500
307,355.84192,-39.951748,514.5851,500
308,122.49528,-191.01248,470.2603,500
309,319.26633,-111.86075,533.53735,500
310,496.69763,154.46712,536.6821,500
311,468.19955,85.92104,551.71747,500
312,332.86563,-61.969532,504.4242,500
313,125.215294,-210.4979,482.66028,500
314,159.65094,-301.78995,564.533,500
315,143.28065,-281.36218,545.16815,500
316,126.631966,-227.62262,489.5856,500
317,352.0066,-65.9415,533.8386,500
318,244.16026,-207.85823,530.02014,500
319,123.00528,-197.60612,473.1476,500
320,163.2844,-296.0959,547.1866,500
321,473.73596,90.82201,555.29596,500
322,154.36378,-297.0511,556.232,500
323,182.71367,-278.795,532.5116,500
324,147.6943,-200.37933,573.6746,500
325,127.60251,-233.7104,494.3262,500
326,125.61394,-224.81804,485.52005,500
327,574.24036,185.93962,614.549,500
328,141.44144,-276.4377,533.6526,500
329,123.08403,-233.32317,477.95285,500
330,575.6444,188.71451,614.29175,500
331,167.33984,-288.72656,540.68976,500
332,153.58159,-293.62878,560.1664,500
333,334.19202,-97.997856,540.1422,500
334,577.2835,189.4693,615.87384,500
335,435.13232,72.62542,518.28345,500
336,539.4072,171.37976,579.85565,500
337,250.48311,-196.95392,526.95135,500
338,122.50131,-207.32405,472.0858,500
339,177.46632,-311.7582,579.97,500
340,125.38024,-214.86319,483.66867,500
341,192.91476,-277.95346,543.43115,500
342,451.27765,78.346245,535.24304,500
343,524.65796,140.27907,584.7819,500
344,512.88556,140.08243,569.3565,500
345,576.2483,199.10281,606.8716,500
346,181.73035,-264.72385,514.8825,500
347,203.20274,-251.97073,525.0798,500
348,269.42883,-186.29099,540.4285,500
349,131.96054,-255.58305,502.91577,500
350,124.95068,-180.1516,481.05698,500
351,183.90384,-288.20886,546.8857,500
352,140.0203,-274.37332,523.06244,500
353,122.36849,-201.87193,471.01135,500
354,133.4324,-260.29138,517.9832,500
355,156.90358,-300.5863,575.3807,500
356,146.87805,-289.40482,554.98956,500
357,126.59093,-231.69078,490.17767,500
358,121.99477,-187.07678,468.38287,500
359,129.93481,-249.77934,505.10492,500
360,569.2495,182.34431,610.7594,500
361,572.5281,188.1996,610.583,500
362,128.67207,-249.91855,500.15994,500
363,154.70592,-296.63434,559.7207,500
364,516.5448,138.98636,575.079,500
365,532.1622,151.23845,586.1038,500
366,129.14807,-248.03569,502.09918,500
367,210.80353,-224.63882,510.31152,500
368,124.560715,-189.38269,478.5329,500
369,124.92961,-213.15381,481.72836,500
370,125.85093,-224.69437,486.40558,500
371,569.0249,180.43266,611.949,500
372,122.40286,-208.31665,471.6879,500
373,483.0041,190.26857,489.3498,500
374,262.46216,-190.22453,534.9595,500
375,122.42039,-198.73344,470.86606,500
376,379.99045,-25.003235,533.17554,500
377,124.08662,-204.62312,477.70422,500
378,544.93066,162.38597,594.24506,500
379,131.05139,-182.43243,506.6415,500
380,130.02779,-244.70357,504.94196,500
381,439.8346,69.19119,527.2164,500
382,364.0172,-33.92735,519.9287,500
383,505.44498,124.35183,571.27246,500
384,528.1698,140.00175,589.59796,500
385,171.9914,-283.68878,532.2447,500
386,442.72144,70.1787,530.13727,500
387,128.18304,-237.01852,496.75385,500
388,502.68713,133.8118,560.72906,500
389,265.51498,-173.7572,522.7594,500
390,123.4603,-206.48157,476.11417,500
391,404.47488,19.970957,524.40485,500
392,123.95896,-208.02298,477.70413,500
393,125.81048,-228.56705,486.69113,500
394,156.48521,-301.1237,563.9975,500
395,123.50984,-174.24281,476.9737,500
396,123.83487,-194.15797,475.59848,500
397,150.40924,-293.90244,561.98193,500
398,578.90063,191.07364,616.7874,500
399,251.7448,-168.62723,499.74475,500
400,558.5744,173.87149,603.27,500
401,131.47061,-254.86264,509.99164,500
402,394.124,14.497919,515.4934,500
403,572.3861,187.76761,610.75073,500
404,428.0035,46.509464,531.45905,500
405,130.88768,-252.09377,508.87375,500
406,124.57869,-223.90929,481.60513,500
407,125.38203,-217.71358,483.90454,500
408,489.8795,115.19338,557.7262,500
409,486.4794,103.02515,562.6854,500
410,537.87744,160.27583,586.5581,500
411,501.7693,117.46205,571.67706,500
412,155.83502,-289.5233,538.66077,500
413,131.2084,-255.68834,509.9136,500
414,367.72565,9.550658,484.66003,500
415,130.16426,-249.68303,505.9523,500
416,130.30338,-181.10028,504.06192,500
417,127.64965,-229.2571,493.83765,500
418,140.9216,-275.4567,538.09265,500
419,161.42445,-289.90524,542.81915,500
420,411.36557,40.104107,514.9852,500
421,168.12527,-292.7468,544.8568,500
422,518.8888,160.22546,561.4402,500
423,131.93565,-256.48282,512.4381,500
424,307.057,-114.24621,519.3788,500
425,177.0507,-287.28683,539.8964,500
426,148.98991,-289.75183,554.0102,500
427,120.48588,-178.0673,463.44943,500
428,125.084625,-182.95856,481.03287,500
429,125.05217,-219.37627,482.7953,500
430,153.76433,-206.34245,598.76764,500
431,515.5022,136.0163,575.9079,500
432,126.25111,-224.76941,487.93552,500
433,163.48431,-271.71176,517.28796,500
434,129.42917,-251.24731,502.66196,500
435,556.6825,172.32303,601.99133,500
436,582.652,197.26074,617.00916,500
437,128.30296,-229.63387,496.05444,500
438,557.5433,169.30367,605.50977,500
439,209.8047,-248.95691,529.78595,500
440,541.6897,156.07973,594.91547,500
441,556.0315,169.74435,603.1444,500
442,137.21736,-268.0362,524.8705,500
443,125.35584,-231.5581,485.65945,500
444,123.64731,-209.58968,476.4793,500
445,192.72992,-271.31122,533.9065,500
446,183.40993,-285.8289,542.97675,500
447,317.99976,-74.91605,496.7752,500
448,211.98682,-261.89078,545.1596,500
449,138.17523,-268.09183,528.39056,500
450,178.06804,-306.47226,575.19794,500
451,126.800964,-222.82582,489.77618,500
452,129.20982,-242.23889,501.22522,500
453,576.7546,190.56775,614.3567,500
454,414.2466,50.889618,508.96323,500
455,128.1525,-239.23012,497.1291,500
456,125.09261,-205.88535,481.99872,500
457,246.54652,-210.90544,536.2741,500
458,121.15853,-191.23853,465.25055,500
459,445.34842,68.723465,534.7913,500
460,128.14047,-236.69958,496.35428,500
461,355.87872,-40.61585,515.298,500
462,125.8785,-211.21536,485.47534,500
463,122.6282,-191.89346,470.9704,500
464,127.73948,-237.94223,495.14075,500
465,192.71225,-264.1715,525.876,500
466,127.858116,-180.89403,493.21884,500
467,239.68437,-191.52588,509.1283,500
468,148.02936,-284.5013,533.0094,500
469,461.4401,86.270744,542.56384,500
470,567.72833,185.83081,606.0995,500
471,151.66473,-290.73938,540.3982,500
472,456.17813,77.16614,542.60187,500
473,230.27707,-236.6176,542.48627,500
474,162.6568,-295.25323,549.24854,500
475,122.764,-198.92732,472.07657,500
476,368.4943,23.205006,473.1855,500
477,593.0292,205.3218,624.1905,500
478,194.72122,-278.79852,546.1902,500
479,134.50357,-261.75598,521.1857,500
480,456.3637,74.78599,544.62,500
481,583.4621,200.30998,615.5475,500
482,161.32523,-228.20416,473.57285,500
483,496.58087,114.98098,566.75085,500
484,142.4472,-278.07834,524.12427,500
485,128.69673,-179.94205,497.12433,500
486,543.248,169.51732,586.4063,500
487,479.36298,96.3188,558.454,500
488,189.62785,-308.68362,580.8378,500
489,551.3951,168.28821,598.159,500
490,125.69386,-218.66359,485.0623,500
491,127.13645,-228.31087,491.85043,500
492,449.5997,94.84809,520.2898,500
493,149.35085,-286.76996,551.345,500
494,249.5618,-141.07361,469.19373,500
495,567.9328,179.4358,611.2896,500
496,157.79573,-292.87875,544.1735,500
497,460.63486,92.6425,536.5406,500
0,509.5006,169.56946,569.8589,550
1,124.82931,-220.97432,514.8711,550
2,524.9774,181.8349,581.12085,550
3,122.77232,-235.73889,508.21732,550
4,123.67589,-243.92175,512.8323,550
5,263.27078,-56.553223,423.3439,550
6,487.12924,150.08456,554.36676,550
7,328.949,-19.086363,480.63275,550
8,117.67037,-239.99377,489.11,550
9,416.5327,81.90343,510.92813,550
10,437.2107,97.71668,526.6874,550
11,489.96774,152.15889,556.6355,550
12,429.82977,94.22877,519.22046,550
13,116.42829,-245.23811,484.61255,550
14,115.60812,-238.73076,480.9126,550
15,437.22263,103.994995,521.90106,550
16,500.5096,160.90884,564.2738,550
17,339.2288,-10.789591,487.40903,550
18,123.479576,-240.90259,511.7285,550
19,348.81555,-0.8139984,491.62088,550
20,499.21082,160.83102,562.5485,550
21,499.98416,160.92558,563.5307,550
22,419.2858,84.56784,512.5466,550
23,124.626884,-232.69698,515.0103,550
24,143.07312,-253.66487,473.8642,550
25,443.86206,108.885544,527.2346,550
26,112.51275,-240.46117,468.77863,550
27,356.55255,33.361073,470.69638,550
28,481.5365,144.26718,551.21625,550
29,405.4245,70.91089,504.6381,550
30,122.062386,-242.96617,506.48184,550
31,318.63754,-33.389484,479.48196,550
32,180.93712,-168.16484,424.51712,550
33,100.80068,-204.97705,398.5154,550
34,122.781494,-220.40866,506.48563,550
35,145.89507,-233.2375,451.96738,550
36,195.65494,-241.24144,766.1153,550
37,226.32787,-156.35233,467.91653,550
38,178.81761,-181.87228,431.18915,550
39,540.99695,193.62726,593.5649,550
40,177.98067,-208.40244,455.67538,550
41,124.31342,-212.3725,512.8266,550
42,110.767494,-231.38094,436.84265,550
43,124.26841,-223.31274,512.7378,550
44,519.43964,177.47702,577.1375,550
45,149.63274,-223.03336,445.59424,550
46,502.44647,163.37183,564.9997,550
47,462.6082,126.40418,539.1944,550
48,105.20952,-222.81537,422.65234,550
49,452.90543,124.28235,527.51825,550
50,90.85055,-187.75174,377.40732,550
51,516.4962,175.07695,575.118,550
52,147.6284,-211.62946,434.24503,550
53,114.93178,-251.07007,478.51584,550
54,517.17535,175.57204,575.6452,550
55,223.51125,-153.29465,460.8241,550
56,500.76993,161.71492,563.98706,550
57,285.90353,-66.909065,464.68268,550
58,136.12102,-241.36983,454.41208,550
59,466.40674,131.88185,540.0969,550
60,514.92834,173.10149,574.57355,550
61,506.8066,167.35855,567.88214,550
62,506.8266,167.19563,568.0438,550
63,123.45057,-210.15236,509.19113,550
64,168.59239,-227.08647,467.8756,550
65,431.37143,93.54767,521.92145,550
66,117.96683,-253.2856,491.30847,550
67,518.61206,176.96158,576.4283,550
68,458.03552,122.900444,535.6763,550
69,109.9485,-230.13544,457.95007,550
70,130.11925,-208.58696,539.00824,550
71,122.72182,-248.06488,509.65598,550
72,423.97543,85.60253,518.1965,550
73,117.47453,-220.04134,424.1126,550
74,529.8571,184.41664,585.7635,550
75,131.38573,-203.77344,546.0966,550
76,214.31618,-154.11943,449.15747,550
77,199.91528,-170.46257,446.52768,550
78,463.72922,128.98454,538.7135,550
79,333.02692,-11.938965,479.76764,550
80,106.55695,-228.96748,435.94452,550
81,321.07437,-28.822037,478.72162,550
82,144.42496,-207.67572,596.0647,550
83,395.65,52.395924,508.0931,550
84,291.75308,-57.062374,463.81955,550
85,481.6549,143.5657,551.946,550
86,397.3537,50.358025,512.3354,550
87,110.18253,-232.55125,458.9884,550
88,110.950325,-226.94263,461.3368,550
89,124.46065,-236.69221,514.9451,550
90,546.3697,196.51524,598.67523,550
91,125.82904,-212.61334,519.18494,550
92,194.78127,-155.51692,424.36172,550
93,119.44928,-243.00792,496.3884,550
94,150.19817,-194.96915,427.95294,550
95,137.78978,-237.87201,452.34286,550
96,124.65211,-226.23349,514.5573,550
97,127.885635,-205.09648,529.6515,550
98,121.99654,-241.53307,506.08215,550
99,513.08984,173.16595,571.98,550
100,314.62076,-31.046024,471.68674,550
101,479.43628,142.29622,549.88245,550
102,382.15115,32.871582,507.263,550
103,374.4071,31.769754,497.33746,550
104,439.15878,102.07044,526.0083,550
105,462.55026,127.80429,538.02136,550
106,122.247696,-226.90828,505.42014,550
107,122.08363,-239.61447,506.1795,550
108,400.62094,67.724655,500.70813,550
109,516.13293,174.77936,574.86664,550
110,123.41869,-219.15736,508.9221,550
111,124.863365,-228.24359,515.55536,550
112,241.06598,-113.55795,446.0652,550
113,216.82703,-162.6592,460.53973,550
114,441.14948,104.82361,526.6759,550
115,463.14355,127.41656,539.1509,550
116,154.09789,-212.05835,441.07867,550
117,497.08542,158.3912,561.5378,550
118,119.523735,-243.35124,496.58856,550
119,129.05331,-239.4795,451.43564,550
120,516.8219,175.51213,575.1979,550
121,105.907196,-222.62074,424.11932,550
122,407.29962,68.13315,509.71487,550
123,124.539406,-238.93616,515.5001,550
124,109.94223,-225.33022,430.35214,550
125,106.65209,-222.85732,443.966,550
126,113.85151,-229.69553,472.93277,550
127,369.65674,19.823591,501.80914,550
128,124.90765,-229.36987,515.71893,550
129,122.53589,-234.18962,440.59616,550
130,124.29228,-219.09863,512.6274,550
131,501.03842,162.20947,563.9749,550
132,122.060936,-252.78662,507.7121,550
133,122.3365,-218.7294,504.4752,550
134,133.54965,-229.93134,441.50247,550
135,122.494545,-236.80344,441.874,550
136,170.00262,-208.77325,447.1229,550
137,122.11,-210.51,503.60596,550
138,133.76125,-204.68289,556.86383,550
139,518.3763,176.46407,576.54425,550
140,402.53104,62.461834,508.34863,550
141,394.81723,56.513077,503.0202,550
142,139.26582,-206.13249,578.17993,550
143,106.349655,-224.64728,443.1146,550
144,477.73477,139.85727,549.4598,550
145,470.34955,134.61784,543.39197,550
146,113.24143,-228.97119,470.74332,550
147,137.90779,-241.59795,456.38406,550
148,463.97528,126.53163,541.00714,550
149,126.57778,-245.82355,458.21024,550
150,136.07016,-198.26622,413.1669,550
151,117.26192,-243.53725,487.90945,550
152,308.3405,-46.32722,477.08707,550
153,110.64051,-237.36797,446.78748,550
154,120.58157,-247.603,501.32037,550
155,220.39566,-138.51372,441.99225,550
156,129.74867,-205.13496,538.19714,550
157,109.061935,-233.43353,441.3037,550
158,524.8301,181.92451,580.83527,550
159,105.80755,-223.34671,427.15338,550
160,145.0746,-226.50647,445.97647,550
161,437.72006,103.10797,523.21655,550
162,308.60202,-38.2531,469.94882,550
163,116.129326,-233.52797,482.41507,550
164,126.24624,-209.27098,521.3715,550
165,103.972404,-222.61687,425.19177,550
166,140.0113,-206.23196,580.8529,550
167,129.661,-205.22124,537.7899,550
168,207.33984,-148.95193,435.52017,550
169,470.52097,133.23029,544.7237,550
170,207.71278,-148.90567,434.56638,550
171,509.11777,168.61353,570.0806,550
172,175.76154,-204.33461,450.0825,550
173,114.03207,-241.82195,474.82626,550
174,125.36021,-224.18893,517.3624,550
175,127.992256,-203.42021,530.5283,550
176,120.577065,-249.29367,501.39877,550
177,509.91348,169.08475,570.8227,550
178,112.42598,-240.74512,454.48856,550
179,124.93837,-249.71956,461.81677,550
180,128.44606,-209.83461,531.2589,550
181,281.1859,-74.4089,465.1394,550
182,118.52905,-242.36548,492.4143,550
183,129.6094,-237.55154,446.8282,550
184,500.30234,161.30783,563.66724,550
185,118.97078,-241.5102,449.27484,550
186,444.00632,108.86147,527.4324,550
187,272.91577,-85.2031,463.55014,550
188,101.98106,-218.24802,422.5176,550
189,106.15061,-228.84795,441.87164,550
190,318.9156,-45.097366,490.84717,550
191,299.51187,-46.329323,464.708,550
192,112.72643,-239.56416,448.98123,550
193,110.83196,-228.16371,461.2206,550
194,123.73008,-231.37433,511.31097,550
195,172.94676,-194.70607,444.3627,550
196,472.8081,137.4936,544.5544,550
197,109.31372,-227.37189,454.9488,550
198,122.09037,-234.30013,505.60342,550
199,106.799,-225.56384,427.54675,550
200,115.212875,-243.49422,479.77393,550
201,114.61109,-244.18747,477.3756,550
202,123.4377,-201.5591,510.31854,550
203,121.621704,-210.0181,501.43524,550
204,300.69824,-41.739883,462.27222,550
205,321.94263,5.279642,448.22302,550
206,132.78508,-257.01123,472.86636,550
207,289.68735,-71.62046,474.43845,550
208,361.3291,15.084043,494.44843,550
209,124.80163,-252.77458,518.3297,550
210,445.67004,111.584946,527.5115,550
211,120.04705,-252.33527,466.55093,550
212,108.48434,-235.10648,451.59326,550
213,439.2815,106.10925,523.0423,550
214,453.41943,118.430954,532.83215,550
215,127.094765,-199.6652,407.10217,550
216,514.3437,173.3583,573.5651,550
217,476.31354,138.1972,548.8245,550
218,132.04779,-234.25703,444.23544,550
219,142.84209,-210.314,431.65054,550
220,337.82867,-9.36146,484.1151,550
221,120.508736,-221.1446,423.12766,550
222,142.49516,-207.10423,589.53595,550
223,116.58197,-235.60547,484.36823,550
224,416.0658,79.97286,511.87036,550
225,235.69658,-126.237526,450.8407,550
226,136.5319,-205.7276,568.5085,550
227,110.44815,-228.14986,459.41098,550
228,110.0377,-233.61102,458.27908,550
229,112.17008,-226.08456,466.01642,550
230,117.87738,-242.55807,490.2308,550
231,166.80833,-208.94746,446.1979,550
232,397.9837,53.902092,509.9549,550
233,410.65277,73.91374,509.35648,550
234,279.64896,-72.9295,461.78708,550
235,140.14091,-206.37473,581.31165,550
236,294.55005,-54.350376,465.29144,550
237,124.224,-216.75002,512.4135,550
238,110.67361,-238.764,460.51523,550
239,387.98715,47.01589,502.2864,550
240,126.47242,-207.21362,522.8102,550
241,124.6895,-238.0401,515.9918,550
242,192.4929,-193.64098,460.29248,550
243,209.34097,-116.88761,405.21375,550
244,113.76764,-233.37152,473.1002,550
245,130.2004,-202.16217,541.09937,550
246,123.38503,-231.91145,510.2424,550
247,425.7781,89.95453,517.11475,550
248,169.29932,-163.77147,407.26834,550
249,134.856,-203.54686,562.23254,550
250,112.60328,-238.40752,447.90155,550
251,300.12817,-37.84614,457.64594,550
252,416.6429,81.04636,511.80115,550
253,239.05649,-123.75222,452.82385,550
254,125.053665,-212.95854,515.9032,550
255,368.66168,23.89725,496.56284,550
256,120.392624,-248.05287,500.65097,550
257,125.80145,-209.86237,519.2729,550
258,228.33252,-111.41453,429.4326,550
259,132.5765,-201.62903,552.23285,550
260,253.33507,-112.06898,461.8023,550
261,199.17104,-163.70012,439.57758,550
262,129.96678,-237.39935,449.0561,550
263,124.890594,-216.29042,515.4192,550
264,448.13455,112.194405,530.4776,550
265,334.27768,-8.51863,478.33932,550
266,173.0559,-225.90479,694.21106,550
267,121.710014,-232.50577,503.71008,550
268,234.87325,-161.46684,484.43555,550
269,511.37122,170.93869,571.36536,550
270,123.63383,-225.78688,510.23703,550
271,229.2473,-135.41841,451.35254,550
272,124.71589,-242.73982,516.6845,550
273,114.466415,-249.06802,476.7822,550
274,357.633,10.931255,493.10138,550
275,124.289986,-231.08089,437.6175,550
276,117.36405,-214.40297,484.54236,550
277,121.788826,-229.51698,434.81964,550
278,503.7146,164.26491,566.0481,550
279,127.701866,-232.53777,440.87,550
280,453.40918,119.774536,531.75574,550
281,127.53453,-236.7352,445.47852,550
282,123.22778,-225.20036,508.55032,550
283,320.42142,-28.975954,477.848,550
284,139.247,-205.30202,578.35345,550
285,327.80417,-9.113231,469.78076,550
286,345.56265,4.49063,482.07495,550
287,188.80151,-183.73312,447.1116,550
288,123.08195,-249.93108,511.3007,550
289,193.28325,-192.91722,459.0986,550
290,133.04321,-204.94481,553.3793,550
291,441.4102,107.094765,525.232,550
292,108.18774,-234.6826,448.94244,550
293,442.5836,108.988976,525.35364,550
294,488.50214,151.5984,555.0651,550
295,366.2192,21.43644,495.35498,550
296,142.76105,-222.8221,441.20453,550
297,108.892365,-220.64355,420.96356,550
298,432.2713,96.27864,521.0262,550
299,513.51044,173.28674,572.46124,550
300,448.374,112.86302,530.266,550
301,459.80374,126.413,535.3647,550
302,257.67038,-97.06906,453.2292,550
303,383.85687,42.79111,500.36252,550
304,125.44228,-234.73668,518.47516,550
305,415.31342,78.85042,511.69073,550
306,355.5923,5.1178055,495.64642,550
307,401.7635,64.78407,505.03482,550
308,126.675995,-206.0601,523.9026,550
309,354.76007,5.9523683,493.6974,550
310,353.65778,11.376878,487.1963,550
311,426.21143,90.83964,516.97516,550
312,391.27948,53.167007,501.1554,550
313,125.75574,-207.50244,519.5115,550
314,148.78377,-220.03836,441.54678,550
315,116.49245,-242.94513,484.81473,550
316,124.963326,-252.37804,518.8527,550
317,364.54837,15.03455,498.99802,550
318,287.5549,-66.72783,466.93936,550
319,125.26165,-208.77246,517.1733,550
320,110.48358,-233.43173,441.66232,550
321,372.33414,19.83533,505.54736,550
322,112.87697,-241.52444,452.4908,550
323,148.90247,-237.59845,458.849,550
324,179.77513,-229.5223,710.3525,550
325,127.95965,-211.93402,528.6299,550
326,123.319244,-219.45532,508.55197,550
327,511.3068,170.63522,571.51117,550
328,117.575264,-237.34535,488.36893,550
329,107.92972,-224.71402,449.0155,550
330,519.43915,177.39569,577.21063,550
331,100.52053,-206.73335,401.41446,550
332,128.8153,-214.32295,423.7855,550
333,332.3789,-25.78614,491.74106,550
334,519.4679,177.79755,576.88525,550
335,433.52316,96.80382,522.3203,550
336,456.23038,121.89304,533.9617,550
337,233.3342,-128.98186,450.09128,550
338,121.76865,-209.88132,501.9727,550
339,133.74097,-236.23578,449.84378,550
340,125.256584,-230.48773,517.28076,550
341,140.45006,-216.87856,432.39072,550
342,352.41107,-0.6473089,496.50357,550
343,439.20953,104.88615,523.9253,550
344,467.895,133.26917,541.07495,550
345,384.00327,41.196022,502.02322,550
346,324.44617,-22.325949,477.35776,550
347,140.73735,-215.87218,428.93262,550
348,261.01834,-97.65635,458.75095,550
349,123.38578,-204.21317,509.6561,550
350,131.0013,-204.91026,543.85767,550
351,121.81834,-236.19482,443.28604,550
352,286.88602,-59.524483,459.3639,550
353,110.3052,-225.73636,458.66507,550
354,125.08687,-225.96593,516.27924,550
355,122.37805,-231.29633,506.18457,550
356,122.560555,-258.59482,510.20087,550
357,121.6437,-243.94438,504.96103,550
358,124.634315,-207.92679,514.4683,550
359,123.588394,-234.90169,441.4657,550
360,485.8876,148.10667,554.1999,550
361,518.09973,176.65488,575.98096,550
362,123.33337,-235.43501,510.25745,550
363,133.11722,-232.10764,443.3092,550
364,276.33887,-95.36904,477.98703,550
365,449.05676,111.74267,532.07074,550
366,123.159065,-230.96655,438.02625,550
367,301.3725,-51.256332,472.11813,550
368,134.24544,-207.32072,558.2178,550
369,124.06205,-220.48254,511.69073,550
370,124.25516,-249.49245,515.7369,550
371,510.08582,169.77513,570.5026,550
372,123.544876,-235.79059,511.11166,550
373,503.2413,164.003,565.6016,550
374,192.68004,-176.78937,443.0603,550
375,122.54242,-219.5024,505.30893,550
376,370.7088,25.050516,498.4365,550
377,124.15456,-215.31154,512.0264,550
378,503.6945,164.38802,565.92535,550
379,127.92455,-204.34517,530.0462,550
380,124.92443,-226.29886,515.8743,550
381,390.89594,43.552013,509.64902,550
382,288.9199,-64.30326,466.5898,550
383,423.01306,89.22406,513.89087,550
384,469.97632,132.52441,544.5486,550
385,132.28355,-225.5122,434.00507,550
386,323.31018,-35.852276,488.3977,550
387,103.42397,-219.55759,430.83813,550
388,388.97812,48.51647,502.20874,550
389,365.52713,21.178925,494.69336,550
390,103.751114,-213.8873,431.5655,550
391,343.59946,-7.781408,490.72452,550
392,124.89292,-212.88445,515.2205,550
393,123.40604,-231.60757,510.00763,550
394,124.64024,-250.90161,517.3929,550
395,132.67497,-201.55333,552.8647,550
396,125.4077,-243.18182,519.40814,550
397,111.829384,-232.96869,440.02197,550
398,521.4266,179.21783,578.39484,550
399,448.4863,107.79686,534.48914,550
400,471.70154,133.95874,545.7844,550
401,124.19482,-236.90143,514.01013,550
402,330.81094,-14.492451,478.95862,550
403,450.77393,113.14118,533.3708,550
404,415.35425,80.130226,510.7156,550
405,114.83463,-241.77206,478.3017,550
406,121.71619,-224.11998,502.4177,550
407,124.697,-220.97577,514.36755,550
408,482.18933,144.90996,551.6214,550
409,334.29675,-5.8472524,475.95572,550
410,515.8036,175.22015,574.017,550
411,427.79144,94.38318,516.296,550
412,108.9,-229.48714,433.21628,550
413,105.662346,-227.22382,436.48953,550
414,343.3268,30.85358,454.4508,550
415,100.8547,-215.98167,419.6744,550
416,148.93651,-210.02493,612.2565,550
417,125.38791,-223.24777,517.3706,550
418,116.27531,-240.49135,483.71906,550
419,112.33876,-229.19772,467.12323,550
420,392.98166,54.72016,502.09778,550
421,107.50363,-232.22998,447.8627,550
422,509.71747,170.42078,569.49756,550
423,114.57555,-230.60632,433.36215,550
424,288.85516,-59.72892,462.23538,550
425,130.66467,-237.68082,448.14276,550
426,107.18879,-224.09,446.3504,550
427,130.62971,-199.48216,544.05383,550
428,157.25038,-215.85097,639.53845,550
429,123.77354,-227.65533,510.9789,550
430,199.395,-244.31541,779.487,550
431,415.6011,71.71367,518.12714,550
432,124.98177,-236.27686,516.89307,550
433,105.829765,-216.20805,440.31226,550
434,116.45286,-233.28827,438.64014,550
435,496.30203,157.80705,560.9208,550
436,474.93143,135.10475,549.3693,550
437,125.860794,-236.78317,520.3256,550
438,485.35657,147.33194,554.0925,550
439,119.96111,-232.90958,437.1211,550
440,461.96533,126.49581,538.2508,550
441,482.82712,145.14252,552.3072,550
442,124.361855,-232.33775,513.94226,550
443,120.66305,-232.44879,499.54486,550
444,124.13601,-212.5583,511.96313,550
445,461.27112,126.07966,537.6221,550
446,114.015884,-233.92998,474.07062,550
447,115.76015,-232.70366,480.79526,550
448,164.42026,-221.56946,457.65723,550
449,114.77807,-235.20859,477.31396,550
450,128.69838,-207.93948,418.35846,550
451,123.24545,-244.56235,511.32327,550
452,151.52263,-215.77057,441.9573,550
453,515.0384,173.60724,574.3304,550
454,256.40143,-84.78621,440.28625,550
455,111.68887,-233.07275,464.95337,550
456,109.96473,-223.79037,457.33276,550
457,249.68983,-106.878426,451.54807,550
458,122.90017,-215.05684,506.71033,550
459,465.40512,130.53818,539.78613,550
460,112.24186,-243.02625,467.7391,550
461,417.6179,82.74754,511.71832,550
462,125.915474,-213.77396,519.6127,550
463,129.98627,-200.79149,540.48505,550
464,108.91241,-236.57658,451.4119,550
465,267.4913,-86.62832,457.5864,550
466,135.57008,-204.84706,564.7294,550
467,177.3827,-174.92783,424.57498,550
468,119.83851,-247.90398,498.3184,550
469,416.13113,75.47184,515.7097,550
470,449.43616,117.16424,528.31384,550
471,118.1858,-251.01376,464.65176,550
472,481.21384,144.84746,550.3438,550
473,139.1191,-231.83492,448.05917,550
474,153.80896,-209.4627,436.41504,550
475,117.88808,-236.2073,489.41516,550
476,112.21967,-218.24307,465.43796,550
477,532.9671,187.90996,587.11865,550
478,109.22981,-230.90561,438.78928,550
479,124.92037,-239.84525,517.1611,550
480,456.54572,122.44407,533.9582,550
481,503.14746,163.6195,565.77563,550
482,111.206406,-220.44585,461.95218,550
483,411.19046,71.07386,512.53064,550
484,114.2519,-243.33318,454.94855,550
485,135.02911,-204.44383,562.64124,550
486,479.8478,143.94823,549.14795,550
487,451.30325,114.822845,532.76245,550
488,125.08139,-231.77654,440.91446,550
489,474.3618,138.37073,545.96875,550
490,124.502,-248.81477,516.5362,550
491,107.41185,-222.95569,447.15253,550
492,233.07402,-146.59888,468.2149,550
493,99.67439,-211.24533,409.55527,550
494,134.44624,-208.48616,416.02307,550
495,514.0229,173.21638,573.2324,550
496,113.77311,-232.87213,473.00208,550
497,442.3841,105.63564,527.70056,550
0,488.04327,177.08664,523.83856,600
1,128.93489,-197.68575,484.88364,600
2,525.0648,211.21323,545.3976,600
3,127.88726,-187.73221,480.08966,600
4,128.56688,-183.74507,482.46796,600
5,218.06813,-126.82129,431.57974,600
6,508.5721,197.06262,534.73145,600
7,312.59454,3.78137,437.78195,600
8,130.27385,-158.87636,490.50623,600
9,429.82123,110.97904,500.67252,600
10,482.568,170.29729,522.488,600
11,521.3684,208.3193,542.7809,600
12,346.21292,35.648403,454.2878,600
13,126.290016,-209.93405,477.3267,600
14,119.09692,-201.19296,447.3073,600
15,508.9915,197.93178,534.58295,600
16,508.2604,196.25244,534.9948,600
17,327.95572,-10.821601,473.63556,600
18,120.482376,-204.042,455.92407,600
19,454.95932,139.76129,510.0682,600
20,496.3626,186.60968,526.9365,600
21,515.64056,203.26665,539.1967,600
22,400.0093,82.73006,484.34787,600
23,126.326706,-167.0293,474.02533,600
24,312.52103,-7.795475,448.84586,600
25,393.39368,69.53234,487.6941,600
26,124.8263,-213.23503,472.40784,600
27,331.97733,81.29761,390.72357,600
28,500.0907,188.43465,530.50073,600
29,536.2134,219.75484,553.40216,600
30,153.08661,-207.62772,448.88754,600
31,372.83255,46.202312,481.66095,600
32,197.66283,-100.24431,380.1803,600
33,107.23895,-173.05994,403.83743,600
34,127.47975,-182.9997,478.34433,600
35,161.27441,-191.14099,431.63043,600
36,164.26474,-154.28658,601.2121,600
37,436.7383,125.69819,497.2003,600
38,324.6073,9.66042,449.15015,600
39,544.85486,225.92564,559.8701,600
40,130.25648,-230.35968,465.39316,600
41,132.93779,-152.0883,501.8942,600
42,126.895,-208.66711,479.37503,600
43,117.663025,-195.06158,415.17105,600
44,520.1606,207.13647,542.12756,600
45,164.27144,-172.14421,416.98944,600
46,513.33734,201.41208,537.6022,600
47,524.5334,211.59189,544.3335,600
48,157.11247,-171.77798,411.1346,600
49,505.7335,200.65265,527.77264,600
50,124.02907,-192.55826,466.96234,600
51,530.97504,215.8806,549.54266,600
52,252.6129,-64.78174,419.35648,600
53,127.61293,-190.68799,479.3148,600
54,521.2356,208.00957,542.8629,600
55,124.95584,-218.8043,453.01947,600
56,513.05176,200.79063,537.73596,600
57,337.9648,33.24482,444.9547,600
58,159.12051,-227.27687,466.93387,600
59,447.16873,139.31877,499.6322,600
60,515.1258,201.95355,539.60956,600
61,512.8443,200.6261,537.59045,600
62,503.5511,192.79118,531.44916,600
63,128.72476,-182.3669,483.24658,600
64,339.7364,11.454994,468.67108,600
65,497.5931,186.47977,528.76697,600
66,141.14948,-243.37987,480.467,600
67,520.0218,207.1532,541.91974,600
68,499.67596,190.59013,528.0216,600
69,136.72955,-188.08893,414.2367,600
70,128.89233,-170.06151,483.77594,600
71,140.59453,-202.92114,430.29758,600
72,365.2383,38.0549,478.89902,600
73,106.500565,-172.85078,386.95932,600
74,3367.4587,1504.1074,3522.864,600
75,125.41136,-166.72379,470.51297,600
76,140.6799,-218.36557,445.4559,600
77,254.44608,-69.41117,426.45547,600
78,502.57547,190.80775,531.8494,600
79,302.30936,-34.136898,459.9191,600
80,127.756424,-205.53802,481.8526,600
81,353.93887,20.902416,479.61774,600
82,185.28134,-160.33287,660.8124,600
83,371.119,42.121845,483.23767,600
84,343.01837,27.454092,457.78024,600
85,515.7763,203.36942,539.3004,600
86,448.03314,130.60764,508.53613,600
87,186.4443,-73.102066,340.20016,600
88,127.66531,-198.96881,480.61835,600
89,129.20802,-192.35445,485.46286,600
90,497.94205,186.33813,529.39374,600
91,128.7364,-173.90497,483.04306,600
92,186.43463,-148.13164,413.53543,600
93,129.95454,-155.36761,489.55685,600
94,122.55762,-177.3983,400.4592,600
95,122.06448,-211.28584,433.15814,600
96,128.15482,-163.96713,481.4143,600
97,126.96778,-161.51508,476.96252,600
98,126.042435,-204.61478,475.8155,600
99,497.3495,186.46019,528.44055,600
100,310.72574,3.124493,435.8489,600
101,498.66248,188.6315,528.3218,600
102,450.71548,131.93303,511.08865,600
103,351.31476,28.158201,468.7784,600
104,515.8305,203.38672,539.3601,600
105,489.6616,179.77203,523.6772,600
106,119.652954,-194.92628,451.74677,600
107,121.16771,-217.997,456.05984,600
108,408.66376,95.04867,485.2581,600
109,520.4613,207.95236,541.8417,600
110,126.50489,-180.57669,474.52365,600
111,129.68842,-187.85083,486.8145,600
112,229.0797,-96.86321,417.06464,600
113,195.80902,-164.7612,440.27173,600
114,439.8125,123.61833,503.49686,600
115,517.6776,204.82022,540.6857,600
116,309.42548,6.6766763,430.67108,600
117,508.81708,197.03268,535.09766,600
118,238.71185,-91.683266,425.73355,600
119,130.51385,-211.27026,492.42618,600
120,523.31744,209.95383,544.0662,600
121,269.9924,-10.615815,391.8401,600
122,478.7348,171.14401,516.34796,600
123,128.29155,-207.23106,484.08395,600
124,157.462,-168.7541,417.52902,600
125,128.05032,-188.92502,480.7985,600
126,126.819756,-178.65997,475.77356,600
127,447.01996,137.96442,500.61615,600
128,129.59866,-210.1545,489.03204,600
129,271.28104,-53.14366,434.55875,600
130,127.17168,-164.40157,477.50403,600
131,513.59784,201.21838,538.125,600
132,123.817856,-216.28316,467.73187,600
133,128.80379,-150.00945,485.83704,600
134,118.06826,-205.02448,438.1613,600
135,148.63455,-199.993,429.8255,600
136,149.66745,-221.22812,454.58325,600
137,115.24561,-181.05122,434.3102,600
138,130.08049,-168.4224,488.59088,600
139,521.7846,208.46805,543.22797,600
140,431.04178,119.10756,495.19623,600
141,415.4254,102.489044,488.14282,600
142,142.22678,-150.23604,533.68945,600
143,113.202934,-190.50377,412.69897,600
144,505.99435,194.14853,533.6589,600
145,431.2135,125.278534,489.7827,600
146,133.08583,-158.52274,501.58292,600
147,172.04999,-193.4381,441.4918,600
148,478.3107,168.29607,518.303,600
149,178.37906,-176.39453,438.57822,600
150,115.956024,-183.64323,437.11954,600
151,423.50888,103.20644,498.7627,600
152,129.6257,-218.2568,490.31784,600
153,123.71655,-204.4816,422.3746,600
154,129.84387,-187.2235,487.37262,600
155,176.18471,-171.48575,422.30313,600
156,139.25308,-152.29909,524.1466,600
157,140.35173,-231.36086,463.2149,600
158,523.6817,210.32361,544.25104,600
159,129.35905,-180.70541,485.40677,600
160,153.65427,-191.5177,426.58426,600
161,418.8137,107.08512,488.74927,600
162,226.22218,-115.056274,431.03284,600
163,120.849556,-199.30818,456.71295,600
164,127.88944,-165.24362,480.25092,600
165,121.412025,-205.39584,459.40692,600
166,136.26152,-153.57333,513.74286,600
167,125.95262,-160.23117,473.24426,600
168,114.36163,-189.92198,397.0525,600
169,492.8941,181.55164,526.59064,600
170,268.16116,-64.124306,440.5372,600
171,515.9126,203.74652,539.1658,600
172,137.5884,-233.04495,464.13586,600
173,128.79915,-212.53456,486.58612,600
174,124.27736,-193.55844,468.0518,600
175,140.38602,-148.99399,527.5747,600
176,129.89772,-208.90501,489.8615,600
177,512.14954,199.79779,537.3415,600
178,126.58526,-175.22676,474.82678,600
179,128.65443,-219.83438,486.86496,600
180,129.24927,-177.52911,485.05847,600
181,340.6872,22.767824,459.09256,600
182,125.74349,-209.92793,475.2475,600
183,127.76523,-209.38275,482.49774,600
184,516.16864,203.57616,539.66205,600
185,126.40883,-177.87935,474.12973,600
186,490.1754,180.25645,523.95654,600
187,415.20572,93.38308,495.88528,600
188,123.496765,-171.24007,386.66733,600
189,131.01636,-202.10104,424.55472,600
190,376.6443,60.344162,473.29996,600
191,192.8929,-164.30919,435.64508,600
192,126.47566,-222.6682,451.24432,600
193,122.1642,-201.80017,461.67484,600
194,126.3979,-158.5985,475.11133,600
195,450.6643,137.07616,506.3657,600
196,438.24048,118.179146,506.10022,600
197,129.20085,-196.54553,485.89542,600
198,118.12101,-180.94229,444.67264,600
199,124.99271,-220.5699,473.6026,600
200,124.59694,-215.5209,448.20233,600
201,219.91214,-113.63474,420.79645,600
202,125.71474,-193.94536,473.02698,600
203,124.53003,-158.79965,467.7581,600
204,382.62228,73.352745,468.661,600
205,340.7373,67.13157,415.84668,600
206,122.61829,-221.03046,460.41614,600
207,450.89752,141.7112,502.80725,600
208,373.472,50.215767,478.6306,600
209,127.363686,-211.66014,481.41263,600
210,490.89243,182.18816,523.23517,600
211,129.79759,-217.41856,490.7815,600
212,151.12238,-188.89043,420.28604,600
213,404.73944,95.481346,479.31985,600
214,477.3212,166.93347,518.08887,600
215,100.8069,-157.0427,379.65967,600
216,522.14545,209.11273,543.17084,600
217,461.6685,146.04121,514.04236,600
218,248.8585,-66.82373,415.90268,600
219,126.36378,-199.20442,476.17984,600
220,115.34298,-197.15686,429.8208,600
221,132.57782,-204.35916,429.18817,600
222,132.61188,-148.77988,500.78467,600
223,110.49174,-177.76466,393.97058,600
224,494.5005,185.80823,525.0632,600
225,134.39487,-225.07135,452.54352,600
226,130.77003,-159.77472,492.23276,600
227,182.6489,-175.0738,438.92966,600
228,127.260155,-215.17828,437.84967,600
229,125.69472,-165.52138,471.7391,600
230,130.00331,-212.40439,490.82077,600
231,129.79877,-202.7589,488.6558,600
232,494.64764,184.41823,526.4856,600
233,524.73395,211.72629,544.49695,600
234,366.59723,49.379517,469.82904,600
235,139.06708,-150.41743,523.534,600
236,251.62843,-73.79104,426.5826,600
237,127.20382,-173.0988,477.2745,600
238,264.68268,-36.431114,409.1716,600
239,370.9754,52.430077,472.95798,600
240,127.00891,-177.28957,476.5064,600
241,128.91223,-190.0393,484.09454,600
242,158.92271,-195.44157,432.82562,600
243,259.90897,-58.678635,423.77444,600
244,127.408646,-213.70781,481.77548,600
245,132.31894,-153.10391,499.26022,600
246,135.11723,-152.12872,510.11197,600
247,422.17923,106.21159,494.23627,600
248,126.93843,-191.29237,477.22864,600
249,142.02718,-148.75133,533.0331,600
250,130.40935,-228.95718,461.76666,600
251,280.88214,-61.119053,455.60745,600
252,405.416,84.02138,490.78394,600
253,220.35712,-133.53113,440.93158,600
254,132.34865,-154.38911,499.15692,600
255,426.28433,112.8515,494.09656,600
256,167.72206,-198.68927,445.77258,600
257,126.458595,-223.18034,463.53613,600
258,353.42233,54.391075,446.53903,600
259,141.82037,-147.93735,531.951,600
260,127.883194,-215.6854,483.81134,600
261,357.385,31.010742,474.66705,600
262,127.655945,-211.12514,482.27243,600
263,131.52985,-153.97157,496.17175,600
264,373.71146,42.950752,486.0542,600
265,426.79688,111.62089,495.93488,600
266,231.97899,-172.80356,787.2186,600
267,126.279335,-157.68257,474.78076,600
268,367.69168,52.71399,468.0347,600
269,518.5513,206.08835,540.8027,600
270,126.93231,-170.62271,476.18604,600
271,187.77061,-138.27014,403.2485,600
272,128.71532,-164.07162,483.58957,600
273,125.17537,-216.10503,474.13525,600
274,386.8584,69.18445,478.7619,600
275,128.8066,-211.20308,486.4525,600
276,149.10217,-148.82706,556.0981,600
277,241.72281,-36.200912,376.51764,600
278,514.83765,202.4496,538.78687,600
279,146.15932,-237.55139,471.64996,600
280,852.7643,377.86285,899.5981,600
281,182.3695,-183.61105,443.45923,600
282,126.62315,-184.11385,475.0803,600
283,384.36105,64.38334,480.07764,600
284,133.33061,-151.83774,503.29727,600
285,317.89426,29.925123,420.03973,600
286,208.76686,-80.14522,372.9355,600
287,116.76449,-201.70811,438.92746,600
288,129.80066,-182.8028,487.0909,600
289,276.5017,-61.05349,449.2411,600
290,128.34497,-169.81966,481.66852,600
291,476.98383,169.20813,515.6362,600
292,113.271904,-193.78223,419.90997,600
293,437.60043,130.80188,493.73434,600
294,526.78,212.99928,546.2298,600
295,387.48038,81.22636,468.0802,600
296,122.6386,-208.4001,437.73178,600
297,116.17535,-191.05083,438.80658,600
298,266.2706,-5.762656,381.8659,600
299,527.5665,213.32802,547.03455,600
300,512.1637,200.1211,537.0887,600
301,437.833,119.12184,504.6901,600
302,225.92435,-126.75995,441.57062,600
303,230.08942,-94.63981,416.35565,600
304,124.3111,-204.43518,469.55273,600
305,438.73404,125.28567,500.4087,600
306,414.37015,92.2544,495.71173,600
307,400.13788,87.27163,480.37753,600
308,126.131996,-180.79701,473.0961,600
309,378.12634,51.370987,484.10056,600
310,174.32916,-129.55495,389.49582,600
311,498.10336,186.74011,529.23706,600
312,382.7136,77.33253,465.1511,600
313,134.63315,-152.61028,508.03763,600
314,231.60152,-99.56633,423.27774,600
315,128.9761,-212.15686,487.16327,600
316,128.3815,-178.91759,481.67465,600
317,308.61816,-24.029799,458.8416,600
318,254.9332,-64.80577,422.57367,600
319,131.14018,-161.11276,493.65674,600
320,128.03061,-186.26537,480.52612,600
321,401.02856,77.182434,490.87708,600
322,122.830345,-219.34866,456.60922,600
323,132.47421,-235.67915,473.3492,600
324,218.51599,-166.78989,743.54,600
325,130.71906,-167.41705,491.14215,600
326,127.33757,-176.40541,477.70776,600
327,513.46735,201.03001,538.1058,600
328,119.37206,-197.45116,451.11707,600
329,121.37791,-199.09216,458.25702,600
330,524.53485,210.85173,544.97614,600
331,148.36754,-142.81796,381.78757,600
332,148.70294,-149.07774,383.8421,600
333,198.28183,-176.61429,456.08423,600
334,524.88336,211.39131,544.99,600
335,408.37158,98.991234,481.36517,600
336,485.65997,179.36137,518.4456,600
337,206.1483,-130.33493,419.28412,600
338,124.57887,-166.98817,467.18762,600
339,139.8269,-240.03256,483.2021,600
340,110.12813,-186.20288,408.38934,600
341,156.87012,-186.61237,424.35214,600
342,450.44843,142.30536,501.6832,600
343,456.75143,142.89664,509.88235,600
344,471.96915,165.33235,512.03906,600
345,518.6557,205.62708,541.36273,600
346,312.44968,1.0304093,440.31888,600
347,369.5703,22.803446,499.90112,600
348,146.07556,-196.57623,428.10873,600
349,124.731224,-164.4664,468.06335,600
350,128.7144,-158.64575,484.11176,600
351,157.26741,-225.43825,465.8393,600
352,125.045006,-204.81493,472.19092,600
353,130.23877,-158.83867,490.30298,600
354,128.41626,-206.18687,484.29013,600
355,128.65619,-198.29893,484.12567,600
356,121.508865,-218.06822,456.92337,600
357,128.09009,-188.74875,480.89597,600
358,125.66466,-159.50491,472.08545,600
359,132.5782,-234.87614,472.68338,600
360,513.32184,201.1703,537.7878,600
361,518.16064,205.3687,540.88684,600
362,126.27681,-188.09424,474.22226,600
363,167.08823,-183.02975,431.82596,600
364,498.02887,186.54378,529.31964,600
365,498.21283,185.79234,530.23676,600
366,152.44138,-181.7947,411.9061,600
367,494.12097,185.79156,524.5678,600
368,150.55618,-152.85394,559.46106,600
369,126.036545,-221.64412,454.74908,600
370,128.57217,-217.26706,486.35608,600
371,516.2625,203.94449,539.4786,600
372,128.42412,-224.30675,467.9307,600
373,451.21573,193.50719,457.61752,600
374,360.25052,19.586346,489.76523,600
375,127.7012,-168.93951,479.22104,600
376,343.30814,1.9450434,482.94388,600
377,135.94714,-151.28703,512.65576,600
378,499.92468,189.81714,529.0305,600
379,146.59515,-148.75844,547.59717,600
380,112.84927,-178.42998,400.6598,600
381,272.62115,-15.492876,400.25455,600
382,328.553,26.832254,438.0656,600
383,387.86728,64.06099,485.4339,600
384,517.51245,204.57112,540.672,600
385,133.93272,-206.25725,427.40732,600
386,399.9309,65.03008,501.56082,600
387,129.36989,-188.79031,485.77643,600
388,367.75787,68.4936,452.4238,600
389,296.1613,-20.994452,438.63965,600
390,136.38469,-146.43207,514.27795,600
391,471.9541,159.46309,516.95276,600
392,127.00828,-162.8091,477.01382,600
393,125.074265,-210.45312,473.01578,600
394,128.53806,-202.49434,422.24652,600
395,195.05136,-162.9221,688.14526,600
396,128.05463,-180.21815,480.42798,600
397,164.02435,-151.58609,397.40994,600
398,523.7869,210.28159,544.43274,600
399,334.02594,29.959534,442.87134,600
400,492.54947,180.44441,527.09814,600
401,130.56512,-164.79967,490.95248,600
402,457.6639,150.61336,504.64368,600
403,520.3148,207.76817,541.80347,600
404,395.3242,79.12698,481.03925,600
405,119.19125,-211.08162,437.4441,600
406,126.99304,-196.17342,477.79877,600
407,136.49438,-151.2656,514.6086,600
408,475.10132,163.6386,517.7731,600
409,363.327,29.287899,484.66757,600
410,517.6907,205.49951,540.1209,600
411,476.98834,166.90356,517.6343,600
412,126.75291,-206.0305,424.77945,600
413,127.05478,-184.34503,476.67252,600
414,339.3885,78.22197,403.77655,600
415,120.83623,-201.08046,456.74847,600
416,165.75749,-154.34898,605.8521,600
417,129.60568,-181.3983,486.3902,600
418,112.18663,-187.75792,415.02908,600
419,104.05569,-155.70221,361.0979,600
420,330.23206,29.043438,438.131,600
421,113.34233,-189.51372,406.95935,600
422,519.9716,206.47792,542.44507,600
423,127.98194,-198.79968,481.67407,600
424,153.47797,-215.10764,449.0936,600
425,215.3334,-126.14344,427.18985,600
426,149.14867,-195.12076,437.4137,600
427,137.66924,-149.34665,518.7149,600
428,144.1093,-149.23752,539.2078,600
429,114.822495,-196.6327,432.30872,600
430,237.74265,-174.03482,801.09436,600
431,473.6889,162.12651,517.09753,600
432,127.73427,-167.00035,479.5076,600
433,95.9826,-136.28412,343.4065,600
434,152.99004,-186.37596,433.1564,600
435,486.41177,176.44778,522.13275,600
436,517.43024,204.74475,540.4207,600
437,127.49241,-190.21783,409.71127,600
438,501.1379,190.561,530.06226,600
439,239.53564,-106.86675,441.46753,600
440,492.27753,181.69093,525.6159,600
441,524.35645,210.70811,544.8502,600
442,128.46678,-203.92737,484.2236,600
443,130.3667,-226.73584,466.14377,600
444,120.68196,-201.08936,456.23004,600
445,233.06091,-127.145256,451.75665,600
446,126.493614,-204.52263,477.294,600
447,103.869316,-166.90251,390.26895,600
448,138.89093,-224.86656,452.9481,600
449,129.76054,-189.082,487.19632,600
450,472.1754,166.88585,511.0565,600
451,118.53278,-195.78928,447.96646,600
452,229.24663,-80.97406,402.21326,600
453,522.323,209.00731,543.5097,600
454,258.51825,-28.41768,392.80133,600
455,127.990456,-177.71722,480.23843,600
456,124.598854,-189.45958,468.85068,600
457,297.78787,-21.397299,441.19244,600
458,126.784164,-179.12674,475.65387,600
459,517.78955,205.76881,540.0236,600
460,129.26805,-185.83347,485.10068,600
461,442.06998,133.80997,497.27875,600
462,129.35799,-178.04578,485.52286,600
463,129.7026,-154.17307,488.7599,600
464,118.16919,-199.67668,446.04755,600
465,368.41302,48.823597,472.832,600
466,152.59338,-151.62614,565.79156,600
467,126.28814,-194.46988,406.85635,600
468,125.15638,-216.02594,473.39743,600
469,478.24802,168.52068,518.0537,600
470,533.6453,218.98715,550.4659,600
471,126.08372,-228.21156,473.6174,600
472,485.85486,175.82555,521.93463,600
473,160.42273,-181.13556,420.09946,600
474,226.90036,-76.22571,394.40158,600
475,124.52858,-205.75218,435.88367,600
476,284.03745,-62.72221,461.7887,600
477,533.6192,218.20764,551.1378,600
478,141.9544,-199.26389,430.14398,600
479,129.14763,-177.4246,484.62704,600
480,486.37427,175.5982,522.87366,600
481,510.6478,198.1029,536.71387,600
482,130.29942,-168.27798,489.61005,600
483,493.19766,181.76184,526.83325,600
484,123.771545,-214.40115,441.0918,600
485,170.45627,-156.86876,618.1175,600
486,515.77124,205.14243,537.7758,600
487,462.68576,150.32878,511.8457,600
488,263.97296,-45.517284,416.92447,600
489,513.2222,201.94025,536.9964,600
490,264.40408,-73.2724,444.0024,600
491,132.01558,-199.72566,422.7044,600
492,288.42786,25.722723,382.51917,600
493,123.28908,-182.58984,463.48367,600
494,280.77014,-35.986305,431.4995,600
495,513.9924,201.53851,538.3981,600
496,127.63479,-193.13252,479.74463,600
497,493.3925,181.61179,527.24677,600
0,520.2172,156.88104,568.02264,650
1,127.23593,-235.73836,490.64014,650
2,566.9658,215.65205,582.8919,650
3,126.70723,-213.40097,484.37048,650
4,127.94342,-224.39433,490.87756,650
5,283.25412,-55.83402,438.20544,650
6,502.61655,150.49483,549.5637,650
7,407.19653,33.017048,523.5952,650
8,128.28636,-228.92273,492.79932,650
9,386.97012,3.0587654,523.21655,650
10,546.4107,189.57707,576.9047,650
11,563.1827,211.43863,581.302,650
12,354.5792,-23.373434,502.57007,650
13,160.3541,-235.35316,482.64005,650
14,124.31609,-238.82404,471.44363,650
15,534.73914,174.05109,573.726,650
16,549.30096,191.84933,578.8963,650
17,312.08508,-85.40648,500.2308,650
18,233.73422,-181.36794,482.65442,650
19,351.56607,-22.050982,497.9895,650
20,525.30664,163.1242,569.78546,650
21,562.145,209.83408,581.2388,650
22,345.1761,56.154453,417.62897,650
23,125.69995,-243.75363,478.39615,650
24,298.73196,-97.311134,492.39804,650
25,419.18097,45.61284,528.47064,650
26,430.65472,58.17954,533.52905,650
27,283.28412,-85.18483,460.67322,650
28,528.0927,168.51802,569.14,650
29,566.8526,218.95735,580.17017,650
30,220.54057,-151.10342,463.88696,650
31,433.2126,64.39205,530.74115,650
32,395.35648,44.036583,498.76477,650
33,153.95146,-234.8074,485.07166,650
34,124.572754,-224.83716,476.40463,650
35,269.32132,-73.673996,434.4988,650
36,150.32672,-161.5754,558.6217,650
37,395.66144,31.283302,509.32312,650
38,312.00342,-48.95626,468.53864,650
39,580.7,230.31813,589.3409,650
40,189.39664,-238.77428,487.5219,650
41,128.22763,-189.42245,487.2125,650
42,185.44824,-222.94475,483.1351,650
43,129.1166,-244.4265,479.19965,650
44,558.8894,206.11333,580.03534,650
45,193.13847,-235.21463,490.6795,650
46,560.1269,205.96057,581.85693,650
47,541.2193,180.84128,576.9415,650
48,126.12746,-236.549,486.01877,650
49,519.2374,169.97922,556.28845,650
50,325.73657,28.25091,426.68622,650
51,570.5662,219.2411,584.8017,650
52,277.17896,-97.81432,464.52634,650
53,126.980644,-240.89853,490.92767,650
54,559.3332,206.56006,580.25024,650
55,197.42783,-212.57211,475.63464,650
56,556.5382,201.44882,580.8819,650
57,371.0702,-1.5921774,505.37332,650
58,145.22307,-302.64227,507.9243,650
59,498.43848,138.19516,554.5493,650
60,540.16144,178.7427,577.1208,650
61,562.3546,209.60313,581.7251,650
62,537.05585,178.48906,573.20795,650
63,128.04861,-213.37737,489.19138,650
64,224.52779,-210.37076,496.5599,650
65,517.4374,153.27933,567.4552,650
66,126.31865,-241.80785,488.70084,650
67,558.72437,207.53268,578.56384,650
68,546.7245,196.47675,571.84784,650
69,167.3425,-282.1688,511.7688,650
70,127.54422,-196.93674,484.94513,650
71,151.77449,-287.5176,504.2421,650
72,465.98895,85.37463,556.00366,650
73,141.27663,-271.04462,492.86145,650
74,1878.5006,837.6797,1916.7317,650
75,129.27682,-181.87317,489.88193,650
76,281.5105,-94.8822,467.4187,650
77,163.19215,-243.39505,479.48596,650
78,525.45624,164.31383,568.9614,650
79,458.25867,81.623405,548.75244,650
80,132.68463,-256.96625,483.10648,650
81,430.24484,55.448315,535.0914,650
82,159.34885,-163.6098,586.33856,650
83,475.6017,101.4517,554.85315,650
84,329.49368,-48.587585,491.40485,650
85,556.95496,204.35864,578.94324,650
86,442.59335,74.49477,534.11005,650
87,189.68335,-234.1187,494.763,650
88,191.08556,-180.25645,446.9452,650
89,127.46021,-233.39468,490.7997,650
90,559.00854,208.34962,578.30994,650
91,128.54974,-205.42044,489.66495,650
92,321.54114,-21.26166,457.50003,650
93,135.76213,-265.3765,498.33252,650
94,194.5317,-245.0572,512.14923,650
95,163.26442,-273.13394,499.76093,650
96,127.591354,-210.50638,486.9987,650
97,127.05373,-221.88185,487.18155,650
98,125.69452,-243.60246,478.60776,650
99,533.99835,170.75539,575.32935,650
100,416.769,44.2507,526.68304,650
101,473.8611,119.99542,536.4563,650
102,450.69122,65.92905,553.3296,650
103,390.18317,16.171417,515.9644,650
104,535.6749,177.15013,572.3928,650
105,492.4061,136.2621,548.026,650
106,128.78497,-236.51181,496.3151,650
107,129.62643,-244.75055,500.9054,650
108,447.64798,81.51386,534.34406,650
109,563.1963,212.52057,580.4069,650
110,125.63236,-258.73563,487.61914,650
111,128.60426,-261.6927,498.57098,650
112,297.77118,-77.62614,474.064,650
113,401.21457,28.801643,519.4156,650
114,482.93994,115.205894,552.92975,650
115,549.32056,191.99933,578.7983,650
116,441.0866,71.40364,535.2146,650
117,536.79565,169.61768,579.96893,650
118,156.7583,-265.7124,494.9015,650
119,420.63953,58.561382,518.9735,650
120,566.25507,214.5765,582.81146,650
121,298.12173,-28.81628,434.3343,650
122,518.6116,159.2288,564.0164,650
123,163.12115,-261.64975,496.57843,650
124,179.22948,-241.24751,504.91037,650
125,126.132744,-212.20988,482.1472,650
126,160.79509,-208.6438,450.94446,650
127,338.7672,-60.994595,514.72906,650
128,129.13438,-261.22272,493.3202,650
129,315.86185,-22.879093,453.5291,650
130,124.92063,-232.48022,481.5171,650
131,550.16736,194.39769,577.9889,650
132,216.92975,-196.08919,475.07794,650
133,125.77426,-224.20618,483.2599,650
134,140.38158,-267.82693,493.79742,650
135,170.77094,-233.54796,476.46802,650
136,272.44458,-103.949554,463.21262,650
137,122.812584,-182.23514,465.81854,650
138,129.52295,-222.24391,496.0935,650
139,558.9232,206.34964,579.8772,650
140,528.41345,171.28687,567.37573,650
141,522.03455,152.9047,574.1771,650
142,137.11972,-174.48866,517.26135,650
143,200.61285,-205.55136,484.3331,650
144,547.75433,198.83075,571.1656,650
145,493.27112,138.69783,547.0974,650
146,278.4512,-73.60705,449.52335,650
147,229.58064,-177.04326,473.19406,650
148,500.7194,139.19994,556.8424,650
149,257.912,-103.482544,446.95087,650
150,346.49365,13.867588,462.6218,650
151,126.44922,-249.97829,487.4964,650
152,404.56546,18.266954,533.7062,650
153,235.76038,-165.62941,469.558,650
154,144.5654,-278.64752,497.88235,650
155,402.55124,38.35117,512.7042,650
156,131.61417,-182.14542,498.26483,650
157,148.87633,-294.5782,509.56546,650
158,568.7722,217.44669,583.8522,650
159,128.55771,-228.8676,493.97202,650
160,351.59695,-0.45390534,478.87,650
161,520.0772,154.98117,569.52374,650
162,344.67596,-28.069035,494.05807,650
163,148.23941,-266.1841,495.18604,650
164,130.06865,-181.8711,492.55896,650
165,125.688324,-255.11403,487.44107,650
166,134.34239,-171.689,506.72134,650
167,126.9435,-201.07864,483.2531,650
168,144.44958,-263.86633,477.7668,650
169,547.94543,191.00517,577.7203,650
170,342.5561,-20.545267,484.49484,650
171,553.1266,200.7632,576.8563,650
172,180.07864,-250.09175,492.83075,650
173,138.89252,-273.5899,503.64047,650
174,129.06787,-227.32802,495.34744,650
175,125.867714,-199.0546,478.8841,650
176,162.7286,-265.98727,493.13428,650
177,549.0222,194.79678,576.16486,650
178,142.28215,-265.35538,491.8247,650
179,169.09845,-276.90884,499.94272,650
180,126.376335,-219.91727,482.14832,650
181,428.4872,55.412872,532.75555,650
182,124.18868,-211.70712,475.06137,650
183,193.02873,-195.30327,460.33478,650
184,561.3185,208.43341,581.3228,650
185,138.2332,-278.80814,496.33215,650
186,550.84863,194.85626,578.5859,650
187,246.83656,-179.22618,495.75873,650
188,161.04239,-249.3139,490.56766,650
189,142.30774,-272.1291,499.32483,650
190,429.75873,46.211033,542.78345,650
191,231.20584,-157.99725,457.07916,650
192,177.53201,-263.67914,498.03204,650
193,230.64131,-135.73474,461.82492,650
194,127.28612,-229.63492,489.5982,650
195,249.1473,-176.07846,495.98242,650
196,532.17664,166.94307,575.9518,650
197,138.91255,-242.3487,478.23337,650
198,128.85435,-233.94427,495.64127,650
199,139.72813,-276.84708,489.9338,650
200,149.78288,-261.42474,493.6992,650
201,152.59184,-274.58405,491.01923,650
202,125.13357,-215.30844,479.19244,650
203,121.59134,-208.35783,461.06332,650
204,281.1433,-85.403404,459.60013,650
205,387.32523,47.89043,484.73703,650
206,153.18044,-321.88577,531.7579,650
207,533.43146,179.63129,567.5071,650
208,470.60477,103.441216,546.13934,650
209,229.50757,-182.17653,479.09885,650
210,539.67505,182.29156,573.6832,650
211,132.65277,-272.07178,500.1986,650
212,152.25548,-265.65283,487.54553,650
213,373.61423,2.1902018,505.37524,650
214,489.30704,120.722336,556.8917,650
215,168.6294,-209.83052,469.70093,650
216,541.0516,190.95944,568.5293,650
217,489.79166,119.15303,558.8772,650
218,267.89166,-114.18827,466.09167,650
219,180.73433,-232.27962,498.84006,650
220,304.11893,-46.474453,455.84897,650
221,149.97514,-245.68025,483.5972,650
222,130.97491,-173.54489,494.84152,650
223,125.51871,-238.8697,474.49158,650
224,487.42374,129.09822,547.41156,650
225,315.10626,-51.585724,474.6241,650
226,138.42793,-167.34143,521.0568,650
227,277.52206,-28.694017,411.64093,650
228,137.4878,-247.74464,470.57278,650
229,189.22058,-140.40839,434.04398,650
230,210.73259,-207.77728,490.8084,650
231,254.3869,-118.61574,452.91733,650
232,478.35544,120.117455,542.48846,650
233,543.8883,195.95966,568.3634,650
234,278.7138,-56.34555,433.28046,650
235,135.63986,-173.40456,511.70474,650
236,465.3146,93.9977,547.44507,650
237,127.00129,-204.60587,483.97064,650
238,175.36732,-235.68523,496.64618,650
239,442.57535,72.27397,536.1436,650
240,126.36629,-218.57512,484.1848,650
241,123.079285,-232.48521,459.8373,650
242,199.16795,-250.51395,501.3727,650
243,433.69336,61.546707,534.38666,650
244,128.03511,-269.0377,498.81317,650
245,129.1884,-180.12447,489.46622,650
246,128.66162,-195.25092,488.80276,650
247,454.70453,83.993996,541.54663,650
248,359.55396,51.533176,446.2887,650
249,146.13112,-161.87025,546.0206,650
250,151.81274,-278.39554,501.21115,650
251,407.3276,38.50101,519.46313,650
252,523.5159,163.30301,567.27124,650
253,275.78787,-127.03472,487.57693,650
254,128.92645,-247.07753,498.7863,650
255,387.7479,9.164736,518.5728,650
256,146.04414,-278.42468,502.35068,650
257,126.65508,-239.77437,489.50345,650
258,355.52985,29.124565,461.4356,650
259,126.596,-184.05408,480.49973,650
260,373.31006,1.7071574,506.07086,650
261,179.20424,-248.51065,499.86655,650
262,137.01265,-276.822,501.72992,650
263,126.98155,-202.53761,483.19598,650
264,441.51596,62.248528,544.16125,650
265,349.97812,-7.014516,482.23358,650
266,168.84027,-164.78851,613.0283,650
267,125.96957,-237.66454,482.90677,650
268,371.43106,-5.9135575,509.8376,650
269,567.17676,215.19714,583.5488,650
270,135.54712,-266.63837,494.9614,650
271,257.1569,-124.03276,460.74362,650
272,129.32986,-256.1168,502.1416,650
273,144.10184,-295.7703,514.02454,650
274,458.54572,85.56269,545.3483,650
275,169.73943,-245.17688,494.6066,650
276,131.06586,-174.7208,496.30338,650
277,193.59407,-242.68277,493.29797,650
278,541.8772,189.32811,570.92206,650
279,126.80406,-238.84326,489.444,650
280,468.502,99.9022,546.7393,650
281,310.80737,-58.480213,475.1806,650
282,121.916756,-235.19052,465.6451,650
283,413.07364,41.44709,523.9228,650
284,132.28209,-174.29758,499.6582,650
285,391.22852,33.9177,501.51498,650
286,350.40576,-14.69936,489.30215,650
287,203.44003,-230.89612,497.96573,650
288,128.45624,-271.41415,501.9262,650
289,424.65912,54.140953,528.215,650
290,128.36053,-227.641,492.94012,650
291,477.63202,127.83735,535.02783,650
292,209.34354,-197.62967,480.1958,650
293,492.05072,140.21323,544.224,650
294,569.57043,218.60004,584.001,650
295,365.9743,2.6145632,494.3557,650
296,245.42143,-127.458694,455.75766,650
297,194.61685,-206.95082,478.34402,650
298,438.10278,75.8539,526.9922,650
299,573.73206,221.76982,587.001,650
300,559.06616,207.18443,579.3565,650
301,485.67813,114.74516,557.044,650
302,318.847,-80.47582,504.92987,650
303,292.2168,-97.68465,484.065,650
304,127.78619,-253.9267,496.22238,650
305,490.18887,125.65666,553.9177,650
306,413.25296,30.958544,533.88184,650
307,414.8297,49.824352,519.0235,650
308,125.855606,-207.89926,480.15222,650
309,282.16428,-93.230095,466.88034,650
310,423.64557,59.351765,522.93256,650
311,455.01883,90.385956,536.2859,650
312,457.9804,94.6187,537.3005,650
313,128.30708,-191.41225,487.4172,650
314,242.7026,-135.74469,452.1497,650
315,140.07562,-281.5395,503.77295,650
316,129.07253,-270.188,501.3,650
317,394.13992,28.104055,509.9333,650
318,311.9812,-59.348213,477.30453,650
319,129.04135,-199.53865,490.8332,650
320,189.61858,-219.79771,492.895,650
321,202.93394,-22.16236,295.58948,650
322,165.5017,-269.6281,493.8923,650
323,129.83264,-276.51035,497.03775,650
324,157.44681,-165.2645,578.5454,650
325,129.21954,-206.40077,492.25055,650
326,126.73467,-213.10883,484.3503,650
327,551.6097,194.89575,579.52014,650
328,128.17007,-235.64093,493.77524,650
329,236.4505,-77.5519,402.27563,650
330,563.1807,211.30486,581.40765,650
331,201.36002,-169.24559,473.4998,650
332,233.81209,-124.90952,445.91425,650
333,344.7226,-46.16361,509.96832,650
334,566.32007,214.08578,583.3003,650
335,514.2925,148.53836,567.40405,650
336,527.62164,173.56082,564.5647,650
337,391.77365,21.914213,512.8767,650
338,129.13037,-172.79768,488.09558,650
339,172.03145,-226.91885,486.8682,650
340,138.72122,-279.9004,498.5028,650
341,356.86392,0.754845,484.79623,650
342,380.90646,0.4846211,516.9286,650
343,500.39352,133.87912,560.8614,650
344,537.31305,186.94777,566.77844,650
345,559.2141,208.0618,578.86475,650
346,273.46246,-128.22629,485.49158,650
347,377.3367,18.281462,497.57114,650
348,353.80466,-9.00684,489.34558,650
349,122.49049,-185.29276,424.19235,650
350,128.30315,-187.93886,486.75522,650
351,209.53688,-205.61714,482.77524,650
352,159.81644,-220.94337,467.68225,650
353,123.37957,-218.22543,467.1091,650
354,128.31105,-231.28029,493.57724,650
355,312.72546,-14.923848,443.1507,650
356,140.08847,-311.05542,534.2985,650
357,125.67922,-242.65355,486.2412,650
358,126.799515,-221.92303,486.376,650
359,163.30331,-265.4043,496.34772,650
360,544.63525,194.07954,570.8531,650
361,567.7459,215.43013,584.1307,650
362,129.10019,-261.14084,476.54147,650
363,391.49332,36.806725,499.70108,650
364,516.2082,153.62517,565.48315,650
365,500.59943,133.66843,561.24585,650
366,168.95679,-248.07687,489.5087,650
367,423.24258,52.982338,528.11334,650
368,133.9251,-184.23752,506.81253,650
369,128.39755,-242.15623,496.13812,650
370,143.61655,-286.11163,500.54337,650
371,556.57184,201.56207,580.8316,650
372,163.47633,-224.91301,480.1069,650
373,537.71234,179.57976,573.1633,650
374,409.00198,29.009558,530.15924,650
375,127.62011,-226.4117,490.1406,650
376,365.30713,-20.976416,515.46594,650
377,130.00557,-183.37375,492.42267,650
378,554.7729,199.53317,580.0998,650
379,135.96193,-170.63286,512.5134,650
380,130.55725,-222.21475,473.2492,650
381,362.66025,25.57264,470.99475,650
382,276.92462,-81.73636,450.39908,650
383,447.49286,74.037186,541.0889,650
384,521.5769,160.24243,567.0339,650
385,157.11446,-238.3597,469.51068,650
386,476.67545,95.17038,561.7417,650
387,128.35303,-222.8405,491.99698,650
388,506.45795,139.96559,563.9959,650
389,325.22086,-38.661335,477.15332,650
390,163.39415,-172.97629,447.9576,650
391,477.9275,109.92844,550.53534,650
392,127.152176,-216.99759,486.54446,650
393,151.85548,-227.85324,464.06326,650
394,200.89732,-203.15897,476.29016,650
395,135.40068,-166.57458,510.3737,650
396,128.98462,-251.02446,499.9825,650
397,158.3702,-246.01651,488.71368,650
398,567.2573,215.35051,583.52264,650
399,390.22314,40.28997,496.1628,650
400,516.76733,154.62213,565.2555,650
401,128.74437,-247.47284,497.744,650
402,494.5228,139.15356,548.46246,650
403,547.8021,191.43639,577.24506,650
404,469.6848,103.691475,544.6015,650
405,144.00153,-306.6395,523.93494,650
406,123.85185,-203.7712,472.42114,650
407,132.08588,-176.12102,499.1766,650
408,551.2016,192.3806,580.99835,650
409,396.3495,16.036924,524.2979,650
410,557.2861,205.04669,578.7945,650
411,529.9627,169.14697,571.1802,650
412,134.35095,-266.6675,484.30475,650
413,126.75354,-226.66861,487.19522,650
414,352.26764,28.176126,453.9255,650
415,140.25601,-251.89697,470.0555,650
416,134.87128,-165.3889,508.6006,650
417,123.59322,-245.84549,473.77,650
418,145.14844,-268.58716,498.56647,650
419,280.75763,-51.002346,429.6807,650
420,478.28616,116.437256,545.5457,650
421,239.1388,-127.43817,442.05652,650
422,717.98816,326.27762,694.34973,650
423,158.89676,-241.12537,475.60455,650
424,285.23624,-98.652176,475.51218,650
425,169.08696,-254.2234,489.07605,650
426,270.4024,-79.380005,443.43692,650
427,138.16112,-162.83885,520.05255,650
428,135.26508,-171.6932,509.9266,650
429,124.95547,-249.32082,482.68018,650
430,154.28955,-162.1271,571.1167,650
431,488.46448,124.16673,552.8,650
432,126.19063,-246.45491,488.85065,650
433,121.47848,-222.15091,464.5144,650
434,158.31152,-231.09013,491.89554,650
435,546.28644,188.99146,577.13727,650
436,554.8501,201.57748,578.5131,650
437,128.63745,-256.14548,499.84537,650
438,525.80884,172.70264,562.72845,650
439,164.39018,-257.39178,484.39566,650
440,542.63995,183.26715,576.85364,650
441,565.78046,213.12369,583.3893,650
442,127.27707,-219.52238,487.50894,650
443,187.88733,-185.05106,467.3402,650
444,126.67661,-196.39748,481.5967,650
445,290.13605,-126.1378,505.86646,650
446,132.4985,-232.75262,459.5527,650
447,253.6768,-84.25924,431.89902,650
448,230.09525,-168.78716,467.5053,650
449,147.37285,-272.1026,501.13486,650
450,368.11798,50.419025,460.05576,650
451,177.05476,-270.33157,518.0634,650
452,194.17656,-202.10997,472.71667,650
453,560.61743,208.94519,579.9351,650
454,393.63956,40.09294,499.67175,650
455,127.3259,-212.85626,486.45578,650
456,390.41748,40.89582,494.71823,650
457,298.04178,-91.52572,486.44876,650
458,124.92519,-235.3402,481.88242,650
459,420.13956,63.615448,513.15234,650
460,127.84363,-241.64969,494.0329,650
461,359.77612,-11.863045,499.07278,650
462,128.9908,-221.81012,493.8302,650
463,126.78352,-190.44763,481.7433,650
464,161.33948,-242.47298,478.48404,650
465,340.916,-27.828453,488.61124,650
466,138.79825,-168.6527,522.123,650
467,172.05605,-253.33475,484.76074,650
468,225.88783,-159.83357,452.69733,650
469,498.47815,128.21173,563.1235,650
470,485.93808,163.61125,516.7078,650
471,136.39105,-290.081,504.82623,650
472,531.3859,176.7234,567.027,650
473,185.30229,-259.27576,502.96762,650
474,354.79016,6.1400323,477.4763,650
475,120.56028,-219.12192,458.09,650
476,270.7173,-53.318726,435.73685,650
477,573.8347,223.89784,585.3995,650
478,270.27933,-61.833096,426.38855,650
479,157.51953,-291.67102,522.3881,650
480,542.7119,182.01604,577.92285,650
481,548.9339,192.2184,578.13605,650
482,129.26314,-200.12732,476.6659,650
483,528.76514,164.08969,573.631,650
484,166.7088,-237.89723,477.54483,650
485,133.94305,-174.95819,505.77966,650
486,523.552,173.08614,559.47736,650
487,443.98315,77.11621,533.2483,650
488,424.52777,55.84934,527.0314,650
489,561.8808,210.11702,580.65344,650
490,154.78267,-262.17712,484.18777,650
491,126.438416,-232.82156,462.35062,650
492,484.06284,114.22537,555.3083,650
493,124.68043,-244.23978,481.889,650
494,199.45758,-124.88015,422.40582,650
495,549.1688,193.21095,577.6181,650
496,121.93226,-237.7663,470.1244,650
497,526.23553,161.362,572.4979,650
0,547.1983,211.01245,579.14734,700
1,114.17963,-212.16846,478.77527,700
2,577.99536,243.70082,593.8084,700
3,112.55932,-148.68185,469.00827,700
4,115.33268,-184.09874,481.56647,700
5,267.87173,-52.304924,439.70282,700
6,516.91864,182.08115,560.8946,700
7,443.7205,89.761734,537.28064,700
8,117.321365,-188.7337,489.23087,700
9,3927.0427,1849.7354,4227.3076,700
10,544.8504,212.29251,574.6746,700
11,575.02997,239.38356,593.3635,700
12,513.69543,172.00705,565.0139,700
13,114.66316,-221.87416,470.9044,700
14,114.57358,-196.02428,469.2191,700
15,563.43787,230.71109,584.767,700
16,591.67365,254.7738,603.67365,700
17,388.0691,31.446468,513.0161,700
18,128.23732,-233.14157,483.34198,700
19,457.56177,114.66805,536.3012,700
20,572.63104,236.52145,592.5931,700
21,578.6291,241.05853,597.00073,700
22,514.1925,166.79042,570.2439,700
23,113.500534,-175.32433,473.61212,700
24,339.18756,-34.560192,504.4919,700
25,414.54877,46.279728,535.059,700
26,265.4424,-80.20642,461.3837,700
27,310.25937,-10.562855,451.9825,700
28,550.71204,213.05373,582.2365,700
29,587.7073,265.99072,588.9723,700
30,113.85581,-196.17616,475.84042,700
31,419.767,76.526,516.3182,700
32,288.46423,-25.077843,443.56268,700
33,146.79262,-183.52437,480.08478,700
34,114.18014,-157.30692,475.5826,700
35,188.19441,-192.69994,502.03226,700
36,175.67584,-155.4072,738.5906,700
37,4744.8853,2233.7827,5113.6816,700
38,425.79272,90.316795,514.10223,700
39,600.3466,267.97702,604.84155,700
40,124.434494,-262.04532,497.05438,700
41,117.12475,-126.81914,492.32727,700
42,157.54736,-231.43639,509.33524,700
43,182.27953,-190.13136,499.8743,700
44,561.16113,225.13875,585.99646,700
45,241.71959,-126.41619,473.23312,700
46,575.26556,236.22588,596.4094,700
47,541.415,199.04608,581.282,700
48,116.75217,-188.68227,487.0866,700
49,488.8671,165.03107,536.21796,700
50,118.92789,-156.5572,496.0594,700
51,593.9796,260.22226,602.3047,700
52,119.13292,-276.79636,498.30923,700
53,113.66298,-216.28607,477.10413,700
54,563.8067,227.69408,587.50714,700
55,122.999115,-237.8074,482.62146,700
56,589.3228,249.64017,604.7449,700
57,477.9365,123.69793,556.45276,700
58,111.935356,-184.10172,467.57697,700
59,351.28967,-45.013336,529.7342,700
60,568.8202,231.85857,591.02484,700
61,581.98004,245.22513,598.2096,700
62,570.30286,235.79666,589.91565,700
63,115.75036,-156.96927,482.2551,700
64,145.39056,-304.81842,534.9668,700
65,549.0779,214.91649,578.23346,700
66,127.09155,-275.8417,505.4408,700
67,575.8503,240.65443,593.405,700
68,575.4557,245.64679,588.78687,700
69,114.28081,-179.3285,476.9765,700
70,116.72525,-135.22957,489.17865,700
71,122.39805,-261.22504,494.07574,700
72,531.098,194.58612,570.6093,700
73,113.21926,-199.44308,471.61276,700
74,557.1137,233.34813,573.3766,700
75,115.10998,-126.915985,483.29248,700
76,197.30168,-207.07599,502.91708,700
77,368.73087,37.93351,485.0689,700
78,559.2594,220.94444,587.1675,700
79,426.99728,78.66158,524.64197,700
80,113.95084,-208.34961,477.18884,700
81,420.92447,80.835175,514.7411,700
82,138.13747,-129.01256,580.4536,700
83,487.15942,148.35956,548.9424,700
84,368.46805,20.161272,497.1613,700
85,571.83795,234.67522,592.88086,700
86,528.5383,193.06697,568.315,700
87,204.69775,-181.03731,500.58234,700
88,130.65189,-227.4554,473.19852,700
89,115.255806,-165.77733,480.2004,700
90,588.385,262.6074,592.67395,700
91,115.71459,-144.75409,483.38406,700
92,169.93832,-217.77197,509.5423,700
93,114.11263,-175.7716,476.11673,700
94,116.30772,-198.08972,486.31528,700
95,167.29057,-247.813,513.8913,700
96,115.45345,-148.91495,481.67,700
97,116.17941,-130.23378,487.46817,700
98,114.60817,-214.76357,480.40677,700
99,586.70374,253.06104,598.1626,700
100,402.3667,47.63447,518.10925,700
101,503.46948,166.87065,554.53723,700
102,536.98895,202.92201,571.8313,700
103,440.88156,88.77001,534.6707,700
104,552.1845,215.25877,582.27765,700
105,545.4256,211.72125,576.0179,700
106,115.35065,-213.62836,483.84317,700
107,116.33283,-213.50864,487.69565,700
108,498.32623,160.6766,553.39874,700
109,583.9804,250.75575,596.2413,700
110,113.59755,-207.92656,476.15924,700
111,114.33335,-234.082,482.7476,700
112,253.79768,-142.09372,489.30524,700
113,220.6497,-206.23547,511.69748,700
114,533.7614,200.51569,569.3881,700
115,562.2932,223.76892,589.024,700
116,254.16086,-86.53914,461.27078,700
117,541.4413,198.11613,582.0025,700
118,114.1141,-182.88979,476.58746,700
119,114.55902,-171.38649,477.6136,700
120,587.3587,251.9451,599.98505,700
121,255.52174,-19.4884,429.891,700
122,517.9861,197.30287,550.1627,700
123,114.78649,-198.78647,479.93744,700
124,115.529915,-202.39525,482.02444,700
125,113.5492,-183.61475,474.22287,700
126,112.958084,-193.80724,471.65942,700
127,503.6883,167.43773,554.7445,700
128,294.7486,-19.607073,441.6918,700
129,290.99527,-18.807764,439.8876,700
130,112.92463,-160.27132,470.40054,700
131,587.21985,249.82504,601.5967,700
132,148.76692,-285.68066,525.365,700
133,111.649,-154.95082,465.07053,700
134,114.58092,-210.6949,480.10867,700
135,116.71953,-221.28775,467.9317,700
136,227.3539,-159.64482,484.01233,700
137,113.58305,-139.79129,474.5513,700
138,117.61087,-134.98708,493.14627,700
139,559.8735,224.09102,585.09985,700
140,562.8796,227.81108,586.2713,700
141,127.44111,-206.60481,478.63852,700
142,129.0306,-122.524826,542.22754,700
143,130.6488,-233.4932,484.1645,700
144,557.00116,222.10052,582.8858,700
145,543.776,208.07298,576.9129,700
146,117.02304,-162.42125,487.58438,700
147,124.09984,-262.25516,492.97824,700
148,496.4545,156.38774,553.83356,700
149,195.33493,-167.57048,493.283,700
150,194.07446,-169.71379,499.33264,700
151,122.6103,-224.86514,474.22263,700
152,121.81085,-235.34833,481.25928,700
153,225.90285,-163.64456,486.5796,700
154,115.239944,-208.27284,482.86923,700
155,258.09628,-121.51504,478.17932,700
156,118.98521,-121.275566,500.521,700
157,113.71294,-245.10211,482.18036,700
158,584.3886,249.20984,598.1319,700
159,116.75058,-183.04982,487.29007,700
160,263.20557,-57.01392,438.96463,700
161,515.63,168.06342,571.0193,700
162,311.82736,-31.363409,467.45297,700
163,112.94467,-220.76503,469.13614,700
164,118.13938,-134.19818,495.5421,700
165,114.853096,-226.64159,483.44138,700
166,116.655846,-120.56502,490.55356,700
167,116.64703,-157.76707,486.10168,700
168,127.225716,-242.09917,473.34265,700
169,566.79706,226.32074,593.06177,700
170,254.66289,-85.7993,446.0052,700
171,598.79456,263.57663,606.3672,700
172,140.53,-285.194,516.825,700
173,112.97168,-215.72417,474.42944,700
174,116.50272,-199.85768,487.27872,700
175,113.46481,-137.59816,474.32333,700
176,112.48986,-232.11281,474.5279,700
177,570.60986,235.90465,590.10266,700
178,114.23258,-204.52415,478.46924,700
179,126.92224,-271.8463,503.75983,700
180,119.117584,-151.66791,497.37283,700
181,363.45212,21.669033,489.6179,700
182,111.09896,-205.03427,465.67877,700
183,113.07129,-210.42317,464.9451,700
184,576.679,239.62244,595.449,700
185,114.542595,-180.98561,478.18484,700
186,575.5763,239.65509,594.0322,700
187,282.21167,-113.81103,498.30728,700
188,125.75592,-199.99991,463.549,700
189,121.278175,-221.93794,477.4009,700
190,492.29163,143.50171,559.7675,700
191,198.3297,-257.4006,529.1841,700
192,124.36798,-267.4388,496.41983,700
193,115.27759,-200.19415,481.76288,700
194,113.259964,-167.92178,472.18253,700
195,209.17183,-241.88046,530.5194,700
196,534.6228,198.53706,572.35803,700
197,112.83876,-204.29372,469.89252,700
198,115.185875,-200.34698,480.66687,700
199,137.1913,-275.23093,503.3323,700
200,113.23871,-208.57735,472.06696,700
201,140.35176,-275.95514,509.67258,700
202,112.50865,-156.7219,468.51843,700
203,117.40668,-115.88557,493.45465,700
204,350.76923,9.235405,483.95398,700
205,399.879,81.20617,492.5532,700
206,137.0433,-343.73242,546.25415,700
207,416.6372,61.2531,524.90314,700
208,514.75366,170.91711,567.33655,700
209,114.91082,-209.27925,481.63196,700
210,552.4513,215.99709,582.10626,700
211,114.42165,-233.39041,482.93454,700
212,282.99976,-47.859856,448.92136,700
213,417.243,51.585995,533.89905,700
214,540.5911,207.99216,572.5964,700
215,114.79103,-190.02237,476.67822,700
216,585.8572,250.72266,598.91534,700
217,511.4733,170.48189,563.1563,700
218,297.73526,-55.123703,468.6181,700
219,119.61958,-199.07504,469.97504,700
220,130.6899,-232.87515,487.20084,700
221,119.71437,-231.71227,478.2263,700
222,128.21397,-120.55949,538.4462,700
223,114.0694,-204.99118,473.50928,700
224,530.057,206.38876,559.08136,700
225,175.03627,-257.8589,523.9367,700
226,121.01418,-120.01309,508.8408,700
227,112.45513,-182.92876,464.3079,700
228,112.120964,-202.39343,468.25708,700
229,116.232925,-170.35506,467.0121,700
230,115.21347,-214.37624,483.39606,700
231,115.34656,-226.55621,485.27094,700
232,475.8263,131.38422,546.5105,700
233,554.0715,221.90697,578.9205,700
234,238.51447,-114.10835,470.92538,700
235,122.606186,-118.52744,515.30084,700
236,240.57655,-134.9561,479.31027,700
237,113.79497,-167.05585,474.4007,700
238,113.79169,-202.2233,473.39783,700
239,288.98962,-37.673367,444.1155,700
240,113.445206,-145.4235,473.17523,700
241,115.39852,-186.46974,481.96005,700
242,142.00223,-312.26608,524.09845,700
243,205.21146,-160.46758,476.95062,700
244,115.26827,-248.44005,479.64865,700
245,121.28105,-116.203766,509.49063,700
246,117.08165,-167.78934,486.13828,700
247,489.39975,145.05287,554.4113,700
248,209.40796,-65.69518,462.58228,700
249,149.28342,-136.24875,627.3239,700
250,113.4182,-237.55309,479.30408,700
251,318.9633,-14.306309,461.33664,700
252,496.53976,156.56758,554.3562,700
253,298.17194,-57.22941,470.15845,700
254,114.4524,-144.3399,477.92996,700
255,466.0343,125.83754,537.5502,700
256,138.05844,-287.00952,515.9435,700
257,112.97779,-196.78325,472.6376,700
258,306.3534,11.599507,442.84622,700
259,114.095764,-125.2674,479.0206,700
260,125.909096,-257.6886,494.37122,700
261,205.37157,-197.37851,511.09827,700
262,154.02866,-237.25267,499.14163,700
263,120.57687,-131.80756,506.86038,700
264,494.91617,155.93703,552.4375,700
265,282.32623,-61.439342,458.1914,700
266,193.9392,-167.08798,811.28766,700
267,114.1777,-199.97173,475.3047,700
268,443.43277,90.75103,536.15894,700
269,586.18866,249.49498,600.5142,700
270,113.750084,-225.01367,479.0084,700
271,167.94354,-227.33958,505.28143,700
272,115.81328,-204.98595,484.65115,700
273,115.68776,-258.4664,492.148,700
274,513.68317,168.69771,567.7919,700
275,119.36057,-207.2715,467.49887,700
276,138.31244,-127.60487,580.2332,700
277,327.07184,-12.06928,470.6897,700
278,554.8737,218.16428,583.40704,700
279,114.53275,-212.15457,480.3841,700
280,3988.764,1878.9655,4293.4546,700
281,255.83104,-109.00184,469.9884,700
282,113.40557,-201.99156,474.55023,700
283,416.02255,53.446957,530.6759,700
284,125.9977,-119.60083,529.2795,700
285,338.1022,10.122961,467.41635,700
286,335.0669,-33.121876,498.3176,700
287,143.26878,-268.63217,507.71765,700
288,115.31826,-227.65247,485.28607,700
289,411.40765,53.247303,524.9317,700
290,117.94285,-122.57173,496.06235,700
291,553.4403,220.76637,579.00775,700
292,168.73119,-217.82153,505.58948,700
293,515.6429,178.62065,562.11096,700
294,591.3266,257.22513,601.1843,700
295,217.03911,-295.0006,576.3011,700
296,134.78578,-216.93214,483.7424,700
297,113.56419,-205.60649,474.79138,700
298,459.395,119.52642,535.6534,700
299,594.10297,259.2874,603.3407,700
300,575.0297,238.51297,594.13965,700
301,506.88565,164.6833,561.96155,700
302,345.8245,-9.258155,491.4586,700
303,329.8584,-32.218033,490.60907,700
304,114.5646,-195.83835,479.12033,700
305,522.3392,177.634,572.30054,700
306,368.56403,4.9118047,509.61273,700
307,440.3858,94.82329,529.3189,700
308,110.71771,-142.38858,461.6982,700
309,227.41127,-165.67805,489.22598,700
310,250.94646,-39.576572,437.83502,700
311,489.94714,142.96596,556.4614,700
312,444.36185,104.41429,528.08655,700
313,117.048294,-124.60988,492.2001,700
314,237.83743,-111.490746,463.38336,700
315,114.62207,-205.25737,480.11066,700
316,114.722015,-191.85268,479.54465,700
317,374.1523,-11.523849,530.8942,700
318,317.32562,-9.2747135,456.6075,700
319,118.03928,-143.98718,493.76865,700
320,114.73618,-201.42819,479.91013,700
321,454.34528,123.04611,524.2455,700
322,113.5864,-234.70728,479.89835,700
323,126.47892,-290.51114,509.15063,700
324,185.54387,-161.32477,772.12427,700
325,119.55441,-163.45036,498.09674,700
326,113.85818,-180.65192,475.30737,700
327,557.764,218.73782,587.0284,700
328,116.959915,-199.57666,462.78577,700
329,109.68776,-179.64104,455.96194,700
330,567.5222,231.98772,589.07056,700
331,148.82709,-188.60788,483.10934,700
332,159.57835,-174.87613,485.10117,700
333,191.56622,-277.69373,545.45807,700
334,581.14935,244.13382,597.89233,700
335,514.871,167.27576,570.8658,700
336,566.16815,233.76122,585.8499,700
337,298.4337,-51.46613,466.64636,700
338,110.53114,-143.47516,460.7862,700
339,171.76483,-205.3675,501.64877,700
340,115.05933,-221.88928,483.41843,700
341,309.41522,-16.13661,452.39655,700
342,439.5045,88.57601,532.09015,700
343,537.3048,196.68085,577.4736,700
344,497.69696,158.38542,553.83453,700
345,551.10455,225.45828,571.7042,700
346,293.09064,-78.46679,481.50552,700
347,409.85486,71.89023,508.12274,700
348,338.49158,1.1337519,474.7545,700
349,114.25024,-153.59157,475.7829,700
350,112.99208,-164.20277,470.71603,700
351,321.54318,0.27018136,456.84708,700
352,125.13393,-208.34338,466.71945,700
353,116.65601,-140.63805,488.02222,700
354,115.9096,-216.70331,486.40988,700
355,114.92163,-162.34131,478.7123,700
356,116.97148,-260.5786,497.6195,700
357,114.78675,-195.05632,479.98233,700
358,113.90825,-139.13284,476.167,700
359,167.73183,-270.1671,534.4771,700
360,584.4745,248.91643,598.52045,700
361,603.028,270.38162,606.6614,700
362,112.50098,-231.78409,475.24857,700
363,147.43968,-201.29327,493.28387,700
364,590.4181,262.13712,595.8726,700
365,506.67496,158.4829,566.41187,700
366,177.19955,-205.92833,499.12167,700
367,2271.773,1119.7561,2278.2383,700
368,127.735146,-122.64654,537.03546,700
369,112.83705,-153.18576,469.9879,700
370,118.48875,-253.32408,486.80695,700
371,586.2617,247.84544,601.9665,700
372,114.72212,-179.99532,478.8127,700
373,556.95624,219.45374,585.2478,700
374,487.90982,153.20107,544.9658,700
375,113.58706,-153.7925,473.06918,700
376,423.37457,74.07726,522.80676,700
377,114.83474,-147.929,479.02847,700
378,580.72784,243.41925,598.00714,700
379,131.22539,-122.91375,551.1528,700
380,119.3882,-135.86725,500.84528,700
381,410.54886,82.21115,501.06036,700
382,465.78198,119.49324,543.8509,700
383,454.45587,103.82521,540.7204,700
384,567.46893,230.25679,590.5181,700
385,113.49949,-207.67545,457.95523,700
386,425.97842,66.81278,533.5382,700
387,116.42275,-186.93257,485.97684,700
388,494.7054,147.19919,560.1487,700
389,373.70248,24.689882,499.88803,700
390,117.23195,-135.83588,491.2602,700
391,487.99442,141.7637,554.8019,700
392,113.03111,-151.27985,470.80774,700
393,120.24609,-210.226,466.41937,700
394,127.33529,-248.86826,490.87115,700
395,155.67935,-140.2481,654.19604,700
396,115.92735,-212.84932,486.07208,700
397,243.24483,-82.441895,458.47565,700
398,582.6064,246.02261,598.3406,700
399,293.4662,-25.745192,446.67166,700
400,538.4947,197.996,577.9098,700
401,117.41683,-167.14618,489.20688,700
402,454.4952,103.38505,540.82117,700
403,559.31506,226.25714,582.60345,700
404,505.65308,163.00755,561.27167,700
405,115.49027,-205.96916,483.5066,700
406,110.647484,-165.3705,461.21988,700
407,114.774765,-152.628,478.22205,700
408,559.54,220.06956,588.47473,700
409,389.13266,27.305878,517.5194,700
410,569.1396,235.12663,588.7207,700
411,571.5224,233.50664,593.53125,700
412,149.43039,-263.41455,506.37442,700
413,114.314445,-206.79729,478.93555,700
414,290.15366,-24.440893,435.7137,700
415,111.45084,-212.64348,459.9788,700
416,145.13934,-131.91039,609.66376,700
417,117.40016,-168.9853,489.16852,700
418,113.47192,-209.72093,474.8032,700
419,127.37646,-191.13963,460.59775,700
420,517.95825,171.48178,571.3164,700
421,166.8461,-196.02443,489.7585,700
422,573.70276,238.14253,592.93,700
423,118.32252,-199.79234,455.40997,700
424,268.43027,-77.038185,452.3115,700
425,167.5998,-269.60657,529.0551,700
426,177.50055,-212.99773,515.88617,700
427,127.7996,-120.71169,536.82074,700
428,128.8166,-121.888626,541.16455,700
429,115.34147,-196.297,481.9654,700
430,161.67769,-145.4763,679.6233,700
431,456.51038,92.53738,552.77734,700
432,113.71569,-169.38545,474.1248,700
433,117.32779,-164.92522,457.46194,700
434,172.45255,-208.88986,510.97647,700
435,579.30817,242.50294,596.73315,700
436,584.6472,251.62598,596.54144,700
437,115.97963,-197.93845,485.03168,700
438,564.777,228.90521,587.88873,700
439,231.37592,-159.66187,486.21094,700
440,555.4632,219.71268,582.9506,700
441,582.33374,244.77617,599.04755,700
442,113.70703,-179.80292,474.6458,700
443,117.00234,-192.76118,465.92892,700
444,115.8022,-198.74341,484.35117,700
445,475.11887,124.12933,551.87384,700
446,121.29635,-211.70473,467.08606,700
447,265.38123,-43.74874,443.02667,700
448,183.54451,-257.20685,530.28143,700
449,116.01187,-188.38904,484.6228,700
450,162.36624,-155.54926,489.7446,700
451,115.85336,-228.77847,487.60886,700
452,173.87102,-199.47711,497.98087,700
453,576.6918,242.29865,593.1894,700
454,315.6924,-3.0948925,451.8643,700
455,113.53451,-171.3602,473.52618,700
456,115.104454,-207.21405,481.40555,700
457,334.83835,-41.363075,504.72385,700
458,113.46012,-201.62119,475.0949,700
459,468.22888,124.16236,541.6193,700
460,114.50581,-174.83397,477.58112,700
461,516.1065,191.25502,552.1076,700
462,118.01582,-130.09453,495.7426,700
463,115.11405,-125.52177,483.50082,700
464,111.358055,-214.01949,464.33337,700
465,396.1241,60.456043,499.2508,700
466,132.96529,-124.898254,558.63965,700
467,153.40547,-191.88724,472.68707,700
468,113.14506,-228.76611,471.09836,700
469,534.48804,207.83113,564.0593,700
470,595.3224,269.06842,597.04297,700
471,123.749435,-294.65875,509.94662,700
472,572.55963,238.97473,590.2862,700
473,188.40944,-230.42271,514.72394,700
474,417.61124,82.763115,509.35522,700
475,116.69426,-181.61153,486.95557,700
476,366.3555,44.47118,480.4038,700
477,591.3904,259.99097,598.9917,700
478,129.3152,-196.88373,470.43378,700
479,115.14363,-214.63531,482.69315,700
480,564.23145,222.23189,593.1099,700
481,586.31464,249.82454,600.4281,700
482,120.75044,-148.13411,505.07837,700
483,547.7809,212.47803,578.5736,700
484,173.03317,-234.09796,507.58536,700
485,125.27433,-120.039444,526.46857,700
486,558.3142,227.79703,579.9256,700
487,547.15,212.06662,578.2331,700
488,136.81915,-252.20764,502.2685,700
489,586.74585,251.38416,599.5915,700
490,116.83535,-253.904,484.96,700
491,115.52206,-196.16913,483.06586,700
492,277.10745,-85.203415,477.77133,700
493,112.09228,-197.52072,467.81317,700
494,111.925095,-164.1934,459.19644,700
495,587.57056,250.72563,601.3229,700
496,112.61073,-195.6707,468.4099,700
497,537.3408,197.50172,576.9335,700
0,569.59735,189.29109,624.8385,750
1,117.1282,-258.9603,490.72607,750
2,622.3148,253.4993,644.4831,750
3,123.29689,-198.40044,507.9566,750
4,122.25513,-218.69847,505.61203,750
5,380.7378,37.915268,527.93176,750
6,600.9562,233.84819,631.617,750
7,424.82916,37.90441,553.1025,750
8,123.29233,-217.10484,509.80444,750
9,424.67484,37.580498,555.1998,750
10,539.91815,158.13927,609.4801,750
11,611.3675,243.02383,638.18994,750
12,421.4847,38.087532,547.66174,750
13,141.08469,-226.91064,500.14978,750
14,178.45793,-183.42508,504.26254,750
15,576.97186,194.48833,632.02136,750
16,605.3945,230.92757,640.8493,750
17,450.97852,68.3322,563.90063,750
18,176.68544,-244.56369,509.2529,750
19,406.17917,37.143963,539.6034,750
20,574.4013,193.51671,628.3891,750
21,618.1479,247.44345,643.9416,750
22,565.78876,159.62508,645.4261,750
23,121.522255,-224.22702,503.2692,750
24,357.31805,-0.07317729,505.6263,750
25,453.07812,66.60747,565.08185,750
26,166.17862,-264.78677,520.5963,750
27,323.42508,-71.20397,505.8898,750
28,572.4884,195.9472,623.42694,750
29,523.86475,140.25131,602.58734,750
30,150.57326,-235.32257,514.28845,750
31,371.04813,-4.5857964,520.2128,750
32,298.6347,-21.923998,497.7595,750
33,120.29682,-221.15445,462.9651,750
34,124.295685,-191.82138,512.32983,750
35,137.12422,-224.74023,502.1799,750
36,166.9144,-147.42119,694.92114,750
37,558.3477,191.70717,608.93634,750
38,401.2627,51.678905,528.10675,750
39,632.86383,267.82092,646.862,750
40,197.39293,-233.96938,533.3268,750
41,125.80241,-161.08234,520.5356,750
42,138.63173,-229.39763,497.41263,750
43,120.03711,-228.12186,481.51593,750
44,605.5286,236.8001,635.37244,750
45,172.99416,-242.15735,511.69556,750
46,612.2606,240.91881,641.46893,750
47,573.5324,190.775,629.7754,750
48,200.58696,-126.799774,492.38455,750
49,527.58484,176.3593,576.9308,750
50,376.2622,68.41218,507.70728,750
51,638.647,267.90506,654.9214,750
52,195.87793,-235.47154,521.2446,750
53,121.61669,-214.15363,502.5401,750
54,611.7819,242.5814,639.0638,750
55,155.01688,-246.19899,510.0844,750
56,607.27423,231.66284,642.96716,750
57,548.296,166.51817,613.5933,750
58,118.56298,-256.84833,485.576,750
59,503.5593,120.79133,589.2274,750
60,598.12854,227.66104,633.3042,750
61,603.0198,231.44365,636.96967,750
62,612.1369,242.60573,640.06903,750
63,137.62158,-181.94975,509.80792,750
64,134.18141,-350.50238,525.10913,750
65,527.8278,149.95296,598.6621,750
66,129.08646,-265.709,497.3601,750
67,619.00916,250.0118,642.87524,750
68,578.33685,203.66826,625.8713,750
69,128.68588,-277.9217,485.45288,750
70,121.384224,-225.23003,502.6618,750
71,118.78117,-265.98624,498.24237,750
72,554.102,168.71883,620.4809,750
73,133.47151,-220.18927,475.5765,750
74,603.2122,229.81624,641.40875,750
75,125.678185,-162.05602,519.80225,750
76,278.26068,-87.09406,493.55493,750
77,280.33246,-66.36893,500.25577,750
78,588.3101,213.21179,631.4087,750
79,448.8545,71.37419,561.09344,750
80,119.851875,-238.72063,476.7671,750
81,358.46738,-9.245456,514.1988,750
82,147.91028,-136.41643,615.9703,750
83,486.72247,108.95536,585.3724,750
84,371.17792,1.7822392,519.0058,750
85,599.76013,229.48318,633.866,750
86,512.00256,127.147644,598.25116,750
87,298.04285,-53.859253,486.32507,750
88,260.08917,-58.093014,496.8568,750
89,122.60052,-204.91182,491.5621,750
90,608.78845,241.89641,635.62524,750
91,123.10485,-190.97926,507.4321,750
92,268.0257,-106.9363,510.62476,750
93,119.80848,-254.09013,500.65298,750
94,1929.3579,931.75146,1917.117,750
95,256.86313,-135.04654,511.20764,750
96,122.58566,-192.09349,505.3576,750
97,123.46908,-178.28993,508.6867,750
98,120.82259,-242.462,502.8316,750
99,599.47864,229.48933,633.51385,750
100,472.55008,86.439415,578.3524,750
101,569.41003,197.09824,617.86694,750
102,479.83945,93.36012,582.0575,750
103,411.5649,33.942303,541.79425,750
104,595.9436,224.71379,632.6844,750
105,558.1763,180.79338,615.90955,750
106,121.33682,-223.4112,502.22617,750
107,119.39422,-262.91415,500.08243,750
108,455.3228,83.07199,562.6007,750
109,626.63995,257.44406,647.22345,750
110,121.52648,-219.02945,502.3352,750
111,118.60335,-243.78014,493.2813,750
112,271.79572,-136.24742,499.3706,750
113,301.22394,-96.074356,504.4599,750
114,550.2799,161.41397,621.6571,750
115,602.0018,227.10864,639.39716,750
116,326.36288,-7.765821,491.81827,750
117,571.0495,189.62456,626.8094,750
118,138.16905,-262.93372,503.54172,750
119,143.70735,-332.87903,520.3654,750
120,626.80743,256.2003,648.64954,750
121,346.95364,26.542936,506.74033,750
122,460.18332,89.5041,570.718,750
123,130.85957,-221.70395,480.46625,750
124,118.87493,-262.70453,492.14243,750
125,123.09696,-206.42662,508.04742,750
126,129.19514,-195.17697,491.0479,750
127,525.87134,147.22429,598.8825,750
128,205.90341,-196.6347,519.09174,750
129,233.01204,-136.57819,518.4565,750
130,124.127396,-194.91571,511.92743,750
131,609.10596,236.6804,640.7935,750
132,179.57724,-257.33215,537.4899,750
133,123.49816,-177.0969,508.81967,750
134,119.423515,-246.39903,497.51584,750
135,125.27958,-261.51215,500.83142,750
136,226.22034,-195.0046,529.9254,750
137,214.45026,-88.05752,557.22864,750
138,123.18965,-189.5935,507.9566,750
139,611.02686,242.3497,638.1845,750
140,578.871,209.13168,621.75104,750
141,488.19495,111.5727,583.42035,750
142,133.70303,-139.99867,557.79675,750
143,223.39725,-154.42897,506.97333,750
144,614.2509,246.25488,639.47504,750
145,592.7789,220.06422,632.1502,750
146,183.75977,-221.89145,520.6672,750
147,187.26567,-254.18622,528.3022,750
148,506.6404,138.10274,577.8827,750
149,224.81465,-119.45145,520.4463,750
150,247.2336,-113.55665,500.93762,750
151,122.14068,-214.90706,474.98956,750
152,367.40994,-41.65721,541.2423,750
153,210.87173,-210.52057,520.12115,750
154,118.65715,-249.89206,495.30795,750
155,405.15,26.965757,538.52454,750
156,127.34076,-156.21144,527.6912,750
157,123.41161,-267.7632,486.01965,750
158,625.763,255.30273,647.8571,750
159,123.981285,-199.7278,478.36572,750
160,417.93185,66.34789,536.53796,750
161,563.13324,175.07532,628.0126,750
162,276.7045,-122.997925,510.4602,750
163,116.60507,-251.46556,485.5944,750
164,124.855545,-183.50064,514.6485,750
165,118.53865,-239.05849,477.42883,750
166,128.73155,-148.09651,534.75183,750
167,128.56602,-158.44968,532.94995,750
168,161.61351,-227.51958,489.56494,750
169,594.2757,216.8771,636.841,750
170,287.40186,-78.52158,497.1359,750
171,623.4308,251.54521,647.9138,750
172,171.09894,-262.75162,530.135,750
173,136.14343,-257.165,516.8741,750
174,121.74531,-220.37213,503.7279,750
175,122.67165,-177.1627,505.1945,750
176,121.09198,-253.8736,486.09787,750
177,606.6799,235.85991,637.8835,750
178,129.81787,-237.61522,496.72842,750
179,188.68394,-260.0652,525.9113,750
180,154.58357,-153.66284,534.58606,750
181,433.95438,64.74757,549.85724,750
182,120.547585,-238.57954,501.47214,750
183,153.05438,-233.14735,505.16434,750
184,615.00336,244.63441,641.9208,750
185,118.39449,-239.00497,485.9625,750
186,558.39014,171.706,624.0591,750
187,327.5642,-53.189354,507.9725,750
188,117.23186,-244.0657,487.95752,750
189,190.12332,-249.37361,536.1811,750
190,360.81842,-14.907382,515.3821,750
191,323.2741,-41.622635,492.0648,750
192,186.03268,-248.65506,527.1648,750
193,123.231964,-221.25099,486.28052,750
194,121.05909,-213.8665,500.4983,750
195,309.76587,-79.91008,499.64575,750
196,521.9411,135.0812,606.46643,750
197,127.80919,-216.25624,482.2317,750
198,123.776344,-198.54652,510.6407,750
199,400.02094,51.32578,531.7776,750
200,179.82181,-193.67204,512.1753,750
201,119.07925,-241.12097,482.82904,750
202,123.21933,-211.56642,508.10175,750
203,128.29114,-161.7759,531.1574,750
204,187.4541,-241.70317,507.7973,750
205,404.0085,69.537544,532.33466,750
206,147.04234,-359.70465,532.5374,750
207,479.1548,108.33588,566.3851,750
208,533.9464,145.47002,611.7172,750
209,196.5363,-235.75551,517.5332,750
210,535.95526,150.13249,609.988,750
211,131.0922,-273.74826,500.2853,750
212,241.01544,-170.3636,513.2992,750
213,402.4656,13.878085,540.2592,750
214,552.0106,167.65504,618.41754,750
215,232.40924,-121.08895,514.317,750
216,616.236,247.31448,641.37476,750
217,510.62787,123.86829,597.2818,750
218,145.75958,-285.3853,501.66946,750
219,246.37538,-118.997314,520.9248,750
220,337.83255,-21.598848,494.86877,750
221,134.15018,-244.04628,493.1799,750
222,125.70021,-163.53346,519.6487,750
223,120.89986,-241.77199,502.89102,750
224,543.4962,174.43248,600.78253,750
225,271.48633,-125.947655,501.03925,750
226,126.45815,-168.98846,522.393,750
227,231.17722,-88.26283,521.2833,750
228,258.90143,-99.471985,497.93457,750
229,126.76912,-175.39528,522.9592,750
230,128.58795,-249.78995,492.22192,750
231,208.56032,-221.8164,519.70605,750
232,533.8096,161.5774,596.91736,750
233,607.696,239.75847,636.1904,750
234,369.8635,31.991438,509.94308,750
235,131.8387,-144.78702,549.0505,750
236,265.02658,-121.80056,507.23026,750
237,123.89563,-177.38399,510.6438,750
238,161.895,-208.82481,511.7121,750
239,396.08264,34.529953,528.7112,750
240,124.33244,-197.86717,511.57288,750
241,120.81529,-232.72656,501.32382,750
242,186.0001,-280.60065,517.9231,750
243,251.7057,-142.6833,536.9565,750
244,116.96056,-260.09326,482.8462,750
245,127.19139,-152.08171,527.4858,750
246,135.04521,-175.93642,518.14813,750
247,471.49442,91.45231,573.26294,750
248,379.74063,65.36694,529.49963,750
249,142.41899,-133.86685,593.2047,750
250,117.15834,-244.39273,486.1401,750
251,376.34277,7.0612664,523.9753,750
252,496.3642,110.170815,591.7886,750
253,331.3073,-34.20932,496.28714,750
254,122.23097,-193.60094,504.08926,750
255,539.64246,172.96252,595.78064,750
256,133.60878,-266.48386,503.83743,750
257,118.92927,-262.37396,498.61877,750
258,312.28986,3.5299773,505.8511,750
259,124.74036,-157.46298,516.05194,750
260,325.6127,-48.383522,500.26944,750
261,192.62323,-226.04073,526.45404,750
262,289.4369,-54.084114,483.49713,750
263,132.85854,-163.95767,549.6036,750
264,406.62543,23.142673,545.2866,750
265,344.39572,-17.40288,499.75607,750
266,184.23338,-159.1301,767.1796,750
267,123.736244,-182.4573,509.88092,750
268,479.71582,92.58436,581.70575,750
269,619.925,248.90488,645.373,750
270,119.83002,-250.24582,500.19244,750
271,216.49742,-194.1452,512.62225,750
272,120.91674,-235.13684,496.92767,750
273,121.856514,-301.56833,503.88406,750
274,395.75845,4.399699,543.09985,750
275,204.44398,-148.15077,509.12006,750
276,130.47708,-161.69766,537.9615,750
277,210.8197,-226.95792,515.68933,750
278,600.05585,230.91704,632.9352,750
279,120.89702,-240.32523,502.83002,750
280,473.19354,93.23582,577.4086,750
281,237.66493,-189.93694,529.39197,750
282,122.53818,-212.47958,504.62628,750
283,367.2233,-40.865063,539.7946,750
284,128.30418,-149.71973,532.71844,750
285,403.9744,40.32365,534.50806,750
286,460.58484,79.68397,567.861,750
287,142.25189,-303.23413,505.82175,750
288,117.53641,-291.47766,497.04547,750
289,360.34802,-40.761795,532.2209,750
290,126.31093,-162.01474,522.56946,750
291,537.4162,162.77353,601.1291,750
292,167.74992,-258.81638,515.7763,750
293,504.98303,131.42151,581.70746,750
294,615.25116,245.0571,642.2186,750
295,423.12842,36.639656,549.50366,750
296,221.34541,-156.61784,512.6075,750
297,124.8623,-229.70038,475.03064,750
298,472.00327,97.30623,577.1446,750
299,624.6837,255.12369,646.6655,750
300,594.1714,226.65852,628.4841,750
301,515.3072,125.62182,604.99304,750
302,368.826,-26.401728,530.9249,750
303,400.9116,30.244413,532.69214,750
304,119.8741,-244.53098,499.35132,750
305,532.67883,144.32312,610.6468,750
306,521.5281,131.81262,606.2781,750
307,399.46884,23.293394,534.24054,750
308,114.93174,-257.43628,475.41254,750
309,358.01697,-6.002888,510.9597,750
310,347.7886,21.979841,518.12854,750
311,557.36316,175.23576,619.408,750
312,426.967,80.5131,543.0682,750
313,127.29499,-156.34091,527.48956,750
314,298.22507,-35.865887,492.34573,750
315,139.64738,-220.77776,491.52335,750
316,120.34992,-242.1759,500.80762,750
317,330.7646,-104.22759,540.1031,750
318,336.59674,-21.218225,498.18372,750
319,126.95499,-168.40161,524.7914,750
320,210.32645,-153.24838,519.1165,750
321,456.227,75.0856,568.41473,750
322,147.78816,-296.06616,510.6562,750
323,200.8138,-233.05273,524.7979,750
324,154.19937,-140.11736,642.18964,750
325,128.84633,-172.29195,532.39325,750
326,121.45658,-214.17766,502.1378,750
327,588.91327,213.83258,631.6187,750
328,122.45812,-214.5478,504.4824,750
329,131.2821,-189.63773,506.30737,750
330,617.11896,248.81116,641.19006,750
331,122.04938,-215.74638,478.6274,750
332,276.49667,-84.91605,493.27625,750
333,317.08685,-54.534077,497.44943,750
334,625.39844,254.67041,647.9058,750
335,496.8641,112.06175,592.97955,750
336,567.0391,199.4511,613.38153,750
337,267.43646,-138.42058,508.75677,750
338,124.4325,-168.29666,513.5186,750
339,169.74702,-233.12518,528.46063,750
340,118.87371,-249.27606,496.1915,750
341,398.3057,28.19372,534.7117,750
342,529.2987,160.30757,591.6461,750
343,566.055,180.97607,627.0747,750
344,530.42584,150.5844,601.54,750
345,631.71924,269.0138,644.6095,750
346,283.596,-85.8693,495.50616,750
347,397.5398,49.8405,541.6302,750
348,292.3379,-70.44914,484.09988,750
349,128.63939,-166.63242,531.9491,750
350,122.484184,-174.22429,504.3446,750
351,150.80255,-240.49045,502.2408,750
352,224.89313,-152.79234,519.45917,750
353,128.8264,-156.95052,534.0402,750
354,122.139496,-211.60703,504.66367,750
355,122.21929,-211.77966,495.58777,750
356,121.214584,-337.11844,509.35083,750
357,121.52587,-223.44794,502.30862,750
358,121.60062,-188.79675,501.17133,750
359,151.52243,-323.85208,534.94727,750
360,621.1329,250.81627,645.2333,750
361,644.2417,272.67105,658.7636,750
362,120.851135,-234.66772,501.83905,750
363,396.66205,55.046387,530.1463,750
364,574.5746,197.63692,625.2317,750
365,563.55054,183.98523,620.64575,750
366,242.3482,-178.08788,504.15002,750
367,427.83514,194.50989,445.31287,750
368,124.904526,-170.85417,515.4218,750
369,120.73202,-230.84413,500.74634,750
370,279.58713,-84.77146,491.4054,750
371,608.8231,235.3576,641.6702,750
372,123.22956,-203.08224,508.60532,750
373,576.04675,199.3098,625.4835,750
374,299.197,-54.772434,492.7761,750
375,122.82164,-202.32668,506.83228,750
376,581.92206,205.2526,629.73065,750
377,124.39875,-175.9197,512.65063,750
378,599.5327,225.65198,637.17755,750
379,135.29941,-136.77751,564.04706,750
380,124.94548,-209.82562,513.31757,750
381,366.79816,38.765205,512.70233,750
382,425.15186,59.635845,541.55756,750
383,480.61023,92.06683,584.7774,750
384,594.8803,219.48564,635.45166,750
385,141.6946,-217.08612,492.2562,750
386,455.81232,68.272125,572.2214,750
387,121.22156,-216.47011,488.2996,750
388,467.32245,88.06712,569.0013,750
389,372.76993,5.573327,517.45087,750
390,127.53481,-166.99469,525.725,750
391,415.85248,25.131336,550.33014,750
392,123.128334,-189.34677,507.4718,750
393,125.475464,-217.28111,486.3628,750
394,249.59601,-123.18047,507.92053,750
395,181.18958,-157.25081,754.5334,750
396,120.67336,-245.68709,502.6041,750
397,185.40582,-175.40005,504.17813,750
398,624.5457,253.97295,647.30505,750
399,386.11325,24.879845,520.9976,750
400,581.22394,202.92346,630.01874,750
401,124.48606,-200.29855,513.64496,750
402,465.82437,85.879654,567.8765,750
403,607.4764,239.75516,635.9108,750
404,508.01147,118.311874,598.83215,750
405,121.35255,-323.53894,498.22305,750
406,123.94916,-197.19328,510.62958,750
407,128.11295,-160.03568,530.5911,750
408,590.3159,209.85045,637.34174,750
409,533.79645,153.49255,605.1128,750
410,600.6781,233.09344,631.9624,750
411,576.71466,196.08907,629.6408,750
412,155.13805,-255.42218,509.4598,750
413,165.73453,-238.61194,512.04553,750
414,339.6942,4.7962365,481.02402,750
415,174.05263,-193.43077,500.4025,750
416,146.00204,-133.57385,607.8108,750
417,121.72398,-211.0655,497.1232,750
418,117.850006,-265.4414,494.61148,750
419,129.15797,-238.42833,473.18106,750
420,554.09863,162.50143,625.536,750
421,253.55411,-108.71876,507.6992,750
422,624.4951,253.9381,647.9389,750
423,121.66546,-223.45697,472.57785,750
424,270.93472,-113.6608,504.39276,750
425,225.00728,-187.21492,534.2023,750
426,292.52686,-68.80247,494.38254,750
427,128.26208,-150.79878,532.4553,750
428,137.50089,-133.33386,572.69806,750
429,161.13551,-184.0852,494.27682,750
430,160.18925,-143.28697,666.9149,750
431,532.53723,143.68277,610.12537,750
432,123.08625,-209.70605,508.3652,750
433,114.71525,-203.99663,453.0823,750
434,228.36806,-156.86958,530.7167,750
435,601.79095,229.97246,636.3884,750
436,635.75,265.31177,653.2926,750
437,123.29866,-286.695,486.81937,750
438,591.6365,221.57881,629.11993,750
439,229.3242,-163.56601,509.7728,750
440,582.3724,203.8084,631.30853,750
441,614.19214,242.23227,643.09973,750
442,121.01767,-238.41083,502.8302,750
443,187.59816,-184.30548,521.21686,750
444,122.085175,-222.6894,503.7739,750
445,342.44714,-89.77998,543.6447,750
446,131.94748,-209.00241,480.11264,750
447,253.76578,-81.06016,504.42773,750
448,230.97966,-194.54214,523.5301,750
449,161.84288,-276.38287,516.00854,750
450,406.24405,77.83509,527.8772,750
451,122.78969,-264.78412,488.6834,750
452,185.58548,-209.40666,511.38724,750
453,615.32983,246.72035,640.476,750
454,410.30554,54.434517,532.54486,750
455,122.02223,-213.4349,504.36203,750
456,169.65079,-202.5294,508.82657,750
457,372.7419,-3.2251916,522.098,750
458,120.0631,-226.37071,494.10327,750
459,558.7526,184.13066,613.4331,750
460,117.65121,-284.68817,497.1875,750
461,335.93823,-83.347664,530.9513,750
462,122.52217,-220.6578,506.80804,750
463,124.229065,-167.0822,512.7569,750
464,175.30289,-215.33572,515.7577,750
465,418.64432,56.497677,543.10626,750
466,131.72057,-140.36458,549.2739,750
467,253.61569,-122.76054,482.61942,750
468,178.22063,-229.1633,513.95996,750
469,495.37814,112.56887,589.11945,750
470,581.3848,228.11522,608.9662,750
471,118.52846,-298.4728,499.4476,750
472,591.70953,218.63303,631.9145,750
473,167.02412,-282.32947,523.2408,750
474,289.26648,-81.41871,492.20685,750
475,125.339066,-200.34023,517.0135,750
476,411.4275,69.1468,544.54785,750
477,628.8327,263.0892,645.409,750
478,160.20044,-221.22508,509.50983,750
479,121.07532,-236.91772,502.90646,750
480,589.62537,206.65607,638.7265,750
481,588.75824,206.85228,637.63226,750
482,129.95755,-168.45198,537.82074,750
483,589.68494,218.03722,629.4839,750
484,180.19926,-220.5745,519.65344,750
485,125.659546,-167.63905,519.0453,750
486,540.42883,172.63737,597.486,750
487,551.04944,167.0906,617.93335,750
488,238.82066,-198.64267,521.82587,750
489,609.4919,237.98688,640.0837,750
490,117.696106,-254.06657,491.19208,750
491,120.10064,-237.26552,499.15286,750
492,446.6627,75.246445,548.81085,750
493,114.64566,-236.35242,475.57678,750
494,125.869705,-178.86525,517.1419,750
495,617.7696,246.32687,644.4317,750
496,147.00436,-163.83647,509.9568,750
497,538.26935,154.66078,610.5909,750
0,519.15,181.91847,577.2293,800
1,125.86792,-243.35307,501.70074,800
2,540.35376,205.67654,586.2494,800
3,134.87639,-177.4214,531.1395,800
4,133.29819,-188.41762,527.7831,800
5,170.52686,-272.5744,543.85223,800
6,485.922,149.07947,556.10175,800
7,408.91293,68.65365,515.9327,800
8,199.28072,-162.94225,494.8197,800
9,333.755,-16.227476,487.15424,800
10,531.4598,196.37917,582.43146,800
11,559.0795,223.5938,597.1171,800
12,488.76382,150.65073,560.3634,800
13,141.91904,-253.84616,523.63226,800
14,158.8931,-201.61029,499.10846,800
15,529.8406,192.26666,585.32684,800
16,579.7654,239.57384,613.0564,800
17,403.0201,65.79201,512.0111,800
18,266.5415,-50.546703,439.16037,800
19,415.56235,84.888626,516.9654,800
20,535.8238,199.693,586.85913,800
21,572.7481,237.66083,604.23224,800
22,554.866,213.5775,601.76855,800
23,134.4733,-221.34523,509.13367,800
24,364.80768,40.969475,485.40982,800
25,382.01038,28.97341,512.1845,800
26,219.0268,-166.87599,481.39056,800
27,402.5696,74.14738,505.10275,800
28,497.65982,155.82968,568.7324,800
29,503.81424,166.34776,568.08673,800
30,185.92671,-190.31953,525.5208,800
31,359.83865,28.703646,486.44897,800
32,404.92822,89.55793,503.52332,800
33,174.00684,-195.37564,492.22485,800
34,135.79494,-162.47736,536.13916,800
35,138.80722,-189.5885,514.525,800
36,194.52652,-105.85003,777.35144,800
37,509.57437,172.92291,573.29144,800
38,412.0527,91.73986,509.31024,800
39,569.33264,240.31094,596.71765,800
40,185.31616,-239.58453,513.7846,800
41,132.70322,-163.30711,525.63635,800
42,134.69778,-246.02425,522.8001,800
43,279.2018,15.4566345,435.79843,800
44,481.11282,137.09279,560.40424,800
45,257.27835,-81.46716,447.28885,800
46,546.9235,208.60284,593.62354,800
47,552.95465,213.24263,598.7322,800
48,172.4348,-119.594185,477.01672,800
49,507.79532,176.05809,565.40424,800
50,240.45154,-18.913666,455.57715,800
51,588.2309,252.23537,614.03046,800
52,242.85689,-110.89581,456.07254,800
53,130.80057,-232.93922,522.6954,800
54,497.94006,155.72905,568.3529,800
55,141.20006,-264.2524,507.05893,800
56,580.235,238.43164,615.014,800
57,560.4541,223.76958,599.0529,800
58,135.02908,-252.86122,507.67896,800
59,435.28418,98.592766,528.74677,800
60,532.8308,194.6227,585.9571,800
61,571.423,233.72025,606.083,800
62,589.72363,255.99612,613.57904,800
63,133.90321,-189.33284,528.52325,800
64,152.35124,-309.33942,518.5648,800
65,481.11444,139.34477,558.5576,800
66,130.55519,-253.06897,524.35077,800
67,535.1496,201.20966,582.8719,800
68,523.98126,188.50848,578.7578,800
69,123.30717,-246.99449,495.30118,800
70,127.53496,-192.59175,500.38748,800
71,184.2037,-205.71783,504.09946,800
72,527.5741,190.04942,582.9753,800
73,191.41199,-126.202255,468.97385,800
74,544.01917,209.34193,588.1709,800
75,135.49236,-139.33015,537.5079,800
76,269.7926,-40.897884,438.0269,800
77,259.48114,-78.46936,450.03442,800
78,547.987,210.46548,593.47577,800
79,466.41132,135.94666,544.39044,800
80,128.10526,-194.85828,495.50006,800
81,380.60562,69.62306,485.80466,800
82,147.1996,-97.1131,589.5519,800
83,476.48392,148.84079,549.6879,800
84,395.86957,60.66279,508.05612,800
85,538.44354,201.5987,587.6675,800
86,516.3968,178.6425,576.34436,800
87,347.40543,38.83436,467.88446,800
88,372.11008,61.493496,483.71942,800
89,188.31741,-160.50864,497.88184,800
90,576.8229,243.48079,604.9518,800
91,133.99957,-185.95438,531.43054,800
92,359.33206,41.90818,479.2287,800
93,131.83556,-233.20459,489.19635,800
94,165.36195,-233.27602,475.31558,800
95,357.60217,48.087826,472.9708,800
96,132.23059,-203.3699,521.98505,800
97,134.34203,-145.08344,533.6658,800
98,131.14554,-220.42262,520.9669,800
99,571.1439,233.00623,606.21967,800
100,444.5955,110.43183,532.9921,800
101,516.3743,184.93002,569.4916,800
102,489.445,151.68916,561.47363,800
103,433.89145,104.650024,524.3059,800
104,466.24738,125.335556,549.6515,800
105,531.88605,195.46307,583.98395,800
106,138.95773,-154.88512,477.4231,800
107,121.83226,-220.50813,483.08093,800
108,395.4062,88.201416,490.51712,800
109,587.10236,254.24738,610.866,800
110,129.96748,-214.70976,497.47333,800
111,128.50394,-201.1176,503.3037,800
112,289.08902,-38.40205,449.43463,800
113,318.48727,-30.598312,478.5817,800
114,523.29254,185.65172,581.7348,800
115,565.8547,223.99706,607.3348,800
116,417.06256,94.47224,511.86298,800
117,517.05457,174.91765,580.66943,800
118,352.7387,20.897871,485.396,800
119,204.28783,-198.78436,477.81693,800
120,572.6853,236.00398,605.824,800
121,303.82837,-5.342,450.73062,800
122,473.74997,135.62207,553.1618,800
123,224.2993,-125.70466,474.6705,800
124,370.0301,44.08382,490.4749,800
125,132.41505,-198.77327,521.6565,800
126,140.14124,-179.36012,494.16104,800
127,153.89217,-280.12372,486.20648,800
128,257.75198,-39.119232,449.4868,800
129,211.03423,-147.45084,501.85013,800
130,132.94353,-185.56548,507.3981,800
131,551.2518,214.56621,594.3437,800
132,177.7821,-254.03967,522.33344,800
133,130.96284,-181.43231,519.448,800
134,132.76472,-198.79147,497.0092,800
135,150.92793,-211.39246,522.2201,800
136,272.3691,-89.52779,465.5857,800
137,145.80148,-158.82614,536.791,800
138,134.17819,-188.96056,530.80707,800
139,483.99008,139.8477,561.9671,800
140,579.9681,243.4773,609.84534,800
141,467.78223,140.5025,543.5794,800
142,138.97038,-141.93132,550.28796,800
143,315.84528,-12.233854,465.5134,800
144,519.1813,182.4025,576.434,800
145,572.066,234.66148,606.1968,800
146,195.67885,-206.06096,493.72766,800
147,149.75354,-264.84946,501.39206,800
148,394.26364,42.800777,515.3252,800
149,152.35838,-180.29117,507.8328,800
150,251.65697,-70.88223,447.2154,800
151,235.77716,-103.72876,470.06244,800
152,338.59866,-16.856197,492.9856,800
153,193.88571,-202.0236,487.61087,800
154,144.22679,-238.75392,489.62375,800
155,412.5482,87.36291,509.35934,800
156,134.22998,-139.26244,534.1026,800
157,132.98074,-261.56543,504.83118,800
158,530.0171,195.1247,581.19855,800
159,141.20662,-227.38724,491.9314,800
160,470.36508,146.13275,544.02655,800
161,571.7094,229.38881,611.0705,800
162,220.1839,-167.4455,497.48065,800
163,193.47942,-168.80888,476.4811,800
164,136.05078,-164.89081,537.6825,800
165,130.11397,-225.4197,484.28333,800
166,133.53636,-143.97972,530.3884,800
167,139.48766,-176.89107,531.3563,800
168,331.26962,3.7624419,471.16486,800
169,555.3885,214.33739,600.91956,800
170,210.37007,-174.79906,498.0737,800
171,609.40015,270.21948,629.8905,800
172,138.11734,-267.68124,515.47327,800
173,135.07974,-233.88686,526.3605,800
174,135.32292,-137.27159,537.4375,800
175,131.23318,-172.23221,520.99097,800
176,132.2768,-253.53833,508.1656,800
177,550.83356,214.40732,593.497,800
178,131.60066,-205.6429,521.69745,800
179,232.7946,-157.79027,473.22675,800
180,145.69203,-127.41756,551.37244,800
181,458.4217,127.790054,540.14764,800
182,128.5183,-216.77065,512.75525,800
183,164.39635,-206.93266,502.12946,800
184,522.93744,184.77356,580.0417,800
185,130.80959,-225.02316,520.1588,800
186,539.50964,199.54404,591.8997,800
187,284.38443,-83.73608,478.11636,800
188,187.36624,-123.848854,471.0333,800
189,155.22882,-267.13876,522.7526,800
190,229.59889,-164.68149,482.3726,800
191,220.01607,-155.45003,470.54407,800
192,185.55716,-205.48027,499.1962,800
193,132.30573,-196.30951,517.6033,800
194,132.26654,-173.35956,524.30164,800
195,424.40686,99.49693,516.6332,800
196,387.4575,59.265842,499.08527,800
197,132.63823,-202.09952,499.68854,800
198,186.83731,-157.02975,487.25687,800
199,235.21892,-95.82362,455.61478,800
200,238.85126,-102.74631,477.8435,800
201,165.8556,-217.54291,510.06845,800
202,132.61127,-195.49814,525.68555,800
203,137.92578,-137.53856,545.71436,800
204,391.68704,69.97583,497.4938,800
205,367.45267,66.54152,474.87457,800
206,196.54762,-239.53542,489.6954,800
207,496.58234,160.38263,562.95135,800
208,533.42914,195.49467,587.0577,800
209,126.8927,-259.89642,497.0905,800
210,576.2836,238.25836,609.1303,800
211,129.47809,-251.23459,519.31665,800
212,181.34763,-236.27895,504.79214,800
213,440.09827,102.64076,531.85925,800
214,525.3877,185.62717,583.8089,800
215,261.85245,-95.6651,473.68115,800
216,562.2019,226.65892,598.781,800
217,380.2504,25.93522,514.3302,800
218,298.08405,-26.65322,451.6358,800
219,265.96356,-28.479153,455.8838,800
220,436.1366,111.76818,523.2966,800
221,129.37752,-214.19446,506.6902,800
222,133.21292,-136.50209,530.0814,800
223,163.53474,-251.7171,512.839,800
224,519.68866,193.62857,567.2376,800
225,220.69322,-168.25783,481.76068,800
226,133.69629,-178.67715,530.19,800
227,136.2211,-179.30055,530.8977,800
228,139.8449,-263.37912,501.1089,800
229,138.0029,-147.28255,544.442,800
230,128.8294,-216.4014,501.36282,800
231,174.9734,-262.5891,501.48853,800
232,373.2873,14.229856,513.4168,800
233,540.19055,208.21516,584.0429,800
234,248.28432,-83.363884,460.6828,800
235,136.67068,-124.47702,546.5912,800
236,385.66336,72.13078,489.3896,800
237,134.01685,-190.68446,530.22394,800
238,145.02225,-225.58792,516.8864,800
239,452.27957,125.47707,533.99146,800
240,134.25179,-182.92386,530.3892,800
241,130.07236,-182.46431,497.08505,800
242,164.5729,-295.54587,491.2171,800
243,179.34213,-234.8919,544.59644,800
244,124.80145,-210.36311,485.22678,800
245,133.99751,-112.890785,536.9763,800
246,176.29633,-123.63791,509.61588,800
247,443.26456,110.69962,531.14996,800
248,251.35518,-6.8115582,463.9832,800
249,147.88957,-95.937874,591.0543,800
250,131.94247,-264.48532,500.26843,800
251,364.82404,32.028385,490.90817,800
252,493.01218,159.87988,562.10077,800
253,297.70346,-57.615894,471.8576,800
254,132.46448,-172.64622,525.12006,800
255,369.50223,7.2980347,511.20383,800
256,139.63673,-245.0089,509.3022,800
257,149.72246,-266.27094,517.5581,800
258,254.15999,-35.38242,459.27914,800
259,130.80537,-159.72746,519.1487,800
260,307.3794,-29.66685,465.28873,800
261,347.50803,35.314583,469.87912,800
262,337.5828,32.736443,461.32745,800
263,142.64432,-121.25836,568.28345,800
264,354.0025,13.3780365,491.81046,800
265,425.2714,96.95647,518.6741,800
266,192.86626,-104.96625,770.68243,800
267,132.10706,-150.7755,523.70746,800
268,445.64474,108.47892,536.39484,800
269,586.00574,247.2,615.3981,800
270,133.99959,-270.3658,516.6417,800
271,331.69055,28.98966,456.09875,800
272,131.8275,-209.066,518.2483,800
273,134.63759,-304.92728,508.00775,800
274,493.83243,155.28085,564.36597,800
275,133.47757,-187.00471,489.7154,800
276,137.08601,-150.36394,539.94867,800
277,317.4659,-29.413969,476.46362,800
278,476.32593,132.84958,556.8309,800
279,133.68546,-200.11256,518.10077,800
280,435.73993,106.11296,526.9057,800
281,226.07672,-161.07791,481.64117,800
282,133.6316,-194.02147,526.76984,800
283,393.44745,47.8376,510.85272,800
284,141.35086,-107.34026,565.5011,800
285,433.57468,112.29067,520.91345,800
286,436.1711,104.15308,528.1803,800
287,201.96204,-187.12523,463.2048,800
288,123.10592,-241.47821,493.6502,800
289,352.08752,-7.1875086,500.20865,800
290,134.53423,-151.97623,533.09393,800
291,465.9935,127.59569,545.3677,800
292,191.10388,-195.20714,486.18472,800
293,505.61456,167.74081,570.00006,800
294,604.8521,266.77997,626.2027,800
295,378.83435,26.215923,510.2993,800
296,156.23589,-211.78535,500.26956,800
297,159.02917,-234.63693,493.00568,800
298,460.86847,138.18526,537.6662,800
299,600.69336,263.8,622.69507,800
300,575.917,239.2485,607.49255,800
301,488.777,152.61154,560.60315,800
302,382.28348,39.514725,503.126,800
303,414.20392,90.06994,511.43124,800
304,134.57188,-179.69025,530.7462,800
305,520.82135,181.95235,580.3531,800
306,502.4308,162.432,570.23175,800
307,489.84473,154.64014,560.7846,800
308,131.29713,-206.93532,522.08276,800
309,228.50665,-126.179146,471.7082,800
310,300.19574,-3.8338234,461.06717,800
311,499.94534,159.89662,568.56903,800
312,358.65936,63.53516,468.35703,800
313,136.90135,-129.36339,545.74854,800
314,173.29399,-170.92262,491.31415,800
315,129.84451,-204.05994,493.20053,800
316,127.19623,-219.71982,502.0986,800
317,319.41376,-71.04098,505.3064,800
318,393.71585,78.96218,495.16864,800
319,139.27713,-131.41496,553.48285,800
320,192.02492,-188.62755,510.89294,800
321,458.56647,124.57959,541.8001,800
322,302.23517,-52.123325,473.05322,800
323,142.14514,-345.36212,525.57355,800
324,145.09763,-108.96751,580.0699,800
325,159.0733,-119.002754,486.0911,800
326,133.94945,-183.51845,529.416,800
327,496.0838,153.14989,568.18146,800
328,134.21788,-179.14502,497.78836,800
329,136.18661,-165.75377,535.92175,800
330,504.1229,163.81728,570.38885,800
331,262.6677,-28.742846,440.89304,800
332,349.59058,67.91747,459.8486,800
333,266.75674,-64.30951,448.3499,800
334,565.63116,228.49976,602.17847,800
335,502.8766,165.37018,570.33594,800
336,554.02673,220.26747,593.03186,800
337,356.57098,47.501328,471.33154,800
338,130.56227,-128.83868,520.3548,800
339,146.3415,-205.3124,519.4087,800
340,123.94445,-242.98763,482.63525,800
341,407.20398,77.1515,512.2099,800
342,416.97772,76.412186,517.8952,800
343,532.61664,193.7376,587.4695,800
344,534.2068,202.30933,580.69714,800
345,303.6089,-30.569904,462.62854,800
346,375.0197,55.449123,488.21548,800
347,271.9347,-58.616447,466.5058,800
348,336.24512,26.725412,462.5256,800
349,138.41473,-147.5801,545.16003,800
350,129.03693,-271.4581,521.60364,800
351,186.39299,-164.52866,501.33145,800
352,174.37433,-131.00102,495.82324,800
353,135.63966,-185.76683,536.2552,800
354,132.70494,-194.29965,524.08765,800
355,140.74995,-178.73146,499.14325,800
356,129.25519,-321.95584,528.3727,800
357,129.84271,-204.7782,510.54437,800
358,131.28012,-180.91692,520.75964,800
359,183.1156,-279.9828,530.67993,800
360,570.14935,234.92781,602.9724,800
361,619.581,280.91592,635.31,800
362,129.32617,-250.17175,518.52106,800
363,257.66705,-49.11124,451.38083,800
364,521.6762,185.96115,577.1471,800
365,455.69565,113.11067,544.9893,800
366,146.37073,-236.12827,475.19843,800
367,360.6523,14.740241,496.95377,800
368,136.12927,-138.7637,540.9788,800
369,241.99461,-125.85926,469.55777,800
370,134.75797,-230.29639,492.19092,800
371,575.443,235.41576,610.50555,800
372,135.19798,-146.03806,535.83276,800
373,516.744,178.39919,576.48553,800
374,412.29205,82.91702,515.3231,800
375,131.95056,-198.12418,523.9307,800
376,526.1284,190.3429,580.2527,800
377,134.5861,-136.7811,536.0982,800
378,561.9325,222.65399,602.603,800
379,139.02455,-107.53035,556.85925,800
380,139.03535,-144.80615,550.69507,800
381,475.02838,146.10533,550.23773,800
382,498.8227,161.6677,567.45306,800
383,473.21628,134.95448,551.3427,800
384,494.51395,154.13672,564.5868,800
385,230.29805,-58.643295,459.27393,800
386,286.62808,-55.477306,458.3612,800
387,159.02045,-121.30798,512.9139,800
388,559.97125,222.46686,600.2962,800
389,363.0959,31.437403,488.6449,800
390,134.27567,-156.80664,530.4601,800
391,418.1159,75.77444,521.9158,800
392,136.21045,-163.70488,536.4419,800
393,132.59572,-197.03003,523.4802,800
394,229.19252,-119.85396,480.06168,800
395,184.92168,-101.78365,739.1867,800
396,129.19974,-206.87788,481.53537,800
397,211.34483,-120.528275,487.04724,800
398,549.0977,212.28392,593.18976,800
399,393.64728,64.80884,502.74475,800
400,547.02985,207.24855,595.2422,800
401,133.86974,-170.41566,512.92834,800
402,460.6915,125.16585,542.2571,800
403,551.1662,214.67615,594.1596,800
404,467.9775,130.48505,546.82086,800
405,135.0114,-312.62494,483.70914,800
406,133.12654,-150.159,526.59796,800
407,136.42296,-128.5941,544.144,800
408,576.85815,236.08391,612.3251,800
409,390.75467,54.60874,504.28964,800
410,542.38696,210.8455,584.35284,800
411,562.04504,222.5205,603.38306,800
412,236.28105,-137.22647,465.19254,800
413,138.52202,-265.1535,505.1503,800
414,404.49753,97.17868,493.98703,800
415,268.8812,-33.772182,430.42926,800
416,149.78639,-91.0468,599.86615,800
417,154.0862,-127.00564,508.0908,800
418,167.58826,-230.9655,503.954,800
419,207.42432,-108.26934,461.1758,800
420,561.38257,218.74763,606.2746,800
421,345.38528,35.07819,468.2153,800
422,626.99005,287.27637,640.5179,800
423,127.21668,-190.57043,494.849,800
424,203.09077,-181.26544,488.32938,800
425,198.73691,-204.12555,514.64923,800
426,240.31845,-103.07288,465.63815,800
427,142.8232,-97.939476,571.29333,800
428,155.02861,-93.663765,620.958,800
429,203.22568,-135.9156,497.27237,800
430,154.47997,-92.959564,618.8465,800
431,478.61624,134.73503,559.5752,800
432,129.20291,-214.1343,511.073,800
433,206.26773,-45.00789,420.73938,800
434,273.19693,-36.114967,450.2874,800
435,594.62555,256.87845,619.5685,800
436,589.3486,250.93796,616.91125,800
437,125.85437,-283.70682,508.5979,800
438,559.11066,224.39293,596.2761,800
439,201.10225,-174.45271,461.61148,800
440,543.6636,207.11986,590.9562,800
441,591.3061,251.58675,619.16254,800
442,131.8206,-216.21906,524.4176,800
443,163.40178,-184.20695,520.102,800
444,137.16122,-170.98077,503.1401,800
445,500.8037,160.04883,569.12994,800
446,184.75285,-187.02304,499.4332,800
447,360.8973,57.093353,472.32986,800
448,281.41232,-67.4049,460.6479,800
449,176.06938,-205.72748,499.78464,800
450,451.32822,125.8931,532.75824,800
451,153.86383,-232.56969,501.30096,800
452,310.28394,-2.9123373,450.19336,800
453,525.5817,190.4716,578.6864,800
454,312.8309,3.4149497,453.8428,800
455,134.1156,-181.53265,529.54944,800
456,196.09154,-151.03885,499.02448,800
457,362.36557,41.54906,481.1029,800
458,133.4529,-235.46849,523.56775,800
459,501.57526,164.25584,565.75134,800
460,127.162575,-323.03198,503.9986,800
461,444.30353,111.89886,525.86523,800
462,162.3181,-216.68613,522.32,800
463,130.89766,-168.18121,519.4837,800
464,135.60405,-224.01062,501.18793,800
465,403.3831,84.95997,503.0543,800
466,144.85045,-97.08825,580.1006,800
467,288.53906,-11.60883,428.95416,800
468,138.72043,-283.07355,516.98956,800
469,497.7478,161.81075,564.49585,800
470,554.07697,230.24817,583.51215,800
471,136.78859,-318.00314,513.93976,800
472,544.5613,206.13344,592.61395,800
473,327.18402,14.387682,458.58316,800
474,368.03607,66.54977,474.3111,800
475,139.11064,-224.03004,512.97064,800
476,229.81303,-83.05317,476.85492,800
477,577.3601,247.20044,602.6312,800
478,227.68329,-115.9824,481.98758,800
479,131.03705,-205.12018,514.6149,800
480,552.7365,211.65315,599.7368,800
481,558.03064,216.60071,603.2458,800
482,141.19754,-144.0706,555.4206,800
483,474.0942,130.92465,555.80225,800
484,176.50478,-222.47527,509.0557,800
485,137.00017,-124.330414,547.4365,800
486,530.4895,197.19899,580.39954,800
487,527.3827,191.31693,581.9273,800
488,254.57657,-90.7495,451.5729,800
489,538.6745,202.68796,586.7994,800
490,133.50087,-183.06752,502.1849,800
491,127.61571,-247.46732,489.03046,800
492,428.6257,91.84651,526.8439,800
493,221.25906,-68.54505,446.00864,800
494,131.09933,-141.7325,520.0408,800
495,581.1513,242.17099,612.60175,800
496,137.41104,-160.58594,538.2384,800
497,535.8482,197.04573,590.15454,800
0,508.11728,171.78633,580.4695,850
1,129.82916,-263.2956,485.33676,850
2,605.3124,273.3421,632.5825,850
3,129.97394,-219.47093,501.53732,850
4,130.3406,-173.22667,502.93793,850
5,220.56943,-153.43985,514.8426,850
6,601.9805,269.42752,630.31964,850
7,180.27031,-257.16336,486.83038,850
8,150.21136,-303.1127,564.105,850
9,383.5494,31.4947,532.39746,850
10,507.53726,171.28297,585.8264,850
11,584.2677,248.7176,624.0179,850
12,454.30847,116.59603,548.66534,850
13,144.4373,-336.46017,538.54144,850
14,134.12132,-272.90485,516.3483,850
15,531.44257,193.88583,598.0571,850
16,589.32635,254.53296,625.76196,850
17,403.1168,55.099407,536.53015,850
18,232.71579,-126.10048,460.68893,850
19,346.03897,-0.77667,510.10437,850
20,512.13336,177.65802,582.0423,850
21,613.9355,280.16745,639.19836,850
22,481.45895,137.46216,579.97034,850
23,133.82196,-236.32053,505.85864,850
24,315.13486,-17.673077,465.61887,850
25,534.82513,196.29948,597.88434,850
26,183.36673,-249.42099,538.23615,850
27,325.31647,-51.082447,499.03015,850
28,585.36285,250.23015,623.776,850
29,567.92975,229.56041,623.4603,850
30,171.04478,-282.43182,536.23926,850
31,236.4385,-148.17307,467.00262,850
32,180.12685,-139.7155,530.5725,850
33,127.517845,-268.4385,494.16275,850
34,130.7383,-170.11705,504.57275,850
35,132.00069,-218.1871,502.68423,850
36,148.25378,-87.02582,569.0558,850
37,575.03687,233.83858,625.37726,850
38,288.3275,0.29991725,483.55115,850
39,644.61664,312.79044,656.02264,850
40,139.17026,-365.04413,524.4721,850
41,131.40341,-146.36852,508.21927,850
42,137.29907,-306.8128,517.0043,850
43,148.81383,-207.48747,538.75244,850
44,578.35376,243.50784,620.0744,850
45,223.82462,-139.0278,454.8562,850
46,578.8252,244.65358,619.5414,850
47,525.4725,184.62622,599.13605,850
48,140.46428,-157.45407,537.61395,850
49,354.68066,72.1752,476.6291,850
50,135.9495,-224.38776,518.0781,850
51,612.6495,279.4007,638.05286,850
52,165.05775,-287.96725,480.8873,850
53,130.42285,-361.40717,505.4549,850
54,586.00934,251.84346,623.7321,850
55,137.02547,-325.52924,517.84467,850
56,575.41077,237.79964,620.9569,850
57,564.25684,228.40987,612.14923,850
58,165.4853,-313.64597,532.49304,850
59,408.82675,50.360332,539.0288,850
60,558.869,225.66876,608.0472,850
61,594.5581,260.44385,628.0045,850
62,599.14764,268.96655,627.3117,850
63,138.47832,-204.45657,534.91785,850
64,159.39069,-398.27008,520.2212,850
65,583.4145,251.45383,619.8465,850
66,138.7859,-345.45346,538.1538,850
67,596.4884,263.1211,628.3335,850
68,546.10834,216.0035,597.7729,850
69,157.502,-260.29483,544.71906,850
70,136.07738,-175.46877,526.3292,850
71,157.12375,-251.51314,508.3724,850
72,382.26627,52.42358,523.0755,850
73,142.78989,-208.34538,522.35815,850
74,575.39655,237.97702,622.3114,850
75,132.07835,-133.80989,512.14813,850
76,225.57341,-163.45187,500.8942,850
77,153.65645,-274.23965,542.95996,850
78,587.8431,252.17737,625.8945,850
79,316.83783,-22.853605,492.6336,850
80,129.29456,-234.47797,500.14435,850
81,314.8355,2.682359,466.5669,850
82,146.23453,-101.93005,564.4031,850
83,403.26608,90.7672,526.04364,850
84,226.83469,-158.13399,465.75613,850
85,588.5951,253.04285,626.3705,850
86,486.15836,163.0442,563.4649,850
87,364.24994,75.65819,495.98932,850
88,362.0177,51.07687,510.95984,850
89,133.65965,-203.54689,516.34766,850
90,533.3444,198.1266,598.04407,850
91,132.27045,-217.58646,510.372,850
92,147.60512,-266.02966,527.2884,850
93,175.43675,-216.68599,524.97815,850
94,195.80215,-180.37497,482.92566,850
95,225.09416,-131.33144,486.91675,850
96,132.33595,-161.71588,511.87796,850
97,129.9847,-204.57753,500.87756,850
98,128.61429,-257.31308,498.11765,850
99,435.4033,93.76445,553.7886,850
100,272.53635,-124.92387,483.56702,850
101,546.8651,218.18639,593.6688,850
102,473.35455,142.08112,563.8392,850
103,249.85118,-78.80546,446.9559,850
104,560.2963,222.39595,613.4771,850
105,548.1977,204.26135,612.3128,850
106,135.1042,-179.41946,522.24927,850
107,128.3297,-280.43872,498.54742,850
108,373.45474,44.369644,506.3146,850
109,606.34076,273.76376,633.31506,850
110,129.54619,-289.3987,502.3532,850
111,137.85713,-337.39038,528.4003,850
112,206.02014,-189.04117,467.03345,850
113,158.21223,-398.5159,542.87585,850
114,513.5604,166.86581,597.9655,850
115,573.0177,235.84818,619.20624,850
116,167.02997,-268.7048,515.9358,850
117,532.9229,194.47952,600.3444,850
118,138.73433,-368.69766,538.8717,850
119,259.9876,-41.938515,422.76334,850
120,602.02405,270.3286,630.2885,850
121,169.22804,-310.94037,566.18976,850
122,284.95413,-5.491157,489.1841,850
123,150.31775,-249.43355,514.6794,850
124,289.69168,-4.3862057,473.87863,850
125,130.16676,-175.01498,502.3435,850
126,130.19005,-231.65498,503.28186,850
127,309.41122,-58.170174,486.78702,850
128,312.077,57.095406,483.27725,850
129,165.9807,-272.68665,552.3164,850
130,137.1881,-264.80814,521.1599,850
131,592.1713,257.21326,627.59503,850
132,136.16641,-328.6798,527.51373,850
133,129.22694,-160.71602,498.58792,850
134,130.88034,-223.30789,505.68817,850
135,152.3163,-281.10098,541.7454,850
136,148.39157,-327.32825,520.5219,850
137,147.13838,-193.88124,554.3364,850
138,133.51324,-169.20897,516.0234,850
139,579.1652,244.45117,620.43915,850
140,563.6675,230.68767,610.0682,850
141,420.8117,100.06806,532.9368,850
142,139.2684,-201.74316,538.2499,850
143,230.93152,-98.00977,474.18796,850
144,601.40234,268.1316,631.12366,850
145,569.595,235.17537,613.8307,850
146,40538.277,20966.305,39975.82,850
147,165.53903,-285.16342,515.365,850
148,517.24066,191.29628,574.79565,850
149,133.89706,-267.1796,513.0663,850
150,166.77594,-220.047,480.31717,850
151,143.45248,-253.39455,534.5594,850
152,458.20007,115.44548,568.7466,850
153,310.0619,-34.828175,480.9057,850
154,127.39381,-244.659,484.41333,850
155,196.5093,-263.35657,478.9679,850
156,131.15234,-129.78682,508.2661,850
157,129.68785,-330.33307,497.44058,850
158,601.6126,267.94366,631.76373,850
159,141.74168,-236.71216,527.6749,850
160,486.6797,154.81479,575.11176,850
161,552.1033,213.06688,610.14905,850
162,240.22769,-128.0367,476.75937,850
163,144.0803,-243.41547,520.2265,850
164,133.8462,-186.46204,516.927,850
165,129.8429,-218.16245,501.45544,850
166,129.24934,-217.39122,498.0555,850
167,137.76309,-148.22281,534.4744,850
168,236.22527,-121.74506,468.48865,850
169,570.2263,231.29074,619.067,850
170,154.7384,-333.18475,557.8042,850
171,608.81934,275.25317,635.89,850
172,143.3484,-372.59885,514.2085,850
173,140.26285,-321.9217,537.9052,850
174,128.98102,-234.46617,497.56943,850
175,129.70654,-238.38472,500.61105,850
176,136.47986,-288.64023,521.171,850
177,594.81396,259.4851,629.1724,850
178,132.52829,-294.15652,514.5091,850
179,244.3946,-142.26044,457.89297,850
180,141.32782,-154.23254,548.52435,850
181,267.45764,-76.625114,451.35446,850
182,130.81125,-330.74274,507.05402,850
183,135.3803,-312.00424,519.85864,850
184,591.07764,256.42523,626.8501,850
185,130.82607,-216.35013,504.6333,850
186,577.4847,241.58023,620.6851,850
187,384.24646,18.1381,529.5432,850
188,127.783066,-233.10681,493.82285,850
189,176.54414,-220.55391,522.4801,850
190,233.13843,-172.37437,460.03207,850
191,162.4239,-317.86206,525.5302,850
192,214.55196,-142.36635,513.796,850
193,133.69505,-198.336,516.5636,850
194,129.54779,-212.32973,499.45377,850
195,446.35092,115.44963,546.72595,850
196,432.3148,91.287544,548.4056,850
197,129.49992,-219.32266,499.86615,850
198,137.82352,-188.1205,532.2348,850
199,199.67436,-135.98364,515.0421,850
200,134.0133,-220.05264,504.2648,850
201,165.02727,-267.50888,515.1382,850
202,140.77745,-359.0051,543.1717,850
203,136.74887,-199.71017,526.17523,850
204,345.82413,43.896828,488.42587,850
205,326.9889,52.59859,496.85513,850
206,137.66518,-391.12015,483.8652,850
207,593.2696,265.48068,621.40674,850
208,468.94977,119.96942,569.3829,850
209,172.1176,-185.97772,532.81226,850
210,528.7763,190.91672,596.82544,850
211,129.96669,-277.72467,504.59775,850
212,368.1645,28.565908,516.94073,850
213,386.41937,22.146019,528.2646,850
214,524.14496,187.28966,592.7527,850
215,138.261,-234.31381,529.2687,850
216,598.9283,266.9264,628.31995,850
217,571.882,242.21896,610.11365,850
218,176.00385,-200.11946,506.15118,850
219,160.48567,-230.79639,545.605,850
220,271.84308,-8.102842,442.7396,850
221,136.80434,-288.1083,520.3115,850
222,130.28615,-174.18422,502.97488,850
223,153.22307,-361.79068,544.17615,850
224,505.55743,186.237,561.2794,850
225,160.44464,-325.724,524.8317,850
226,135.7127,-185.91867,524.4815,850
227,133.20555,-214.2443,513.8456,850
228,145.7872,-337.2431,549.3187,850
229,134.81734,-190.67435,520.78217,850
230,132.19157,-263.29254,510.534,850
231,133.26802,-395.98315,505.92136,850
232,575.8923,241.87025,617.26013,850
233,582.5504,245.79932,623.9275,850
234,143.57137,-244.14098,533.56024,850
235,132.0496,-209.10637,509.42007,850
236,257.64667,-80.51756,456.09897,850
237,134.63686,-214.51317,520.36945,850
238,145.82329,-279.0523,545.3538,850
239,280.0543,-39.99335,464.3981,850
240,130.10016,-245.85983,503.29858,850
241,129.58234,-224.99994,500.50415,850
242,170.13374,-286.22958,475.02332,850
243,168.66989,-311.4389,535.3816,850
244,129.91731,-308.9312,505.81003,850
245,130.05228,-136.98793,503.15714,850
246,152.58337,-172.70767,559.99097,850
247,348.9977,8.8941345,499.14615,850
248,164.97862,-137.01082,544.9395,850
249,142.2822,-99.43984,549.2384,850
250,128.27298,-246.43373,496.25974,850
251,372.13538,20.95699,519.70435,850
252,489.43506,145.23428,582.25116,850
253,244.253,-92.32822,452.50592,850
254,129.31075,-152.78824,499.62317,850
255,584.462,257.29224,614.0233,850
256,135.21764,-289.4873,516.34534,850
257,146.57156,-355.4279,546.1679,850
258,188.90259,-101.32978,548.97876,850
259,129.24493,-235.48788,499.30276,850
260,393.6992,84.625534,506.0761,850
261,133.84924,-232.2661,494.71814,850
262,133.42564,-210.62152,498.77982,850
263,144.15036,-127.848465,560.4485,850
264,304.98306,-67.68492,496.61493,850
265,328.51382,42.76766,467.14987,850
266,144.32541,-107.232124,557.8578,850
267,131.4552,-243.87611,508.83713,850
268,407.34357,59.232323,535.5575,850
269,598.399,264.76315,630.10986,850
270,141.2888,-364.93628,538.26184,850
271,150.08379,-278.95706,512.6444,850
272,133.25723,-220.69675,514.72754,850
273,166.82564,-312.25156,487.11365,850
274,304.53052,-102.36244,505.4754,850
275,144.63756,-220.34828,526.0684,850
276,138.36589,-162.66911,535.99286,850
277,188.52219,-261.83875,485.10953,850
278,583.05273,249.58401,620.92804,850
279,152.84349,-323.93353,566.4071,850
280,377.44666,68.0402,507.85278,850
281,187.56068,-235.58682,510.5525,850
282,137.62146,-372.86484,527.77985,850
283,334.13205,-58.302696,514.3253,850
284,134.16948,-145.47893,519.8492,850
285,277.19705,-35.743443,461.13205,850
286,430.26022,100.75667,538.21796,850
287,134.72432,-386.27417,502.93912,850
288,127.28965,-238.6886,491.2008,850
289,376.4351,3.817734,526.1686,850
290,130.06813,-146.85521,502.97,850
291,532.7742,211.26692,578.2954,850
292,147.7559,-287.6537,510.58636,850
293,550.7204,216.84111,602.75525,850
294,598.93005,265.7857,629.763,850
295,447.0986,99.80632,551.6932,850
296,142.6812,-221.82446,523.28925,850
297,197.71725,-187.59674,502.41083,850
298,301.42117,11.713043,471.85657,850
299,611.0641,280.25134,635.18054,850
300,599.0232,264.71237,630.7134,850
301,451.71786,110.11018,557.6216,850
302,468.05396,138.50476,547.4521,850
303,468.85312,131.62463,559.38556,850
304,133.21747,-221.71902,512.85547,850
305,498.82846,158.05083,581.7914,850
306,437.62582,97.94528,548.79083,850
307,289.06284,-50.7247,466.3406,850
308,136.51106,-345.91553,530.23785,850
309,209.4521,-180.87161,483.4684,850
310,216.05397,-101.152084,547.17554,850
311,505.50006,167.53749,580.86926,850
312,267.422,-3.3654819,483.90298,850
313,131.63374,-138.54333,509.79044,850
314,237.28099,-96.1553,499.72092,850
315,128.19434,-254.79478,496.42767,850
316,130.07901,-264.74655,504.4739,850
317,499.8402,163.45906,574.32623,850
318,171.95377,-253.07245,533.6383,850
319,136.61256,-143.54904,530.5421,850
320,162.46922,-279.93124,558.8311,850
321,292.163,-25.871885,458.65103,850
322,156.33011,-319.77283,487.31866,850
323,149.19688,-409.91837,524.5668,850
324,157.55646,-89.789795,605.86804,850
325,134.45195,-166.50775,519.8716,850
326,129.73221,-226.43805,500.43298,850
327,574.38947,239.92963,616.7231,850
328,134.26178,-163.09306,519.7232,850
329,128.76619,-196.74902,496.9324,850
330,590.4863,257.4942,625.13794,850
331,150.6526,-196.19667,544.22675,850
332,163.9576,-180.25835,513.4304,850
333,284.5649,-80.44938,476.96326,850
334,599.24585,266.2036,629.95233,850
335,413.16296,76.28026,543.9272,850
336,575.3931,244.6799,614.14105,850
337,170.65482,-223.25873,503.14572,850
338,127.20388,-205.96062,489.40598,850
339,150.544,-302.73636,565.17804,850
340,134.21954,-332.87793,506.69647,850
341,380.20563,33.9832,525.30676,850
342,518.99536,192.63455,575.5349,850
343,512.46906,174.52489,586.8369,850
344,524.63257,192.27129,586.2983,850
345,543.06055,207.76184,605.41547,850
346,187.73564,-173.97499,519.58246,850
347,358.78476,82.38105,500.67877,850
348,154.94199,-275.69858,497.27756,850
349,137.83829,-149.55789,534.67236,850
350,129.35695,-347.21643,503.6965,850
351,127.55691,-250.43608,494.2044,850
352,158.67645,-217.03743,516.72375,850
353,135.71904,-201.11748,524.50616,850
354,130.85329,-202.67888,505.0976,850
355,137.84402,-220.86705,528.08453,850
356,136.86967,-444.7885,522.7814,850
357,129.5319,-252.9025,501.60062,850
358,129.29848,-219.89877,498.6467,850
359,214.98465,-201.73482,472.09766,850
360,602.96533,268.96866,632.6169,850
361,624.17773,294.31995,642.1015,850
362,129.27718,-233.45378,499.22742,850
363,183.46022,-136.95476,512.93677,850
364,582.77545,252.14227,619.1755,850
365,513.75793,177.37747,584.3936,850
366,243.18953,-72.154816,454.57202,850
367,494.44574,185.70139,545.40936,850
368,135.84805,-116.22214,526.1147,850
369,133.52835,-305.60413,519.6644,850
370,146.96288,-294.05066,522.71606,850
371,587.5962,251.39761,626.3742,850
372,133.0449,-196.90736,513.8041,850
373,560.93115,225.55264,609.4163,850
374,241.90033,-124.94075,507.20056,850
375,128.99103,-183.60269,497.06808,850
376,466.0873,128.96155,555.87067,850
377,130.90315,-188.60228,504.5881,850
378,572.0394,235.81342,617.63684,850
379,136.87247,-115.38208,529.3988,850
380,158.48831,-167.9094,547.0884,850
381,295.13715,8.176744,454.2738,850
382,250.07976,-36.75117,445.18683,850
383,369.33798,0.7400783,525.7544,850
384,568.1444,233.04033,613.2813,850
385,140.44637,-344.06635,517.77515,850
386,323.8906,-25.028355,490.45184,850
387,141.02298,-182.03896,532.96924,850
388,450.49042,111.23746,550.56976,850
389,264.78098,-103.19566,463.28482,850
390,158.94865,-220.70096,557.555,850
391,433.93283,89.90565,542.8957,850
392,130.94618,-154.45383,506.38412,850
393,130.61453,-215.32121,504.61905,850
394,359.60696,24.215319,514.37463,850
395,157.53593,-88.73253,605.46655,850
396,144.21335,-275.45547,514.9689,850
397,131.48059,-249.22496,506.13663,850
398,588.4099,254.75058,624.79974,850
399,272.74414,-36.465458,452.60953,850
400,574.3826,238.20839,619.24664,850
401,133.90842,-200.1477,517.4945,850
402,434.24677,96.13585,536.01733,850
403,533.0014,196.21393,598.1356,850
404,502.14728,158.02998,585.7668,850
405,126.55732,-368.28265,491.34473,850
406,129.77943,-232.50531,501.4929,850
407,134.40758,-199.52754,519.3004,850
408,553.4425,214.63155,609.89844,850
409,471.31854,144.70085,546.42004,850
410,511.50128,175.22931,583.42,850
411,569.2379,233.39131,615.6846,850
412,145.21042,-293.8323,511.57544,850
413,155.70084,-316.08072,544.45013,850
414,184.04546,-145.11035,469.26602,850
415,128.47447,-244.97069,491.7642,850
416,138.73448,-103.10992,535.84973,850
417,146.98532,-207.65564,535.6568,850
418,129.6273,-262.7343,502.5968,850
419,129.01091,-276.53723,498.47913,850
420,524.4566,181.64758,599.52136,850
421,464.8851,137.20901,556.71796,850
422,587.1047,259.40005,620.96436,850
423,127.684555,-258.04816,495.12805,850
424,170.82297,-284.2766,505.16022,850
425,155.92738,-364.27945,531.80414,850
426,142.0028,-316.35312,517.33887,850
427,135.98625,-140.41599,527.1714,850
428,133.63889,-223.86208,514.9425,850
429,140.70627,-194.50421,530.9734,850
430,143.59895,-97.99778,554.43726,850
431,544.86816,213.34373,597.4653,850
432,131.0556,-228.44977,505.72577,850
433,214.23012,-14.7344,439.52866,850
434,277.4008,-38.024124,465.3981,850
435,576.8623,240.64113,620.25977,850
436,617.18384,286.52414,638.7549,850
437,127.694046,-245.4162,493.70026,850
438,579.7243,246.17972,618.5946,850
439,122.577095,-279.62418,475.96823,850
440,548.0853,217.75734,598.2029,850
441,590.143,257.07602,624.9546,850
442,130.71245,-158.80136,504.97012,850
443,163.02483,-316.76733,588.8873,850
444,134.1954,-188.9098,518.4383,850
445,330.9189,-42.87002,507.2785,850
446,147.33861,-274.68744,531.6325,850
447,185.45917,-125.47667,500.82736,850
448,183.31941,-267.22852,491.69,850
449,141.01866,-318.6385,502.60287,850
450,174.54758,-125.50212,534.78107,850
451,138.41135,-356.3612,510.6535,850
452,138.9838,-247.72195,516.1263,850
453,591.80365,258.14636,626.0909,850
454,359.18658,61.363026,492.39786,850
455,130.39296,-220.81012,503.26404,850
456,193.91888,-240.33601,480.0877,850
457,218.17696,-174.47644,467.59375,850
458,130.42505,-166.62204,503.9293,850
459,550.3021,219.55833,598.24677,850
460,127.62423,-336.78915,497.36768,850
461,296.6949,-137.61761,516.1228,850
462,134.89427,-213.93741,521.3342,850
463,128.01859,-151.42589,494.12466,850
464,131.18692,-273.73047,507.39987,850
465,357.01605,33.45476,515.296,850
466,137.58363,-101.922325,530.4759,850
467,123.178764,-303.4602,460.50327,850
468,154.06001,-277.08896,523.69745,850
469,369.43182,34.32603,508.2962,850
470,630.4686,306.67145,640.6234,850
471,136.09998,-374.29675,505.9975,850
472,591.67706,256.06998,628.55585,850
473,216.74586,-145.41544,472.66943,850
474,344.7351,21.469917,498.57953,850
475,225.89241,-119.90388,457.9805,850
476,342.25296,85.93575,488.71103,850
477,628.18604,297.0632,645.59625,850
478,152.11197,-284.50525,530.701,850
479,132.85547,-313.29865,512.75305,850
480,557.23676,219.20549,610.6875,850
481,539.0963,196.17426,608.4097,850
482,149.27101,-139.02524,580.982,850
483,584.3027,249.77496,623.6307,850
484,143.00967,-313.8557,516.6285,850
485,137.81557,-177.28575,533.11426,850
486,587.99713,253.28331,624.96906,850
487,537.93555,207.39803,591.1839,850
488,330.89462,6.7482705,483.23434,850
489,606.7399,273.76382,634.0631,850
490,168.40283,-240.88882,560.1595,850
491,129.8034,-226.63164,500.30075,850
492,459.27905,135.5676,550.9218,850
493,126.43495,-229.59157,489.27402,850
494,127.37336,-153.59,491.61057,850
495,582.4321,245.42766,624.12476,850
496,134.41527,-208.51987,516.19354,850
497,536.106,200.48409,599.63165,850
0,449.66043,132.66127,549.3222,900
1,113.52895,-192.76572,491.4541,900
2,546.6973,229.94763,607.5671,900
3,111.922,-182.32468,483.45123,900
4,111.27877,-208.07362,486.1093,900
5,123.21447,-193.15475,484.95743,900
6,529.7139,221.78131,586.55994,900
7,256.39374,-136.54265,491.51877,900
8,121.308266,-368.10748,499.50253,900
9,138.58246,-281.83606,486.6005,900
10,518.9167,202.06349,593.45905,900
11,566.66113,249.47627,620.8787,900
12,424.05014,96.27562,544.50653,900
13,109.6554,-255.5164,486.99866,900
14,108.055504,-262.85126,484.37762,900
15,500.01926,183.92378,591.7656,900
16,580.29987,261.45316,631.14154,900
17,280.33295,-81.54385,485.8746,900
18,117.667595,-235.42162,487.4314,900
19,282.6994,-27.860346,475.0804,900
20,517.6497,202.00714,592.787,900
21,604.3061,286.42615,642.9654,900
22,513.48126,191.92058,598.3433,900
23,116.51583,-182.60225,497.60907,900
24,139.96344,-371.9832,492.48157,900
25,345.246,-35.379658,528.23413,900
26,114.861664,-244.74242,490.22733,900
27,211.53363,-270.98706,509.806,900
28,550.51013,233.05705,611.7266,900
29,498.83246,182.08215,579.3682,900
30,137.93088,-257.45248,492.06403,900
31,181.98552,-226.83401,483.74698,900
32,223.69197,-30.922873,479.51373,900
33,110.80357,-229.67151,488.93784,900
34,113.16469,-180.79233,488.50305,900
35,115.09289,-187.85216,494.30368,900
36,181.27031,-87.49837,730.6712,900
37,516.4923,198.45247,599.86707,900
38,322.76035,36.41312,486.52753,900
39,604.9551,289.82257,639.578,900
40,118.67425,-327.03287,501.96622,900
41,114.219406,-147.4606,485.5625,900
42,109.34491,-243.98824,485.8023,900
43,123.714676,-155.6604,490.48328,900
44,505.7282,186.62985,585.985,900
45,124.349075,-179.1188,488.18085,900
46,554.0067,235.79985,614.6231,900
47,470.1899,150.15097,570.3158,900
48,146.90266,-131.1609,489.38998,900
49,331.1343,-36.76485,517.23914,900
50,188.69429,-53.959423,465.8473,900
51,604.8448,288.1929,641.42725,900
52,157.90948,-218.59764,481.71497,900
53,113.06348,-215.35204,493.51282,900
54,532.16895,214.5498,600.2219,900
55,111.81303,-300.82513,493.04895,900
56,574.3797,254.74982,628.8403,900
57,551.09485,234.06148,611.37067,900
58,110.960106,-196.07913,482.4545,900
59,388.33575,57.67865,528.80023,900
60,531.47437,211.17615,604.17926,900
61,584.80707,267.15378,631.72675,900
62,611.5968,295.81934,644.6859,900
63,113.87365,-158.36598,486.94223,900
64,108.10037,-411.97562,497.76096,900
65,466.17508,151.14127,561.10736,900
66,109.16008,-237.19235,482.6668,900
67,565.88385,248.98813,619.347,900
68,585.01666,271.21375,628.7196,900
69,107.945,-259.74203,477.48694,900
70,110.844215,-226.23132,488.36218,900
71,144.52249,-182.14616,484.6454,900
72,482.43958,164.8734,579.5812,900
73,139.54205,-224.61047,476.837,900
74,516.8192,198.05557,593.16174,900
75,122.67609,-117.61061,515.3455,900
76,215.65381,-87.63134,480.25922,900
77,207.11426,-168.67952,478.71762,900
78,556.19934,237.0712,617.49927,900
79,354.23007,32.290146,512.10004,900
80,108.576,-237.88841,474.24265,900
81,226.35786,-116.649124,467.9364,900
82,159.1778,-82.570496,643.4377,900
83,402.82172,100.46997,530.4118,900
84,210.64157,-183.65894,480.2576,900
85,558.43524,240.75597,616.25,900
86,332.7225,-15.226161,509.0537,900
87,175.76207,-138.47722,474.45462,900
88,354.8973,44.02621,513.6697,900
89,117.29113,-228.3871,483.4493,900
90,546.90106,228.73042,611.3716,900
91,116.78125,-144.60033,496.13065,900
92,151.18625,-196.1283,487.24078,900
93,106.82969,-246.45078,474.835,900
94,290.99387,-16.008364,464.8317,900
95,214.16144,-122.27283,472.97827,900
96,117.25822,-141.66148,497.92487,900
97,116.565315,-154.79259,496.1672,900
98,111.513824,-341.31918,489.2128,900
99,516.9102,194.17749,599.9432,900
100,274.60803,-116.9736,500.99902,900
101,440.0397,126.520195,532.89215,900
102,454.678,137.44144,564.2479,900
103,273.2337,-96.60062,489.49054,900
104,432.4379,106.99921,548.01953,900
105,516.6089,198.11923,594.1429,900
106,116.343094,-159.81273,496.61322,900
107,108.23609,-256.47684,484.16,900
108,327.24762,11.814973,494.9627,900
109,583.12463,269.11,625.9487,900
110,111.57606,-194.60774,484.3929,900
111,115.13881,-155.88223,490.78183,900
112,185.53256,-164.47823,473.6624,900
113,123.84365,-343.33484,500.57617,900
114,503.22684,186.62115,589.3294,900
115,561.5037,241.70036,621.66455,900
116,207.59421,-183.30893,476.4927,900
117,526.0118,204.38232,605.8579,900
118,110.60345,-439.48584,506.41745,900
119,106.946495,-341.00024,490.00607,900
120,583.95135,266.38852,630.9304,900
121,144.05827,-243.02278,497.9373,900
122,324.7552,32.41317,487.92957,900
123,143.82791,-236.96918,476.82108,900
124,216.97482,-118.79769,480.0112,900
125,116.44061,-143.58864,494.32632,900
126,114.524666,-201.18513,492.11108,900
127,218.36525,-233.16371,502.91882,900
128,164.16563,-147.04718,466.96472,900
129,179.77191,-164.44107,479.7494,900
130,110.41153,-212.25305,483.65982,900
131,590.9624,272.8625,635.77344,900
132,105.30407,-264.5404,472.89056,900
133,119.26511,-124.95737,503.46567,900
134,113.13529,-198.14941,489.92474,900
135,112.57153,-177.79669,485.48975,900
136,128.19177,-298.8001,486.42593,900
137,119.461876,-181.08968,499.17734,900
138,113.02574,-165.957,484.21378,900
139,504.69174,185.92398,584.70245,900
140,549.1258,231.6007,612.9209,900
141,127.60203,-307.18915,470.40857,900
142,125.301346,-111.61192,523.96826,900
143,143.28577,-242.2049,492.94852,900
144,514.91205,202.80348,582.8211,900
145,564.2706,248.35948,618.2001,900
146,121.81777,-423.42276,504.9682,900
147,142.46982,-245.13554,492.1564,900
148,449.5421,127.791885,550.21246,900
149,111.77377,-234.75009,485.21902,900
150,120.680786,-211.71361,478.16635,900
151,111.22124,-248.21788,485.7343,900
152,329.96634,10.779704,496.53247,900
153,119.89507,-325.88763,499.68155,900
154,108.39159,-248.00151,483.12857,900
155,258.919,-106.48665,480.47437,900
156,119.46991,-129.47353,505.47418,900
157,108.72285,-278.02377,489.09702,900
158,564.9222,248.75134,618.0016,900
159,119.652115,-275.31085,481.15176,900
160,297.92334,1.3073897,479.26865,900
161,526.6159,205.7833,603.5366,900
162,145.41469,-213.98128,493.3805,900
163,115.48108,-311.6738,490.1322,900
164,114.83039,-158.81091,489.684,900
165,114.252556,-194.0533,492.17184,900
166,116.38987,-153.72873,494.96402,900
167,116.08768,-138.65894,493.13123,900
168,229.78873,-133.24315,467.01813,900
169,549.9479,229.48505,615.245,900
170,144.66858,-241.04698,489.70728,900
171,597.1198,278.93964,639.5566,900
172,110.66356,-348.37534,491.01498,900
173,108.62127,-236.28693,479.25977,900
174,111.36644,-213.84088,487.25165,900
175,117.41652,-146.83563,497.02908,900
176,108.75393,-327.31665,493.27744,900
177,566.26904,250.16525,618.7092,900
178,109.361496,-223.26173,481.1511,900
179,161.69229,-316.1187,498.4724,900
180,116.44327,-142.15324,495.7907,900
181,296.56998,-41.245285,486.8692,900
182,114.234535,-200.47343,495.45746,900
183,106.74686,-242.47319,473.3038,900
184,564.4573,246.83636,620.0969,900
185,110.0275,-221.97917,484.33807,900
186,503.61728,183.4378,590.1058,900
187,119.47477,-272.4449,511.394,900
188,111.4091,-203.1052,486.28403,900
189,126.471436,-296.67203,487.31613,900
190,338.31317,-5.160223,511.28632,900
191,112.306946,-320.0989,483.34827,900
192,135.24072,-181.04018,480.92474,900
193,110.236465,-213.42744,483.05334,900
194,111.83399,-191.58511,484.34338,900
195,370.56305,59.87099,511.26715,900
196,398.02298,89.60044,525.54895,900
197,108.9159,-247.86017,483.6712,900
198,114.70621,-178.46634,494.1187,900
199,123.18828,-196.36732,476.01108,900
200,118.117645,-203.11035,493.72095,900
201,122.95812,-207.76456,486.00043,900
202,110.17445,-229.01038,485.66342,900
203,123.19738,-113.54351,517.1687,900
204,293.5827,-28.378006,477.23712,900
205,312.72028,14.409109,486.61353,900
206,110.449455,-443.57025,492.46085,900
207,405.2503,79.591125,527.7342,900
208,406.36615,89.79733,532.84326,900
209,120.720604,-187.02681,497.26846,900
210,493.8115,176.61734,580.0392,900
211,109.473976,-248.47015,487.15762,900
212,258.18597,-45.350044,466.65265,900
213,373.2905,39.76498,522.7462,900
214,479.8958,159.91069,577.9824,900
215,126.1948,-284.12827,516.75775,900
216,586.8573,269.37906,632.1509,900
217,419.83786,100.94315,527.42847,900
218,135.26913,-230.52344,472.19785,900
219,117.465416,-217.29073,487.47137,900
220,196.52116,-165.2892,470.2528,900
221,118.837105,-249.26926,491.0706,900
222,123.79588,-113.43313,519.0779,900
223,116.11925,-324.24097,500.15134,900
224,490.44113,185.82362,561.10724,900
225,115.88547,-264.73477,489.04593,900
226,117.89905,-134.01979,500.09216,900
227,112.973564,-166.00908,484.14346,900
228,107.10451,-292.6822,482.8852,900
229,122.99547,-116.53631,515.9552,900
230,108.69548,-248.766,481.98157,900
231,111.097755,-360.3587,499.04153,900
232,442.97992,123.37174,544.6384,900
233,571.26605,253.633,624.20135,900
234,127.02933,-161.40417,489.79944,900
235,114.57084,-170.66899,490.8533,900
236,120.88125,-376.82108,488.3404,900
237,111.40629,-185.10083,482.2825,900
238,112.01361,-274.2759,490.5268,900
239,266.63358,-36.07355,463.78262,900
240,116.362564,-140.80939,494.11816,900
241,111.20245,-209.74594,485.52475,900
242,124.758606,-414.7072,493.5532,900
243,121.15929,-288.08752,500.58865,900
244,106.291214,-265.0469,477.74957,900
245,126.503845,-108.98584,526.67584,900
246,114.36481,-186.17389,493.4264,900
247,254.78685,-103.646164,471.35504,900
248,160.19077,-114.57048,466.1309,900
249,134.07394,-88.20484,551.43066,900
250,111.509636,-219.20229,487.80243,900
251,310.93365,-30.601631,497.62457,900
252,380.61356,79.42328,517.7806,900
253,192.00212,-173.6941,473.95477,900
254,121.95083,-119.610435,512.8395,900
255,378.259,49.697884,502.016,900
256,110.06775,-232.9812,484.73364,900
257,115.06947,-360.22757,499.80447,900
258,157.30275,-117.5933,474.31,900
259,114.69333,-150.7761,487.47528,900
260,118.71785,-472.41135,510.8502,900
261,123.72064,-230.6319,476.39917,900
262,154.65323,-195.72543,478.3373,900
263,125.40071,-110.59332,525.57916,900
264,288.62354,-71.60649,495.49915,900
265,160.53528,-204.60715,476.37183,900
266,164.1917,-82.717255,663.39075,900
267,110.16415,-230.65239,485.7392,900
268,335.6485,-4.8234644,509.3619,900
269,590.8098,273.24973,635.20886,900
270,110.75068,-210.47165,484.11197,900
271,153.78378,-248.64868,474.8649,900
272,109.54623,-232.34453,484.24756,900
273,121.17522,-307.50543,489.3303,900
274,262.65082,-121.486664,489.52505,900
275,115.99487,-194.49918,496.3874,900
276,118.17004,-123.12809,499.92673,900
277,131.33606,-402.08777,497.2717,900
278,509.86105,194.28802,583.8013,900
279,117.65821,-281.46252,501.34607,900
280,226.99307,-112.4827,447.30945,900
281,150.3253,-223.43259,485.7745,900
282,115.21798,-159.32556,491.23956,900
283,126.11758,-448.8457,504.09317,900
284,128.95256,-102.55011,535.63495,900
285,316.228,30.591433,480.41,900
286,421.12918,105.80695,545.66876,900
287,107.450645,-378.38004,487.67896,900
288,109.13199,-243.80975,484.6348,900
289,320.82874,-66.49862,518.81647,900
290,121.71798,-121.81652,512.9924,900
291,338.51517,-33.275883,518.25446,900
292,117.991844,-270.86963,479.969,900
293,393.63623,59.50716,531.7402,900
294,606.40137,288.95203,643.79016,900
295,369.4557,20.360064,529.81024,900
296,119.03268,-239.8649,488.7831,900
297,107.74854,-247.89722,479.144,900
298,353.4517,55.67349,503.83258,900
299,598.75366,282.8308,637.813,900
300,596.4691,279.03458,637.91046,900
301,461.255,146.49173,565.47284,900
302,383.80994,52.294033,523.7592,900
303,267.80893,-48.18354,472.49628,900
304,115.11206,-149.1452,490.363,900
305,509.19568,186.85547,598.4017,900
306,416.0607,99.884865,541.731,900
307,367.81046,48.40763,515.66376,900
308,115.02937,-389.03363,506.54083,900
309,167.37825,-249.95818,477.73325,900
310,148.69583,-134.74553,504.9877,900
311,471.69885,157.78114,562.5177,900
312,226.64346,-46.4628,458.37225,900
313,129.17326,-105.574486,537.2646,900
314,116.96809,-217.36047,486.55087,900
315,109.87352,-214.15102,481.76962,900
316,111.495056,-218.16148,488.5503,900
317,321.89908,-80.10917,528.11945,900
318,173.74794,-188.59608,485.5534,900
319,115.538086,-147.16461,492.7685,900
320,108.69639,-275.0626,487.7728,900
321,190.34537,-201.73198,482.31235,900
322,196.16367,-263.4521,499.05356,900
323,114.94493,-395.1944,516.0393,900
324,128.2958,-107.16636,534.1464,900
325,114.86538,-174.043,494.26306,900
326,118.75317,-129.64972,502.9539,900
327,518.9402,201.6906,591.7667,900
328,115.51389,-169.56601,495.13974,900
329,117.12706,-131.34169,496.57434,900
330,531.1013,213.84796,599.1254,900
331,119.6624,-205.95424,489.94876,900
332,232.62755,-32.73348,453.77768,900
333,307.14362,-19.831852,491.56085,900
334,585.78217,268.01532,631.9444,900
335,466.89996,139.42676,576.2164,900
336,444.06607,124.291214,553.1859,900
337,250.35718,-45.335045,448.93488,900
338,128.61234,-108.56647,534.8784,900
339,111.07479,-185.44316,480.96164,900
340,126.946365,-382.5282,492.1381,900
341,271.16385,-81.77718,484.48508,900
342,453.5882,144.93536,539.00824,900
343,495.29584,174.20096,584.67706,900
344,444.47858,126.998085,544.56805,900
345,431.95444,116.700294,541.9611,900
346,236.01863,-91.69674,473.98477,900
347,211.55556,-125.80043,482.67548,900
348,167.35648,-210.39114,481.73895,900
349,125.13908,-111.34495,524.45184,900
350,108.22023,-317.0936,491.3496,900
351,112.95131,-208.99574,490.71216,900
352,112.85935,-200.21881,487.46176,900
353,112.26317,-197.47682,487.774,900
354,115.20041,-158.59595,492.08386,900
355,113.17804,-170.16246,486.7769,900
356,105.11837,-367.81772,485.79968,900
357,110.52377,-214.37785,484.43954,900
358,112.31628,-183.89423,484.71997,900
359,124.75527,-403.83743,502.44492,900
360,587.84705,270.5386,633.1244,900
361,604.72144,287.41446,642.6177,900
362,112.96896,-205.41655,491.55328,900
363,156.99217,-142.83328,476.3799,900
364,533.769,216.18755,601.8178,900
365,453.40747,129.19748,562.5454,900
366,117.603935,-380.35657,476.80106,900
367,145.44766,-482.0968,546.61383,900
368,123.66111,-118.64335,518.76886,900
369,108.33468,-350.14307,494.0473,900
370,134.89603,-185.44023,477.38535,900
371,584.8334,266.1415,633.2043,900
372,119.666084,-124.65153,505.4936,900
373,494.01935,178.9001,574.5805,900
374,296.49527,11.041176,478.45996,900
375,108.286606,-245.6365,481.8281,900
376,405.78714,88.93087,536.0044,900
377,122.13881,-126.444984,514.92505,900
378,520.86755,203.5456,595.68317,900
379,139.91127,-82.66497,570.7172,900
380,120.57929,-125.42985,509.71735,900
381,270.74277,-54.32992,470.6345,900
382,298.17664,-13.253932,474.81088,900
383,375.3101,51.838223,523.3461,900
384,520.2594,203.42377,592.955,900
385,108.293594,-348.87708,477.8633,900
386,304.82736,-42.32173,494.74802,900
387,121.97481,-156.17844,508.23926,900
388,423.6937,104.509,540.7703,900
389,232.02025,-121.96114,477.5142,900
390,115.36535,-139.87086,490.53098,900
391,414.12473,88.08712,542.0864,900
392,117.16124,-136.52911,497.80664,900
393,113.4538,-164.17534,486.32117,900
394,163.6012,-187.9339,483.7453,900
395,191.89508,-89.82516,772.6229,900
396,112.22742,-240.18098,489.12137,900
397,112.26681,-232.09015,482.05234,900
398,574.9563,256.87497,626.4683,900
399,328.34402,-0.34222686,500.51923,900
400,510.15686,188.89287,594.1604,900
401,113.975746,-191.02252,492.58975,900
402,383.49356,39.811977,530.73315,900
403,549.8155,231.20892,612.6656,900
404,480.45993,162.84341,577.0503,900
405,111.10332,-450.29852,497.70972,900
406,112.840645,-166.87909,483.7556,900
407,117.66933,-140.79572,498.98712,900
408,452.71088,135.4593,554.8767,900
409,261.4989,-175.10341,517.4334,900
410,474.72757,157.73868,565.28815,900
411,560.8366,242.3424,620.7288,900
412,112.10837,-313.31085,487.63724,900
413,110.03456,-338.97333,490.92285,900
414,225.74033,-17.18212,455.77768,900
415,110.17123,-229.65654,482.65112,900
416,153.98538,-79.44544,623.5246,900
417,121.30735,-148.70981,508.59314,900
418,108.95995,-308.31012,488.63934,900
419,125.91126,-205.36494,476.29483,900
420,475.29715,154.44165,574.8449,900
421,334.20822,31.10123,494.15997,900
422,590.723,277.36713,631.82654,900
423,106.72078,-253.12971,477.4073,900
424,149.07848,-243.64684,486.6234,900
425,152.09145,-248.51141,504.07187,900
426,220.67607,-150.77748,476.76855,900
427,126.07808,-100.80955,523.31244,900
428,134.02501,-96.07341,552.5125,900
429,190.6387,-61.828026,496.5989,900
430,157.51831,-80.710304,637.34326,900
431,410.65698,68.08278,551.65045,900
432,112.44,-186.87679,486.89587,900
433,146.27283,-203.28127,469.99713,900
434,354.475,58.096775,512.9211,900
435,567.6767,248.6172,624.39526,900
436,624.9493,305.88193,654.9574,900
437,109.63588,-350.4004,495.78223,900
438,532.9777,221.94339,591.74445,900
439,116.30218,-287.07874,489.8105,900
440,515.3987,201.53233,587.7713,900
441,579.20917,261.76962,628.2306,900
442,112.67156,-193.75775,488.42078,900
443,110.20796,-229.78789,484.6386,900
444,115.28606,-162.90111,493.97314,900
445,283.21744,-131.67839,514.6858,900
446,116.25859,-196.33347,495.7886,900
447,157.0407,-151.94415,480.41934,900
448,145.50912,-333.79807,492.2499,900
449,110.3304,-303.22083,490.46698,900
450,318.7463,72.75973,470.97882,900
451,106.73615,-269.11487,478.20724,900
452,136.91208,-271.6421,472.6134,900
453,559.5583,243.00592,615.16705,900
454,135.75024,-273.73975,470.40576,900
455,111.94047,-179.61743,482.98157,900
456,107.26314,-261.60355,481.3284,900
457,169.59564,-228.79861,473.62122,900
458,114.467476,-161.74686,489.5466,900
459,318.90604,-98.48688,530.8129,900
460,110.33876,-411.96344,501.18,900
461,233.17421,-276.11774,535.1272,900
462,115.35519,-317.5513,511.52216,900
463,114.929634,-145.46008,488.01886,900
464,111.44362,-292.69635,491.72125,900
465,214.67155,-66.77661,482.7984,900
466,140.31883,-84.14506,573.21484,900
467,186.36407,-182.98572,465.54504,900
468,111.915375,-255.95854,486.9043,900
469,358.38477,41.12096,515.41675,900
470,476.80353,169.59158,554.79596,900
471,112.167015,-353.07047,494.13525,900
472,527.8541,209.28522,599.77814,900
473,140.43971,-293.62112,472.37296,900
474,258.91086,-76.554695,471.78336,900
475,129.4611,-398.46863,505.77292,900
476,185.48189,-99.04279,478.10217,900
477,602.1058,286.7188,638.6788,900
478,115.77702,-211.23048,480.39835,900
479,107.422646,-246.44215,477.75302,900
480,528.2688,208.01031,603.53,900
481,537.93695,216.60736,610.3358,900
482,114.52702,-178.39163,491.87988,900
483,544.5922,224.28044,612.0879,900
484,127.963875,-255.41423,480.11984,900
485,117.87285,-139.94836,501.15286,900
486,521.0561,206.48956,591.68195,900
487,469.6354,152.3284,564.3396,900
488,232.48444,-193.57881,497.52948,900
489,584.36255,265.7791,632.1837,900
490,112.21031,-196.58379,487.6062,900
491,108.56969,-253.88852,483.95972,900
492,149.99736,-375.5521,507.98264,900
493,114.907265,-228.9795,474.25208,900
494,123.83394,-117.30634,519.24457,900
495,591.1178,272.95123,635.7892,900
496,118.06194,-151.92842,501.3259,900
497,490.70963,169.29504,587.9225,900
0,390.57846,46.04845,497.55585,950
1,116.03998,-326.09113,474.3065,950
2,501.3912,191.23051,526.1285,950
3,104.46905,-258.30875,465.4943,950
4,103.97953,-297.27884,471.55643,950
5,213.786,-112.935936,483.79117,950
6,490.28738,181.38928,519.0879,950
7,367.4416,-5.7796845,517.5228,950
8,138.41615,-429.57874,513.2187,950
9,324.27737,-70.63661,508.51465,950
10,488.9307,178.61436,520.66077,950
11,490.1646,176.56258,523.7349,950
12,465.54977,147.0309,516.1859,950
13,111.65133,-400.12955,476.3927,950
14,105.70504,-449.15796,493.1774,950
15,512.77496,203.18167,533.0778,950
16,513.4726,203.005,533.57117,950
17,400.48456,57.883263,502.5245,950
18,227.30461,-250.60611,520.7614,950
19,352.07642,-25.936852,517.11505,950
20,479.3706,163.91893,522.4397,950
21,526.0914,219.62625,537.84534,950
22,478.48007,155.25769,530.0821,950
23,167.28403,-259.98422,521.519,950
24,239.00673,-262.14313,501.21277,950
25,329.2849,-70.76865,494.78958,950
26,138.77216,-411.31613,504.5213,950
27,158.09792,-469.63156,551.2791,950
28,488.75943,173.64,524.2343,950
29,608.90796,292.35483,596.47626,950
30,131.9122,-305.3364,477.6067,950
31,205.84944,-270.97208,512.9475,950
32,468.65848,157.30385,518.9245,950
33,124.36997,-404.75198,509.5118,950
34,105.855446,-236.30942,468.95364,950
35,111.88226,-167.02652,467.0557,950
36,176.92241,-53.75949,638.7368,950
37,490.11465,176.13727,531.58484,950
38,399.12418,43.657486,526.64465,950
39,516.8911,212.23628,530.4485,950
40,111.758125,-402.19147,492.84198,950
41,105.14504,-278.09238,477.071,950
42,129.68481,-322.05276,481.9733,950
43,246.66525,-96.013245,494.96246,950
44,464.60553,143.63704,516.67523,950
45,295.02127,-74.21643,504.02676,950
46,487.4569,170.42947,525.28156,950
47,427.94797,93.14717,510.75064,950
48,202.81508,-189.71964,497.79636,950
49,247.38258,-227.66031,520.43445,950
50,143.94614,-177.81929,499.4984,950
51,536.3696,232.87018,540.9279,950
52,261.0737,-156.67876,502.2544,950
53,98.67,-317.5638,455.60495,950
54,481.4185,165.20114,521.0011,950
55,108.36585,-395.7106,496.08322,950
56,509.00708,196.87538,532.92035,950
57,476.20715,163.79904,512.5234,950
58,106.99616,-299.82178,483.51645,950
59,328.7571,-78.013,508.10767,950
60,476.49585,155.35773,524.07135,950
61,517.1969,208.83174,533.92993,950
62,527.42163,224.41972,536.3591,950
63,122.10233,-274.66064,488.44565,950
64,108.7761,-467.8554,502.15778,950
65,491.80405,184.49579,517.0981,950
66,100.9433,-299.83926,455.39606,950
67,499.5744,187.60124,526.71295,950
68,471.84888,160.59468,512.56586,950
69,104.46285,-307.7579,474.9211,950
70,106.40477,-339.47424,489.58243,950
71,227.68115,-201.02826,497.85385,950
72,399.02274,41.009727,528.1149,950
73,112.12976,-417.09427,482.77167,950
74,504.61884,197.60558,525.0483,950
75,114.28125,-147.50505,470.2854,950
76,340.95792,-28.781673,513.5975,950
77,130.45258,-429.01987,503.39075,950
78,492.06778,176.57155,527.152,950
79,302.46094,-117.08601,506.6049,950
80,115.00301,-314.27908,492.7451,950
81,13794.148,6707.3286,13907.235,950
82,126.28279,-109.25859,493.82077,950
83,396.97803,43.312668,528.49207,950
84,277.02734,-143.10669,501.1455,950
85,496.64685,182.45596,527.73755,950
86,318.11575,-100.07957,509.80533,950
87,286.7885,-107.73256,502.60938,950
88,369.46826,6.701091,522.48206,950
89,123.383125,-335.50256,484.7436,950
90,493.71835,179.38991,526.58014,950
91,111.62421,-400.06,512.34375,950
92,154.52455,-242.95663,491.94363,950
93,156.23993,-312.62552,493.40005,950
94,133.12636,-494.48465,555.60364,950
95,293.16928,-101.23692,502.99408,950
96,134.90933,-143.2126,487.42285,950
97,111.752625,-218.99812,484.11298,950
98,109.2996,-479.37112,508.65387,950
99,458.07587,125.72876,526.6782,950
100,285.0689,-156.4705,507.24606,950
101,488.45328,179.95657,515.4903,950
102,466.37454,145.36336,522.93005,950
103,312.47375,-96.84412,508.7642,950
104,371.35782,8.153807,501.2789,950
105,487.78876,169.9219,527.48517,950
106,139.14815,-163.3117,501.97043,950
107,109.85321,-415.5551,510.3278,950
108,408.0044,72.2795,512.88,950
109,516.34784,208.14131,533.6026,950
110,103.729996,-390.85663,474.9511,950
111,106.29387,-228.22491,467.8231,950
112,256.04416,-158.50015,497.91586,950
113,154.47346,-395.8282,519.7229,950
114,483.9589,163.99565,529.2623,950
115,505.34824,193.8208,530.2244,950
116,268.6403,-168.52307,505.95697,950
117,467.29373,143.01472,525.1773,950
118,102.62206,-326.28232,474.82993,950
119,117.570984,-518.88184,526.5396,950
120,516.9307,208.88815,533.8354,950
121,162.42455,-293.1338,483.94647,950
122,325.0685,-35.007435,512.35504,950
123,150.24269,-367.89084,508.31387,950
124,255.25084,-111.573555,488.96805,950
125,117.37934,-125.46685,471.7479,950
126,113.52528,-149.55276,467.2346,950
127,242.31747,-242.19368,514.2378,950
128,163.62886,-223.19115,509.53757,950
129,277.67453,-113.961716,497.46478,950
130,108.30789,-330.42288,483.16345,950
131,515.6735,206.15053,534.1643,950
132,102.48092,-326.0513,469.85294,950
133,121.21844,-102.06972,473.71414,950
134,113.90022,-230.94986,478.0554,950
135,110.58093,-188.62418,468.85046,950
136,245.91791,-192.6003,502.53748,950
137,135.16963,-236.6175,492.77325,950
138,109.46703,-362.32263,502.9509,950
139,474.85815,156.32059,519.7825,950
140,492.9473,180.13054,525.9967,950
141,271.87698,-135.95937,495.15137,950
142,115.18465,-150.69547,473.59018,950
143,122.277756,-458.46878,508.0788,950
144,492.10754,180.42177,522.1485,950
145,491.54803,178.02083,525.1906,950
146,123.775246,-550.5115,551.2886,950
147,108.487785,-403.14682,485.69797,950
148,441.5946,127.080574,495.80185,950
149,115.03528,-335.84763,499.22638,950
150,267.2815,-158.01074,509.5065,950
151,129.33862,-378.39395,496.23447,950
152,396.6934,41.56886,519.51685,950
153,197.65103,-275.00775,497.07996,950
154,107.53099,-413.90244,500.19595,950
155,252.84395,-207.0214,508.42944,950
156,116.69997,-148.78653,477.5584,950
157,107.07812,-409.15607,487.16876,950
158,486.42712,173.76402,519.7756,950
159,108.460846,-309.81,480.2142,950
160,429.86377,82.00635,534.08185,950
161,482.87424,161.1086,528.7506,950
162,277.1089,-110.2834,497.02917,950
163,154.9455,-383.83948,515.7554,950
164,106.50732,-247.47826,474.4496,950
165,187.3884,-205.38464,497.67804,950
166,105.95657,-236.36961,467.4264,950
167,117.55216,-138.16278,477.74185,950
168,145.85432,-395.3305,499.59744,950
169,492.3063,175.13663,528.3778,950
170,188.89694,-210.0054,479.97568,950
171,518.17377,209.36462,534.92035,950
172,118.147575,-432.52704,495.80966,950
173,143.79625,-260.57202,503.5081,950
174,107.12463,-459.94238,501.22888,950
175,108.09909,-196.97266,461.17917,950
176,107.49974,-449.14197,493.88547,950
177,507.4637,198.32352,528.49945,950
178,102.28041,-322.08575,467.6899,950
179,187.81157,-334.73346,510.9531,950
180,150.814,-186.99828,504.65546,950
181,292.76334,-123.693665,505.0845,950
182,164.47534,-107.73526,496.49435,950
183,132.86868,-428.2905,514.09937,950
184,495.18768,180.22281,527.63086,950
185,112.47562,-291.74463,488.3061,950
186,516.5775,208.99525,532.6987,950
187,125.53469,-382.89658,481.7785,950
188,146.89772,-301.0084,507.76877,950
189,114.266396,-417.69678,487.835,950
190,235.62126,-237.84467,508.80005,950
191,168.1929,-395.5367,531.06104,950
192,159.13364,-289.257,506.33405,950
193,107.71943,-227.05418,472.6842,950
194,104.87166,-334.02008,482.04453,950
195,374.8226,12.079434,508.65338,950
196,392.71368,40.803432,518.3548,950
197,108.665695,-360.06146,485.16116,950
198,107.75999,-231.23582,475.08228,950
199,131.56425,-323.61047,504.96292,950
200,108.830246,-203.66704,467.7305,950
201,198.40897,-216.88925,496.22192,950
202,104.75301,-227.2128,461.1721,950
203,123.446884,-90.39013,478.6086,950
204,347.2498,-21.097843,515.27814,950
205,379.30115,20.153173,528.2152,950
206,113.91505,-513.70465,516.97095,950
207,443.00806,141.83408,483.146,950
208,420.00366,75.27424,513.5764,950
209,109.7816,-188.28773,467.46396,950
210,501.41513,188.74689,529.7327,950
211,103.39975,-383.30164,480.0409,950
212,333.72534,-37.474667,512.0264,950
213,374.14713,9.042878,506.4076,950
214,495.4409,180.17921,529.4578,950
215,169.01234,-220.34673,475.4934,950
216,514.78937,206.78041,532.13745,950
217,479.57974,172.63213,510.06842,950
218,235.47137,-240.19296,510.38196,950
219,191.78928,-253.17738,505.6655,950
220,252.3352,-214.74934,514.2384,950
221,116.789024,-374.8924,501.13507,950
222,113.4802,-165.4494,473.36972,950
223,238.4929,-205.16489,511.46463,950
224,531.2416,233.89337,535.29346,950
225,114.07147,-342.56235,484.44556,950
226,110.21523,-223.28043,478.3165,950
227,106.9864,-202.87442,460.7486,950
228,101.27455,-348.36368,470.62775,950
229,108.71393,-211.24051,470.81995,950
230,109.83128,-322.34665,500.24365,950
231,107.055244,-461.34915,488.72736,950
232,372.6962,15.390417,497.08835,950
233,500.0782,189.94598,526.16437,950
234,231.27892,-135.93982,495.07294,950
235,114.072426,-189.64334,482.80582,950
236,122.735504,-463.60175,511.3886,950
237,112.16873,-308.36664,497.63638,950
238,110.067,-369.01343,496.4461,950
239,293.26962,-70.20427,501.01535,950
240,104.08094,-352.2298,483.1894,950
241,106.7043,-251.33476,470.12494,950
242,125.10872,-486.59348,519.26843,950
243,115.248055,-236.06747,475.63596,950
244,105.304276,-377.19055,481.8553,950
245,123.42251,-102.278854,480.87497,950
246,137.95447,-267.18735,494.28757,950
247,435.7156,113.03432,508.08203,950
248,221.65485,-135.30595,487.01138,950
249,126.05709,-88.91029,486.05493,950
250,109.540726,-344.54022,492.51434,950
251,338.04333,-56.513783,508.8765,950
252,479.76743,159.93095,528.919,950
253,149.04404,-396.801,510.41904,950
254,116.90771,-121.927605,467.8835,950
255,392.0508,70.464165,466.57465,950
256,110.77742,-413.0405,485.52228,950
257,113.18986,-410.73004,480.95996,950
258,213.17633,-182.00645,515.52563,950
259,113.54743,-157.88556,469.20145,950
260,259.40076,-208.10739,507.81122,950
261,182.57835,-197.6943,484.8715,950
262,126.74702,-421.13034,501.1002,950
263,122.2181,-107.18109,483.10007,950
264,328.29507,-80.93315,510.5265,950
265,276.56927,-136.94695,500.4778,950
266,147.82776,-51.484215,540.5334,950
267,102.862366,-318.63635,472.07126,950
268,326.64694,-82.84901,515.0474,950
269,522.1148,215.31792,536.1917,950
270,106.95755,-401.83264,490.31247,950
271,226.94714,-213.86449,497.62372,950
272,112.259094,-442.72684,514.615,950
273,151.57332,-408.4919,519.3458,950
274,294.0763,-146.40343,507.64087,950
275,142.8029,-254.06308,494.06003,950
276,112.427086,-149.77156,464.04602,950
277,269.15262,-208.32663,510.62094,950
278,476.886,160.64172,517.95465,950
279,110.1287,-283.3702,480.63135,950
280,373.9463,27.042852,501.00928,950
281,197.42506,-272.2296,505.89883,950
282,110.70926,-209.1641,476.49576,950
283,276.90646,-180.14107,498.56665,950
284,118.39429,-122.24342,473.46896,950
285,299.33258,-66.33466,497.9138,950
286,371.97006,11.060409,520.512,950
287,117.34941,-521.94226,520.9996,950
288,102.11549,-331.19644,474.42844,950
289,230.68936,-228.6677,502.5715,950
290,116.56447,-128.00093,469.97675,950
291,418.4461,104.39556,483.0642,950
292,130.21603,-475.9326,525.36664,950
293,410.98654,73.88663,501.80737,950
294,540.42334,237.32808,543.70154,950
295,320.55594,-99.499016,507.54947,950
296,166.93114,-303.48874,489.9066,950
297,160.19757,-275.46536,490.54648,950
298,361.99103,3.8651452,511.65842,950
299,544.4808,241.75916,545.59467,950
300,532.5332,227.74579,539.8816,950
301,428.86923,87.024994,523.3102,950
302,427.37448,108.88502,494.0384,950
303,228.37067,-248.34811,522.96674,950
304,109.69059,-205.02597,472.42523,950
305,444.22073,106.402794,522.52924,950
306,437.3589,98.70677,520.68256,950
307,346.30072,-39.879826,515.6881,950
308,98.65578,-231.60892,436.06683,950
309,194.76546,-280.49643,500.3691,950
310,346.46533,18.980309,507.6137,950
311,482.83456,170.63432,519.2421,950
312,306.46558,-55.621437,505.58383,950
313,114.006355,-163.54047,473.70786,950
314,173.11774,-160.67732,499.0106,950
315,104.79532,-234.53888,463.94098,950
316,105.01179,-298.47018,481.38257,950
317,341.34445,-41.611263,490.33896,950
318,157.45645,-325.01675,504.68323,950
319,115.20557,-166.35962,479.09015,950
320,105.700485,-405.1707,490.10373,950
321,222.84944,-248.2472,507.04712,950
322,210.03564,-326.47153,530.93195,950
323,121.406075,-486.71997,511.2538,950
324,123.321205,-102.58189,481.60217,950
325,119.49682,-142.27536,485.9112,950
326,111.23065,-200.20593,475.77048,950
327,453.64188,130.15047,512.478,950
328,143.87344,-154.61313,494.57318,950
329,113.13949,-138.28535,461.9362,950
330,492.11835,178.65294,524.3924,950
331,112.69936,-371.3259,493.088,950
332,317.05267,-36.29771,509.49564,950
333,240.48326,-199.0375,498.9033,950
334,512.06006,203.1605,531.47296,950
335,443.77396,103.38792,526.1478,950
336,492.27347,184.76395,520.776,950
337,292.221,-133.27734,509.84503,950
338,130.99788,-69.76199,494.77716,950
339,112.08214,-310.7896,487.1277,950
340,123.24635,-518.52026,530.96405,950
341,183.02235,-316.54337,504.14374,950
342,354.63715,8.930129,464.0691,950
343,484.2872,164.15205,527.7027,950
344,461.20706,147.84523,506.39288,950
345,435.0616,114.8072,502.2895,950
346,308.7325,-53.395622,504.1845,950
347,369.48767,11.6093645,515.3399,950
348,214.03807,-228.33012,504.0669,950
349,130.38206,-143.95819,480.79752,950
350,93.60148,-353.43845,442.87863,950
351,132.42221,-389.89426,504.8465,950
352,115.74725,-194.5677,474.63672,950
353,107.54702,-214.94972,465.71005,950
354,110.85334,-384.3634,495.55298,950
355,114.80963,-236.17873,487.2972,950
356,102.44662,-453.9163,486.8039,950
357,106.273224,-348.85904,484.84555,950
358,105.2461,-230.14258,464.35342,950
359,218.13496,-298.44083,527.48505,950
360,521.653,213.76572,536.58765,950
361,532.15875,227.45511,539.6205,950
362,110.24294,-172.02037,461.70026,950
363,242.01753,-137.36577,482.29922,950
364,552.3899,250.922,549.8767,950
365,364.1187,-15.137724,513.22046,950
366,216.24886,-249.89111,502.82294,950
367,282.42026,-101.325935,453.79053,950
368,118.69834,-132.0642,478.6307,950
369,115.87529,-468.02087,507.15295,950
370,310.69403,-9.369803,511.5873,950
371,518.4764,209.61565,535.42004,950
372,122.99551,-98.27146,478.9792,950
373,434.31708,107.25872,504.9642,950
374,503.499,201.23509,521.873,950
375,104.190575,-257.31647,458.33966,950
376,403.40622,65.73104,499.89844,950
377,109.55452,-217.85153,474.85776,950
378,474.4131,153.36757,523.4547,950
379,149.61101,-53.2849,547.17206,950
380,122.348816,-196.53578,498.3252,950
381,280.92444,-112.52257,500.42474,950
382,282.66125,-146.4645,506.00974,950
383,345.01157,-36.728977,509.03894,950
384,481.49503,166.41931,520.06696,950
385,130.04314,-368.41998,489.5359,950
386,259.22006,-169.11551,495.82504,950
387,170.3717,-116.83767,491.8734,950
388,442.54236,116.8264,512.4327,950
389,326.86624,-59.822605,510.11908,950
390,149.3117,-158.23654,490.87997,950
391,324.41797,-86.03375,507.46002,950
392,111.77977,-182.47374,473.69522,950
393,103.13154,-278.98288,464.54605,950
394,206.59926,-171.66182,490.21866,950
395,197.96767,-55.72029,712.5569,950
396,140.96986,-337.19165,507.06937,950
397,114.27099,-413.49463,498.01324,950
398,506.1633,196.11182,529.21265,950
399,191.39827,-358.88168,526.42676,950
400,466.44528,141.24158,523.5157,950
401,110.31885,-335.60098,491.91922,950
402,377.59155,26.776667,491.05533,950
403,478.09225,161.94548,520.8769,950
404,464.80765,140.34048,523.6794,950
405,113.85908,-519.63684,523.03815,950
406,109.2529,-206.90198,470.87097,950
407,112.31606,-181.50287,474.71262,950
408,494.07178,177.32329,529.6482,950
409,330.65216,-51.597878,494.62967,950
410,360.1909,-10.188556,501.22324,950
411,495.54428,179.38126,529.77716,950
412,104.25449,-393.82755,472.39142,950
413,115.124374,-452.75397,492.07224,950
414,233.7309,-165.53719,503.8632,950
415,111.85738,-295.97214,479.25296,950
416,135.18251,-63.730305,505.21082,950
417,173.93379,-144.6547,509.83282,950
418,225.88422,-245.09909,509.15045,950
419,119.06324,-472.24728,513.22534,950
420,433.74588,93.62645,517.60583,950
421,433.6954,112.676125,503.3605,950
422,556.74164,256.35397,554.1493,950
423,103.767845,-344.68887,471.22784,950
424,214.3084,-224.52556,495.12888,950
425,317.3468,-66.341576,499.28775,950
426,392.27762,48.04036,507.0015,950
427,115.34073,-136.98761,467.56448,950
428,126.605865,-111.02166,495.8264,950
429,275.51846,-29.734104,487.30484,950
430,136.87668,-60.3014,509.20444,950
431,352.23642,-40.075726,517.0128,950
432,108.8018,-340.2445,491.3948,950
433,163.05441,-356.4646,564.0219,950
434,304.2732,-66.040794,505.19412,950
435,485.66296,163.29129,530.4011,950
436,567.7531,264.29282,561.83215,950
437,103.21028,-427.463,474.0075,950
438,505.0995,194.53752,528.14105,950
439,140.76129,-386.9266,497.5034,950
440,496.1377,185.77722,524.8352,950
441,508.09686,197.2508,531.22314,950
442,109.90382,-353.3589,488.85425,950
443,120.767845,-253.29294,467.66284,950
444,175.12363,-147.5956,495.90985,950
445,258.72995,-220.68977,510.95364,950
446,123.79145,-271.33054,471.09073,950
447,374.2278,9.527117,523.46313,950
448,212.10724,-318.1946,527.78217,950
449,132.67593,-421.72037,503.43097,950
450,261.1967,-58.778976,487.40936,950
451,117.657684,-459.18427,529.3815,950
452,115.2847,-498.0385,515.5859,950
453,498.34335,187.26334,524.8084,950
454,296.91647,-96.34946,500.4842,950
455,154.28355,-225.1257,495.75436,950
456,156.611,-309.52667,536.1539,950
457,336.71817,-36.14487,510.00616,950
458,112.24047,-165.64201,468.40405,950
459,397.96915,77.00508,468.25107,950
460,100.17879,-419.0214,477.7444,950
461,170.37895,-442.74646,541.9325,950
462,115.6251,-352.9176,500.6341,950
463,116.481735,-120.18705,465.0924,950
464,106.92076,-343.53885,477.36612,950
465,302.55972,-67.09243,504.64346,950
466,131.43703,-86.42928,502.8321,950
467,141.35104,-422.73016,514.5767,950
468,105.20094,-263.62827,460.26038,950
469,277.03912,-168.41777,509.15167,950
470,455.26117,148.52936,499.41727,950
471,116.14595,-498.36008,516.62415,950
472,434.92084,108.14013,506.72253,950
473,152.30124,-344.94992,495.78445,950
474,263.84128,-168.42747,508.70004,950
475,201.31444,-244.77812,478.88272,950
476,331.10812,4.135788,519.0115,950
477,536.49384,233.77893,540.38367,950
478,159.62215,-316.0247,497.21463,950
479,119.28836,-391.0644,501.83774,950
480,484.79688,165.98726,525.6473,950
481,466.1946,137.58702,527.0336,950
482,113.03989,-161.36243,471.5108,950
483,482.8661,163.61093,526.1818,950
484,227.57368,-218.03784,498.0581,950
485,118.1799,-371.0765,503.35635,950
486,502.0759,191.93126,527.81866,950
487,461.8946,136.78798,524.1903,950
488,178.12187,-380.46643,529.09625,950
489,498.43994,186.41214,526.0243,950
490,113.93973,-275.49295,484.46338,950
491,101.24084,-262.42996,456.3247,950
492,115.91108,-514.4903,521.0052,950
493,125.08977,-401.2751,524.1524,950
494,129.36687,-69.91145,489.21594,950
495,512.4157,202.47176,532.6218,950
496,128.96231,-131.13101,475.786,950
497,461.94028,135.38512,525.4027,950
0,149.97433,-433.80753,518.7903,1000
1,102.22297,-290.20715,468.694,1000
2,385.1283,8.73355,507.08572,1000
3,121.84869,-144.76582,493.1204,1000
4,111.42568,-200.90315,485.22446,1000
5,114.509766,-183.58646,487.70596,1000
6,265.9023,-192.54663,506.1106,1000
7,266.83176,-162.72165,499.19244,1000
8,124.97354,-438.45117,494.30542,1000
9,119.51379,-459.87585,499.4043,1000
10,341.50116,-46.300224,507.2458,1000
11,373.0698,-8.609026,510.9476,1000
12,295.9842,-131.46411,502.32758,1000
13,103.70049,-331.7797,478.87445,1000
14,100.791595,-409.74033,486.6784,1000
15,404.42615,36.266624,516.72485,1000
16,425.91916,69.37781,507.16315,1000
17,245.74446,-209.86877,501.76248,1000
18,145.43779,-258.3314,504.40997,1000
19,136.21805,-373.5658,498.23978,1000
20,363.8177,-16.576786,511.8513,1000
21,396.61536,33.60729,498.63513,1000
22,374.8869,12.384432,523.1608,1000
23,112.62431,-197.01382,487.7121,1000
24,145.43217,-463.91913,518.4051,1000
25,189.4404,-384.199,523.4807,1000
26,218.99205,-276.649,508.6959,1000
27,102.88383,-489.34048,479.64737,1000
28,307.16513,-123.78511,511.79285,1000
29,425.84756,84.691154,492.6918,1000
30,105.448044,-325.83755,478.73895,1000
31,143.3602,-343.87973,501.51144,1000
32,260.43335,-48.951305,492.1974,1000
33,104.09205,-307.08838,486.8398,1000
34,105.12156,-248.17842,477.49585,1000
35,125.97175,-137.28856,500.99417,1000
36,222.19867,-69.70576,748.70026,1000
37,761.98584,326.43307,741.72974,1000
38,191.4342,-198.88948,483.2668,1000
39,366.05173,-8.035147,495.10117,1000
40,103.260445,-366.0005,482.57874,1000
41,102.54389,-289.60464,473.3445,1000
42,103.149704,-296.38263,475.03796,1000
43,140.73431,-136.28629,492.39938,1000
44,294.4422,-142.31757,510.7742,1000
45,99.828545,-274.44998,462.1288,1000
46,383.7465,2.5233052,511.70776,1000
47,359.96973,-20.35829,508.239,1000
48,129.964,-197.82271,496.88312,1000
49,291.5964,-125.48893,502.5557,1000
50,176.37946,-91.004555,498.55048,1000
51,423.7016,74.245285,499.87482,1000
52,191.8037,-219.88423,484.30994,1000
53,112.51211,-203.88832,483.19693,1000
54,320.77948,-102.70089,516.60095,1000
55,105.801605,-324.10046,485.09985,1000
56,426.32666,69.58467,508.6173,1000
57,398.38583,35.30835,497.77304,1000
58,113.83464,-196.33829,489.33875,1000
59,231.29884,-259.79498,506.45953,1000
60,353.98276,-45.436954,519.6516,1000
61,431.37778,80.73144,505.4352,1000
62,425.57596,72.04154,510.20227,1000
63,102.58292,-321.05487,484.6345,1000
64,107.53044,-527.54266,514.90466,1000
65,296.43945,-135.74493,512.7121,1000
66,106.47262,-215.46553,463.32846,1000
67,354.6228,-38.304237,508.12372,1000
68,426.5066,78.29261,499.3581,1000
69,110.6693,-223.17253,488.204,1000
70,114.14558,-220.20987,498.12482,1000
71,128.58125,-316.78894,489.89236,1000
72,390.28217,12.032058,520.38654,1000
73,125.02196,-226.4254,483.5643,1000
74,371.3521,-15.48812,515.9908,1000
75,134.31668,-112.42401,517.77313,1000
76,181.15979,-182.65604,491.64517,1000
77,104.603806,-491.3049,498.99292,1000
78,365.542,-22.14108,512.1003,1000
79,329.32654,-65.48871,511.0314,1000
80,102.56156,-253.64691,469.35178,1000
81,208.86166,-164.90065,484.66586,1000
82,160.86412,-79.08905,579.2728,1000
83,348.63776,-24.717104,514.67645,1000
84,117.36564,-428.52823,495.9001,1000
85,427.39294,75.860466,503.2389,1000
86,312.1219,-98.66627,502.22952,1000
87,183.8122,-213.18071,483.71033,1000
88,193.94295,-212.516,481.96985,1000
89,134.1665,-316.8219,492.20572,1000
90,419.28494,64.41068,503.7891,1000
91,107.80295,-274.79852,494.20328,1000
92,120.72848,-297.71036,491.7564,1000
93,107.64987,-363.9212,485.9819,1000
94,202.95963,-225.35835,478.90256,1000
95,202.94919,-202.84602,489.03473,1000
96,118.147446,-169.7198,494.52322,1000
97,126.35996,-146.50226,505.9977,1000
98,103.9309,-486.3505,503.17816,1000
99,410.0807,39.093773,514.8333,1000
100,183.28664,-379.00418,519.56915,1000
101,281.13226,-184.77322,502.68454,1000
102,363.1011,-20.880255,516.30743,1000
103,224.92232,-240.61476,501.17447,1000
104,254.89151,-199.02008,501.35074,1000
105,414.68164,51.65908,508.56268,1000
106,127.01811,-142.84651,505.7286,1000
107,108.2779,-250.4055,490.6917,1000
108,345.446,-18.471622,512.8503,1000
109,374.31128,2.8447104,493.5567,1000
110,104.66262,-371.1797,482.53708,1000
111,123.639275,-145.40712,500.44196,1000
112,140.019,-377.924,494.69797,1000
113,111.45665,-503.79535,511.64682,1000
114,367.40533,-13.380534,520.23926,1000
115,401.48135,28.86077,514.4858,1000
116,270.68585,-141.82906,491.97775,1000
117,403.50333,33.93629,512.8229,1000
118,102.23486,-376.8052,486.26166,1000
119,101.61004,-471.96564,490.0274,1000
120,419.96097,64.75131,505.1624,1000
121,112.34104,-229.7014,475.67358,1000
122,289.35483,-73.83065,501.87198,1000
123,101.03415,-418.59964,478.9226,1000
124,132.96155,-319.24167,497.04724,1000
125,128.72499,-134.1332,507.3956,1000
126,107.96823,-210.33832,473.1226,1000
127,284.41068,-140.2414,505.1888,1000
128,115.87756,-193.45406,480.4379,1000
129,131.30812,-319.04858,495.58713,1000
130,113.782265,-191.11609,485.66656,1000
131,378.78348,-0.5550922,509.28003,1000
132,105.31761,-254.82649,471.97348,1000
133,118.94467,-165.72784,492.69064,1000
134,109.79068,-237.09058,476.02658,1000
135,115.62247,-193.71477,493.67627,1000
136,135.43161,-361.31757,493.5369,1000
137,232.31862,-71.49148,485.56448,1000
138,105.08208,-237.49638,475.89832,1000
139,304.65286,-127.054146,513.1214,1000
140,423.5233,69.37906,506.3097,1000
141,167.45927,-267.04755,477.2259,1000
142,125.08496,-146.33145,502.58115,1000
143,105.660645,-466.9354,489.6407,1000
144,327.1153,-92.07342,511.00748,1000
145,294.2563,-151.34157,507.17743,1000
146,104.64771,-463.94736,492.9917,1000
147,102.485695,-466.58508,487.64087,1000
148,241.5402,-275.52548,511.4886,1000
149,113.63177,-189.11061,489.6998,1000
150,155.7291,-271.48166,499.8293,1000
151,119.48632,-412.1182,485.41415,1000
152,275.88776,-144.22162,504.611,1000
153,139.28575,-427.5313,503.1979,1000
154,103.159805,-283.71695,476.936,1000
155,201.4349,-259.71927,497.58414,1000
156,126.59531,-141.36162,503.45416,1000
157,101.7439,-397.31656,489.05646,1000
158,327.13184,-89.31475,509.91443,1000
159,107.60596,-271.65594,479.39325,1000
160,320.8805,-48.62137,514.8107,1000
161,388.1071,7.691526,517.09796,1000
162,158.99571,-230.14369,498.5912,1000
163,106.99169,-398.97733,486.8886,1000
164,102.58631,-404.81815,494.12766,1000
165,117.9841,-166.78958,495.55286,1000
166,102.46883,-317.0525,479.6841,1000
167,130.47652,-127.180305,510.82553,1000
168,126.501015,-400.94086,478.10223,1000
169,415.8343,56.073307,506.69202,1000
170,146.42874,-286.6601,497.15723,1000
171,423.87692,66.512146,508.1902,1000
172,107.32961,-419.7063,486.18713,1000
173,118.724,-255.58055,490.04892,1000
174,104.3704,-269.64694,477.4608,1000
175,103.388504,-235.24382,453.97174,1000
176,108.17177,-436.55963,488.07184,1000
177,402.49026,44.471493,496.0103,1000
178,102.44132,-251.06992,462.1859,1000
179,119.64596,-502.65375,509.11542,1000
180,130.45787,-139.12692,510.6078,1000
181,208.89023,-240.69463,495.41754,1000
182,120.70755,-150.21712,490.43927,1000
183,105.858345,-416.74652,485.2703,1000
184,357.73114,-35.534824,512.63403,1000
185,114.94016,-189.87904,489.32202,1000
186,370.71362,-21.282894,521.03687,1000
187,104.06142,-353.17377,484.703,1000
188,105.283905,-246.11629,473.56354,1000
189,103.4754,-344.70364,480.6053,1000
190,106.79301,-506.31357,502.08423,1000
191,107.90353,-463.92874,488.32162,1000
192,118.6726,-303.67664,492.75494,1000
193,113.24764,-199.22868,492.74326,1000
194,104.19574,-255.82188,474.4485,1000
195,295.48288,-77.58249,484.86032,1000
196,320.8531,-52.80149,516.90106,1000
197,105.35321,-420.27887,489.07962,1000
198,117.04032,-173.76387,497.57916,1000
199,129.09634,-228.4676,490.04596,1000
200,109.095375,-217.10687,479.8736,1000
201,115.4245,-330.64554,491.9208,1000
202,127.24589,-130.9409,501.08908,1000
203,141.35048,-92.82289,531.8416,1000
204,298.50067,-80.04971,503.09818,1000
205,287.74164,-51.986847,504.58148,1000
206,106.51188,-501.12292,494.76016,1000
207,116.87934,-514.82513,513.777,1000
208,338.18094,-68.08903,514.38574,1000
209,120.795906,-153.66252,498.9671,1000
210,361.32324,-29.766523,513.5325,1000
211,101.04443,-353.6349,481.2383,1000
212,150.05095,-297.0646,491.05786,1000
213,214.496,-272.738,502.86386,1000
214,309.05396,-115.94889,514.0688,1000
215,131.80096,-255.49167,489.3438,1000
216,363.98495,-21.255688,508.06815,1000
217,250.50687,-218.81569,513.31494,1000
218,102.52878,-437.86008,483.12415,1000
219,108.00952,-243.60367,480.50778,1000
220,188.26471,-251.72633,493.66895,1000
221,114.27333,-329.21664,492.1744,1000
222,126.86253,-136.5006,505.8146,1000
223,102.82659,-365.2502,484.08984,1000
224,249.23647,-211.72136,503.1559,1000
225,104.45602,-327.6495,475.29492,1000
226,100.14091,-389.88104,485.57233,1000
227,123.53133,-141.73973,496.43198,1000
228,101.38386,-449.59476,491.11813,1000
229,136.1266,-111.375725,518.80096,1000
230,112.41443,-227.47964,492.62863,1000
231,101.4896,-382.78796,484.41757,1000
232,121.86952,-515.6578,516.2714,1000
233,316.07812,-101.54044,511.17422,1000
234,165.78014,-271.06448,490.85727,1000
235,126.65261,-148.41621,507.5839,1000
236,109.56974,-409.5768,492.20236,1000
237,163.65944,-231.67796,496.71106,1000
238,131.96355,-333.48297,497.6099,1000
239,212.56584,-109.69257,481.29907,1000
240,101.98029,-292.9134,473.84262,1000
241,112.21386,-200.89899,485.93378,1000
242,104.09612,-494.8511,490.94583,1000
243,104.44895,-245.05081,467.76376,1000
244,106.62481,-248.66241,482.81723,1000
245,140.65775,-102.36243,528.38007,1000
246,117.82283,-190.11784,480.01642,1000
247,169.5299,-380.71542,514.28314,1000
248,148.26846,-172.7082,486.288,1000
249,146.57085,-84.4282,542.95355,1000
250,111.71674,-199.1464,485.83463,1000
251,221.03801,-262.1377,510.41824,1000
252,391.3345,18.503593,519.8181,1000
253,105.234535,-446.69885,481.5087,1000
254,139.96564,-99.98087,527.5715,1000
255,141.32355,-511.50125,538.919,1000
256,104.62873,-425.94513,487.71936,1000
257,110.31463,-522.56744,510.2247,1000
258,170.34119,-196.3533,498.56277,1000
259,127.238106,-133.16591,500.96255,1000
260,125.87721,-481.38095,506.18124,1000
261,111.771065,-441.24963,490.84973,1000
262,180.2121,-255.1609,484.00967,1000
263,138.80688,-97.960175,529.6801,1000
264,203.28159,-282.01385,505.81985,1000
265,127.247986,-324.60706,496.00775,1000
266,169.87476,-69.543076,603.11804,1000
267,103.89181,-331.95065,488.3442,1000
268,230.25389,-235.918,503.58826,1000
269,444.28586,99.14965,505.48312,1000
270,104.83283,-440.83328,492.0746,1000
271,106.18543,-428.83536,481.0851,1000
272,114.70874,-372.04938,502.21817,1000
273,130.98593,-335.56216,494.89346,1000
274,108.866135,-540.14215,510.41077,1000
275,103.67297,-263.78757,474.16336,1000
276,125.48968,-144.49072,510.16824,1000
277,120.94442,-524.5708,515.63696,1000
278,285.1523,-165.36502,510.96942,1000
279,111.25858,-223.23605,490.3997,1000
280,136.51071,-423.9517,501.0085,1000
281,138.7081,-311.46097,497.77054,1000
282,103.201904,-270.41098,476.09305,1000
283,112.460785,-559.6168,520.51434,1000
284,131.73517,-117.779526,509.66318,1000
285,258.27637,-102.057045,491.96854,1000
286,284.42435,-93.74222,500.09613,1000
287,101.3107,-462.90515,493.86487,1000
288,109.0503,-231.22258,480.8786,1000
289,107.95311,-494.95258,497.26187,1000
290,135.99295,-109.22974,519.36597,1000
291,158.33636,-435.4367,526.726,1000
292,106.35565,-518.3744,504.80746,1000
293,237.01233,-235.90315,503.1451,1000
294,460.16586,120.45762,505.999,1000
295,282.49872,-159.00941,505.7394,1000
296,137.09453,-253.39658,485.6594,1000
297,106.407005,-228.1615,470.70685,1000
298,286.23547,-81.67619,500.7279,1000
299,439.9887,95.81349,502.0454,1000
300,443.5384,98.65669,503.30396,1000
301,361.21802,-24.993221,520.5472,1000
302,316.56888,-109.11358,510.95273,1000
303,218.56001,-248.03847,504.7795,1000
304,114.844025,-192.1125,491.545,1000
305,369.1298,-20.673424,516.8164,1000
306,300.22873,-120.14487,513.6149,1000
307,308.1864,-91.92047,504.87833,1000
308,105.30843,-353.13773,486.55078,1000
309,124.361435,-379.6192,497.25314,1000
310,148.76822,-124.232346,493.04437,1000
311,293.0424,-152.77757,513.58624,1000
312,246.20177,-61.5877,487.23044,1000
313,129.19722,-129.82674,506.52075,1000
314,132.86122,-167.84544,485.46198,1000
315,100.4183,-260.6582,463.10388,1000
316,107.94444,-236.95676,480.47726,1000
317,170.80614,-420.40802,529.0054,1000
318,108.58219,-402.18985,488.12006,1000
319,126.39676,-130.85684,506.58817,1000
320,105.59712,-357.26758,488.00296,1000
321,181.98077,-247.2887,493.49368,1000
322,156.0939,-427.621,518.9915,1000
323,105.66676,-387.52032,495.59875,1000
324,171.31561,-68.54768,605.74994,1000
325,119.7403,-179.41583,503.08887,1000
326,107.61698,-240.22186,481.6769,1000
327,303.6915,-132.77562,510.9772,1000
328,126.04294,-140.41634,504.55368,1000
329,135.72047,-100.650764,514.7729,1000
330,334.0226,-76.29708,514.64,1000
331,115.12625,-240.97514,485.71967,1000
332,267.28726,-87.206825,484.74472,1000
333,192.46547,-262.52725,495.58896,1000
334,388.66895,14.629607,506.49268,1000
335,383.5625,-3.2521045,521.489,1000
336,316.27768,-93.13759,505.40015,1000
337,236.93927,-195.43938,496.58646,1000
338,150.49327,-82.54139,552.2363,1000
339,109.6218,-348.68958,495.1869,1000
340,101.72445,-409.55682,484.95557,1000
341,170.3607,-329.01364,502.67883,1000
342,180.06673,-415.37576,534.06805,1000
343,368.40228,-19.735249,511.99176,1000
344,354.0129,-30.894659,500.74414,1000
345,204.64719,-215.16718,486.67392,1000
346,144.38893,-317.0522,496.58762,1000
347,174.07126,-222.42635,491.70532,1000
348,133.9846,-288.4598,496.299,1000
349,130.20941,-122.0429,507.19037,1000
350,104.54247,-500.15845,504.725,1000
351,120.95935,-263.38428,489.35312,1000
352,109.52214,-212.71716,480.83478,1000
353,112.786644,-221.43079,494.1361,1000
354,101.65981,-377.62344,488.77423,1000
355,122.75085,-166.56487,497.18362,1000
356,98.01745,-415.18207,481.48514,1000
357,108.56922,-259.48166,479.7039,1000
358,101.44266,-297.04175,472.372,1000
359,116.21413,-514.8418,513.8931,1000
360,383.24194,5.331459,509.6111,1000
361,432.90082,80.31751,505.6517,1000
362,103.11196,-259.38834,463.24744,1000
363,175.85565,-238.26474,479.06442,1000
364,388.7666,12.849024,515.5857,1000
365,277.1155,-168.5579,506.71686,1000
366,106.73228,-489.44812,491.47577,1000
367,108.697044,-516.9185,502.45108,1000
368,128.86656,-131.5618,506.1636,1000
369,105.36327,-486.6838,500.95178,1000
370,199.08446,-66.12316,494.1193,1000
371,431.99942,78.30759,508.59583,1000
372,131.16536,-123.45685,510.42966,1000
373,178.09862,-399.15298,527.5953,1000
374,239.80441,-155.78064,496.6719,1000
375,109.452,-225.88087,483.33716,1000
376,289.9803,-168.75334,516.0,1000
377,129.03218,-140.24295,510.3213,1000
378,350.4693,-37.518707,506.96048,1000
379,169.96437,-69.88957,603.55676,1000
380,126.48339,-139.7794,505.21002,1000
381,189.68628,-250.2964,492.80478,1000
382,256.4834,-181.8837,497.93713,1000
383,151.63535,-407.86957,512.03046,1000
384,362.81512,-27.35041,511.76294,1000
385,100.76935,-356.91348,471.61688,1000
386,198.81038,-272.0697,493.76593,1000
387,118.05261,-171.4065,498.17703,1000
388,232.03496,-260.13364,502.96017,1000
389,291.19373,-106.48628,505.4672,1000
390,131.32372,-115.92537,508.55057,1000
391,172.30809,-417.53708,529.599,1000
392,119.07624,-162.34102,496.63235,1000
393,101.85335,-232.38264,459.3223,1000
394,101.00481,-339.06387,475.9857,1000
395,215.8559,-71.17642,737.1009,1000
396,106.998856,-257.22852,483.6706,1000
397,104.21501,-315.77457,480.52573,1000
398,405.10526,40.797714,505.98947,1000
399,323.93005,-101.79415,516.69257,1000
400,363.2441,-28.32606,519.25214,1000
401,121.17982,-157.58476,497.64218,1000
402,358.02173,-30.445873,509.79102,1000
403,399.79156,27.557772,513.5455,1000
404,225.37248,-288.20697,514.7263,1000
405,104.55762,-501.88895,500.3771,1000
406,117.80408,-175.00035,494.13232,1000
407,135.44246,-111.02062,518.5083,1000
408,346.66452,-47.58686,509.05832,1000
409,123.37191,-505.98984,515.5885,1000
410,217.90129,-296.59598,511.64862,1000
411,403.228,31.256256,517.35376,1000
412,102.75858,-398.00974,487.70306,1000
413,101.646706,-431.37405,490.80414,1000
414,120.975845,-330.097,494.77435,1000
415,100.807236,-247.17229,457.85846,1000
416,143.2577,-91.90089,533.1774,1000
417,125.80247,-148.0008,495.41006,1000
418,105.57001,-422.33487,488.91376,1000
419,105.25299,-289.00385,481.88913,1000
420,385.41202,2.0488706,515.9798,1000
421,214.67883,-210.726,488.1394,1000
422,432.10635,88.83859,499.7593,1000
423,100.66224,-359.41544,480.4292,1000
424,160.8003,-312.81552,495.33102,1000
425,148.22847,-278.4001,503.5935,1000
426,249.45114,-109.42055,485.4263,1000
427,112.51657,-185.6232,476.20938,1000
428,131.86902,-129.56581,515.0917,1000
429,148.29674,-115.33473,498.04187,1000
430,196.4415,-69.9626,679.6539,1000
431,275.819,-184.21625,510.57883,1000
432,101.92291,-280.87064,472.47583,1000
433,100.35259,-357.4515,474.08777,1000
434,174.18398,-228.10239,498.05237,1000
435,428.4261,73.395996,507.9418,1000
436,468.61615,133.48509,504.68747,1000
437,107.07258,-402.32874,491.81418,1000
438,331.52454,-71.422554,488.17264,1000
439,101.13949,-332.56677,477.32327,1000
440,393.04962,23.709291,508.1297,1000
441,418.58917,60.915585,507.77194,1000
442,117.84397,-177.70201,497.10736,1000
443,102.690285,-405.86224,492.4823,1000
444,112.81523,-198.76277,492.11288,1000
445,236.12723,-269.81195,510.4842,1000
446,102.52453,-365.49292,484.56772,1000
447,205.1169,-152.00275,483.1475,1000
448,147.01985,-400.26364,503.79175,1000
449,101.604645,-383.43137,485.8511,1000
450,246.81108,-44.29715,480.3271,1000
451,110.1879,-214.54355,482.48053,1000
452,111.28419,-406.10672,496.6827,1000
453,393.04492,23.849718,502.25385,1000
454,125.3392,-397.06207,483.50146,1000
455,109.32781,-200.91922,475.34546,1000
456,190.63615,-94.46016,500.82455,1000
457,266.9362,-116.07477,495.44095,1000
458,117.719376,-180.54218,497.1408,1000
459,226.72191,-309.74835,516.93774,1000
460,101.96806,-460.61508,496.28415,1000
461,116.73219,-536.1319,515.8903,1000
462,111.28212,-391.03027,497.78317,1000
463,112.35077,-200.06873,481.80426,1000
464,122.335304,-409.9978,495.2657,1000
465,180.64273,-176.08957,490.398,1000
466,150.21594,-84.81577,552.036,1000
467,144.72327,-282.48868,475.2472,1000
468,101.42124,-338.2985,476.07498,1000
469,196.02567,-304.49768,509.5764,1000
470,295.6445,-129.60164,500.19846,1000
471,101.85582,-442.69937,488.08945,1000
472,409.70996,47.63464,505.4303,1000
473,104.6251,-466.316,484.85074,1000
474,239.85825,-147.26144,495.08304,1000
475,103.719604,-366.19284,493.79053,1000
476,284.83035,-44.32883,499.64865,1000
477,340.28485,-51.114082,497.71277,1000
478,127.92979,-345.2059,496.25854,1000
479,103.45345,-335.50772,482.23706,1000
480,366.07327,-21.595486,507.53024,1000
481,376.52762,-11.8501835,521.1254,1000
482,125.451485,-133.06412,503.03534,1000
483,382.83444,0.440212,517.6787,1000
484,108.160835,-413.34857,487.63647,1000
485,115.370316,-208.98772,500.8582,1000
486,348.1434,-40.605713,504.07376,1000
487,356.31067,-27.265562,521.6747,1000
488,158.87975,-373.46692,501.8033,1000
489,390.80576,20.061604,502.54367,1000
490,109.42585,-251.38013,481.32938,1000
491,99.669266,-338.76965,470.44812,1000
492,230.51007,-263.9064,510.05634,1000
493,99.515884,-247.94771,458.3138,1000
494,147.87927,-85.06871,544.65643,1000
495,425.55756,73.89581,504.71597,1000
496,126.3249,-141.22273,491.59283,1000
497,368.7451,-7.437659,516.50665,1000
