,x,y,z,iter
0,526.62787,-38.067173,813.19806,50
1,205.46669,-310.3939,718.66144,50
2,575.70624,-40.423336,887.86835,50
3,205.76805,-310.52518,719.847,50
4,167.92407,-253.515,587.2426,50
5,278.8509,-420.96176,976.38116,50
6,462.9495,-35.23566,716.52246,50
7,122.00455,-184.75401,426.68314,50
8,216.29128,-326.6212,756.6917,50
9,157.84767,-238.4212,551.98834,50
10,93.30562,-142.06065,327.12048,50
11,509.23352,-37.19254,786.7079,50
12,109.870316,-166.4846,384.2808,50
13,155.28047,-234.6569,543.01733,50
14,199.75093,-301.50113,698.74207,50
15,397.23932,-35.233845,619.5378,50
16,343.82407,-44.280537,550.9417,50
17,134.40291,-203.23799,469.98697,50
18,142.36775,-215.31424,497.8545,50
19,151.05464,-228.35774,528.23303,50
20,237.12263,-41.15122,391.99976,50
21,509.5343,-37.141476,787.07056,50
22,105.430984,-159.96953,368.9166,50
23,137.95552,-208.58598,482.41458,50
24,164.29778,-248.21407,574.5642,50
25,502.21344,-36.81774,775.9726,50
26,164.05562,-247.81819,573.7188,50
27,428.49103,-33.286007,663.7009,50
28,367.38312,-36.928646,577.3422,50
29,76.2912,-1.7874583,116.775444,50
30,175.67146,-265.38504,614.34814,50
31,110.354034,-167.13963,385.93683,50
32,183.64366,-277.1911,642.2498,50
33,187.5161,-283.1551,655.8083,50
34,166.70833,-251.84233,582.9988,50
35,236.83116,-357.67886,828.85785,50
36,333.1999,-503.1293,1167.2134,50
37,94.74475,-144.76338,332.78262,50
38,235.81973,-356.05954,825.22076,50
39,435.7514,-34.524,675.67224,50
40,142.4269,-215.19118,498.01636,50
41,218.49184,-329.83615,764.5287,50
42,200.38219,-302.51126,700.93884,50
43,323.76312,-488.94226,1134.0895,50
44,616.3592,-42.485477,949.77826,50
45,187.26189,-282.8237,654.898,50
46,579.1025,-40.572353,893.0157,50
47,107.01617,-162.16884,374.3265,50
48,184.94026,-279.29523,646.76355,50
49,125.58048,-190.09258,439.1752,50
50,224.82265,-339.41248,786.72156,50
51,449.84174,-34.844307,696.7815,50
52,166.2647,-251.32031,581.4481,50
53,98.63285,-149.74248,345.23788,50
54,605.82245,-41.94788,933.72955,50
55,135.2669,-204.52147,472.98737,50
56,408.6308,-34.397804,635.5791,50
57,28.504095,-29.259756,80.32498,50
58,292.9837,-442.29153,1026.0449,50
59,450.43973,-34.62994,697.43176,50
60,525.66284,-37.831074,811.51215,50
61,471.56946,-35.534344,729.54694,50
62,422.00287,-35.041794,655.92426,50
63,336.2458,-507.94907,1177.8943,50
64,228.744,-345.17966,800.53485,50
65,280.0924,-42.87289,456.33,50
66,182.8026,-276.0427,639.31055,50
67,598.5489,-41.550125,922.6204,50
68,92.40582,-143.17854,327.3682,50
69,216.2104,-326.07736,756.54,50
70,175.40605,-265.1969,613.4616,50
71,123.903076,-187.51808,433.3087,50
72,443.5511,-34.483517,687.14825,50
73,221.55064,-334.56168,775.06085,50
74,101.97188,-154.84944,356.94955,50
75,262.7968,-396.86572,919.9113,50
76,154.00014,-232.8208,538.5534,50
77,95.2745,-145.54799,334.55576,50
78,477.32922,-35.725666,738.16797,50
79,124.367065,-188.13124,434.86176,50
80,114.3113,-173.08975,399.7518,50
81,133.94627,-202.45467,468.3799,50
82,323.0735,-487.8184,1131.7059,50
83,126.598816,-191.64087,442.74908,50
84,162.79224,-245.82307,569.28253,50
85,469.70325,-35.38374,726.6528,50
86,138.64915,-209.64034,484.8328,50
87,250.69495,-378.49716,877.3979,50
88,178.73872,-270.02786,625.07513,50
89,176.32481,-266.37814,616.63446,50
90,90.787384,-140.69215,321.77798,50
91,218.75883,-330.36823,765.33405,50
92,155.95912,-235.56102,545.3863,50
93,314.99554,-475.75302,1103.2583,50
94,185.33315,-279.99484,648.1904,50
95,126.731316,-191.90788,443.24118,50
96,245.99486,-371.19052,861.0324,50
97,295.1797,-445.9125,1033.6235,50
98,208.46935,-314.73227,729.28107,50
99,485.75433,-36.02006,750.9098,50
100,132.7202,-200.76997,464.1082,50
101,346.78882,-41.639355,552.3497,50
102,119.15251,-180.19708,416.59836,50
103,103.88345,-157.51521,363.44034,50
104,336.55402,-39.609543,535.0553,50
105,93.41704,-143.57964,329.32938,50
106,286.8145,-433.12613,1004.21027,50
107,129.28658,-195.79008,452.21005,50
108,120.61313,-182.5048,421.7709,50
109,391.47958,-34.593258,610.4902,50
110,265.62933,-400.89133,929.90375,50
111,158.5873,-239.93748,554.65326,50
112,103.64098,-157.14919,362.58548,50
113,89.98534,-137.58217,316.3564,50
114,139.10356,-210.53581,486.49945,50
115,410.6781,-34.349545,638.5223,50
116,181.0599,-273.33047,633.1952,50
117,100.00128,-24.135153,174.28409,50
118,195.3973,-294.90012,683.4787,50
119,165.40208,-249.81688,578.4476,50
120,424.40244,-34.54991,659.0117,50
121,158.03175,-238.70976,552.638,50
122,140.53575,-212.5308,491.43314,50
123,139.23485,-210.54282,486.88205,50
124,209.52364,-316.16226,733.0338,50
125,217.63103,-328.39325,761.4568,50
126,153.02522,-231.03181,535.08075,50
127,89.56491,-136.29303,314.03488,50
128,185.78685,-280.6794,649.7439,50
129,95.14422,-144.53058,333.14743,50
130,119.40092,-180.82478,417.5828,50
131,466.83575,-35.36751,722.35736,50
132,138.88283,-209.87993,485.6265,50
133,336.41705,-508.00052,1178.533,50
134,190.57509,-287.83475,666.5055,50
135,221.37169,-334.19144,774.5531,50
136,156.97667,-237.15619,548.96844,50
137,147.32281,-222.62848,515.18524,50
138,187.44638,-282.96744,655.5555,50
139,612.5717,-42.285175,944.00073,50
140,232.24489,-32.67449,375.295,50
141,202.54112,-305.7781,708.5307,50
142,303.46463,-458.35135,1062.8475,50
143,182.65355,-275.7059,638.767,50
144,566.357,-39.86755,873.52136,50
145,429.17914,-34.157234,665.59564,50
146,246.13382,-371.4456,861.5955,50
147,139.13332,-210.32707,486.51102,50
148,374.96887,-38.549572,590.1249,50
149,154.19386,-232.88582,539.2148,50
150,190.45921,-287.7894,666.0705,50
151,196.90056,-297.1254,688.7381,50
152,135.90944,-205.7023,475.33234,50
153,240.24896,-362.62094,840.9173,50
154,155.67697,-235.34073,544.43353,50
155,132.0403,-199.65706,461.70712,50
156,188.26714,-284.07736,658.4416,50
157,129.75482,-196.2979,453.74902,50
158,552.38434,-39.32752,852.4125,50
159,164.55981,-248.5583,575.4855,50
160,139.20778,-210.44818,486.7891,50
161,221.87877,-35.004566,362.79352,50
162,132.85838,-200.80708,464.54965,50
163,147.65697,-223.21837,516.3462,50
164,212.75844,-321.1149,744.4225,50
165,263.02103,-396.94077,920.7547,50
166,250.05217,-377.78378,875.09296,50
167,207.31084,-312.70737,725.2708,50
168,105.47768,-160.06572,369.0767,50
169,448.05234,-34.512875,693.77313,50
170,92.669876,-141.98796,326.13052,50
171,376.99872,-37.781773,592.4018,50
172,181.86292,-274.49594,636.01337,50
173,208.2949,-314.6503,728.58636,50
174,250.29106,-377.68948,876.18616,50
175,266.01962,-401.53146,931.316,50
176,166.3106,-251.03119,581.5905,50
177,423.7085,-34.037025,657.44464,50
178,153.97801,-232.68759,538.4762,50
179,129.74805,-196.20941,453.69284,50
180,401.63025,-606.90393,1407.4354,50
181,159.23811,-240.44246,556.8516,50
182,135.12752,-204.2718,472.5339,50
183,149.26817,-225.56093,521.956,50
184,555.8533,-39.474857,857.6774,50
185,190.49918,-287.50983,666.28656,50
186,99.18326,-150.72432,347.28458,50
187,239.79417,-361.91397,839.3013,50
188,169.96315,-256.89905,594.40607,50
189,99.23509,-150.59358,347.2769,50
190,199.95448,-301.90042,699.39825,50
191,131.66313,-199.21251,460.43933,50
192,137.6097,-208.24245,481.24802,50
193,199.87595,-301.78726,699.1104,50
194,145.19344,-219.48125,507.70496,50
195,493.9714,1.2193142,751.1208,50
196,90.774536,-140.6071,321.63242,50
197,191.07393,-288.58768,668.2364,50
198,206.92924,-312.55838,723.8566,50
199,168.09724,-254.02953,587.863,50
200,175.10542,-264.36487,612.35944,50
201,178.74239,-269.88095,625.0883,50
202,179.235,-270.66397,626.81287,50
203,348.35706,-525.93994,1220.5973,50
204,91.26339,-140.03363,321.49875,50
205,212.32826,-320.6688,742.72845,50
206,139.92036,-211.57935,489.29263,50
207,70.08966,-26.607817,135.43489,50
208,117.15951,-177.46553,409.7587,50
209,218.51796,-329.75397,764.6003,50
210,44.195038,-35.048252,110.41478,50
211,139.29707,-210.53265,487.0868,50
212,131.17645,-198.63899,458.81512,50
213,260.5274,-43.736202,428.9427,50
214,47.57578,-73.497505,168.05411,50
215,121.36883,-183.89201,424.4857,50
216,497.33655,-36.7174,768.67267,50
217,42.478054,-64.858826,148.83673,50
218,127.57948,-193.25652,446.2446,50
219,219.65497,-331.42728,768.6275,50
220,213.75313,-322.71707,747.85547,50
221,152.77946,-231.01619,534.2891,50
222,284.96313,-430.29633,997.7956,50
223,147.21477,-222.71875,514.85583,50
224,166.66219,-251.67508,582.83527,50
225,149.75967,-226.11284,523.65845,50
226,146.07199,-220.71483,510.78336,50
227,139.72481,-211.22954,488.60312,50
228,140.36015,-212.35634,490.84912,50
229,406.1495,-613.32043,1423.6858,50
230,174.41293,-263.4815,609.9465,50
231,137.7033,-208.29704,481.56625,50
232,497.07507,-36.59199,768.1868,50
233,107.59267,-162.69801,376.15164,50
234,141.95491,-214.73314,496.44073,50
235,218.6845,-330.12897,765.1302,50
236,206.6162,-311.5556,722.82,50
237,227.20338,-343.01083,795.0982,50
238,109.695145,-166.17274,383.63858,50
239,134.23534,-203.11806,469.45062,50
240,233.61519,-352.66513,817.528,50
241,150.89893,-228.27327,527.75775,50
242,113.07341,-171.29572,395.46472,50
243,240.68587,-363.09042,842.46954,50
244,208.46992,-314.7585,729.22906,50
245,140.2642,-212.07756,490.44638,50
246,276.62317,-417.57443,968.6038,50
247,95.31604,-144.73112,333.69485,50
248,200.65773,-302.9746,701.826,50
249,154.22147,-233.10878,539.30817,50
250,197.2972,-297.8318,690.06836,50
251,326.97546,-45.20576,527.3283,50
252,143.71327,-217.26558,502.54483,50
253,168.39064,-254.26888,588.87256,50
254,330.77405,-499.37515,1158.8605,50
255,102.61057,-155.78642,359.14017,50
256,93.53779,-143.16016,328.93314,50
257,103.51396,-157.14583,362.26822,50
258,269.71027,-407.03354,944.32654,50
259,175.29167,-264.7737,613.0134,50
260,301.148,-454.76056,1054.7444,50
261,180.36882,-272.19748,630.8018,50
262,122.78879,-185.89818,429.4388,50
263,276.17752,-416.96536,966.9177,50
264,149.66743,-226.23717,523.39557,50
265,125.104416,-189.36435,437.52444,50
266,289.44543,-437.02713,1013.5894,50
267,461.41907,-697.15186,1617.6833,50
268,105.58414,-160.24536,369.47794,50
269,531.92236,-38.236023,821.17377,50
270,224.98056,-339.76065,787.143,50
271,118.44429,-179.39915,414.23416,50
272,260.18262,-392.71243,910.8288,50
273,183.51392,-277.00888,641.7963,50
274,123.72859,-187.38579,432.74533,50
275,235.73778,-355.94388,825.0024,50
276,320.19028,-483.31906,1121.7393,50
277,156.45763,-236.3832,547.11554,50
278,602.3503,-41.76781,928.4368,50
279,244.0949,-368.54407,854.3326,50
280,201.24312,-303.80917,703.94403,50
281,161.08128,-243.36586,563.29913,50
282,279.6911,-422.45523,979.2675,50
283,93.04875,-143.57982,328.78653,50
284,221.29213,-333.9559,774.27167,50
285,95.968445,-145.61295,335.8754,50
286,127.73836,-193.37912,446.7499,50
287,284.1117,-428.86414,994.9019,50
288,193.29784,-292.00357,676.0456,50
289,153.03627,-231.19753,535.1622,50
290,183.77702,-277.56754,642.67664,50
291,89.89168,-137.95822,316.75644,50
292,174.62547,-263.78555,610.6982,50
293,157.90688,-22.770403,255.92047,50
294,336.91656,-44.611225,541.221,50
295,92.37878,-143.27748,327.5088,50
296,219.52486,-331.225,768.1528,50
297,152.11423,-229.99568,531.9633,50
298,139.62987,-211.08003,488.27386,50
299,510.57352,-37.241962,788.7271,50
300,536.44,-38.466183,828.0572,50
301,102.601326,-155.69138,359.06577,50
302,188.8955,-33.146664,312.74988,50
303,110.92537,-168.02084,387.93753,50
304,290.22784,-438.0779,1016.29083,50
305,77.5746,-120.44565,274.97006,50
306,90.54929,-139.30214,319.5214,50
307,116.41927,-176.22163,407.12363,50
308,230.11508,-347.4586,805.2807,50
309,189.51695,-285.99127,662.8054,50
310,187.86653,-283.7512,657.0319,50
311,469.73486,-35.42716,726.6728,50
312,173.68872,-262.1813,607.4109,50
313,226.39662,-341.6937,792.1799,50
314,191.90044,-289.96707,671.1204,50
315,130.46169,-197.25613,456.18747,50
316,96.28255,-146.27075,337.1166,50
317,88.06215,-135.34529,310.62582,50
318,101.38985,-153.57094,354.59424,50
319,242.54417,-366.3594,848.75287,50
320,155.6686,-235.17278,544.38995,50
321,178.41344,-269.45535,623.97394,50
322,90.72944,-138.33821,318.40103,50
323,90.020706,-136.92152,315.5377,50
324,347.4621,-524.87024,1217.3087,50
325,285.7309,-431.60873,1000.5124,50
326,278.34647,-420.08038,974.6852,50
327,557.18195,-39.527462,859.6807,50
328,175.97777,-265.84933,615.45026,50
329,224.24892,-338.34045,784.6341,50
330,605.0634,-41.915142,932.5794,50
331,224.38046,-338.7327,785.10333,50
332,135.67802,-205.41438,474.5393,50
333,141.5097,-213.88641,494.82956,50
334,584.3342,-40.89196,901.04333,50
335,112.44525,-170.47572,393.32175,50
336,86.46709,-133.35423,305.65097,50
337,142.89992,-215.99525,499.6885,50
338,157.5152,-237.93785,550.8395,50
339,239.14522,-360.88077,836.96136,50
340,206.62534,-311.9271,722.81665,50
341,154.59944,-233.78436,540.6469,50
342,111.7675,-22.640198,189.08646,50
343,43.716564,-64.416824,149.83679,50
344,39.329563,-48.94128,122.588104,50
345,166.1204,-31.146027,277.3776,50
346,157.81837,-238.42044,551.9124,50
347,152.47491,-230.61494,533.25336,50
348,94.47034,-143.53006,330.8218,50
349,292.386,-441.44434,1023.9225,50
350,196.43315,-296.28336,687.08136,50
351,211.27629,-319.0303,739.1098,50
352,309.46198,-467.0275,1084.048,50
353,122.34799,-185.0447,427.79788,50
354,275.20126,-415.36682,963.62775,50
355,375.60242,-567.0198,1316.3495,50
356,92.451935,-143.4359,327.81964,50
357,138.52507,-209.45753,484.4042,50
358,150.02184,-226.81871,524.6463,50
359,32.002316,-29.43704,85.69353,50
360,498.6336,-36.59689,770.4554,50
361,313.3816,-47.135532,509.6504,50
362,173.55148,-262.13342,606.9357,50
363,225.88466,-341.04562,790.4191,50
364,92.15584,-140.66728,323.5981,50
365,471.56046,-35.41005,729.34064,50
366,167.22292,-252.72774,584.8061,50
367,243.96538,-368.43927,853.8598,50
368,202.19185,-305.06754,707.28906,50
369,163.62547,-247.23775,572.23517,50
370,216.7329,-327.2319,758.3043,50
371,513.3851,-37.435093,793.0597,50
372,373.7177,-564.40485,1309.7249,50
373,449.85498,-34.76062,696.6995,50
374,147.56284,-223.16512,516.03876,50
375,175.6941,-265.36343,614.4316,50
376,92.89296,-140.97023,325.19382,50
377,387.50067,-585.29114,1358.1127,50
378,417.19098,-33.917343,647.6747,50
379,193.71808,-292.53256,677.5026,50
380,343.46957,-518.64136,1203.4019,50
381,266.7431,-402.67786,933.8671,50
382,130.97365,-198.16795,458.0353,50
383,91.56038,-141.84218,324.4161,50
384,550.64386,-39.16913,849.6878,50
385,157.95137,-238.29974,552.2618,50
386,92.757,-142.08156,326.38605,50
387,222.2622,-335.62305,777.6513,50
388,89.54724,-137.34843,315.43234,50
389,221.43529,-334.00742,774.87683,50
390,223.76561,-337.74002,782.996,50
391,86.60531,-134.72633,307.5775,50
392,191.80052,-289.4698,670.8232,50
393,212.15215,-320.35104,742.1999,50
394,143.76933,-217.51778,502.80518,50
395,409.1831,-618.0253,1434.2485,50
396,193.32103,-291.83438,676.1324,50
397,125.884186,-190.40553,440.16104,50
398,587.0121,-41.014183,905.11646,50
399,141.81319,-214.43831,495.9034,50
400,372.43112,-35.245583,583.0122,50
401,257.94077,-389.40494,902.9282,50
402,67.13614,-104.48053,238.44171,50
403,106.755646,-22.79924,182.07965,50
404,92.21768,-141.84654,325.30685,50
405,121.399826,-183.84218,424.58212,50
406,296.78638,-447.9872,1039.3812,50
407,224.82356,-339.4472,786.6567,50
408,95.677216,-145.76744,335.46176,50
409,86.25081,-133.39479,305.44907,50
410,527.44775,-38.063835,814.3968,50
411,243.95795,-41.43353,402.23282,50
412,189.98369,-286.6985,664.44574,50
413,185.39424,-279.8372,648.3663,50
414,103.02084,-156.26909,360.47733,50
415,204.08846,-308.26678,713.8497,50
416,315.72992,-476.7169,1105.7952,50
417,223.35506,-337.29355,781.4823,50
418,190.30551,-287.25052,665.5831,50
419,190.17043,-287.10342,665.06995,50
420,81.19685,-126.04605,287.85025,50
421,223.39122,-337.21634,781.6429,50
422,91.40127,-139.44829,320.85532,50
423,161.89275,-244.54279,566.13104,50
424,233.69807,-352.7,817.9185,50
425,154.37343,-233.06023,539.83026,50
426,197.21889,-297.70493,689.79156,50
427,186.65167,-281.81345,652.7746,50
428,420.2821,-634.85284,1473.263,50
429,179.72972,-271.5273,628.5676,50
430,377.76154,-570.58386,1323.7505,50
431,137.35616,-207.90883,480.37625,50
432,311.85745,-470.77026,1092.3535,50
433,71.29564,-109.79254,251.24704,50
434,180.95894,-273.24533,632.84076,50
435,454.61353,-34.753254,703.734,50
436,91.06913,-140.81483,322.32944,50
437,139.60454,-210.94606,488.16617,50
438,233.64368,-39.165462,384.57132,50
439,163.32475,-246.81834,571.1921,50
440,87.74318,-135.48466,310.3917,50
441,422.56616,-34.087933,655.7834,50
442,183.18785,-276.49088,640.637,50
443,262.9546,-396.99603,920.5909,50
444,283.45227,-427.95938,992.5524,50
445,90.492935,-137.81523,317.39346,50
446,328.0831,-495.317,1149.3718,50
447,262.21756,-395.84903,917.99286,50
448,151.08525,-228.2543,528.34265,50
449,130.67628,-197.68553,456.9468,50
450,257.9958,-389.51053,903.081,50
451,93.61337,-144.22849,330.50534,50
452,155.69171,-235.42091,544.4714,50
453,557.25287,-39.538445,859.8115,50
454,244.49156,-369.06967,855.7769,50
455,194.24956,-293.14346,679.3969,50
456,125.04388,-189.21431,437.2945,50
457,140.553,-212.54565,491.51932,50
458,223.00945,-336.75674,780.27313,50
459,552.88745,-39.391895,853.2242,50
460,140.56924,-212.63933,491.59305,50
461,197.55733,-30.270353,322.0625,50
462,267.22528,-403.56882,935.47107,50
463,271.12964,-409.2797,949.341,50
464,89.91978,-138.53725,317.57574,50
465,250.44814,-378.03378,876.65326,50
466,233.19759,-352.0117,816.064,50
467,175.86992,-265.53372,615.03326,50
468,111.397156,-168.61891,389.51416,50
469,145.70845,-220.21529,509.53717,50
470,129.11497,-195.6919,451.6441,50
471,101.54095,-153.80019,355.11264,50
472,50.096313,-77.588135,177.34686,50
473,175.58675,-265.09097,614.04266,50
474,171.08931,-258.41415,598.3352,50
475,147.00389,-222.21124,514.05743,50
476,206.22316,-311.35416,721.3548,50
477,559.33954,-39.591038,862.9278,50
478,142.31503,-215.16931,497.6574,50
479,256.62717,-387.55606,898.3747,50
480,385.00507,-35.20276,601.497,50
481,91.56477,-142.0855,324.75415,50
482,146.26726,-221.16231,511.46573,50
483,426.93665,-34.02502,662.19745,50
484,112.32971,-170.23387,392.9039,50
485,297.8152,-449.942,1042.7848,50
486,93.392365,-141.89857,327.0815,50
487,89.97981,-137.13509,315.7369,50
488,173.54468,-262.00635,606.9141,50
489,430.22784,-34.449337,667.4317,50
490,242.45607,-366.2341,848.4904,50
491,149.20215,-225.62303,521.77606,50
492,222.50388,-336.04208,778.47595,50
493,158.87874,-240.12079,555.5896,50
494,230.31264,-347.37582,806.00116,50
495,433.79596,-34.487938,672.74945,50
496,320.3393,-483.69125,1122.1135,50
497,91.89515,-141.80598,324.81876,50
0,537.5849,36.95966,708.66235,100
1,193.4754,-365.26096,793.20154,100
2,583.54095,38.49992,770.348,100
3,210.8285,-397.8387,864.34534,100
4,132.65912,-250.74625,543.98755,100
5,186.93451,-353.12906,766.4761,100
6,494.75714,34.602352,651.8899,100
7,108.77886,-0.887373,159.36137,100
8,110.72644,-211.93027,456.35437,100
9,72.84641,-122.991714,279.72003,100
10,166.33412,9.858316,225.80527,100
11,550.93665,36.53994,727.1838,100
12,58.79714,-98.936905,222.16182,100
13,112.08421,-214.47409,461.97845,100
14,169.37311,-320.27383,694.60706,100
15,456.25922,32.927933,600.6626,100
16,399.85382,30.270405,526.1663,100
17,83.197914,-153.03865,335.8615,100
18,74.009285,-137.24152,299.65472,100
19,91.15865,-176.67384,378.0714,100
20,365.36227,27.121456,481.19293,100
21,543.6791,36.848618,717.05084,100
22,133.77295,5.557827,184.70647,100
23,112.65208,-215.33417,464.10925,100
24,117.45626,-223.25587,482.3731,100
25,515.0795,35.269955,679.1278,100
26,113.20411,-216.09889,466.07324,100
27,496.76355,29.76547,658.0134,100
28,470.59674,29.214064,622.63196,100
29,502.3113,32.656017,692.63477,100
30,183.10341,-345.91428,750.89,100
31,67.88744,-128.40337,277.71667,100
32,153.63113,-290.4053,630.22296,100
33,137.97827,-261.65146,566.1217,100
34,120.19898,-228.53503,493.79132,100
35,157.07114,-297.34964,644.4077,100
36,223.63034,-421.8972,916.92444,100
37,207.56505,14.115206,277.60944,100
38,158.50266,-299.81122,650.12524,100
39,480.69836,35.536118,632.2114,100
40,69.61653,-93.17184,234.13985,100
41,123.04264,-233.53906,504.89722,100
42,167.96173,-317.67685,688.92395,100
43,246.23056,-463.8661,1009.2269,100
44,597.4499,38.924686,789.07385,100
45,104.54035,-201.68498,432.74155,100
46,581.41113,38.28203,767.6084,100
47,71.08932,-67.13854,199.74779,100
48,111.54797,-212.8611,459.13474,100
49,89.89536,-67.39237,228.9182,100
50,149.4393,-283.06052,613.16174,100
51,501.53357,35.156425,660.76575,100
52,107.19994,-206.23958,443.00378,100
53,132.15494,-250.54247,542.3432,100
54,595.80756,38.931507,786.8219,100
55,102.38765,-197.32396,423.58862,100
56,461.25128,33.790363,606.8604,100
57,423.5473,25.24292,561.15967,100
58,217.36172,-410.2776,891.3695,100
59,518.4581,34.318012,684.36,100
60,565.4606,36.479633,747.09033,100
61,514.73004,35.231293,678.6863,100
62,445.83148,33.890938,586.1953,100
63,226.7514,-427.55475,929.44934,100
64,191.82257,-362.2044,786.72205,100
65,418.2374,26.585814,552.7971,100
66,118.70704,-224.92442,486.68048,100
67,595.99725,38.818195,787.1777,100
68,294.55362,19.793825,389.51077,100
69,191.2901,-360.81805,784.37054,100
70,125.94132,-239.15306,517.01556,100
71,80.65444,-155.52982,333.5017,100
72,479.3431,30.750793,633.44495,100
73,139.79488,-265.03452,573.70636,100
74,187.64102,9.585187,259.9316,100
75,213.92041,-403.3868,876.96857,100
76,106.24799,-204.34267,439.09265,100
77,278.6816,20.410587,369.22488,100
78,517.2353,35.502407,681.90674,100
79,65.287926,-110.10847,250.07219,100
80,99.05093,-191.75772,410.6675,100
81,82.641266,-145.85655,326.23502,100
82,274.07526,-516.68713,1124.0057,100
83,91.71732,-178.64711,381.38242,100
84,98.44094,-179.38127,395.88025,100
85,517.35645,35.390423,682.23315,100
86,88.21372,-167.33888,361.89905,100
87,215.06163,-405.42593,881.4563,100
88,248.0039,-466.9617,1015.9946,100
89,121.02132,-230.3514,497.41003,100
90,280.67484,21.57209,374.332,100
91,133.97601,-253.7585,549.55206,100
92,73.86643,-114.37077,269.61298,100
93,233.2037,-439.23984,955.49255,100
94,93.59763,-69.16853,236.60652,100
95,101.38829,-197.08873,421.38483,100
96,227.2378,-428.50055,931.59924,100
97,184.27478,-348.1056,755.5929,100
98,152.50409,-288.8613,625.6778,100
99,532.4628,35.909424,702.3971,100
100,69.34197,-27.38404,138.77565,100
101,419.33875,30.274881,552.1351,100
102,71.825714,-102.27837,250.01102,100
103,84.06272,-18.724548,150.03798,100
104,484.74542,31.35117,640.34625,100
105,291.10602,14.121025,388.45917,100
106,182.2708,-344.35193,747.5471,100
107,83.61637,-18.477861,146.02858,100
108,89.40569,-158.05217,353.24683,100
109,459.80438,32.707924,605.52734,100
110,201.71487,-380.7429,827.0913,100
111,138.5788,-262.88266,568.8113,100
112,51.797237,-58.798985,158.27458,100
113,252.76422,18.340729,335.51978,100
114,101.11135,-196.13106,419.75714,100
115,434.23245,29.954773,572.5149,100
116,173.65802,-328.28192,712.33813,100
117,421.52472,26.073734,557.82294,100
118,193.74698,-365.87057,794.4828,100
119,91.04368,-171.29082,372.3639,100
120,454.52582,32.74817,598.3676,100
121,106.3081,-199.33176,434.32986,100
122,113.55912,-42.421703,229.47002,100
123,133.74414,-253.48036,548.7325,100
124,204.80559,-386.56436,839.84735,100
125,158.03302,-299.0222,648.30554,100
126,78.65467,-149.79938,323.20178,100
127,52.440166,-60.87649,162.35316,100
128,105.86245,-199.55171,433.23993,100
129,94.40626,-6.867455,145.25877,100
130,154.83984,-293.17758,635.3303,100
131,501.95575,35.09939,661.3286,100
132,75.01076,-105.16907,258.8724,100
133,237.76938,-448.44833,974.86707,100
134,122.1571,-231.8545,501.29694,100
135,157.10474,-297.2729,644.50714,100
136,137.44821,-260.55136,563.9258,100
137,164.07089,-310.3608,673.1041,100
138,137.90375,-261.5596,565.8754,100
139,598.24695,38.88766,790.19434,100
140,439.77362,26.97127,582.0869,100
141,131.74954,-249.8907,540.6322,100
142,215.85449,-407.53857,885.2875,100
143,169.55325,-320.606,695.4904,100
144,581.179,37.818974,767.61487,100
145,489.0025,34.460697,644.11346,100
146,199.79749,-377.16205,819.3082,100
147,84.27799,-159.79561,345.66483,100
148,407.41553,30.46587,535.9784,100
149,88.55523,-99.448746,272.03775,100
150,168.21803,-318.23306,690.05615,100
151,145.96335,-272.30472,595.6929,100
152,64.00571,-41.784492,152.92995,100
153,212.61588,-401.27225,871.70276,100
154,102.75996,-195.10031,421.7046,100
155,100.755974,-195.26537,418.11438,100
156,228.27115,-430.0938,935.6003,100
157,94.66006,-181.22585,390.19946,100
158,562.81305,37.697044,742.59326,100
159,172.43622,-325.96536,707.2301,100
160,106.370995,-204.19057,439.24524,100
161,411.06946,24.951773,544.2702,100
162,80.48983,-134.59773,307.56104,100
163,135.96057,-257.7545,557.9662,100
164,121.42872,-215.66719,481.70074,100
165,194.07042,-366.3214,795.7644,100
166,163.48618,-309.33917,670.73,100
167,177.49335,-333.10794,727.447,100
168,109.77361,-210.45726,452.88867,100
169,520.4874,34.830685,686.8551,100
170,116.82522,1.3324358,168.24709,100
171,415.2914,30.861828,546.431,100
172,66.82611,-87.01315,221.18599,100
173,153.63177,-290.86166,630.3446,100
174,250.50806,-471.81693,1026.7633,100
175,177.16522,-334.81897,726.5502,100
176,150.34625,-283.35852,616.4438,100
177,511.77676,34.31006,675.286,100
178,88.624916,-165.82732,361.30817,100
179,130.2641,-247.24226,534.7021,100
180,352.88986,-663.00085,1445.2188,100
181,131.35066,-249.04762,538.8244,100
182,120.476006,-227.58105,493.93216,100
183,95.96085,-185.12624,397.1543,100
184,563.00085,37.74474,742.83276,100
185,94.83961,-113.7416,301.2348,100
186,164.28494,9.555241,222.60098,100
187,183.63625,-346.93094,753.068,100
188,105.43467,-202.60768,435.4508,100
189,88.03421,-11.654449,143.64738,100
190,134.08974,-253.51947,549.79974,100
191,79.068184,-156.0635,330.8974,100
192,96.456764,-190.07549,403.77155,100
193,112.90348,-215.64217,464.86368,100
194,98.71906,-192.7808,411.33435,100
195,83.376686,-66.91596,209.52121,100
196,252.44633,18.883139,338.08618,100
197,124.70298,-236.82951,512.0134,100
198,136.43991,-258.89758,560.0813,100
199,170.93988,-323.24493,701.2385,100
200,113.72959,-195.79591,442.90854,100
201,133.02142,-252.47208,546.0077,100
202,116.62652,-222.29169,479.74475,100
203,258.00415,-486.33804,1057.8267,100
204,168.45364,8.426251,226.49263,100
205,192.92175,-364.2212,790.8567,100
206,68.808014,-128.41002,279.32446,100
207,357.401,25.22674,471.2295,100
208,59.6498,-59.128567,170.88864,100
209,133.6509,-89.23738,326.6158,100
210,335.3103,18.348896,445.54425,100
211,66.253365,-107.64439,248.51642,100
212,111.13572,-212.69435,458.15125,100
213,451.94794,27.525547,598.2843,100
214,371.75378,28.048504,489.49207,100
215,85.74947,-165.31483,354.38635,100
216,521.5488,36.18137,687.3248,100
217,219.30814,15.542723,293.54797,100
218,60.486633,-106.05964,234.51506,100
219,165.28293,-311.78992,677.7513,100
220,151.7141,-287.309,622.32697,100
221,130.53075,-247.68608,535.82776,100
222,244.38887,-460.18533,1001.3097,100
223,161.41396,-305.49158,662.2654,100
224,107.086525,-173.53728,402.3629,100
225,98.21921,-187.82188,404.79013,100
226,157.16978,-297.36478,644.7799,100
227,90.120094,-163.84189,361.91705,100
228,56.65476,-80.75224,196.42625,100
229,325.5614,-613.083,1334.798,100
230,62.26743,-94.47271,223.7348,100
231,115.42464,-220.09496,474.96497,100
232,523.38214,35.94225,690.0431,100
233,83.11187,-104.516396,270.7799,100
234,85.03643,-166.99648,355.0592,100
235,207.97968,-392.22705,852.65533,100
236,123.37696,-233.02934,505.62613,100
237,148.61545,-281.60355,609.8301,100
238,102.91668,-198.65196,426.18677,100
239,70.24112,-132.26987,286.39514,100
240,178.10454,-336.68503,730.48645,100
241,150.10623,-284.33362,615.9507,100
242,98.508446,-193.12927,411.30463,100
243,174.27625,-328.50638,714.6516,100
244,157.08969,-297.3062,644.51025,100
245,138.06296,-261.7228,566.45514,100
246,195.94012,-370.035,803.504,100
247,100.65609,-6.4064736,156.50755,100
248,122.487335,-232.75496,503.068,100
249,111.93103,-213.79668,461.01886,100
250,105.009766,-197.03769,428.99286,100
251,299.3971,21.527243,395.3524,100
252,82.68719,-151.42606,333.03918,100
253,113.66584,-214.4622,465.8818,100
254,203.24715,-383.74512,833.36694,100
255,67.35114,-45.74631,164.05418,100
256,168.70839,8.9574585,226.92906,100
257,106.98203,-205.56444,441.8465,100
258,202.206,-381.75198,828.9607,100
259,148.9946,-282.1279,611.3298,100
260,214.73761,-405.18213,880.3911,100
261,93.592705,-147.24289,345.3376,100
262,61.938183,-107.325516,240.63618,100
263,243.295,-458.16898,997.0469,100
264,56.126446,-70.62802,181.59547,100
265,54.91624,-83.92878,197.64725,100
266,260.00455,-490.15695,1066.0402,100
267,372.7001,-701.0392,1527.4747,100
268,134.6019,5.669485,184.87318,100
269,558.631,36.97166,737.4149,100
270,217.74786,-410.45233,892.42017,100
271,83.80056,-10.894522,137.18626,100
272,186.1698,-350.75705,763.336,100
273,152.02995,-287.88916,623.704,100
274,63.246445,-36.511333,143.84206,100
275,119.95907,-226.65982,491.64185,100
276,287.0123,-540.3784,1177.1946,100
277,137.23447,-260.19876,563.18475,100
278,594.3671,38.856716,784.90784,100
279,180.39517,-340.83456,739.7428,100
280,118.27068,-222.68477,484.2162,100
281,118.86931,-226.21013,488.48328,100
282,159.09991,-301.20105,652.7948,100
283,303.09796,-3.1045647,421.4799,100
284,191.35495,-361.25528,784.6554,100
285,53.598907,-78.37795,188.85115,100
286,102.38155,-198.0613,424.2697,100
287,188.66164,-355.92886,773.58356,100
288,125.01009,-237.41798,513.07166,100
289,120.8174,-229.59813,496.11853,100
290,127.608376,-242.32957,523.8921,100
291,301.76483,22.835703,399.44086,100
292,127.3984,-241.92656,523.11145,100
293,325.35815,-24.81601,475.76068,100
294,366.60626,27.38512,482.8606,100
295,254.55093,18.529354,337.9109,100
296,136.95563,-248.23021,550.0766,100
297,151.11932,-286.15396,620.06665,100
298,61.196625,-91.650734,218.73993,100
299,525.4446,35.85355,692.89575,100
300,509.63354,33.332027,673.00726,100
301,142.74976,6.897698,196.90248,100
302,80.4802,-12.775232,135.50537,100
303,90.887856,-32.924305,181.35918,100
304,223.78748,-422.02072,917.54474,100
305,312.76395,-35.83787,470.61688,100
306,313.8681,23.14485,414.25775,100
307,97.657616,-185.06358,400.5083,100
308,163.56058,-309.3915,670.67505,100
309,109.791466,-206.96822,449.72287,100
310,145.35847,-275.4716,596.4527,100
311,520.66327,35.020355,686.9175,100
312,97.96058,-138.76112,340.6394,100
313,159.2503,-300.59824,652.88916,100
314,184.69365,-348.9371,757.4352,100
315,66.32531,-120.17369,264.7802,100
316,115.36393,2.9084985,162.22011,100
317,171.69887,8.951871,237.88225,100
318,59.950443,-58.27242,170.71931,100
319,146.1755,-276.88254,599.78284,100
320,128.85085,-244.66371,528.91235,100
321,72.29084,-128.29109,285.3094,100
322,71.02531,-109.94748,250.98201,100
323,184.44452,12.214549,249.77385,100
324,261.39642,-492.6172,1071.4253,100
325,231.56952,-436.48502,949.0294,100
326,187.94978,-354.88882,770.4998,100
327,560.1035,37.75147,738.84735,100
328,67.703224,-84.79172,219.24588,100
329,188.73895,-356.28128,773.8988,100
330,593.0063,38.87001,783.0326,100
331,184.19858,-347.91782,755.36707,100
332,99.904945,-194.80455,415.86517,100
333,109.5582,-205.47585,447.9035,100
334,578.421,38.56516,763.3019,100
335,99.74937,-194.92369,415.73804,100
336,145.29521,7.9615602,198.02197,100
337,74.90484,-138.20424,302.4465,100
338,155.93672,-295.25952,639.85,100
339,203.97348,-384.5016,836.31036,100
340,169.72308,-321.0047,696.1883,100
341,79.83362,-155.71902,332.09528,100
342,301.60574,22.516024,398.3348,100
343,336.34732,24.111109,443.57333,100
344,395.82617,24.058514,524.0568,100
345,412.55624,30.352161,542.881,100
346,76.00226,-96.7112,248.8429,100
347,163.52028,-309.3682,670.65076,100
348,62.559124,-33.581654,138.79308,100
349,234.302,-441.4468,960.297,100
350,248.28809,-467.79843,1017.94696,100
351,111.20466,-209.31996,455.1027,100
352,284.4159,-535.66125,1165.9161,100
353,176.71788,-333.87125,724.6886,100
354,176.31981,-331.75647,722.6874,100
355,330.81696,-623.13055,1356.7152,100
356,328.37704,24.238712,433.1861,100
357,102.54185,-198.38792,425.14594,100
358,144.6517,-273.95517,593.5031,100
359,101.15409,-195.55357,419.27466,100
360,542.89746,35.696728,716.78577,100
361,417.92157,30.142633,550.25867,100
362,123.32458,-234.31108,506.4554,100
363,168.93198,-319.3776,692.7844,100
364,222.77524,11.982994,309.28265,100
365,526.3175,36.373753,693.66284,100
366,108.00748,-206.757,445.126,100
367,166.31071,-314.7902,682.3081,100
368,160.83713,-304.173,659.63745,100
369,179.79813,-339.62857,737.22253,100
370,132.51447,-251.24153,543.56744,100
371,515.9742,36.016476,679.8566,100
372,342.16644,-644.4075,1402.9445,100
373,518.4096,35.566227,683.44507,100
374,69.28785,-96.05838,237.35283,100
375,146.32697,-277.1168,600.34375,100
376,96.53173,-22.89571,175.44295,100
377,271.83398,-512.5923,1114.6917,100
378,504.98468,33.643524,666.41797,100
379,158.6261,-300.05038,650.473,100
380,197.10388,-341.32242,771.41724,100
381,207.80179,-392.14682,852.1606,100
382,62.12379,-100.66497,232.15497,100
383,240.70941,16.797369,319.75128,100
384,563.1766,37.606422,743.1565,100
385,146.16696,-276.53244,599.48615,100
386,169.24658,9.157303,227.6132,100
387,177.6921,-335.80258,728.7927,100
388,354.7024,26.26277,467.3625,100
389,222.17618,-418.90976,911.14655,100
390,228.09946,-429.86264,935.09534,100
391,142.42635,5.270516,194.49544,100
392,142.87976,-270.76425,586.3043,100
393,141.62677,-268.41098,581.11676,100
394,109.51628,-209.97232,451.84122,100
395,343.17133,-646.2828,1407.1461,100
396,225.21773,-424.3925,923.0411,100
397,83.95475,-20.269016,151.94994,100
398,581.7299,38.24564,768.0828,100
399,140.04408,-265.43335,574.703,100
400,472.5451,29.211641,625.27295,100
401,168.66016,-318.32782,691.6383,100
402,239.56142,13.733221,318.414,100
403,387.37283,26.314209,511.0418,100
404,297.41953,-11.298822,422.70825,100
405,66.063805,-124.36447,267.50635,100
406,253.75465,-477.70804,1039.8323,100
407,203.00198,-382.95493,832.3397,100
408,304.96826,14.77375,406.88055,100
409,128.33554,0.060842574,188.32343,100
410,539.43634,36.981968,711.15576,100
411,392.2794,26.959661,517.36206,100
412,170.36195,-322.11636,698.7706,100
413,191.4818,-361.72665,785.27856,100
414,134.51361,5.945835,184.63359,100
415,159.88972,-302.67398,655.99396,100
416,226.389,-427.10837,928.3292,100
417,150.23715,-284.49136,616.4113,100
418,159.34729,-301.44766,653.7105,100
419,120.737495,-229.59152,496.02884,100
420,362.65283,18.440138,483.00638,100
421,153.38739,-290.35696,629.19934,100
422,174.18768,-43.234478,290.65674,100
423,129.59454,-245.78154,531.7682,100
424,178.59683,-337.54858,732.419,100
425,168.76172,-319.1055,692.23987,100
426,169.62256,-320.68774,695.59827,100
427,163.14914,-308.5705,669.10364,100
428,365.5882,-687.766,1498.4652,100
429,157.79771,-298.63058,647.42126,100
430,337.82166,-634.88696,1383.9786,100
431,76.21329,-21.402689,140.11436,100
432,248.16815,-468.0335,1017.53284,100
433,438.96362,30.234856,578.77826,100
434,225.59796,-425.07797,924.5514,100
435,527.8159,35.731327,696.18524,100
436,304.05225,21.852907,401.38855,100
437,110.794334,-209.89784,454.37708,100
438,361.22763,26.828377,475.7609,100
439,81.65833,-118.5272,287.3648,100
440,227.18842,16.58638,304.6068,100
441,493.33502,33.724545,650.4989,100
442,113.63764,-215.71333,466.44745,100
443,180.98956,-341.56186,742.2516,100
444,187.11449,-353.4716,767.21533,100
445,175.0109,9.615171,241.02846,100
446,253.82814,-477.90213,1040.3102,100
447,175.03703,-330.81723,717.9461,100
448,104.64469,-197.97401,429.122,100
449,56.666584,-70.45808,181.85497,100
450,175.33582,-331.43344,719.1843,100
451,68.78591,-118.01679,261.47052,100
452,69.63722,-126.90339,278.89508,100
453,558.1587,37.59172,736.3281,100
454,148.93784,-282.0507,610.91516,100
455,109.93691,-207.52394,450.48624,100
456,174.71805,-330.13873,716.5521,100
457,90.1711,-173.35068,372.30927,100
458,99.131805,-173.06664,388.98682,100
459,548.94037,37.51645,723.82806,100
460,59.439045,-91.375984,215.17123,100
461,342.6704,25.573086,451.50787,100
462,236.72592,-445.8582,969.93164,100
463,206.11765,-389.1088,845.06274,100
464,67.28408,-126.0318,268.75037,100
465,166.12886,-314.15775,681.49066,100
466,164.00662,-310.30533,672.7147,100
467,110.21183,-208.59366,451.81558,100
468,75.94405,-147.35551,315.16815,100
469,77.93017,-129.12505,295.99823,100
470,91.37522,-15.934805,156.67865,100
471,109.74183,-209.4864,451.92322,100
472,207.91936,15.098397,278.73865,100
473,106.35348,-200.51564,435.50684,100
474,151.30325,-286.5032,620.8157,100
475,167.61404,-317.05545,687.6352,100
476,177.86307,-336.18427,729.3857,100
477,572.4859,37.728134,755.791,100
478,79.460945,-149.442,324.49118,100
479,191.01392,-360.75424,783.2152,100
480,432.65308,24.994896,573.74255,100
481,284.73312,21.48727,377.46893,100
482,138.36755,-262.3292,567.8374,100
483,509.55673,35.37748,671.5336,100
484,100.26841,-195.49883,417.415,100
485,144.37181,-273.4811,592.3439,100
486,93.522606,-12.280848,154.82545,100
487,55.526417,-48.50941,149.50499,100
488,147.43271,-279.21265,604.78284,100
489,499.25696,34.904118,657.8611,100
490,173.27136,-327.5898,710.7009,100
491,82.155846,-16.239483,142.38844,100
492,124.713745,-236.99556,512.213,100
493,137.48752,-260.69046,564.2017,100
494,189.53876,-357.6326,777.0108,100
495,504.43146,35.258,664.5992,100
496,241.83676,-456.02847,991.48157,100
497,120.36036,-36.103107,213.63037,100
0,538.42786,97.782234,649.9125,150
1,159.32213,-256.5584,604.6448,150
2,543.0102,98.83433,655.262,150
3,140.88176,-232.68394,542.0796,150
4,114.08524,-196.04547,447.2324,150
5,131.49368,-219.49968,508.58505,150
6,492.05325,87.49421,595.46533,150
7,348.6472,0.64992183,485.40402,150
8,103.26607,-184.93358,411.8602,150
9,94.29644,-173.92361,380.56015,150
10,358.3613,12.592842,486.2838,150
11,529.5492,95.86521,639.44226,150
12,268.88226,-52.40437,430.50256,150
13,107.77799,-187.76228,424.5294,150
14,131.04472,-217.66368,505.11072,150
15,468.24924,79.6903,569.66797,150
16,512.19885,91.64652,619.3771,150
17,80.78332,-115.23907,265.40738,150
18,86.79771,-160.3141,350.16354,150
19,87.41229,-83.74792,231.94319,150
20,406.16937,60.76921,501.53436,150
21,538.5361,97.75657,650.07983,150
22,262.52792,-55.409492,424.71506,150
23,114.9011,-196.81389,449.50824,150
24,112.89648,-194.3284,442.7922,150
25,513.74695,92.33553,620.9109,150
26,100.66027,-184.08266,404.9564,150
27,443.3135,71.10615,543.0867,150
28,495.7853,87.85989,600.2267,150
29,482.56772,82.060875,587.13635,150
30,126.53232,-211.87709,489.8362,150
31,100.64962,-183.96745,404.901,150
32,118.575096,-202.02367,463.37173,150
33,118.26542,-200.58896,460.3333,150
34,123.91265,-208.47261,480.93753,150
35,121.83514,-201.36693,467.67984,150
36,217.06961,-340.65408,814.12854,150
37,340.40433,-14.565948,489.93967,150
38,131.40752,-219.00105,507.79507,150
39,534.23596,96.75408,645.0723,150
40,100.83437,-182.43245,404.1303,150
41,105.893005,-185.90419,418.61148,150
42,113.26256,-195.22182,444.4589,150
43,196.91048,-311.4397,741.23474,150
44,544.03394,99.11086,656.4231,150
45,92.94773,-171.7184,375.15768,150
46,538.72516,97.76603,650.32745,150
47,296.61917,-44.50625,460.5911,150
48,118.53308,-201.73268,462.78018,150
49,196.8221,-34.68955,311.52365,150
50,146.23363,-238.60786,558.71606,150
51,507.94235,90.653145,614.42206,150
52,91.253716,-166.49182,366.12808,150
53,103.5959,-184.51979,412.3433,150
54,544.08386,99.10609,656.4946,150
55,100.92158,-184.81569,406.18478,150
56,495.84964,88.21078,600.0288,150
57,399.42422,51.37748,502.1663,150
58,173.18602,-278.14594,657.0021,150
59,521.9491,93.86099,630.78284,150
60,525.3827,94.60766,634.82446,150
61,507.6614,91.058975,613.7076,150
62,523.19934,94.20135,632.19995,150
63,200.85562,-317.1697,755.5526,150
64,173.64674,-279.37354,659.584,150
65,491.36172,87.073746,594.86926,150
66,79.50213,-144.72116,317.93478,150
67,543.9553,99.05802,656.3601,150
68,386.07883,33.07652,503.30423,150
69,187.39613,-300.02698,710.54535,150
70,98.03123,-174.15257,389.02502,150
71,102.441444,-184.45183,409.42325,150
72,503.30856,89.51884,609.0658,150
73,106.99537,-185.66872,420.55563,150
74,444.90115,72.01319,544.4523,150
75,211.21959,-332.42255,793.5077,150
76,70.1399,-86.59826,217.6882,150
77,436.1212,66.518486,537.2805,150
78,516.4712,92.811806,624.2132,150
79,67.61667,-127.73814,270.79623,150
80,102.052734,-183.35698,407.76767,150
81,71.32415,-135.97874,290.24893,150
82,206.33241,-324.97754,775.15625,150
83,74.09609,-135.94032,296.70657,150
84,110.596504,-191.8102,435.517,150
85,487.07333,85.8719,590.06104,150
86,101.07417,-184.55104,406.4293,150
87,162.84447,-263.36157,619.9641,150
88,127.11915,-211.56477,490.17282,150
89,122.26525,-205.95909,474.4581,150
90,470.09033,80.20128,571.7328,150
91,115.40736,-197.66673,451.65347,150
92,102.706726,-184.52171,410.27658,150
93,241.74435,-373.6945,899.43726,150
94,73.15403,-111.460335,265.47238,150
95,67.4361,-123.8796,269.91043,150
96,219.36531,-345.76062,825.2006,150
97,171.66275,-275.14822,650.3815,150
98,139.88683,-230.02153,536.604,150
99,529.6105,95.72625,639.64307,150
100,125.39951,-59.391228,244.76424,150
101,486.0568,85.47653,589.00854,150
102,102.213036,-182.04378,407.15726,150
103,315.96976,-27.986307,470.13113,150
104,493.19302,86.84765,597.54474,150
105,386.7659,39.517136,497.5407,150
106,140.92525,-232.23509,541.396,150
107,103.70307,-61.74829,224.07372,150
108,75.606064,-125.730385,274.4329,150
109,482.78488,85.21845,584.7771,150
110,169.91393,-273.5785,645.5281,150
111,91.54891,-164.65477,364.8622,150
112,211.6508,-57.77324,356.9675,150
113,304.11234,-34.619663,460.65973,150
114,149.0616,-66.90186,283.51028,150
115,454.8336,76.74575,553.9083,150
116,137.70456,-226.7256,528.46027,150
117,464.2332,77.5109,566.0608,150
118,146.93358,-240.31325,562.3186,150
119,106.34647,-187.40968,421.41415,150
120,442.6144,74.095665,539.53143,150
121,116.63999,-199.24782,456.3157,150
122,327.6041,-23.602179,481.7148,150
123,111.80961,-193.2161,439.6509,150
124,155.18935,-252.68098,592.7955,150
125,136.46782,-225.69563,525.1904,150
126,101.61446,-184.73021,407.82254,150
127,102.66843,-95.62682,263.54388,150
128,102.675224,-182.2869,407.777,150
129,125.71099,-63.992516,250.37572,150
130,118.89635,-201.52599,462.84924,150
131,526.6996,95.114006,636.19507,150
132,105.43943,-186.11378,418.2866,150
133,182.47134,-291.43353,690.4331,150
134,101.91216,-180.76118,404.51706,150
135,137.04776,-225.94722,526.39325,150
136,127.464745,-213.35515,493.522,150
137,165.76527,-266.9704,629.65454,150
138,119.24912,-202.16707,464.34015,150
139,543.6692,99.01458,656.0071,150
140,467.31393,79.69124,568.3921,150
141,112.23951,-193.76964,440.5942,150
142,182.9991,-289.9184,688.88696,150
143,162.85217,-262.8985,619.25024,150
144,535.5647,97.090324,646.5952,150
145,519.05475,93.38316,627.2477,150
146,137.19876,-226.59142,527.5145,150
147,103.59962,-184.47252,412.3273,150
148,535.104,96.91474,646.1169,150
149,94.194756,-173.57585,380.07126,150
150,111.24627,-187.33348,430.73233,150
151,156.43529,-253.98402,596.6277,150
152,226.45001,-46.167397,364.7028,150
153,144.24556,-236.28136,552.28564,150
154,78.581474,-143.64839,314.5569,150
155,99.10222,-182.0447,399.41962,150
156,201.97928,-318.9649,759.9718,150
157,101.63444,-184.93784,408.03403,150
158,540.4899,98.24865,652.3249,150
159,132.70616,-219.95207,511.0231,150
160,114.92672,-196.85173,449.83383,150
161,399.38016,54.954735,498.02005,150
162,74.0589,-138.06042,299.66177,150
163,108.615105,-189.27013,428.00003,150
164,108.25204,-189.07625,427.1496,150
165,167.7035,-271.24872,638.84937,150
166,186.54915,-295.0102,701.6953,150
167,143.45622,-238.02095,553.89404,150
168,101.050865,-184.89116,406.63565,150
169,491.09995,86.34417,595.1315,150
170,336.1981,-7.6521006,476.8784,150
171,509.7302,91.20466,616.3904,150
172,100.18815,-183.8979,403.62836,150
173,106.62052,-186.8139,421.09512,150
174,247.21315,-382.852,921.0421,150
175,146.13087,-239.4516,559.8484,150
176,123.29396,-208.27528,479.87393,150
177,498.44534,88.54171,603.2771,150
178,110.19157,-191.19789,434.07812,150
179,105.9946,-186.43158,419.9751,150
180,272.24988,-416.50647,1007.63745,150
181,116.58486,-198.88307,455.4476,150
182,120.81031,-204.21063,469.96115,150
183,101.434395,-184.03673,406.8517,150
184,537.8908,97.61257,649.32214,150
185,91.20577,-166.31503,365.77365,150
186,320.47284,-28.11463,476.48965,150
187,155.80467,-253.76399,595.4008,150
188,91.72579,-166.02861,366.78494,150
189,76.14393,-92.652596,231.3491,150
190,106.46732,-186.85892,420.86304,150
191,145.37283,-73.034996,286.18423,150
192,70.131836,-130.56648,283.0192,150
193,118.09748,-200.00706,459.26825,150
194,100.2566,-183.0914,403.2055,150
195,393.4039,14.86589,532.60864,150
196,430.7853,66.38893,530.115,150
197,123.005486,-207.54906,478.241,150
198,127.27996,-209.62572,487.92087,150
199,133.36656,-220.89536,513.4439,150
200,105.274605,-186.00919,417.78214,150
201,116.30225,-198.5247,454.1666,150
202,103.35891,-184.41246,411.7701,150
203,257.82886,-401.4243,964.07324,150
204,323.39938,-25.416681,477.71225,150
205,105.781136,-178.61021,409.8136,150
206,121.375885,-73.613655,258.3593,150
207,461.51883,77.8543,562.0678,150
208,195.93138,-61.481575,339.634,150
209,156.49046,-45.473804,268.7401,150
210,442.1728,71.89587,540.8461,150
211,70.86504,-135.14714,286.36526,150
212,118.70583,-200.83511,461.43283,150
213,507.60153,90.79694,613.8345,150
214,370.51074,40.220398,474.18253,150
215,161.93126,-13.302313,241.08492,150
216,533.8229,96.71815,644.5385,150
217,489.11707,85.51422,593.13525,150
218,143.70638,-27.348452,230.72005,150
219,166.16849,-268.91165,633.1533,150
220,119.06083,-201.9922,463.73294,150
221,107.5755,-186.54274,422.65823,150
222,264.6542,-407.825,983.59015,150
223,116.38717,-197.60268,453.03217,150
224,103.779655,-184.44414,412.80472,150
225,108.18461,-188.64978,427.32736,150
226,175.01086,-280.3637,663.1352,150
227,101.52975,-184.15372,407.2112,150
228,104.38725,-184.65222,414.50027,150
229,249.19946,-387.2458,930.36896,150
230,100.45968,-180.97401,401.4288,150
231,97.81321,-178.57002,392.89493,150
232,509.08603,91.09488,615.61084,150
233,100.11347,-181.71149,401.83038,150
234,83.69207,-150.0277,332.2676,150
235,175.20471,-281.69904,665.4327,150
236,128.63008,-215.69814,498.95828,150
237,155.13568,-251.29774,590.74207,150
238,107.56852,-188.21509,425.13113,150
239,164.89955,-42.723587,276.40347,150
240,187.54045,-298.74506,708.72,150
241,118.172325,-197.92336,456.72452,150
242,101.63478,-184.38145,407.4877,150
243,155.74623,-254.9687,597.1719,150
244,161.75653,-261.40558,615.46625,150
245,104.4404,-185.18987,415.05966,150
246,154.8592,-252.75677,592.44495,150
247,300.96133,-33.653946,455.3422,150
248,100.855064,-182.35515,403.6752,150
249,124.77748,-209.45305,483.7422,150
250,108.49424,-189.75882,428.52817,150
251,415.18466,60.94427,513.7128,150
252,84.25968,-157.24577,341.10437,150
253,104.62527,-184.64809,415.24777,150
254,176.32802,-281.9756,667.2524,150
255,353.05032,3.8003144,488.20215,150
256,252.97841,-44.584393,399.85623,150
257,109.06086,-189.4093,429.02017,150
258,155.3003,-251.55028,591.2195,150
259,155.66344,-252.93614,593.93634,150
260,164.03435,-264.34756,623.083,150
261,91.629135,-169.71269,370.17285,150
262,268.26263,-49.783066,426.73782,150
263,208.73846,-328.6885,784.3438,150
264,104.22144,-81.11988,247.10097,150
265,101.09783,-95.56159,263.72375,150
266,237.48695,-369.53833,887.0098,150
267,291.01126,-446.16107,1078.8947,150
268,247.91647,-51.90638,400.6342,150
269,531.69965,96.19484,642.0898,150
270,166.13564,-267.33478,630.6489,150
271,150.16182,-55.169415,271.15668,150
272,135.05074,-224.21141,520.8775,150
273,130.28444,-217.50252,503.76718,150
274,296.61502,-44.834793,460.95917,150
275,116.72791,-198.79483,455.24576,150
276,231.71028,-362.59308,868.28015,150
277,115.12547,-197.0681,450.15134,150
278,543.4209,98.95602,655.7187,150
279,119.463135,-202.59337,465.16324,150
280,124.803795,-209.57182,483.78177,150
281,105.24203,-186.2263,417.756,150
282,159.7424,-258.03732,607.41315,150
283,350.08792,-7.1424713,495.5671,150
284,216.06361,-339.31265,810.8053,150
285,89.238045,-166.33464,361.39267,150
286,181.51057,-52.682274,310.06927,150
287,141.71141,-232.9052,543.53674,150
288,103.382545,-184.90979,412.13577,150
289,107.2858,-187.67851,423.46417,150
290,125.64237,-210.88872,486.99033,150
291,356.60458,7.594302,489.1005,150
292,117.91045,-200.57698,459.81406,150
293,409.01184,53.239136,513.38617,150
294,433.4904,69.735306,530.8866,150
295,353.15985,2.979766,489.21353,150
296,120.460625,-204.5283,469.94553,150
297,119.37816,-201.74797,463.82938,150
298,71.11678,-133.78716,286.19977,150
299,532.4484,96.31942,643.00476,150
300,489.15732,86.74498,592.1538,150
301,216.53552,-67.58463,374.62643,150
302,301.07108,-29.806723,451.44077,150
303,204.06717,-60.351654,349.62973,150
304,249.41582,-388.29498,932.31573,150
305,355.16177,7.06936,487.63522,150
306,342.6154,0.7424664,476.93546,150
307,89.524254,-166.81648,362.31143,150
308,127.88236,-213.52426,494.2645,150
309,122.06492,-206.40807,475.0704,150
310,106.884155,-187.65584,422.65433,150
311,506.49197,90.41584,612.64655,150
312,84.43136,-97.22291,247.21205,150
313,150.82582,-247.0985,578.12646,150
314,141.36711,-231.66444,541.2409,150
315,101.07473,-184.1034,406.04813,150
316,162.4991,-64.69022,298.46982,150
317,322.83786,-10.1046505,460.9023,150
318,89.89587,-95.54002,248.17711,150
319,136.51714,-225.6176,525.12775,150
320,108.2547,-189.3213,427.49475,150
321,110.647804,-191.4242,434.58395,150
322,68.21953,-107.86883,242.20734,150
323,358.35574,11.078684,487.91232,150
324,216.48045,-338.79477,810.63635,150
325,191.80556,-301.4986,719.03284,150
326,195.70583,-308.7834,735.6006,150
327,540.9027,98.35873,652.79443,150
328,193.70033,-52.043877,326.00378,150
329,206.61699,-328.8586,781.52057,150
330,544.1971,99.145,656.61633,150
331,133.008,-220.81787,512.70844,150
332,65.13192,-105.657814,240.93556,150
333,118.45679,-201.4699,462.2489,150
334,543.9618,99.05273,656.37354,150
335,137.50333,-51.73018,250.58849,150
336,129.44667,-37.63813,224.04173,150
337,94.01571,-174.25832,379.9044,150
338,168.42418,-271.34006,640.073,150
339,175.54301,-282.70197,667.41064,150
340,133.68858,-222.0094,515.46875,150
341,72.31954,-89.42672,221.74193,150
342,388.80524,44.506393,494.96133,150
343,443.8046,73.525566,541.64703,150
344,458.4185,76.30253,559.17725,150
345,504.3067,89.95014,610.0644,150
346,122.02029,-64.863335,247.1577,150
347,118.0834,-196.78853,455.26602,150
348,208.53477,-66.042046,361.98257,150
349,183.6928,-293.61945,695.3966,150
350,230.7372,-360.89612,864.3759,150
351,93.14806,-169.05495,373.0079,150
352,204.89742,-326.35443,775.1697,150
353,123.85579,-208.2842,480.48367,150
354,168.34334,-271.06342,639.4918,150
355,306.7322,-469.9712,1137.3541,150
356,466.82858,78.86266,568.4332,150
357,113.21197,-194.81584,444.1415,150
358,124.21148,-208.73537,481.65622,150
359,98.611046,-182.4653,398.3232,150
360,517.1658,92.94067,625.0491,150
361,514.89954,92.13114,622.6402,150
362,110.818535,-192.28209,436.2897,150
363,113.13372,-194.98769,443.98407,150
364,333.98633,-10.171786,476.44107,150
365,537.2734,97.3823,648.67523,150
366,105.08131,-185.8075,417.1118,150
367,134.29439,-221.76707,516.0332,150
368,144.79364,-237.46034,554.96796,150
369,142.59007,-234.14824,546.7855,150
370,102.229355,-182.96065,407.4144,150
371,534.7756,96.91425,645.67224,150
372,275.99243,-422.59702,1022.0797,150
373,524.4984,94.597984,633.6328,150
374,101.0197,-184.27084,405.97427,150
375,122.20789,-206.12727,474.85388,150
376,312.71848,-18.572,455.76767,150
377,257.22455,-396.95868,956.5742,150
378,517.8616,93.06149,625.89404,150
379,128.57414,-215.41481,498.35522,150
380,245.92607,-381.39627,916.8539,150
381,121.43154,-205.7434,473.05106,150
382,69.26408,-111.42447,248.28926,150
383,285.83328,-38.489758,439.36374,150
384,521.7119,93.97813,630.36365,150
385,160.73543,-263.40002,617.16534,150
386,350.34656,0.6805553,487.64938,150
387,137.68137,-227.33229,529.3825,150
388,406.4523,58.658165,503.91498,150
389,158.20395,-258.4044,605.82495,150
390,189.2654,-301.4052,715.2176,150
391,323.26273,-26.485819,478.6721,150
392,157.04486,-254.50127,598.2877,150
393,107.02329,-185.74019,420.60147,150
394,95.21587,-171.12791,379.63553,150
395,268.46225,-413.73065,997.79425,150
396,161.36855,-260.9219,614.1609,150
397,76.544495,-143.67091,310.6588,150
398,536.21454,97.389,647.23157,150
399,123.683136,-206.87843,478.0658,150
400,471.7751,80.96421,573.3775,150
401,137.00328,-226.10841,526.5128,150
402,328.25266,-14.128679,472.6083,150
403,387.3486,52.61615,483.85324,150
404,368.3982,21.142265,491.28607,150
405,124.1762,-50.54226,232.37428,150
406,235.91792,-368.7053,883.4785,150
407,112.55447,-194.22133,442.06235,150
408,333.02548,-14.616396,479.7404,150
409,295.71466,-23.78649,437.6254,150
410,541.20496,98.369965,653.1964,150
411,425.90033,67.969185,522.0676,150
412,150.2198,-246.59666,576.60297,150
413,126.42103,-212.25551,490.29977,150
414,143.04134,-64.5435,273.06937,150
415,135.15523,-221.48763,517.0456,150
416,248.72858,-386.78598,929.0637,150
417,119.302826,-201.7098,463.66525,150
418,128.84206,-215.29765,498.36847,150
419,110.01736,-191.31017,433.2667,150
420,401.71994,51.4353,505.31735,150
421,133.96133,-222.30406,516.3994,150
422,250.37164,-55.790512,408.20157,150
423,111.51211,-193.09587,438.68796,150
424,159.54074,-258.4561,607.7861,150
425,141.30336,-233.00487,543.2597,150
426,138.03523,-228.18602,531.22644,150
427,171.08876,-276.13956,651.1176,150
428,335.1139,-507.78833,1234.9478,150
429,141.98329,-233.01694,544.20184,150
430,297.87814,-456.43906,1104.2219,150
431,100.50128,-184.77863,405.11258,150
432,211.68877,-331.59952,792.8146,150
433,480.6755,83.33764,583.48267,150
434,163.2914,-263.63437,620.98865,150
435,529.62006,95.75069,639.6343,150
436,477.72952,83.62894,579.2208,150
437,131.46367,-218.865,507.68008,150
438,415.22275,65.00602,510.11105,150
439,116.715256,-77.33583,258.06314,150
440,363.28543,25.539114,479.55292,150
441,513.67554,91.91749,621.15765,150
442,125.7694,-211.34111,488.01547,150
443,142.62541,-234.5501,547.31177,150
444,140.96317,-231.80185,540.8616,150
445,416.52066,63.837357,512.89703,150
446,232.01988,-364.219,871.1428,150
447,125.65893,-210.6653,486.6003,150
448,100.943886,-184.86555,406.27615,150
449,111.19983,-192.56346,437.49847,150
450,130.70145,-217.76077,504.68628,150
451,298.4708,-37.718464,455.9492,150
452,84.083,-154.37764,338.27423,150
453,538.60114,97.8121,650.12244,150
454,140.75255,-231.4716,539.99036,150
455,106.49052,-187.13014,421.71405,150
456,119.14002,-201.97906,463.76016,150
457,100.89538,-184.25716,405.6063,150
458,105.272026,-186.19649,417.697,150
459,532.8547,96.51249,643.39435,150
460,344.82205,-13.188021,494.62857,150
461,445.54556,73.945274,543.65594,150
462,148.36255,-241.37755,565.96216,150
463,198.28935,-312.36618,744.7168,150
464,160.7569,-55.913174,285.95718,150
465,160.04791,-259.53564,610.1677,150
466,163.59886,-264.46198,622.7095,150
467,103.386894,-185.04881,412.26346,150
468,106.50479,-186.86432,421.5261,150
469,70.80746,-133.11162,286.44528,150
470,350.12357,-4.9404645,493.20102,150
471,102.50353,-182.43199,408.16013,150
472,339.9186,4.8472266,468.89066,150
473,111.39495,-192.79204,438.0416,150
474,107.88268,-189.05351,426.50592,150
475,125.545494,-210.15341,485.77823,150
476,178.17686,-284.15765,673.27246,150
477,536.0609,97.27581,647.1158,150
478,102.10729,-182.66185,407.34216,150
479,146.92807,-236.83604,557.43713,150
480,433.35464,69.35222,531.0264,150
481,342.32803,-0.23368458,477.56625,150
482,131.4583,-218.48839,506.9246,150
483,523.3026,94.489204,632.1,150
484,100.474495,-184.82784,405.0865,150
485,117.105995,-199.65492,457.14822,150
486,306.49918,-32.335823,461.58798,150
487,397.35464,49.70794,501.19742,150
488,132.90468,-220.6988,512.42163,150
489,511.76236,91.05095,619.2768,150
490,158.09569,-255.0711,600.64136,150
491,66.86379,-120.076225,264.141,150
492,99.43236,-178.05956,396.19498,150
493,90.23437,-161.56978,358.71204,150
494,168.15724,-272.72565,641.7883,150
495,515.0482,92.35479,622.66064,150
496,187.22395,-298.20834,707.41315,150
497,201.60393,-62.7576,348.71738,150
0,569.77313,119.505936,659.11084,200
1,151.26335,-220.83243,557.97296,200
2,569.6991,119.58838,658.9372,200
3,96.069466,-175.73434,394.581,200
4,96.83524,-179.59521,398.44205,200
5,116.68752,-192.9204,459.3659,200
6,549.1487,114.21598,636.08203,200
7,413.27383,54.347404,510.22513,200
8,120.3843,-101.46312,286.65378,200
9,86.06606,-106.95383,254.32974,200
10,415.99005,53.862404,514.6134,200
11,568.1483,119.18497,657.2105,200
12,414.69757,48.640198,518.78265,200
13,97.20898,-180.82944,400.08588,200
14,96.7609,-176.22089,397.30475,200
15,527.3838,108.42748,611.98334,200
16,528.4723,108.8206,613.08765,200
17,316.91766,-59.19349,500.80164,200
18,94.65272,-178.87079,390.7199,200
19,296.93542,-56.850723,470.71204,200
20,469.5645,90.37706,550.70135,200
21,566.4756,118.683914,655.40704,200
22,267.42136,-79.815025,455.20862,200
23,97.08134,-179.99065,399.3999,200
24,96.11974,-177.28546,395.15753,200
25,527.297,108.4066,611.88434,200
26,83.799934,-162.75397,347.9657,200
27,635.5927,154.6084,729.04645,200
28,491.13,99.20199,571.53253,200
29,460.37125,88.876335,539.50336,200
30,120.105995,-193.99252,466.51398,200
31,132.73799,-95.98912,294.1243,200
32,105.647865,-183.72055,426.77222,200
33,100.54191,-180.3634,411.06277,200
34,97.32104,-181.68974,400.89185,200
35,110.404076,-185.65042,437.13733,200
36,164.89024,-236.36107,603.3962,200
37,358.61957,-2.7468626,497.1916,200
38,97.18833,-176.7594,399.14258,200
39,571.6198,119.93553,661.21234,200
40,86.27415,-102.1281,248.26108,200
41,90.98414,-176.0487,377.56396,200
42,98.40632,-178.2755,403.82544,200
43,180.62582,-251.03482,650.7398,200
44,574.68243,120.88236,664.48883,200
45,100.82545,-180.75061,412.1496,200
46,562.14655,117.71997,650.44354,200
47,353.17953,-18.628141,506.83203,200
48,97.444405,-181.9727,401.4112,200
49,269.88892,-56.6435,433.37372,200
50,145.70094,-216.88522,543.24274,200
51,554.37585,115.61429,641.86865,200
52,74.26992,-116.51524,258.21985,200
53,95.894455,-176.1623,393.98724,200
54,574.12146,120.75296,663.8493,200
55,157.48477,-83.24524,311.44086,200
56,555.3195,115.74451,643.0209,200
57,432.83917,72.0582,518.16016,200
58,106.8786,-184.68382,429.9545,200
59,516.9384,105.86844,600.2276,200
60,809.93616,197.83414,932.25555,200
61,557.35693,116.23034,645.3283,200
62,551.4882,114.74675,638.7564,200
63,199.57942,-270.81903,710.64716,200
64,131.44041,-206.2485,504.2354,200
65,501.5722,101.84265,583.1951,200
66,68.45052,-120.54091,258.69287,200
67,575.1325,120.99557,664.99335,200
68,479.51483,94.48572,560.2813,200
69,141.81499,-215.05826,534.50055,200
70,253.06828,-70.5251,425.27097,200
71,101.728134,-135.28748,311.20056,200
72,534.65045,110.329506,620.0436,200
73,76.58587,-90.94896,235.70291,200
74,413.68796,57.32698,507.37946,200
75,152.68745,-224.45352,566.0994,200
76,130.29027,-88.08504,284.51846,200
77,468.30673,88.65945,550.5351,200
78,532.5919,110.12271,617.45776,200
79,351.8523,-26.612791,513.706,200
80,97.09676,-183.63913,401.0511,200
81,173.52708,-81.08711,329.86395,200
82,127.185555,-201.98865,490.4951,200
83,75.39011,-148.53528,309.3947,200
84,68.153496,-133.91606,284.05023,200
85,550.1572,114.50127,637.18536,200
86,76.40843,-135.76366,283.14267,200
87,129.86188,-202.8017,496.04846,200
88,110.13555,-185.53735,436.23035,200
89,103.05366,-182.05893,417.92456,200
90,550.74335,114.458145,638.0109,200
91,97.29061,-177.10568,399.35742,200
92,72.70312,-138.68726,285.0329,200
93,169.34933,-237.56859,612.3067,200
94,98.893555,-173.93384,398.0818,200
95,172.93282,-85.90748,334.88696,200
96,108.52766,-185.89523,434.9757,200
97,164.51314,-232.74393,597.29486,200
98,115.198105,-190.35052,452.7573,200
99,567.91174,118.96597,657.0886,200
100,357.1424,-16.76654,510.31897,200
101,541.36926,112.18245,627.4301,200
102,78.32806,-151.76785,325.56598,200
103,401.0752,36.53939,513.3061,200
104,448.38928,83.69594,528.15753,200
105,420.96066,63.96428,510.00226,200
106,108.823296,-185.70163,434.3092,200
107,153.59428,-95.03794,321.41803,200
108,362.53088,-14.527242,515.35376,200
109,553.8523,115.38913,641.36346,200
110,114.88549,-189.5232,450.6756,200
111,107.73843,-184.19965,430.03314,200
112,335.4013,-36.70935,501.9234,200
113,369.9098,2.5649574,507.07495,200
114,79.65664,-156.84003,331.67172,200
115,507.97708,103.43872,590.36993,200
116,101.43731,-180.3054,412.33215,200
117,522.84314,107.20452,606.9725,200
118,113.62409,-189.45193,449.06866,200
119,96.81695,-181.14229,399.00385,200
120,544.6866,112.91434,631.2395,200
121,97.71346,-177.3573,401.54645,200
122,448.3114,72.70462,538.5555,200
123,96.130745,-178.394,395.6421,200
124,102.27718,-181.84273,416.6306,200
125,97.727295,-177.5086,400.86084,200
126,258.8459,-74.5632,437.76846,200
127,90.638985,-138.92966,302.67603,200
128,97.51017,-177.16833,399.32742,200
129,276.90436,-68.17336,455.4007,200
130,102.79034,-181.32845,416.79193,200
131,553.59924,115.38423,641.0268,200
132,102.73075,-181.56264,417.41748,200
133,160.2968,-232.65704,590.62933,200
134,99.476036,-179.07324,406.8308,200
135,99.08866,-178.30411,404.84692,200
136,96.61883,-180.34647,398.0376,200
137,112.10378,-186.94159,442.19888,200
138,97.40588,-180.99368,400.8548,200
139,571.60706,120.123535,661.0272,200
140,532.7622,110.110504,617.6985,200
141,96.63094,-177.58267,396.98492,200
142,147.03947,-217.33585,545.8404,200
143,109.11422,-185.57997,434.82727,200
144,554.9834,115.92436,642.4078,200
145,545.4328,113.33074,631.87225,200
146,95.50434,-177.67943,393.2281,200
147,96.79531,-179.9267,398.4406,200
148,539.1143,111.49812,625.0048,200
149,108.73254,-80.30981,245.28291,200
150,108.21096,-181.31424,426.01883,200
151,97.7203,-177.28912,401.1096,200
152,89.34733,-171.05591,369.9052,200
153,111.913795,-188.14888,443.85733,200
154,73.377144,-140.75644,292.51697,200
155,91.68658,-174.28348,379.24057,200
156,144.17055,-216.06757,539.6694,200
157,74.245995,-145.35437,296.2524,200
158,566.70935,118.756714,655.65674,200
159,96.63717,-176.67398,396.69525,200
160,96.802345,-180.08676,398.53717,200
161,470.17114,91.70953,550.2419,200
162,149.96904,-59.3553,273.54462,200
163,99.66663,-179.44888,407.8259,200
164,90.30867,-174.22559,374.77548,200
165,137.88112,-210.63199,521.2012,200
166,149.76448,-219.98431,554.4403,200
167,97.46319,-177.11395,401.07172,200
168,91.8532,-121.78424,283.69702,200
169,519.4071,106.661095,602.8299,200
170,433.9862,66.06825,525.7426,200
171,521.58716,107.14252,605.3308,200
172,115.97375,-91.61087,269.20483,200
173,131.24292,-204.24188,500.44513,200
174,172.81642,-242.25401,625.1761,200
175,101.148445,-180.76447,412.73703,200
176,92.79636,-172.9786,382.30035,200
177,523.6396,107.87247,607.4289,200
178,85.41029,-163.23668,353.93988,200
179,64.21697,-126.619064,267.76514,200
180,263.84085,-327.04764,896.9156,200
181,97.471756,-183.4537,402.1304,200
182,97.357994,-176.57553,400.0606,200
183,87.35622,-112.52557,264.46344,200
184,566.30426,118.746124,655.12177,200
185,140.85538,-72.651596,278.23492,200
186,320.36862,-48.11223,493.50513,200
187,109.903244,-186.77216,438.84558,200
188,77.1575,-142.4184,301.26514,200
189,94.51893,-117.14446,280.3764,200
190,96.40536,-176.14737,395.91846,200
191,215.61449,-88.18552,394.49768,200
192,97.472404,-182.34375,401.62845,200
193,81.33265,-156.29147,336.18866,200
194,80.02196,-157.12158,332.95105,200
195,187.12419,-44.767864,307.2691,200
196,459.6944,84.0329,543.20264,200
197,108.76278,-185.37097,434.30188,200
198,106.25936,-181.84198,423.89465,200
199,99.510445,-179.04855,407.20807,200
200,96.7636,-176.16199,397.5849,200
201,97.36652,-181.31772,400.84583,200
202,66.47573,-130.43872,273.63843,200
203,147.14322,-222.69897,554.84314,200
204,308.08307,-52.99519,481.84793,200
205,130.94572,-198.13483,490.42194,200
206,86.11313,-169.69331,356.74188,200
207,481.05835,95.601685,561.32556,200
208,201.12695,-81.143005,367.0123,200
209,198.3741,-60.113197,339.51636,200
210,456.45538,85.27788,537.65155,200
211,164.83948,-83.59451,321.26483,200
212,99.90243,-179.47623,408.3453,200
213,501.98758,101.65268,583.9537,200
214,482.05026,95.37344,562.9223,200
215,81.17417,-90.41013,242.71515,200
216,566.5773,118.69406,655.5347,200
217,523.0742,106.746185,607.73517,200
218,327.46826,-32.1671,485.99133,200
219,96.19634,-175.48318,395.22705,200
220,100.57482,-180.10367,411.24933,200
221,98.45515,-177.92235,402.7016,200
222,168.83818,-237.33395,611.18866,200
223,102.2834,-180.94022,414.91443,200
224,210.09468,-70.22297,366.85333,200
225,65.782295,-131.1718,273.67108,200
226,101.54885,-180.50928,413.3377,200
227,78.5154,-154.8294,326.8747,200
228,96.45696,-178.55267,396.78833,200
229,198.25209,-273.3248,712.43463,200
230,97.172554,-179.9144,399.5647,200
231,97.30877,-177.2308,399.153,200
232,488.88794,98.162445,569.5102,200
233,291.8324,-64.881134,472.62518,200
234,96.955956,-181.26294,399.37857,200
235,118.206154,-193.4434,462.88605,200
236,96.733925,-180.28265,398.3907,200
237,96.44724,-176.12144,395.95618,200
238,96.742134,-178.87737,397.84692,200
239,333.33353,-26.607323,488.06744,200
240,142.21458,-215.32141,535.3322,200
241,108.15935,-183.59938,429.90942,200
242,96.84554,-184.90852,400.90186,200
243,99.09963,-178.5929,407.3998,200
244,162.69118,-231.83853,593.0824,200
245,97.11216,-178.07056,398.7475,200
246,99.1204,-178.98456,407.1841,200
247,429.5327,61.84421,524.25775,200
248,97.68057,-181.97528,402.19226,200
249,96.733505,-180.28122,398.26855,200
250,84.469734,-160.61484,349.5202,200
251,441.73285,75.05478,527.3474,200
252,124.34742,-87.18573,273.4995,200
253,69.062416,-134.41505,287.4663,200
254,138.67316,-210.6947,522.25146,200
255,397.4812,34.547817,510.47784,200
256,301.95978,-59.758064,480.71277,200
257,96.609726,-177.48741,396.8352,200
258,105.91468,-183.87915,425.94452,200
259,127.781425,-201.75479,491.35156,200
260,128.52718,-202.8865,494.15155,200
261,273.3133,-68.21847,450.79047,200
262,405.99066,35.602325,521.0655,200
263,185.929,-256.9527,668.20514,200
264,316.41827,-49.859985,489.93396,200
265,321.0897,-50.539085,497.13562,200
266,149.22664,-221.7548,556.4068,200
267,290.10675,-360.50824,988.8474,200
268,130.43997,-111.91937,314.86795,200
269,570.40955,119.726906,659.7694,200
270,161.40208,-230.94559,589.64026,200
271,332.12976,-41.844,503.01727,200
272,127.70357,-201.64014,491.02933,200
273,98.61283,-178.44519,404.89026,200
274,402.49115,38.561886,513.07654,200
275,97.98463,-177.83096,402.60306,200
276,151.29031,-225.83485,566.2139,200
277,79.077896,-149.75223,325.12158,200
278,573.5574,120.59094,663.2345,200
279,97.066826,-177.21867,398.38947,200
280,96.418846,-177.15656,396.10904,200
281,96.756874,-176.74962,397.17444,200
282,146.36063,-217.12918,544.4953,200
283,285.27606,-66.44544,464.98608,200
284,167.79094,-239.10513,612.4082,200
285,329.03815,-48.307064,505.76013,200
286,227.30415,-81.30121,402.47552,200
287,97.17374,-178.43735,399.11212,200
288,98.0272,-177.8601,401.8847,200
289,96.577675,-178.56169,397.17627,200
290,101.284645,-181.04846,413.10333,200
291,423.19037,67.38655,509.61554,200
292,99.74259,-179.57787,408.15515,200
293,409.148,58.998505,499.1635,200
294,509.62335,103.85945,592.1991,200
295,386.53192,22.901361,507.99792,200
296,94.932076,-173.85956,389.9966,200
297,96.90837,-178.11858,398.10242,200
298,333.18552,-49.871956,513.2156,200
299,572.1858,120.158676,661.7751,200
300,562.69293,117.76996,651.133,200
301,331.1714,-48.69403,509.04214,200
302,457.45807,81.7657,542.3608,200
303,271.26892,-77.762314,458.25604,200
304,156.47517,-228.7327,578.60016,200
305,410.2853,56.115623,504.03992,200
306,420.68402,57.39209,517.04474,200
307,272.12198,-70.97075,451.8862,200
308,131.28484,-204.41147,501.1225,200
309,96.554535,-177.10776,396.58047,200
310,110.45542,-186.54115,438.36285,200
311,517.5199,106.257,600.6503,200
312,255.87935,-69.06745,427.6397,200
313,115.788345,-191.84,456.16992,200
314,125.61216,-197.02914,480.01813,200
315,74.8788,-149.43924,310.1981,200
316,224.18562,-89.848236,407.9433,200
317,484.80865,95.844826,566.20776,200
318,333.35538,-44.66369,507.81866,200
319,103.5776,-182.14104,419.61874,200
320,95.09234,-179.54805,392.6831,200
321,97.29592,-176.96793,398.6324,200
322,79.826485,-157.47,327.29437,200
323,472.10217,92.32527,552.2528,200
324,147.07178,-218.53293,548.02277,200
325,167.21545,-233.96146,603.35016,200
326,125.50213,-198.51855,482.37482,200
327,567.8245,119.106476,656.84503,200
328,420.89624,56.02456,518.89435,200
329,144.61116,-219.60925,546.0703,200
330,575.4649,121.08356,665.36224,200
331,107.70027,-184.79814,431.42798,200
332,80.4977,-125.61452,277.82147,200
333,65.86086,-126.22049,262.8189,200
334,576.6891,121.37349,666.7507,200
335,332.10773,-38.937496,499.7673,200
336,305.22888,-55.51322,480.85364,200
337,195.11887,-77.20542,354.4327,200
338,124.63362,-198.85437,481.8551,200
339,99.693596,-179.54642,408.47534,200
340,106.50431,-184.3215,428.59338,200
341,163.82411,-81.13666,317.52716,200
342,355.27548,-14.125861,504.9259,200
343,503.08972,102.363235,584.7509,200
344,453.23035,85.65912,532.87695,200
345,477.74817,93.92738,558.44165,200
346,375.35968,-3.2559183,520.90784,200
347,104.58981,-180.24446,417.91577,200
348,342.32483,-28.056982,502.093,200
349,182.37204,-255.1437,659.7232,200
350,117.74955,-192.95203,461.3431,200
351,97.38168,-180.42963,400.54572,200
352,114.58848,-193.06018,456.71033,200
353,100.82019,-180.09702,411.8169,200
354,102.684746,-181.28139,416.9051,200
355,232.22049,-303.60678,811.8985,200
356,455.36896,84.72769,536.6462,200
357,97.21833,-182.62912,400.95868,200
358,103.21164,-181.71521,418.48502,200
359,132.95543,-94.79112,293.1576,200
360,528.1177,109.075714,612.3724,200
361,535.13416,110.578705,620.46954,200
362,122.2303,-196.56166,474.0269,200
363,117.9493,-192.97842,461.63892,200
364,362.13257,-18.696903,519.3024,200
365,560.30286,117.12346,648.49567,200
366,96.48719,-177.39497,396.43286,200
367,111.80324,-187.69373,442.8531,200
368,100.57543,-180.1536,410.55804,200
369,120.35352,-194.87306,468.58258,200
370,104.372215,-182.17001,421.26437,200
371,576.9885,121.39129,667.13806,200
372,211.0559,-281.26614,744.6084,200
373,546.1788,113.556854,632.6737,200
374,96.262596,-181.31833,397.25595,200
375,88.809746,-169.32364,367.65167,200
376,95.68165,-114.732544,274.4839,200
377,176.61314,-247.94441,639.7802,200
378,547.72345,113.92137,634.4267,200
379,95.25094,-174.07275,391.39117,200
380,195.91966,-267.6316,700.07513,200
381,98.35958,-178.53607,403.28204,200
382,315.2744,-59.157246,498.48578,200
383,371.92572,5.713973,506.457,200
384,556.7416,116.25853,644.47504,200
385,98.22364,-177.47922,403.84985,200
386,208.00986,-79.762955,374.51404,200
387,101.58868,-180.8717,414.19238,200
388,505.17664,102.875534,587.09393,200
389,116.82578,-193.89505,461.49347,200
390,121.95205,-197.28906,474.95126,200
391,371.21954,8.719382,502.19598,200
392,107.605995,-183.9172,429.91165,200
393,101.92788,-181.29681,414.9585,200
394,97.37878,-182.77614,401.53668,200
395,219.33194,-289.87418,770.5501,200
396,156.9275,-228.28423,578.6314,200
397,230.88441,-79.45213,405.35162,200
398,569.53217,119.57685,658.7232,200
399,70.41572,-135.51013,281.2926,200
400,446.4696,83.300186,525.91327,200
401,100.254845,-180.14328,409.7132,200
402,455.30963,86.0719,535.33826,200
403,512.4903,104.70614,595.29553,200
404,402.07703,43.803165,506.7689,200
405,217.87453,-74.965,382.28632,200
406,180.46043,-253.09297,653.73553,200
407,98.866646,-178.66772,405.34283,200
408,361.97986,8.3299465,489.8476,200
409,318.56427,-54.981148,498.60004,200
410,572.4852,120.211075,662.1304,200
411,470.74585,92.055176,550.7108,200
412,109.337746,-186.70338,438.0247,200
413,95.37272,-179.77837,393.67065,200
414,328.91086,-37.914654,494.23096,200
415,127.989876,-200.27298,489.03955,200
416,184.07005,-255.09174,662.41583,200
417,103.108345,-181.80045,417.9812,200
418,97.514015,-182.37114,401.77826,200
419,97.557976,-183.87254,402.58044,200
420,426.0893,65.868454,515.12,200
421,109.17582,-185.83159,435.85547,200
422,332.07025,-29.741274,489.71808,200
423,92.94686,-175.92053,383.9317,200
424,102.69222,-181.68298,417.69122,200
425,93.10919,-176.47226,384.8251,200
426,96.00379,-176.44054,394.45508,200
427,119.93336,-194.92017,467.8844,200
428,279.88782,-350.81815,958.314,200
429,107.1699,-183.89735,428.86166,200
430,279.8734,-349.6496,956.4499,200
431,77.22982,-138.00424,292.19623,200
432,160.34972,-230.50743,587.29474,200
433,412.26157,60.296295,501.98416,200
434,121.52442,-195.94714,471.8642,200
435,570.33777,119.632416,659.75775,200
436,505.51074,103.11356,587.3261,200
437,93.73747,-177.65128,387.41428,200
438,509.07855,103.49861,591.8267,200
439,297.9923,-59.817852,475.41418,200
440,467.66077,89.86418,548.58856,200
441,517.34985,106.1612,600.5099,200
442,93.72626,-178.8884,388.00513,200
443,104.17339,-183.07065,422.26352,200
444,102.86993,-181.54138,417.97998,200
445,509.31458,102.489426,593.1679,200
446,175.26152,-249.43622,640.0561,200
447,103.51245,-182.1518,419.49097,200
448,74.3921,-134.21323,279.31903,200
449,97.00315,-180.27567,399.2721,200
450,132.89445,-204.89989,503.96036,200
451,294.64648,-47.144592,456.97067,200
452,243.74532,-59.275215,400.2937,200
453,571.0481,119.89201,660.48175,200
454,101.96938,-181.47302,415.79187,200
455,66.41858,-131.15625,273.4519,200
456,99.53126,-179.22769,407.53137,200
457,91.25648,-177.26389,378.81842,200
458,102.7082,-83.53027,243.9448,200
459,566.4932,118.84427,655.2884,200
460,311.1637,-41.74961,473.93207,200
461,532.22266,109.72125,617.326,200
462,161.77669,-229.84369,588.50323,200
463,120.47622,-194.383,467.7907,200
464,293.88892,-72.75299,483.7942,200
465,100.329094,-180.24023,410.59622,200
466,137.33855,-209.57117,518.66656,200
467,97.32432,-181.48657,400.8161,200
468,98.57498,-177.90382,404.44174,200
469,237.36246,-77.15727,411.5902,200
470,284.17822,-28.590776,422.63614,200
471,77.52317,-151.1164,322.54156,200
472,422.0172,59.02849,517.0366,200
473,105.78462,-183.051,425.8421,200
474,97.090485,-180.77075,399.76233,200
475,96.81045,-179.57744,398.3275,200
476,139.45557,-210.49771,523.20514,200
477,570.0609,119.722,659.30505,200
478,66.46315,-133.11731,273.81842,200
479,113.26226,-187.04642,444.0656,200
480,510.22964,104.168785,592.72943,200
481,454.3044,82.075485,537.71246,200
482,102.632576,-181.00409,415.41306,200
483,559.4445,116.998825,647.4515,200
484,74.17712,-146.35164,299.8227,200
485,105.23569,-183.14584,423.8888,200
486,434.50488,66.938,525.5799,200
487,475.56952,91.946335,557.3664,200
488,104.64857,-182.62701,423.33694,200
489,518.884,106.42259,602.34467,200
490,130.40053,-201.6445,494.99805,200
491,237.19972,-74.255875,407.86563,200
492,124.17144,-194.2523,473.48288,200
493,73.94593,-135.67758,295.32397,200
494,98.54983,-178.28754,404.2646,200
495,549.058,114.20082,635.9733,200
496,130.16324,-203.84024,498.04437,200
497,337.40073,-34.139477,501.886,200
0,438.7778,86.488495,522.9571,250
1,111.30088,-200.60353,459.26144,250
2,426.14008,81.74448,510.0421,250
3,108.71955,-210.12602,458.36804,250
4,91.12377,-196.84729,383.44934,250
5,110.8512,-209.43198,464.3008,250
6,429.2151,83.13141,512.96344,250
7,397.9253,63.38356,488.28336,250
8,168.84276,-121.8587,371.42554,250
9,84.640854,-188.47041,362.99582,250
10,409.23123,72.266075,495.6467,250
11,433.81415,84.83198,517.68396,250
12,365.80945,40.781696,466.59158,250
13,287.01767,-57.264248,462.5876,250
14,101.242516,-207.79817,434.45108,250
15,424.7194,79.87694,509.83835,250
16,404.39853,70.35814,490.75473,250
17,155.15163,-175.44853,416.14456,250
18,236.96,-92.4558,430.80344,250
19,300.79208,-57.83224,482.4268,250
20,383.0734,57.183186,473.6815,250
21,438.10483,86.28642,522.22095,250
22,319.40622,-39.719482,488.78897,250
23,137.54729,-147.85524,364.07773,250
24,156.37645,-133.54758,368.15988,250
25,406.8735,72.3558,492.34048,250
26,86.26943,-176.40965,345.81143,250
27,413.95578,73.256645,501.17755,250
28,410.16922,73.86154,495.43637,250
29,444.49323,86.976,530.36816,250
30,109.1688,-208.15132,458.41776,250
31,277.5993,-74.12095,467.69595,250
32,111.17756,-205.11232,462.64142,250
33,84.15669,-168.76515,342.77768,250
34,102.11929,-204.32307,435.66757,250
35,105.23054,-155.74333,353.44913,250
36,126.77987,-204.58362,497.68,250
37,337.35397,-5.858643,477.40024,250
38,90.958275,-197.88692,394.73398,250
39,431.87357,83.78885,516.01263,250
40,113.871056,-140.85684,320.6351,250
41,102.3278,-213.6226,434.35065,250
42,107.47497,-204.95277,451.22504,250
43,116.99644,-204.56227,478.27798,250
44,426.2227,81.899536,510.00943,250
45,111.02799,-207.39958,463.54733,250
46,436.49384,85.531815,520.70276,250
47,361.00467,27.781418,474.14883,250
48,108.57241,-208.53352,456.95596,250
49,324.843,-37.01361,493.64844,250
50,111.495094,-205.3589,463.6619,250
51,436.68903,85.49388,521.00574,250
52,307.15454,-48.75577,481.5492,250
53,107.71313,-212.94113,457.50076,250
54,427.79465,82.47956,511.62668,250
55,128.03857,-135.84834,335.14395,250
56,424.28836,80.928406,508.26517,250
57,352.4329,16.301098,474.60214,250
58,111.75002,-205.02571,464.11197,250
59,399.35745,66.02634,487.80957,250
60,423.87448,80.08937,508.45764,250
61,409.09964,74.05824,493.81723,250
62,439.06796,86.41376,523.4212,250
63,150.86252,-225.5076,574.9894,250
64,108.218254,-204.57317,453.2676,250
65,408.99307,72.743,494.85965,250
66,285.9399,-72.14766,477.21652,250
67,435.55292,85.34459,519.5957,250
68,421.73117,77.538574,507.90125,250
69,112.82604,-202.57262,466.1446,250
70,310.9751,-52.81967,491.19424,250
71,251.60585,-105.17913,464.8784,250
72,417.243,77.532684,501.76144,250
73,265.86325,-49.52618,424.85214,250
74,351.2902,18.299517,470.85434,250
75,117.71279,-205.36339,482.24088,250
76,250.41777,-81.927826,438.07242,250
77,402.5673,66.172615,492.1428,250
78,423.23804,80.06765,507.6146,250
79,271.28275,-72.011665,456.69382,250
80,132.23297,-155.24525,364.25522,250
81,103.46816,-205.10323,440.03336,250
82,116.20766,-206.38145,479.25668,250
83,285.35577,-73.10317,477.33676,250
84,101.80537,-187.37114,371.81055,250
85,431.61343,83.58815,515.8289,250
86,211.56517,-116.361435,421.8466,250
87,111.82615,-202.72102,462.98325,250
88,78.561005,-159.09831,329.63504,250
89,107.978676,-208.11513,454.75073,250
90,440.131,86.438995,524.86237,250
91,95.57471,-181.82617,367.68875,250
92,228.9273,-106.30896,434.64575,250
93,112.26374,-201.38753,462.7083,250
94,372.2715,11.699029,507.38065,250
95,213.54424,-117.56114,426.16727,250
96,111.90514,-203.52556,463.82083,250
97,111.627846,-205.71773,464.28436,250
98,110.33744,-206.12776,460.60654,250
99,431.80002,84.017914,515.69965,250
100,374.4252,47.239437,471.25735,250
101,431.04657,83.46494,515.16486,250
102,108.69056,-206.74806,456.2645,250
103,395.80087,63.615734,485.16464,250
104,392.47647,60.674206,483.2539,250
105,393.33142,61.51302,483.66202,250
106,84.49623,-158.91301,327.7808,250
107,258.2936,-88.73453,456.32437,250
108,246.17903,-103.98822,455.9877,250
109,415.94418,77.11053,500.37036,250
110,110.03185,-204.20247,458.48148,250
111,111.24871,-201.98186,460.4277,250
112,139.93614,-135.29134,347.05063,250
113,351.1897,25.122688,463.32727,250
114,84.87544,-174.38423,340.50134,250
115,426.93008,81.073746,511.74527,250
116,133.61359,-118.0267,325.82672,250
117,405.59027,70.45135,492.32193,250
118,94.98257,-164.03777,340.69897,250
119,238.7274,-97.906784,439.05252,250
120,412.28586,75.34318,496.9772,250
121,101.7448,-201.04343,432.23035,250
122,419.22037,74.0133,507.74524,250
123,103.86471,-206.83662,442.389,250
124,110.068275,-210.24532,462.45065,250
125,108.42108,-209.00313,456.66556,250
126,274.1502,-84.60817,474.16397,250
127,106.55868,-211.909,453.54608,250
128,92.28063,-175.08687,364.6966,250
129,219.26106,-104.48674,419.43448,250
130,89.636635,-183.41713,384.34073,250
131,432.31647,84.12756,516.2994,250
132,133.36632,-165.91188,380.65732,250
133,111.36077,-207.09816,464.3444,250
134,188.58754,-94.486465,366.43683,250
135,89.36127,-170.67432,353.75607,250
136,102.41662,-195.26865,393.38855,250
137,95.10288,-188.51906,404.02414,250
138,316.1393,-36.42653,480.76767,250
139,423.6192,80.70317,507.5487,250
140,430.34235,83.2562,514.40894,250
141,98.001976,-194.93224,416.85648,250
142,92.95454,-150.28441,354.57285,250
143,86.51669,-175.53493,356.67416,250
144,429.4241,82.8817,513.4869,250
145,434.3153,84.76094,518.45166,250
146,108.526115,-212.62865,459.44345,250
147,117.13482,-135.21939,320.98447,250
148,430.86563,82.58975,515.7703,250
149,105.1973,-185.5724,372.4916,250
150,96.41745,-149.85814,360.73523,250
151,111.5148,-188.91943,387.7546,250
152,230.49847,-105.20674,435.6527,250
153,106.17638,-209.44438,450.53183,250
154,290.27884,-68.11383,478.81424,250
155,91.39825,-136.90746,290.6071,250
156,111.093796,-201.15451,459.34866,250
157,172.73741,-142.54623,400.69443,250
158,429.00256,82.875854,512.9235,250
159,98.88912,-207.08054,425.00375,250
160,151.41844,-132.4414,359.79346,250
161,394.2634,63.521877,483.14603,250
162,148.34744,-100.54184,318.3353,250
163,100.24024,-174.94719,366.55142,250
164,108.28136,-207.9298,455.65707,250
165,112.19607,-204.0092,465.00034,250
166,111.06196,-199.23152,457.22952,250
167,110.231026,-205.81544,460.28458,250
168,113.469215,-136.34163,315.2518,250
169,426.5187,81.025635,511.22205,250
170,371.09537,46.027668,467.89645,250
171,408.9461,73.711754,493.91708,250
172,210.76653,-116.949326,421.528,250
173,111.97991,-205.86952,465.45352,250
174,151.18137,-202.3707,540.02203,250
175,92.70126,-148.98207,325.37674,250
176,98.40719,-203.86888,425.00027,250
177,418.96976,78.28648,503.41116,250
178,107.74211,-214.822,459.0098,250
179,103.27804,-203.9333,438.58517,250
180,137.82103,-203.21162,516.44196,250
181,187.4683,-112.33025,385.14514,250
182,109.04804,-203.56062,455.1659,250
183,101.716866,-144.81442,313.04715,250
184,431.49124,83.751625,515.5113,250
185,316.7401,-40.018253,485.48288,250
186,376.50635,42.75335,479.19354,250
187,112.161354,-202.74278,464.19794,250
188,235.23708,-96.65996,432.8475,250
189,327.73917,-19.967442,479.2164,250
190,92.57946,-185.02547,394.86356,250
191,328.78308,-17.81956,478.32483,250
192,140.35292,-130.08467,342.78854,250
193,334.00955,-24.007898,492.20706,250
194,98.58987,-198.0619,421.35257,250
195,367.26096,0.25016797,512.4522,250
196,400.30032,62.79495,492.04532,250
197,110.08326,-206.82814,460.39096,250
198,236.20628,-61.637646,396.71658,250
199,104.76118,-207.78691,445.49683,250
200,130.2808,-154.68016,364.0919,250
201,175.04073,-104.97612,360.23306,250
202,203.86497,-108.85306,403.15933,250
203,122.74377,-213.90836,506.0612,250
204,314.60617,-37.418686,479.73297,250
205,102.33744,-193.28253,428.27365,250
206,277.04282,-83.061264,476.42343,250
207,397.0927,64.9752,485.59555,250
208,313.2474,-38.05814,478.44775,250
209,298.512,-59.731174,481.43405,250
210,392.18893,62.18625,481.57312,250
211,280.92606,-70.3732,468.30234,250
212,91.66426,-190.14296,390.13388,250
213,396.46777,66.21232,483.73282,250
214,379.9686,54.62192,471.7658,250
215,299.86002,-47.167816,469.61722,250
216,432.91653,84.239044,517.0243,250
217,421.33365,75.44809,509.28427,250
218,390.31436,50.495472,489.837,250
219,109.43708,-206.55238,458.273,250
220,108.05981,-211.71477,457.4563,250
221,83.98959,-165.3665,355.74142,250
222,132.69576,-205.90996,511.15714,250
223,106.135506,-144.5532,344.96204,250
224,199.68312,-125.891174,416.4272,250
225,84.23002,-175.24602,339.95322,250
226,107.61689,-208.98692,454.2556,250
227,113.06138,-201.81468,408.1605,250
228,90.27399,-197.92618,393.99033,250
229,149.68265,-225.35408,572.9615,250
230,308.77744,-50.619453,485.65216,250
231,172.32372,-117.68568,370.59494,250
232,418.51932,77.271065,503.73575,250
233,159.79506,-136.07176,373.9567,250
234,260.4789,-84.364044,454.7557,250
235,119.85191,-209.53899,493.40298,250
236,108.55928,-209.17737,457.36575,250
237,101.07842,-207.53523,420.37213,250
238,111.005974,-158.47215,343.6718,250
239,391.4621,47.908623,494.0585,250
240,116.80868,-206.74155,482.0341,250
241,104.01132,-150.79796,347.15463,250
242,192.07042,-115.46147,394.48148,250
243,115.67338,-205.08307,477.92007,250
244,115.09141,-203.8802,473.62155,250
245,104.62186,-206.12047,443.7965,250
246,110.53643,-204.72029,460.52112,250
247,350.60257,25.049831,462.70016,250
248,105.195595,-211.46748,449.19174,250
249,143.13402,-138.84007,374.31042,250
250,277.5383,-77.91942,471.69077,250
251,382.66336,52.79286,477.02472,250
252,194.99599,-122.91298,406.72702,250
253,91.60943,-174.4745,343.56656,250
254,95.5729,-129.221,329.3964,250
255,397.01822,59.92611,490.0903,250
256,346.75278,6.2819486,477.44284,250
257,101.10608,-169.89778,352.556,250
258,265.51443,-33.39462,407.38513,250
259,111.09611,-202.94011,460.9787,250
260,115.570274,-204.88374,476.01022,250
261,323.54492,-16.378319,469.5899,250
262,374.97534,46.07613,473.2361,250
263,140.89687,-226.50514,559.6622,250
264,318.49844,-37.045647,484.66855,250
265,231.80579,-117.43573,450.86154,250
266,131.84348,-210.14653,516.46,250
267,186.08714,-260.21515,687.81464,250
268,257.17908,-91.99632,458.36008,250
269,440.25244,87.04112,524.46,250
270,117.990456,-204.17876,480.3714,250
271,298.5928,-47.23737,468.06546,250
272,106.603004,-207.14946,450.16843,250
273,107.8072,-212.36641,457.27805,250
274,378.20993,50.273426,473.3859,250
275,89.43086,-193.92412,386.25797,250
276,151.24133,-227.54555,579.14594,250
277,329.23264,-32.445827,494.62946,250
278,425.63297,81.62501,509.45883,250
279,97.79653,-192.67815,414.89447,250
280,153.16243,-136.13199,365.87677,250
281,193.7061,-109.284225,390.1326,250
282,112.18093,-203.87856,464.5859,250
283,302.37946,-53.355167,479.8144,250
284,116.09583,-203.91675,476.33597,250
285,290.46182,-53.400578,463.33655,250
286,258.29114,-91.78885,459.7923,250
287,99.43876,-153.50035,332.3716,250
288,89.94088,-186.87515,384.51163,250
289,141.01828,-162.77814,386.8708,250
290,169.17485,-72.94885,316.00064,250
291,404.36298,67.51005,493.18674,250
292,102.15573,-199.6071,431.9443,250
293,400.32516,64.2198,490.72382,250
294,429.98538,82.52771,514.59436,250
295,369.81528,39.23246,473.9407,250
296,80.58814,-179.33043,349.74802,250
297,167.49867,-108.01419,353.85025,250
298,351.10056,20.89457,467.85873,250
299,437.86514,85.980865,522.1716,250
300,439.50113,86.69921,523.7476,250
301,313.58817,-34.65744,475.36917,250
302,292.7864,-50.790615,463.76694,250
303,307.45334,-36.951237,469.29794,250
304,118.95613,-208.27928,489.20163,250
305,375.87448,46.78659,473.6525,250
306,386.80655,56.146946,479.6763,250
307,377.91873,40.046764,484.25635,250
308,108.873085,-205.94005,456.02274,250
309,98.10709,-200.11186,421.35214,250
310,75.77361,-158.37209,315.8873,250
311,400.67014,68.63949,487.24197,250
312,352.86404,17.30488,474.12924,250
313,110.59333,-208.76915,463.1182,250
314,110.91653,-204.86116,461.60263,250
315,92.340126,-175.22176,346.189,250
316,268.10315,-85.675415,466.8403,250
317,380.71533,54.77872,472.62668,250
318,106.13624,-179.25923,361.74014,250
319,107.100716,-207.86903,451.97073,250
320,100.29365,-213.40549,421.68512,250
321,98.360855,-192.97917,394.10062,250
322,237.61594,-101.67809,441.66705,250
323,400.3555,66.06082,489.05518,250
324,128.01842,-209.67516,508.99716,250
325,107.659355,-193.05432,441.79367,250
326,90.79256,-176.31497,379.8639,250
327,435.05582,85.22397,519.02814,250
328,398.20004,63.88377,488.19333,250
329,142.67387,-233.5595,574.2193,250
330,426.08746,81.79062,509.92636,250
331,109.57809,-210.4034,461.08847,250
332,327.11743,-26.836132,485.75363,250
333,224.2925,-89.31182,409.82913,250
334,439.7591,86.806496,523.99945,250
335,347.45685,15.250855,468.84097,250
336,71.69645,-163.6583,315.2051,250
337,268.1425,-90.39114,472.0521,250
338,111.130775,-200.01927,458.62848,250
339,110.711494,-205.97577,461.80396,250
340,90.129845,-181.80345,385.4434,250
341,241.32146,-99.19667,444.12955,250
342,375.97787,46.57919,474.03055,250
343,417.98703,77.99856,502.32968,250
344,419.3373,77.28304,504.84344,250
345,367.4471,37.44176,472.63748,250
346,195.20824,-106.30545,388.25372,250
347,131.55931,-114.93152,326.4291,250
348,269.07178,-80.774605,462.94135,250
349,134.74034,-220.73671,538.4012,250
350,110.03628,-205.49771,459.42215,250
351,83.98172,-162.42654,333.51578,250
352,118.88755,-209.50566,491.16586,250
353,83.936226,-159.97527,331.99832,250
354,88.07746,-186.83963,382.62457,250
355,121.29448,-198.49469,478.59384,250
356,380.2416,51.954655,474.50836,250
357,90.45686,-178.74612,351.49002,250
358,108.393776,-209.89046,457.17014,250
359,214.25714,-107.73912,416.13248,250
360,411.8383,74.909546,496.76144,250
361,409.8065,73.22615,495.52182,250
362,110.52914,-208.6259,462.8505,250
363,84.2736,-168.4907,333.34995,250
364,367.31918,38.702435,471.0942,250
365,434.3914,84.652145,518.6542,250
366,92.65864,-185.85399,395.69226,250
367,104.03011,-201.75026,438.795,250
368,105.3048,-203.45284,443.69296,250
369,111.487495,-204.57816,463.19052,250
370,102.40466,-199.28586,400.1673,250
371,442.78897,87.81972,527.21387,250
372,152.16283,-223.03162,573.1464,250
373,422.3569,79.95171,506.51593,250
374,88.67944,-186.88649,363.73813,250
375,70.13087,-153.1982,301.70593,250
376,386.4457,57.48383,477.91714,250
377,123.06948,-209.30574,498.81363,250
378,429.10376,82.581726,513.3291,250
379,110.107956,-205.81383,459.91153,250
380,122.1108,-207.26717,493.36014,250
381,112.436165,-204.48479,466.04227,250
382,348.71265,6.893254,479.52322,250
383,351.6677,24.394928,464.84473,250
384,429.86078,82.975464,514.00165,250
385,109.86375,-203.26123,457.6225,250
386,358.82852,20.10698,479.4085,250
387,111.44397,-205.51973,463.61465,250
388,428.98483,81.17599,514.4502,250
389,120.21711,-210.92915,496.4587,250
390,115.29978,-204.31537,474.63083,250
391,348.54865,-1.3093933,488.06146,250
392,104.71604,-202.47285,441.27145,250
393,87.5583,-174.00456,371.11374,250
394,155.20345,-132.6519,366.11038,250
395,150.77632,-228.5313,579.3907,250
396,121.643105,-208.42686,494.18207,250
397,146.85762,-122.77188,341.40714,250
398,423.2876,80.625946,507.16476,250
399,299.94833,-60.85812,484.46768,250
400,402.74442,68.821236,489.8643,250
401,108.5248,-205.52663,454.72098,250
402,431.41135,83.25464,515.848,250
403,381.18976,58.489162,469.91397,250
404,367.00974,37.82124,471.59927,250
405,284.37872,-76.327484,479.40445,250
406,140.41014,-228.27638,561.40717,250
407,111.00637,-202.51286,460.48764,250
408,316.90634,-29.796024,474.67728,250
409,367.1296,45.533436,462.79535,250
410,438.86633,86.4089,523.1542,250
411,383.37613,57.986504,473.3504,250
412,110.88589,-204.696,461.53067,250
413,106.86634,-211.77628,454.2923,250
414,333.85306,-10.486739,477.47534,250
415,102.492424,-193.04803,428.18906,250
416,151.38617,-221.77449,570.4975,250
417,108.15125,-208.85661,455.74268,250
418,94.35767,-195.37515,406.68054,250
419,89.03718,-183.35294,384.00656,250
420,387.2916,57.208714,479.35886,250
421,111.01716,-205.85838,462.6334,250
422,385.2316,49.63005,483.5583,250
423,77.44253,-156.98346,311.53403,250
424,100.53767,-130.86507,301.35986,250
425,263.18033,-82.46796,456.46445,250
426,103.56583,-222.17067,449.2169,250
427,114.82282,-204.68834,474.13943,250
428,168.86406,-251.0591,645.13153,250
429,106.00218,-204.36247,446.3856,250
430,177.91498,-243.32396,648.2286,250
431,318.25818,-27.398523,473.95395,250
432,109.09675,-192.89505,444.0759,250
433,391.8026,56.40507,486.18945,250
434,115.853004,-205.25238,476.81693,250
435,438.7004,86.53662,522.8031,250
436,420.77573,78.722275,505.47702,250
437,136.11888,-156.13707,368.4393,250
438,390.8092,64.400635,477.58292,250
439,332.13913,-26.189325,492.0217,250
440,409.18057,73.24942,494.64432,250
441,431.5342,83.487,515.81854,250
442,150.89558,-125.196625,350.53247,250
443,108.82783,-206.69499,456.35425,250
444,108.25469,-212.12592,458.34146,250
445,391.68015,62.0799,481.0179,250
446,139.85756,-231.39798,565.9699,250
447,87.03568,-174.51201,368.6943,250
448,173.61714,-156.39029,417.17917,250
449,97.67838,-193.64796,415.5068,250
450,102.62644,-198.39696,432.76285,250
451,387.36426,39.88257,497.6403,250
452,180.58696,-110.351974,373.46542,250
453,433.44766,84.634224,517.36725,250
454,74.44799,-163.02628,318.55927,250
455,131.31055,-149.63017,361.9667,250
456,119.64738,-166.33513,366.93735,250
457,124.5988,-176.77028,384.95322,250
458,208.97304,-107.60169,408.77084,250
459,434.1274,84.88167,518.0616,250
460,342.57993,-3.893636,482.58408,250
461,411.71103,75.449974,496.08405,250
462,88.78952,-165.64381,367.524,250
463,80.16891,-171.4099,341.50607,250
464,214.32652,-120.21351,430.00186,250
465,110.3737,-208.19241,462.14334,250
466,110.79578,-206.97209,462.6115,250
467,163.54704,-131.58237,374.9072,250
468,88.79062,-191.9583,387.00024,250
469,262.18277,-84.69677,457.6454,250
470,381.61362,26.77393,503.83463,250
471,82.26911,-184.61322,357.3254,250
472,368.92105,47.092815,463.72598,250
473,102.083626,-205.84605,436.6019,250
474,107.792,-211.28308,456.43927,250
475,106.99615,-209.01604,452.47482,250
476,91.498085,-178.59859,386.59207,250
477,430.45554,83.38757,514.42865,250
478,106.0568,-204.57928,447.0297,250
479,139.37335,-83.21966,305.75742,250
480,429.7469,82.83368,513.9805,250
481,399.68747,66.16904,488.14502,250
482,72.633156,-131.45558,279.84958,250
483,423.46567,80.70155,507.33258,250
484,116.49946,-175.20755,371.37985,250
485,114.48881,-203.22404,470.8405,250
486,402.60452,68.5559,489.92538,250
487,353.94537,23.75959,468.72,250
488,96.93243,-197.20937,415.34232,250
489,434.25818,83.26462,519.7618,250
490,105.91035,-199.9381,443.1803,250
491,320.2939,-14.323637,462.8436,250
492,387.37234,47.777576,488.50955,250
493,115.257744,-132.17284,317.6096,250
494,102.45444,-201.58058,434.56583,250
495,436.9662,85.56121,521.3414,250
496,112.53073,-205.15846,466.69275,250
497,347.20862,5.569456,478.7833,250
0,596.8156,158.191,668.2936,300
1,117.08659,-209.65848,467.2775,300
2,561.9937,147.71104,629.99866,300
3,113.91083,-208.4897,453.9951,300
4,112.50673,-213.41154,449.1993,300
5,115.99568,-208.32375,462.08755,300
6,488.3192,123.80963,550.3532,300
7,501.95984,127.29758,565.7042,300
8,112.05321,-212.05281,447.31857,300
9,102.351105,-210.40953,418.2405,300
10,509.08533,128.67953,574.2649,300
11,566.03314,148.84073,634.5221,300
12,422.59805,77.54424,500.30182,300
13,121.6167,-206.74101,430.26743,300
14,113.03824,-210.58154,450.62607,300
15,521.91785,134.40373,586.94696,300
16,569.9566,149.72742,639.0735,300
17,299.03973,-75.89294,485.8962,300
18,279.0333,-79.26385,463.0721,300
19,315.07712,-61.25541,492.63623,300
20,444.27948,104.088486,507.35013,300
21,591.5496,156.72192,662.39374,300
22,265.43506,-129.94353,498.75027,300
23,112.690445,-210.93053,449.47757,300
24,112.12558,-215.28825,448.64322,300
25,524.7185,136.28772,589.0154,300
26,107.68606,-213.72636,435.1945,300
27,556.21234,145.67336,623.8416,300
28,546.4916,142.52673,613.3782,300
29,555.98096,145.15842,623.94006,300
30,115.54245,-207.61873,460.46512,300
31,161.49039,-223.85158,466.18832,300
32,117.60168,-211.04182,470.5137,300
33,104.51858,-186.60326,395.11887,300
34,114.09549,-207.52632,454.61783,300
35,107.43622,-194.9225,424.061,300
36,167.36572,-290.26913,676.3885,300
37,408.39752,66.58667,490.4916,300
38,112.77261,-234.06935,459.9954,300
39,555.50073,145.01802,623.49365,300
40,109.92598,-212.3405,440.53784,300
41,114.007515,-205.53975,453.88092,300
42,117.10296,-209.51872,467.92935,300
43,130.86444,-228.93283,525.78186,300
44,567.8193,149.4718,636.41187,300
45,114.41438,-211.10732,455.94467,300
46,595.1072,157.62987,666.51196,300
47,419.9013,83.36393,491.9543,300
48,115.58946,-208.09944,460.6768,300
49,303.21518,-45.413006,462.5627,300
50,123.14967,-219.31943,496.03946,300
51,595.36957,157.52763,666.9362,300
52,421.3902,54.880516,519.8639,300
53,112.9474,-209.56042,450.38608,300
54,571.3686,150.53865,640.31934,300
55,113.15636,-210.14473,451.09976,300
56,557.09406,146.14381,624.7032,300
57,440.27173,95.65579,509.01102,300
58,120.77942,-215.54901,484.76553,300
59,521.074,134.11105,586.03345,300
60,388.31897,99.43347,467.18127,300
61,483.6265,122.24747,545.167,300
62,588.27795,155.48564,659.0394,300
63,154.53014,-267.72977,622.4446,300
64,117.46608,-210.36836,470.41702,300
65,553.0695,144.63339,620.4812,300
66,284.3496,-89.22089,480.4778,300
67,580.434,153.33037,650.2012,300
68,533.6302,137.9705,599.8424,300
69,148.38576,-264.0422,607.6319,300
70,443.4292,68.33667,537.24274,300
71,179.0509,-205.47697,472.0332,300
72,569.98944,149.72122,639.1479,300
73,209.53906,-109.96413,407.74933,300
74,534.7308,138.48595,600.8693,300
75,120.7261,-215.4167,484.98856,300
76,207.06699,-147.3429,452.71567,300
77,432.5131,112.703995,487.27814,300
78,569.49084,149.9171,638.2969,300
79,157.2638,-196.14761,426.6932,300
80,115.625244,-227.55672,434.60547,300
81,111.441635,-209.26259,444.8307,300
82,162.48715,-287.94412,665.48914,300
83,124.243576,-225.19554,436.10867,300
84,112.02124,-210.89024,447.13245,300
85,528.93536,137.23952,594.04016,300
86,135.01715,-226.34436,440.07047,300
87,117.95325,-211.1498,471.96567,300
88,103.35834,-197.76186,402.23654,300
89,115.459366,-208.55693,459.72397,300
90,581.5671,152.86351,652.183,300
91,108.09413,-216.4214,422.99423,300
92,111.207085,-222.95259,450.1064,300
93,126.03331,-223.97636,509.15707,300
94,348.45862,5.642515,481.41382,300
95,188.58405,-190.91008,463.82474,300
96,124.965385,-222.26976,504.84558,300
97,120.40243,-215.09265,483.65768,300
98,114.843094,-208.9895,457.3926,300
99,562.31586,147.68884,630.35803,300
100,354.2989,-6.3007493,489.95706,300
101,542.3708,141.13289,608.9878,300
102,113.98509,-205.68312,454.40256,300
103,473.6911,111.60988,541.1063,300
104,574.7891,149.03502,645.12683,300
105,519.5094,133.95515,583.96643,300
106,101.44489,-216.258,409.3009,300
107,212.07974,-157.37093,466.0354,300
108,343.4812,-23.52052,492.76962,300
109,492.86365,125.4265,554.99475,300
110,112.78455,-207.73073,449.3215,300
111,116.78032,-209.82376,465.25577,300
112,142.43974,-208.24467,425.2599,300
113,222.76239,-162.66043,475.58875,300
114,102.8165,-219.51567,410.78683,300
115,584.2409,153.80177,655.0403,300
116,112.09944,-209.51059,446.96085,300
117,514.9883,131.4482,580.04175,300
118,113.8273,-210.50862,453.56107,300
119,155.2663,-200.75072,457.7812,300
120,529.1442,137.10231,594.36285,300
121,112.367065,-209.69173,448.21457,300
122,441.95966,90.93409,514.93494,300
123,112.601234,-209.19865,449.01077,300
124,113.52775,-209.67464,452.5449,300
125,121.797935,-217.36638,490.0956,300
126,209.89731,-170.66083,471.059,300
127,107.79745,-223.90828,440.34293,300
128,103.15922,-198.88463,404.7789,300
129,265.96808,-104.02388,470.88135,300
130,115.19348,-207.55107,458.83505,300
131,569.39484,150.00218,638.0498,300
132,112.32138,-213.29024,448.5633,300
133,129.60783,-229.65202,525.0821,300
134,104.60098,-207.71362,422.3827,300
135,104.13458,-206.93102,420.31693,300
136,112.02214,-208.30986,446.4885,300
137,113.19104,-207.16945,450.85587,300
138,434.63995,45.306515,549.26965,300
139,561.04535,147.39537,628.99133,300
140,571.0988,150.35347,639.338,300
141,128.56409,-194.70114,426.05777,300
142,107.400276,-168.61655,393.38235,300
143,111.35353,-211.27687,444.61722,300
144,586.09406,154.92607,656.5642,300
145,586.89954,155.06575,657.50574,300
146,113.82996,-209.23268,453.57513,300
147,112.61806,-212.46123,449.519,300
148,584.53375,154.094,655.0,300
149,111.765686,-212.66197,446.4824,300
150,103.62888,-183.55826,403.14612,300
151,112.60347,-210.4626,449.07938,300
152,231.73102,-130.15245,453.97992,300
153,113.136826,-220.57127,454.5937,300
154,151.6951,-217.90578,460.01,300
155,104.39574,-206.51384,421.65787,300
156,132.15907,-232.86348,534.4219,300
157,145.23062,-224.9647,458.54593,300
158,585.4983,154.77234,655.84143,300
159,113.862206,-209.75746,453.76254,300
160,104.20734,-222.50108,421.4954,300
161,465.53998,111.558174,529.9808,300
162,106.91696,-205.35356,427.9907,300
163,105.71312,-204.8921,415.4916,300
164,113.41998,-208.4579,451.8715,300
165,119.01781,-212.9977,476.89594,300
166,121.74245,-214.4883,485.68253,300
167,115.10321,-207.27632,458.87985,300
168,224.93973,-143.14207,457.24167,300
169,520.7371,134.41486,585.34674,300
170,431.75995,87.90485,504.03583,300
171,593.34576,156.86388,664.74066,300
172,112.96646,-236.12749,460.70792,300
173,113.75358,-208.20395,453.04013,300
174,182.02364,-309.3932,727.60645,300
175,116.45063,-208.95926,464.12796,300
176,112.72363,-209.62871,449.53772,300
177,555.64606,145.73375,623.0388,300
178,113.25281,-208.16283,451.3455,300
179,112.17949,-212.79134,448.00742,300
180,121.36243,-212.13338,482.4844,300
181,112.40914,-226.34926,455.67984,300
182,114.10644,-207.04475,454.29138,300
183,111.99441,-210.11906,446.93088,300
184,573.806,151.20306,643.05804,300
185,303.8448,-74.381195,491.32562,300
186,501.57376,124.44945,567.8119,300
187,119.9951,-214.5788,482.24686,300
188,160.2034,-195.9309,432.57986,300
189,152.11505,-210.21255,450.78787,300
190,101.76663,-208.12987,411.9301,300
191,311.1117,-74.52255,501.0498,300
192,176.10255,-195.5944,452.0277,300
193,102.05409,-206.3686,409.21213,300
194,119.40053,-213.76149,479.6271,300
195,666.8503,174.22194,748.55066,300
196,413.93304,55.867336,508.68033,300
197,114.78348,-207.90956,457.22714,300
198,99.5538,-176.58537,382.35812,300
199,114.59154,-206.79555,456.71594,300
200,112.54736,-210.25842,448.8315,300
201,140.67038,-203.25356,427.18146,300
202,99.030876,-199.89095,402.767,300
203,134.43732,-238.9594,547.5973,300
204,320.74606,-54.300762,493.23294,300
205,153.95235,-119.818954,362.11343,300
206,267.60248,-92.63408,461.9907,300
207,510.86905,129.31306,576.2535,300
208,330.65735,-48.580944,500.88364,300
209,135.7294,-195.37907,402.58237,300
210,521.97577,134.33711,586.88696,300
211,100.99022,-206.64229,412.19247,300
212,106.22206,-209.16603,427.31284,300
213,537.51105,139.91585,603.34766,300
214,409.36755,71.69914,487.37198,300
215,477.77167,81.30604,574.4519,300
216,570.2244,149.91356,639.2374,300
217,441.14874,85.07414,519.2271,300
218,413.79068,67.270256,496.93985,300
219,118.46156,-211.73578,474.60443,300
220,112.705696,-211.03732,449.54083,300
221,156.58661,-164.19228,415.98026,300
222,130.93625,-225.49944,520.6144,300
223,101.44641,-184.87718,396.5874,300
224,122.04553,-241.92104,453.41788,300
225,112.66646,-209.67781,449.3501,300
226,113.0293,-209.30336,450.53073,300
227,115.1013,-237.34135,468.94278,300
228,112.05461,-211.15662,447.3154,300
229,185.45572,-323.3235,754.1556,300
230,125.16334,-216.56955,441.8799,300
231,107.11611,-217.8124,433.64035,300
232,501.35126,125.95213,566.2223,300
233,111.1307,-225.62685,417.59647,300
234,330.74347,-58.05147,512.1197,300
235,137.671,-244.64717,561.38995,300
236,117.57653,-210.813,471.42355,300
237,108.13951,-202.18468,430.80505,300
238,112.15306,-220.04611,419.17618,300
239,377.24487,-10.505691,527.0039,300
240,128.80855,-228.71994,522.4208,300
241,112.66231,-204.85573,448.02704,300
242,112.446625,-212.49977,448.90518,300
243,137.70607,-245.0088,562.0884,300
244,122.79298,-218.9899,494.68594,300
245,103.62227,-213.82008,418.8981,300
246,125.84905,-223.9618,509.59222,300
247,308.95178,-62.505257,485.56302,300
248,113.570435,-209.4616,452.5765,300
249,111.12598,-204.02899,442.6077,300
250,121.78131,-228.67221,437.61856,300
251,344.41476,-40.138935,511.42896,300
252,167.26535,-203.64839,449.6337,300
253,108.7906,-228.23967,422.0931,300
254,134.20274,-221.25322,520.1349,300
255,549.5582,141.17696,618.823,300
256,421.5664,79.458855,497.46902,300
257,112.47536,-213.5555,449.20346,300
258,218.17615,-100.12637,427.38535,300
259,133.81476,-237.4976,544.3318,300
260,130.94131,-232.1592,531.3314,300
261,258.1137,-120.36432,477.36487,300
262,373.50638,20.343403,489.13495,300
263,150.16016,-266.5127,614.0058,300
264,298.9724,-83.41902,493.90927,300
265,308.22766,-70.17257,492.50314,300
266,161.96103,-283.26038,657.5939,300
267,184.68127,-322.21838,751.0735,300
268,328.59442,-40.7495,490.49265,300
269,560.51874,147.39786,628.20996,300
270,124.63591,-221.6846,502.97134,300
271,218.78052,-159.5709,467.11887,300
272,118.86255,-212.92549,476.30627,300
273,115.21129,-207.68303,459.08505,300
274,436.51715,95.255295,504.33914,300
275,112.770676,-213.03427,450.08768,300
276,183.3977,-324.07556,752.2086,300
277,287.76038,-84.77583,480.47174,300
278,572.12494,150.833,641.0635,300
279,111.896866,-212.86668,446.88242,300
280,130.24153,-216.44408,428.43433,300
281,111.08522,-226.36827,435.7963,300
282,117.93562,-211.22224,471.30206,300
283,343.81055,-16.77955,486.34232,300
284,150.9764,-266.99872,616.0818,300
285,258.77725,-127.51695,485.77188,300
286,294.32697,-85.5903,489.75323,300
287,110.83919,-209.04451,442.22437,300
288,111.0766,-209.48404,443.25995,300
289,112.84302,-209.40903,449.7569,300
290,95.81123,-190.91837,387.1511,300
291,460.5726,104.5447,529.4424,300
292,110.137985,-206.46791,439.25504,300
293,553.32513,143.47173,621.93555,300
294,582.54144,153.64919,652.827,300
295,360.30887,13.373056,478.07816,300
296,115.809555,-208.19263,462.1729,300
297,186.38495,-180.4769,456.59915,300
298,173.5362,-213.11803,470.41916,300
299,593.24866,156.85489,664.6249,300
300,597.5586,158.35753,669.1826,300
301,248.18616,-153.4699,499.9819,300
302,140.51215,-247.66795,474.60345,300
303,171.77524,-198.89369,451.55588,300
304,134.89264,-239.70094,549.47375,300
305,466.01642,110.034836,532.14844,300
306,440.45648,89.01837,514.8462,300
307,373.4624,-8.81579,519.83746,300
308,123.27415,-219.54082,496.8751,300
309,113.860596,-208.8155,453.68878,300
310,168.41202,-168.40831,424.89078,300
311,562.06195,147.6641,630.0646,300
312,291.82816,-78.623825,479.29373,300
313,118.647705,-212.51747,475.37402,300
314,114.05316,-210.79736,454.57343,300
315,112.07141,-210.74272,447.32324,300
316,114.12875,-224.8156,423.07663,300
317,365.3952,19.0964,479.1857,300
318,104.48006,-227.27634,426.66675,300
319,111.21846,-208.58447,443.61063,300
320,113.200386,-209.50575,451.16605,300
321,112.8134,-207.72513,449.46548,300
322,113.26492,-222.27171,419.04105,300
323,411.5254,61.13202,500.0065,300
324,140.5362,-247.64227,570.3584,300
325,124.568016,-220.247,500.07724,300
326,114.52684,-208.76729,456.11465,300
327,593.6771,157.37267,664.7431,300
328,428.04404,79.77696,505.9993,300
329,157.45291,-280.63458,646.80347,300
330,569.0514,149.82565,637.777,300
331,113.37503,-211.0811,452.02237,300
332,356.17242,-33.14213,520.22565,300
333,107.29898,-203.47879,389.69327,300
334,594.5732,157.58722,665.8024,300
335,367.1599,4.1540356,496.90805,300
336,111.10185,-205.8998,443.1852,300
337,302.5146,-94.91434,511.0299,300
338,124.38318,-220.76082,501.55844,300
339,113.98486,-207.41689,454.15164,300
340,108.8351,-209.00905,435.7004,300
341,111.06836,-236.19228,445.40207,300
342,440.31458,79.41948,523.0295,300
343,571.38354,150.42186,640.3589,300
344,526.4118,135.83916,591.84515,300
345,544.31256,141.50783,611.2082,300
346,139.40698,-204.25972,414.53964,300
347,99.51993,-193.37416,398.12936,300
348,209.74591,-186.91888,486.74832,300
349,150.35037,-265.57983,612.76953,300
350,116.55763,-209.25594,465.9971,300
351,104.969055,-214.01498,421.93967,300
352,129.73419,-230.69576,527.20135,300
353,115.57966,-207.80977,460.18417,300
354,115.118065,-207.28752,458.84756,300
355,158.94388,-281.60547,650.6852,300
356,460.0028,108.06817,525.6407,300
357,113.68018,-207.52744,453.03665,300
358,114.11432,-208.9709,454.71008,300
359,199.98483,-173.11166,457.84705,300
360,529.53503,137.29652,594.79114,300
361,575.04095,151.25935,644.7025,300
362,114.7635,-208.77223,457.2266,300
363,114.308716,-208.74474,455.4362,300
364,483.1641,119.390274,547.00244,300
365,622.74664,165.10094,696.9614,300
366,110.26864,-213.37407,442.1252,300
367,112.54875,-208.89366,448.72305,300
368,124.63838,-221.57787,503.27127,300
369,119.5275,-213.97034,479.59488,300
370,112.73323,-205.09195,448.59622,300
371,597.4887,158.45787,668.9943,300
372,185.87708,-321.41525,751.67773,300
373,583.99115,154.30458,654.2239,300
374,112.305115,-216.66402,449.93787,300
375,113.11463,-209.8478,450.98322,300
376,342.1584,-31.095114,498.73605,300
377,132.43143,-233.86385,536.4104,300
378,597.4722,158.35216,669.0596,300
379,113.43852,-207.96315,452.16354,300
380,155.92795,-271.5251,630.5769,300
381,118.05458,-211.53038,472.2332,300
382,281.07327,-94.66319,481.50577,300
383,317.91748,-37.285885,471.94302,300
384,588.78644,155.63994,659.5936,300
385,119.16561,-213.36,479.07602,300
386,448.0512,94.31169,520.7366,300
387,116.583694,-209.4713,464.83264,300
388,510.92358,130.21588,575.612,300
389,129.06717,-229.46587,524.0464,300
390,132.79266,-235.04927,538.77515,300
391,495.6859,109.25836,573.08435,300
392,120.30019,-214.72249,482.60788,300
393,110.56677,-204.81346,440.3311,300
394,145.99045,-209.46904,445.31204,300
395,184.09648,-324.20117,753.3407,300
396,132.21375,-234.56383,537.08496,300
397,99.220795,-211.57588,389.15005,300
398,562.11646,147.69371,630.18774,300
399,184.96243,-175.96187,459.4716,300
400,584.04584,154.08919,654.46375,300
401,119.73496,-213.78189,480.0189,300
402,587.70465,154.49513,659.19727,300
403,412.23364,87.52115,477.9362,300
404,429.20956,86.71892,501.62576,300
405,332.19952,-42.10607,496.7329,300
406,169.81238,-302.24637,698.4938,300
407,121.07489,-215.86203,486.9083,300
408,419.9497,82.089905,493.09305,300
409,273.17587,-115.1488,492.09262,300
410,471.60306,127.72745,533.10425,300
411,458.90256,111.3459,521.08966,300
412,121.12778,-216.33253,487.61996,300
413,113.00994,-209.17334,450.6043,300
414,201.20946,-168.16673,454.2474,300
415,117.56567,-208.22603,467.22693,300
416,178.32928,-312.8016,727.48096,300
417,114.92212,-208.84477,457.6497,300
418,112.38708,-212.76024,448.71738,300
419,113.65474,-208.70146,453.02078,300
420,441.7872,100.98619,506.63873,300
421,114.31668,-207.99477,455.51373,300
422,509.53265,127.66772,575.9347,300
423,113.21146,-210.92784,451.42932,300
424,114.379,-210.35576,455.6836,300
425,159.302,-215.81056,464.14578,300
426,111.97362,-209.29039,446.6707,300
427,124.216705,-221.11208,500.90103,300
428,174.31929,-309.7185,716.6179,300
429,113.8645,-210.61736,453.90274,300
430,216.47223,-374.18295,877.64264,300
431,124.83482,-229.6744,443.9072,300
432,140.37082,-237.63783,554.557,300
433,492.78586,124.09299,556.1864,300
434,121.87716,-217.13597,489.71487,300
435,575.36536,151.77519,644.6734,300
436,518.7061,133.12051,583.6106,300
437,112.24835,-212.7046,448.1984,300
438,431.4783,95.57327,497.4313,300
439,455.78778,97.77339,528.3917,300
440,430.45905,91.35504,499.381,300
441,585.1815,154.32695,655.85376,300
442,112.77443,-210.9887,449.8044,300
443,117.53732,-210.63998,469.7487,300
444,111.870926,-227.0988,454.47385,300
445,518.82806,133.82791,582.96246,300
446,149.6364,-266.57074,613.3733,300
447,113.5035,-206.8962,451.94016,300
448,118.52602,-239.24449,460.655,300
449,113.42407,-208.65028,452.17905,300
450,110.36578,-208.39235,440.4861,300
451,547.94824,137.17429,620.12427,300
452,132.68777,-215.53111,424.74973,300
453,582.96136,153.89757,653.1835,300
454,106.256195,-212.80096,430.28293,300
455,106.66002,-198.49373,424.20245,300
456,111.7914,-226.23772,444.7203,300
457,113.671844,-236.0399,462.312,300
458,181.84125,-182.65059,444.61337,300
459,547.57635,143.2273,614.2676,300
460,360.9947,-7.9198475,501.0003,300
461,485.09625,123.01744,546.63696,300
462,107.83713,-193.5978,424.1107,300
463,112.15802,-211.1273,447.60727,300
464,148.51382,-225.14044,452.98138,300
465,114.035934,-208.98894,454.50574,300
466,126.39348,-224.76192,511.55252,300
467,110.7889,-230.73537,450.78195,300
468,113.45091,-208.50444,452.20145,300
469,328.00946,-44.842014,493.4633,300
470,594.19244,152.97943,668.7606,300
471,110.79388,-209.42937,442.447,300
472,470.50702,114.13827,534.5417,300
473,116.60675,-209.21892,465.54526,300
474,112.3557,-212.13484,448.5789,300
475,112.0896,-214.13965,447.95633,300
476,114.132645,-210.79712,454.7711,300
477,589.11725,155.95416,659.77124,300
478,111.902725,-207.76472,446.35587,300
479,140.00684,-128.66823,374.58066,300
480,556.2307,145.92664,623.65894,300
481,528.2592,135.16765,594.739,300
482,115.15883,-208.05812,458.69888,300
483,552.82996,144.78517,620.08887,300
484,112.26396,-213.95085,448.5099,300
485,123.49718,-219.94258,497.1279,300
486,542.5755,140.61223,609.6735,300
487,476.6908,116.402664,540.77795,300
488,113.912674,-207.99916,453.7545,300
489,602.2054,159.1739,674.84344,300
490,116.64656,-209.02235,465.57352,300
491,196.60367,-188.57924,469.6398,300
492,258.65277,-90.09032,456.25412,300
493,255.5458,-106.91759,461.2205,300
494,112.13223,-207.78212,447.22397,300
495,593.4221,157.08755,664.62897,300
496,128.14862,-227.80147,519.5029,300
497,393.9548,41.810688,495.509,300
0,603.9307,152.9941,663.5616,350
1,118.282845,-218.57336,464.07333,350
2,527.4293,127.83897,584.67413,350
3,117.80085,-226.83392,464.8259,350
4,119.2199,-227.1254,469.75867,350
5,117.57403,-226.86577,449.35452,350
6,442.04733,81.57269,512.7504,350
7,440.92804,86.3959,507.16092,350
8,152.19484,-250.54767,502.89816,350
9,146.13635,-205.88667,414.77066,350
10,528.0642,131.21248,582.3646,350
11,540.97144,132.90555,598.08057,350
12,522.58636,129.63062,576.563,350
13,137.12985,-254.04689,501.413,350
14,122.41714,-237.02773,473.12155,350
15,504.79883,119.60249,562.04816,350
16,533.80115,131.53563,589.77264,350
17,351.74805,2.3353345,468.69345,350
18,127.11278,-241.3162,479.26093,350
19,296.69513,-33.230564,430.7291,350
20,499.60464,116.277885,558.1783,350
21,596.53876,150.69333,655.8151,350
22,322.8362,-24.702858,457.03366,350
23,118.795784,-226.27223,467.1642,350
24,119.07699,-218.4809,468.6569,350
25,468.46533,100.21412,531.5035,350
26,122.77834,-250.66711,489.69882,350
27,496.28717,114.53373,555.2406,350
28,541.4874,133.73318,597.9889,350
29,401.79514,77.3571,463.0062,350
30,118.66421,-213.45026,467.18396,350
31,174.69339,-198.13512,444.58145,350
32,120.903595,-214.25082,480.87747,350
33,118.072716,-211.67148,451.29114,350
34,118.94019,-219.41089,468.13992,350
35,117.49,-211.26859,450.91415,350
36,171.93317,-255.14346,632.5969,350
37,418.9921,66.33979,495.1689,350
38,119.356125,-231.28896,471.5063,350
39,531.7882,130.41785,588.1069,350
40,114.51151,-239.16492,424.04483,350
41,119.31931,-223.4164,469.7065,350
42,118.60589,-222.38312,466.81982,350
43,128.13441,-208.53127,479.16815,350
44,534.79065,130.26714,592.2578,350
45,118.60175,-225.21994,467.05588,350
46,570.06616,142.51132,628.02374,350
47,320.8877,-27.301523,457.11435,350
48,119.108795,-217.45679,468.77814,350
49,182.51932,-191.0535,476.86063,350
50,130.2339,-215.31589,500.67386,350
51,594.9236,150.70766,653.63165,350
52,267.6294,-0.9873973,359.5609,350
53,119.26989,-225.71547,469.67987,350
54,535.2493,130.59091,592.56976,350
55,118.30979,-226.81903,466.2529,350
56,528.07434,128.14221,585.26715,350
57,451.14102,94.54174,513.6191,350
58,126.90907,-215.71039,495.70035,350
59,460.1452,96.55182,523.7183,350
60,503.47073,117.94724,561.76,350
61,500.27582,115.45135,559.8121,350
62,597.99725,151.24344,657.24493,350
63,138.66461,-220.61761,527.55115,350
64,121.218285,-213.56378,480.26022,350
65,545.6622,134.93524,602.45416,350
66,277.69446,-60.821434,433.09998,350
67,553.7985,137.08539,611.35187,350
68,522.40344,126.972374,578.7325,350
69,179.13953,-284.89215,689.913,350
70,387.6819,54.566975,464.2969,350
71,161.07394,-221.79922,465.40402,350
72,562.3235,140.55954,619.491,350
73,163.29364,-131.27417,380.67352,350
74,445.13254,90.633064,508.99847,350
75,125.92631,-215.42453,494.19693,350
76,200.27878,-143.61803,434.90787,350
77,384.05817,105.92541,427.64578,350
78,559.93933,139.32632,617.47064,350
79,207.28545,-141.10587,421.7147,350
80,125.506966,-261.99316,501.79593,350
81,113.128716,-221.15561,448.4296,350
82,131.22781,-221.86908,518.00446,350
83,210.99213,-112.43902,402.3946,350
84,120.33094,-235.88095,476.3925,350
85,481.42532,106.678764,542.74896,350
86,230.20352,-134.26436,444.9646,350
87,119.54287,-216.92838,469.43707,350
88,210.01204,-109.427025,408.37125,350
89,115.931465,-217.41217,450.73593,350
90,532.285,131.25085,588.0019,350
91,132.20486,-249.77417,490.15097,350
92,126.5578,-259.29553,504.45477,350
93,120.867294,-213.05304,476.78207,350
94,173.8321,-155.73982,463.17517,350
95,336.45325,-11.839238,462.424,350
96,124.17539,-212.63374,482.00882,350
97,118.78329,-217.00735,466.5704,350
98,119.0787,-216.74612,468.6736,350
99,610.05493,155.09615,669.7862,350
100,449.31738,93.73863,511.8926,350
101,507.15527,121.80005,563.17316,350
102,118.32313,-218.45856,465.71988,350
103,465.14838,108.572075,519.3249,350
104,494.2614,115.69816,551.51447,350
105,476.04337,107.30933,534.9526,350
106,157.13579,-203.65607,452.76724,350
107,275.73627,-42.917027,413.41287,350
108,446.74115,93.25173,508.86298,350
109,452.45956,87.77288,521.19244,350
110,118.87187,-225.27756,468.1851,350
111,118.93214,-212.41275,468.26773,350
112,209.52773,-112.35821,395.45804,350
113,457.21033,101.358986,515.35767,350
114,142.4357,-179.0792,383.4392,350
115,573.93475,144.38309,631.44055,350
116,137.47665,-230.89078,476.01907,350
117,495.416,116.21989,552.6257,350
118,117.53338,-220.18405,462.56924,350
119,118.12562,-212.89569,455.42294,350
120,485.93365,110.82307,544.92096,350
121,100.24826,-205.71152,403.79123,350
122,361.38925,43.047398,440.7441,350
123,127.27555,-280.5667,509.51828,350
124,119.43798,-227.73145,470.6827,350
125,119.4739,-212.14017,471.7686,350
126,302.49475,-21.222462,426.36563,350
127,118.87124,-219.83534,467.89212,350
128,144.09883,-238.61035,483.34894,350
129,241.79802,-107.970055,433.48868,350
130,118.83775,-214.59094,467.843,350
131,541.339,132.89403,598.59326,350
132,140.15733,-268.88928,491.46878,350
133,119.19993,-214.56866,469.11246,350
134,120.17095,-233.43471,472.51523,350
135,119.07053,-216.18124,468.60312,350
136,122.11747,-237.97748,478.98782,350
137,117.86072,-222.92514,464.00113,350
138,113.84706,-213.30107,443.16412,350
139,525.24176,126.82278,582.6871,350
140,603.5508,153.04504,663.0035,350
141,129.58705,-202.17696,447.29208,350
142,221.0805,-76.030495,417.95236,350
143,117.72256,-223.86627,463.31656,350
144,567.0453,141.77693,624.669,350
145,607.5707,154.20145,667.30084,350
146,119.32656,-223.55936,469.72574,350
147,119.120285,-222.70364,468.854,350
148,409.30484,60.57401,487.7292,350
149,128.44011,-267.24005,513.01483,350
150,126.82598,-219.01971,462.71744,350
151,119.26668,-229.69547,470.1687,350
152,121.808334,-244.01399,474.92188,350
153,119.153404,-226.11133,469.34192,350
154,149.3036,-249.36218,491.82706,350
155,109.88682,-227.34842,442.09616,350
156,124.95913,-213.46957,485.5798,350
157,165.66153,-174.68103,413.9542,350
158,552.06775,136.87712,609.22986,350
159,118.90432,-219.69363,467.95853,350
160,203.61523,-100.763756,377.68005,350
161,517.2758,125.08323,573.66797,350
162,104.984634,-231.1713,420.7322,350
163,126.444534,-247.18475,483.99124,350
164,119.32278,-223.43044,469.7097,350
165,118.906105,-214.83075,468.12344,350
166,128.14836,-212.56424,488.29904,350
167,123.009605,-217.01404,492.87735,350
168,199.91199,-142.28067,413.9292,350
169,554.9793,137.9708,612.1062,350
170,440.67548,94.41557,499.76822,350
171,562.0118,140.42633,619.22516,350
172,134.67148,-263.0232,479.54404,350
173,119.629875,-213.66856,469.73917,350
174,194.99503,-279.37872,704.7413,350
175,117.81933,-220.90045,463.6223,350
176,118.92994,-222.7886,468.1487,350
177,459.81757,94.233025,525.33075,350
178,118.8819,-219.62329,467.93253,350
179,118.296036,-253.29256,479.72012,350
180,140.91875,-215.27727,519.2728,350
181,119.85885,-255.0636,478.779,350
182,119.07026,-221.28825,468.527,350
183,126.68031,-250.44838,455.28113,350
184,521.03925,125.5084,578.2839,350
185,157.45168,-225.3203,481.91345,350
186,418.8886,81.45948,482.23737,350
187,125.44099,-218.46118,501.55856,350
188,234.42975,-98.47129,414.4789,350
189,125.51348,-261.27893,501.46774,350
190,117.8991,-223.48325,464.34555,350
191,379.16937,45.333675,462.22623,350
192,219.43095,-112.82461,409.57297,350
193,138.93304,-250.9523,481.7861,350
194,118.33993,-219.2619,465.73495,350
195,487.10535,104.52409,552.00323,350
196,465.87872,110.6631,518.3419,350
197,118.862274,-211.50455,468.56284,350
198,118.977165,-216.22606,468.3127,350
199,118.6209,-217.92271,466.92484,350
200,119.18741,-224.51212,469.17838,350
201,137.76462,-228.49847,449.94968,350
202,102.70309,-229.61081,409.422,350
203,122.63358,-216.86295,490.95834,350
204,310.06714,-45.738617,461.2482,350
205,119.50269,-198.15585,434.8278,350
206,267.0078,-85.69575,444.3443,350
207,434.74164,88.31904,497.29764,350
208,375.77502,39.86121,463.19193,350
209,134.94417,-248.81886,471.4735,350
210,553.907,138.29858,610.37714,350
211,118.0837,-226.20573,465.55795,350
212,149.38976,-211.96255,451.06448,350
213,493.41116,115.14915,550.9393,350
214,508.38928,121.80663,564.8379,350
215,189.1147,-167.2233,469.76956,350
216,551.19824,136.78108,608.1715,350
217,395.5231,67.947296,463.0232,350
218,439.9328,99.23542,494.1453,350
219,118.85979,-217.13713,467.8679,350
220,119.08189,-221.33705,468.61688,350
221,127.45187,-173.02785,403.12222,350
222,158.17857,-232.05798,575.77313,350
223,141.55942,-231.17111,487.0182,350
224,269.1321,-48.548195,409.28085,350
225,113.58546,-253.15771,448.16168,350
226,119.52888,-230.75836,471.97458,350
227,119.34574,-229.76988,470.93518,350
228,118.81638,-222.85614,467.78433,350
229,145.83725,-221.34721,539.4744,350
230,127.41796,-229.199,472.43607,350
231,139.04095,-245.6333,492.27713,350
232,487.8387,114.19304,544.40454,350
233,112.53584,-254.83575,443.20944,350
234,197.38583,-150.75247,435.022,350
235,122.978676,-216.11902,491.0817,350
236,119.477806,-227.72177,470.83298,350
237,185.35101,-234.91693,524.6528,350
238,145.18837,-242.80095,471.7804,350
239,339.41144,31.798658,422.35898,350
240,122.85288,-214.5202,484.82358,350
241,119.15797,-217.19666,466.27487,350
242,124.55314,-258.1754,497.52972,350
243,121.7208,-215.58115,485.81863,350
244,131.5538,-222.56976,520.76447,350
245,123.4916,-244.34073,486.36765,350
246,120.713234,-213.90353,479.1962,350
247,401.64484,51.45875,486.32352,350
248,123.34996,-214.86874,458.39413,350
249,118.34066,-218.35046,463.92783,350
250,203.06781,-81.61112,358.6261,350
251,331.33496,-30.366589,474.23123,350
252,127.57175,-260.47467,477.73972,350
253,258.15366,-70.67177,416.98648,350
254,152.08243,-164.69,452.43707,350
255,378.52753,38.332836,468.23636,350
256,342.90268,-22.57222,481.91562,350
257,123.58156,-265.22662,489.21097,350
258,123.59098,-201.06946,450.53296,350
259,128.59076,-216.59457,501.38834,350
260,125.19473,-213.69861,486.25464,350
261,253.77646,-109.31682,450.58182,350
262,392.0299,54.885242,470.09048,350
263,146.68207,-231.35986,557.735,350
264,321.14154,-23.427841,453.61456,350
265,378.13184,34.83233,471.456,350
266,139.65671,-223.77429,534.9613,350
267,191.93532,-284.98193,708.8199,350
268,303.64667,-65.972084,472.9069,350
269,533.0922,129.31464,590.8806,350
270,121.739235,-211.81389,474.9467,350
271,248.91423,-110.80794,445.69406,350
272,118.78352,-217.85571,467.46133,350
273,119.49661,-224.71121,470.4543,350
274,458.20087,97.05998,520.7348,350
275,120.886055,-239.56705,477.09787,350
276,196.44933,-308.17767,751.4816,350
277,179.22626,-183.33101,445.25397,350
278,535.2855,130.49863,592.71594,350
279,118.46931,-219.2591,466.08112,350
280,359.64218,14.67503,466.93552,350
281,132.45538,-267.50647,494.21295,350
282,122.312645,-211.01405,472.87375,350
283,324.86346,-48.36025,483.6074,350
284,151.31735,-247.18867,589.9465,350
285,313.09143,-56.3986,476.022,350
286,210.04492,-103.11987,387.04147,350
287,119.160835,-219.46017,468.9066,350
288,118.80656,-223.7558,467.67676,350
289,124.73,-254.89056,497.12918,350
290,116.69387,-219.23521,459.0895,350
291,396.57892,67.27065,464.9213,350
292,119.126465,-219.08788,468.76944,350
293,508.55972,123.26062,563.6892,350
294,537.2009,132.0076,593.8671,350
295,347.60065,-15.074045,480.70547,350
296,118.840065,-227.16653,468.4222,350
297,172.72708,-175.9856,432.61563,350
298,428.57227,90.08309,487.62387,350
299,587.93756,148.42754,646.40436,350
300,596.7438,150.86333,655.9129,350
301,371.1901,13.810403,483.18845,350
302,451.98517,93.89377,515.27466,350
303,124.27171,-266.2016,472.66476,350
304,133.98552,-222.95285,525.07684,350
305,446.29462,89.869514,511.20016,350
306,464.91656,106.47372,520.91077,350
307,216.30742,-112.59725,407.94135,350
308,125.46261,-216.77994,496.56448,350
309,117.09291,-224.35988,460.61908,350
310,364.45892,53.784126,434.32452,350
311,552.0412,136.91284,609.17773,350
312,130.79688,-259.08765,495.9711,350
313,119.59287,-212.26242,472.62906,350
314,119.31637,-221.21497,469.5579,350
315,117.78219,-243.97011,472.95474,350
316,136.70207,-283.0123,509.88528,350
317,335.71906,-40.446598,490.3374,350
318,140.76549,-232.76262,436.04935,350
319,120.24627,-216.03737,467.0532,350
320,119.35952,-224.6416,469.91245,350
321,142.02484,-266.55585,490.8135,350
322,136.6095,-259.64526,477.28226,350
323,326.0769,-41.62704,478.5929,350
324,142.32343,-223.1227,537.89056,350
325,128.48196,-213.43323,492.52045,350
326,120.07304,-216.29333,469.509,350
327,555.39386,137.55557,613.0446,350
328,319.8916,-33.456642,462.06027,350
329,138.74565,-236.24762,554.1654,350
330,526.1315,127.24983,583.48145,350
331,118.373024,-221.26978,465.84238,350
332,468.4992,111.75474,520.86414,350
333,118.86554,-221.75241,467.82214,350
334,569.5253,142.41524,627.392,350
335,332.97528,-29.394054,475.469,350
336,98.74059,-192.71783,391.9599,350
337,320.87665,-20.16269,449.99323,350
338,118.831566,-215.41644,467.76602,350
339,136.18623,-168.90463,380.20346,350
340,118.79067,-220.23094,467.3522,350
341,188.46417,-186.29457,449.61215,350
342,468.81708,109.767136,523.09644,350
343,570.2693,143.03876,627.8166,350
344,518.0558,125.81927,574.02277,350
345,418.55566,77.655754,485.02707,350
346,130.22339,-234.51147,428.94305,350
347,137.11832,-227.83862,476.91757,350
348,263.2254,-92.97539,446.38815,350
349,129.49142,-214.53905,495.29013,350
350,118.66607,-211.21735,468.8953,350
351,118.57952,-226.68025,458.8762,350
352,124.74727,-219.113,501.34683,350
353,120.37939,-212.4463,469.5013,350
354,122.94572,-215.43826,488.93784,350
355,164.62119,-257.2295,625.1611,350
356,333.0062,-31.892675,478.05826,350
357,118.75077,-222.09445,467.46848,350
358,119.10485,-217.52115,468.7857,350
359,121.790764,-257.34644,485.64877,350
360,519.8339,124.95718,577.21075,350
361,571.303,143.70224,628.56586,350
362,118.99598,-224.51794,468.55038,350
363,118.94521,-214.83566,468.21756,350
364,549.2395,137.32687,605.0293,350
365,590.3323,149.11322,648.9815,350
366,121.42222,-238.61429,479.3018,350
367,206.91425,-187.21616,478.09634,350
368,118.99643,-214.27054,468.4669,350
369,120.13018,-213.0263,477.08835,350
370,119.44958,-223.27338,470.1448,350
371,564.4194,140.90614,621.9892,350
372,166.53415,-251.06757,618.1871,350
373,594.21045,150.32626,653.0455,350
374,118.97694,-225.66336,468.58652,350
375,118.68073,-218.41467,467.13464,350
376,386.18524,36.49893,480.58908,350
377,146.87297,-229.76627,555.3044,350
378,592.1295,149.50517,651.02167,350
379,119.06933,-236.77226,473.2635,350
380,138.67715,-219.67274,525.6361,350
381,120.45852,-212.3074,474.8099,350
382,374.0743,31.365025,469.48477,350
383,407.43958,48.14516,497.4269,350
384,555.2583,138.10648,612.3418,350
385,118.17953,-217.83783,465.1394,350
386,390.58472,69.09404,455.54135,350
387,119.452614,-211.69823,470.96188,350
388,506.02277,121.45916,561.9651,350
389,119.584724,-212.4909,472.96402,350
390,152.66055,-230.72351,565.451,350
391,365.65826,69.05597,422.56818,350
392,120.5805,-212.32626,475.04172,350
393,117.68764,-221.34271,456.20895,350
394,215.22054,-102.56573,394.80014,350
395,198.21832,-297.02936,736.8487,350
396,142.72778,-222.92667,537.8932,350
397,132.59346,-232.94133,425.73495,350
398,519.381,124.38093,577.1126,350
399,369.82654,64.53246,431.86868,350
400,483.65625,108.45704,544.0539,350
401,125.2951,-211.68417,481.6287,350
402,568.4896,143.19131,625.268,350
403,374.66785,-8.97144,510.9122,350
404,433.86322,78.0257,504.9924,350
405,290.7516,-37.8104,427.29095,350
406,145.01094,-235.75879,562.45605,350
407,120.26565,-231.99724,474.40518,350
408,307.82513,-71.16802,483.77573,350
409,202.60481,-190.92233,470.58334,350
410,563.8645,140.68542,621.4357,350
411,498.0479,115.235435,557.0467,350
412,118.48156,-212.56158,466.50735,350
413,118.692116,-222.17773,467.10812,350
414,201.48627,-160.15457,440.61737,350
415,119.89911,-215.9025,470.08005,350
416,163.62338,-257.48462,624.08905,350
417,119.21369,-216.54611,467.96347,350
418,127.01539,-236.4451,473.20248,350
419,118.9053,-217.99646,468.0543,350
420,497.86725,116.33379,555.7946,350
421,118.44822,-211.26215,466.72614,350
422,520.9961,129.01051,574.9458,350
423,119.04461,-229.00446,466.55844,350
424,119.14112,-216.85878,468.88254,350
425,212.19122,-91.311516,377.36166,350
426,122.14788,-238.30273,479.3807,350
427,118.865395,-214.30107,467.9172,350
428,130.7714,-223.42007,520.64136,350
429,118.615715,-211.28424,467.35156,350
430,192.67041,-292.2755,721.2177,350
431,128.01205,-276.4568,507.54977,350
432,131.29012,-217.56064,508.58572,350
433,386.07635,30.746155,486.17484,350
434,128.97993,-212.75827,490.33945,350
435,594.00793,150.051,653.0222,350
436,505.30103,121.076,561.35095,350
437,119.110085,-220.90399,468.77747,350
438,474.70367,104.4349,535.87274,350
439,331.08295,5.8387794,437.40207,350
440,523.28156,128.92229,578.1608,350
441,554.92957,137.84828,612.14844,350
442,119.64391,-233.76709,471.0436,350
443,119.17269,-214.33182,469.1652,350
444,118.89298,-223.85187,468.0499,350
445,551.31055,137.81116,607.3631,350
446,141.01471,-242.57816,567.5998,350
447,118.65722,-228.7715,460.71048,350
448,179.68732,-196.84523,456.7143,350
449,119.25881,-225.5865,469.5682,350
450,117.26316,-216.52536,461.29993,350
451,453.46497,103.99627,507.7329,350
452,157.56622,-222.12137,468.08188,350
453,545.2092,134.66002,602.11255,350
454,407.06732,75.29979,471.8696,350
455,118.45785,-226.13596,463.09195,350
456,117.653694,-214.31763,453.6179,350
457,146.36574,-290.0423,531.37787,350
458,312.58002,-26.429502,445.2529,350
459,498.0332,115.383354,556.8631,350
460,299.39716,-56.123554,457.2741,350
461,539.36414,132.54813,596.26746,350
462,130.4136,-189.70908,446.47784,350
463,118.718,-214.97382,467.54446,350
464,191.31638,-183.66592,449.17007,350
465,119.434845,-225.7536,470.29276,350
466,120.70971,-212.9065,477.36514,350
467,125.4864,-252.1813,495.9962,350
468,118.63427,-219.53441,466.93237,350
469,289.54083,-67.811806,455.98203,350
470,471.88333,111.895424,525.20105,350
471,114.15977,-224.3511,453.04453,350
472,418.80804,65.23204,495.98782,350
473,118.87374,-221.80135,467.8888,350
474,119.3347,-229.6849,470.80405,350
475,116.56857,-225.69112,460.28238,350
476,209.85294,-50.583897,344.13956,350
477,561.28485,139.74352,618.88226,350
478,118.000145,-219.8836,464.4752,350
479,126.38911,-199.26724,454.1389,350
480,539.1891,132.2813,596.274,350
481,473.65955,109.197426,530.08765,350
482,119.36199,-224.88364,469.8884,350
483,519.84546,125.11035,577.08,350
484,115.36167,-253.35844,469.9882,350
485,131.54193,-217.57425,508.3377,350
486,475.2704,110.63503,530.8936,350
487,548.11084,137.4958,603.3804,350
488,160.63599,-214.10979,479.3323,350
489,511.67737,123.87315,567.2531,350
490,119.12916,-218.04555,467.8918,350
491,174.97467,-189.68988,433.06842,350
492,241.44232,-52.46985,397.10913,350
493,275.0094,-34.49041,402.9296,350
494,118.71356,-217.53494,467.3113,350
495,593.64825,150.04526,652.5474,350
496,132.04565,-221.5853,519.17126,350
497,391.5108,52.4304,471.72256,350
0,660.23456,209.26463,730.6911,400
1,121.99896,-223.45091,507.66736,400
2,604.8265,189.03677,671.6626,400
3,122.54143,-226.83218,508.30328,400
4,122.38056,-226.53644,507.3724,400
5,111.31534,-213.46959,454.94666,400
6,588.2422,182.90192,654.0988,400
7,428.48816,72.03808,530.9972,400
8,254.81583,-74.51243,434.57925,400
9,119.525635,-230.31165,488.91345,400
10,601.01685,188.1513,667.07855,400
11,639.12933,201.71524,708.0255,400
12,433.4549,89.14762,521.8161,400
13,121.04542,-231.36002,494.85934,400
14,128.87057,-225.8357,442.9215,400
15,541.07324,163.3891,605.94507,400
16,656.6615,208.06406,726.7848,400
17,406.8216,54.021465,518.159,400
18,125.29013,-239.75919,449.10693,400
19,124.3867,-244.2443,455.34518,400
20,519.71075,149.10602,588.9878,400
21,674.3064,214.14932,745.9733,400
22,339.13654,-22.324343,499.85248,400
23,122.11057,-229.48206,503.11322,400
24,131.11566,-240.62193,456.33478,400
25,550.3778,166.0599,616.5375,400
26,120.6712,-232.32465,493.22842,400
27,567.5182,166.00214,640.23914,400
28,573.35925,176.84552,638.80756,400
29,475.9188,123.00064,551.4387,400
30,123.52422,-224.8662,519.2064,400
31,146.36967,-244.76537,469.08923,400
32,131.33469,-238.15656,565.5945,400
33,109.288574,-204.33884,444.7782,400
34,122.40886,-223.59433,511.18018,400
35,121.60104,-227.88104,500.2161,400
36,221.89595,-303.41177,831.46136,400
37,348.03012,-34.548557,524.9263,400
38,122.40659,-231.40047,503.28668,400
39,559.7384,171.92523,624.25604,400
40,109.562996,-226.51776,455.33398,400
41,121.9205,-226.55595,504.3064,400
42,124.5063,-225.44275,524.42664,400
43,157.43211,-245.4849,627.7728,400
44,622.54254,195.52615,690.48645,400
45,122.185715,-229.93066,502.5129,400
46,660.8474,209.40062,731.4131,400
47,410.23846,56.670177,520.2843,400
48,138.45184,-241.61423,586.8129,400
49,224.64026,-95.756256,415.69904,400
50,129.0214,-230.3664,545.636,400
51,675.2001,214.48897,746.9279,400
52,161.02435,-179.90118,431.27924,400
53,127.823715,-231.82129,545.33606,400
54,627.8033,197.45444,696.0794,400
55,122.229996,-225.37625,507.80768,400
56,604.8402,189.04848,671.68054,400
57,530.93054,157.0247,597.5328,400
58,131.02559,-232.33746,553.9636,400
59,571.6885,175.88385,637.3463,400
60,537.91486,158.51611,605.9092,400
61,546.56775,164.246,612.84906,400
62,660.05005,209.24341,730.4595,400
63,180.3208,-276.97934,718.1917,400
64,137.55841,-245.77966,593.6717,400
65,601.8974,187.96973,668.51575,400
66,178.48734,-204.61847,467.04117,400
67,661.6509,209.71045,732.26135,400
68,541.9622,162.76953,607.7489,400
69,167.29205,-275.95535,694.68335,400
70,349.36053,-22.27217,514.2683,400
71,132.5723,-248.07925,465.25616,400
72,650.3225,205.82275,719.9404,400
73,109.6758,-213.82314,449.03253,400
74,531.4032,164.60736,591.04694,400
75,130.25482,-232.3461,552.73413,400
76,131.9931,-204.35306,424.68332,400
77,387.7937,13.4231205,532.50934,400
78,612.2102,191.76434,679.4737,400
79,130.16162,-246.43484,450.8839,400
80,120.73274,-232.02731,493.23575,400
81,122.81236,-228.8046,509.49686,400
82,217.32416,-316.363,843.73706,400
83,130.94507,-241.50014,461.25848,400
84,122.12834,-233.89407,499.811,400
85,597.052,186.1494,663.4193,400
86,147.4397,-245.92061,469.7176,400
87,128.35918,-230.15665,543.1888,400
88,120.082794,-227.53258,492.13184,400
89,122.54712,-223.53989,511.50092,400
90,635.0576,200.41057,703.5083,400
91,119.96088,-229.81573,490.41718,400
92,118.9133,-230.992,486.83347,400
93,122.19577,-223.71529,508.52136,400
94,192.2822,-66.605095,394.85977,400
95,204.71738,-182.41147,478.76562,400
96,136.64227,-235.78497,572.1768,400
97,122.49286,-223.8432,511.6508,400
98,122.483864,-222.92258,512.8616,400
99,650.8628,205.9452,720.5753,400
100,461.48975,109.78939,543.2896,400
101,572.8628,177.1503,637.8379,400
102,123.20089,-226.13892,514.53845,400
103,438.07483,91.09231,526.57556,400
104,571.51575,175.35416,637.6074,400
105,470.30487,112.572334,553.0591,400
106,120.221985,-228.12581,492.61234,400
107,191.84273,-169.37117,449.85187,400
108,521.0482,153.11264,587.25604,400
109,474.51218,114.09156,557.62354,400
110,103.08574,-201.50711,420.13007,400
111,128.03038,-230.46925,543.15967,400
112,114.03163,-234.74968,438.3756,400
113,344.3439,-29.517439,514.6417,400
114,108.12194,-218.37357,446.43695,400
115,650.9031,206.04945,720.5498,400
116,115.42001,-220.41757,471.58197,400
117,460.90524,105.823,545.7583,400
118,120.726326,-228.82462,494.71014,400
119,120.900314,-228.603,495.47998,400
120,627.3199,197.4275,695.4265,400
121,123.04919,-227.24081,511.97797,400
122,250.28764,-111.37957,466.1601,400
123,121.125046,-249.02214,453.0943,400
124,122.47473,-225.15744,509.70282,400
125,126.08685,-229.66513,535.3657,400
126,357.0664,68.168526,433.77307,400
127,122.194016,-228.00282,505.0884,400
128,165.15392,-178.116,426.34058,400
129,207.10564,-187.13553,486.56042,400
130,128.33221,-231.18793,545.6101,400
131,634.8936,200.17627,703.5107,400
132,114.90448,-252.4746,456.61536,400
133,132.84541,-233.32458,559.45605,400
134,121.9533,-231.8323,500.03992,400
135,122.01704,-230.6413,501.22766,400
136,121.935394,-231.03867,500.26917,400
137,121.28648,-227.94467,498.73108,400
138,370.21497,56.36117,464.14728,400
139,604.0616,188.70117,670.9009,400
140,611.0964,191.56808,678.09216,400
141,148.66466,-164.84326,424.01532,400
142,116.81128,-217.83878,480.1097,400
143,120.02188,-228.8998,490.97916,400
144,641.14087,202.34726,710.2511,400
145,665.53595,211.15858,736.4068,400
146,326.11615,-31.888689,491.32916,400
147,121.87156,-231.86876,499.41003,400
148,524.8891,153.2443,592.48486,400
149,113.65558,-238.4176,472.9625,400
150,126.05408,-225.38771,528.162,400
151,117.73487,-225.91147,433.56387,400
152,156.58745,-227.74135,465.32654,400
153,118.96907,-228.6105,486.4043,400
154,119.0788,-233.5759,487.94373,400
155,116.19232,-227.19843,475.9261,400
156,144.24683,-239.02628,593.3052,400
157,171.91293,-196.95827,451.67786,400
158,665.78125,211.19841,736.70435,400
159,121.933716,-229.16425,502.0099,400
160,366.39435,13.364357,502.2663,400
161,585.16016,181.49094,651.05634,400
162,112.44174,-219.13364,460.33667,400
163,121.21922,-230.00226,496.68106,400
164,121.85315,-227.44812,502.82123,400
165,133.3394,-237.51097,568.9459,400
166,123.012146,-223.35999,515.72064,400
167,136.11545,-245.11859,588.7409,400
168,103.551254,-226.40698,434.68466,400
169,640.53906,202.2264,709.5338,400
170,367.38367,12.098639,504.9458,400
171,606.104,192.94,669.963,400
172,120.511215,-231.88773,492.42584,400
173,121.7686,-224.23886,504.94666,400
174,280.37625,-343.4788,995.22516,400
175,101.82331,-200.02036,400.13492,400
176,121.322266,-233.32465,495.77487,400
177,557.3583,170.17157,622.5333,400
178,122.78914,-224.57092,512.9249,400
179,226.3811,-175.87048,500.20444,400
180,135.02785,-235.2826,568.0022,400
181,108.028694,-229.84494,449.14142,400
182,122.268585,-223.80957,509.7801,400
183,108.29525,-237.80078,452.32922,400
184,622.97095,195.69296,690.93164,400
185,119.09368,-229.02206,486.69177,400
186,524.4624,153.64516,591.5448,400
187,133.29953,-240.574,574.79364,400
188,109.080734,-240.91035,458.75955,400
189,115.709885,-228.16081,474.56195,400
190,111.66112,-237.89337,458.77234,400
191,231.14066,-128.4603,457.43817,400
192,127.90001,-242.18695,449.7938,400
193,224.11862,-161.30602,482.4114,400
194,124.27291,-226.80939,523.4529,400
195,419.3101,70.94745,518.8926,400
196,440.46698,101.37085,521.17664,400
197,124.13533,-225.84306,523.39844,400
198,122.045784,-228.73608,503.25092,400
199,123.7583,-225.36432,521.2825,400
200,122.11576,-228.29105,504.2011,400
201,124.8558,-233.23213,444.89673,400
202,122.5437,-232.6348,503.23688,400
203,129.3232,-235.59163,554.8997,400
204,307.84415,-83.81963,518.1169,400
205,122.71294,-221.05128,509.72723,400
206,385.15155,19.24369,522.76074,400
207,515.9782,152.89523,580.38574,400
208,251.37502,-126.444916,483.00626,400
209,161.54118,-219.2482,459.10474,400
210,541.18634,161.51053,607.80383,400
211,120.82182,-232.32251,493.99017,400
212,119.3381,-230.55139,487.81653,400
213,563.5143,172.55972,628.963,400
214,427.4386,69.87965,531.6741,400
215,208.16269,-68.95159,369.25775,400
216,617.8052,193.89984,685.3499,400
217,456.17297,112.656265,533.24225,400
218,312.20053,-50.250652,490.30463,400
219,122.12636,-224.85675,507.58575,400
220,121.9315,-226.63202,504.42905,400
221,121.38646,-228.12305,498.8878,400
222,155.17184,-240.18787,614.6946,400
223,121.377975,-227.1604,499.68408,400
224,314.68073,-62.428158,506.14374,400
225,114.20848,-222.96838,467.72128,400
226,122.32942,-227.45343,506.8521,400
227,122.15982,-233.89587,499.99353,400
228,122.278,-232.04651,502.32263,400
229,192.25742,-284.6087,751.1321,400
230,115.56304,-219.32327,472.4126,400
231,121.34581,-228.35503,498.206,400
232,550.4669,167.16763,615.64465,400
233,365.7246,-1.9643939,516.9186,400
234,118.84364,-205.6882,423.76273,400
235,129.4112,-234.81253,555.24585,400
236,122.77725,-227.83096,509.51904,400
237,176.00464,-153.00089,413.82452,400
238,210.98431,-146.24161,449.32373,400
239,134.74112,-244.7551,470.94873,400
240,135.00267,-238.61285,574.4502,400
241,123.601166,-222.99669,517.41626,400
242,115.11263,-249.86,469.0046,400
243,124.07219,-226.65077,521.123,400
244,155.82689,-264.65186,657.2077,400
245,103.299255,-207.099,421.57214,400
246,132.51508,-239.97409,571.15576,400
247,297.176,-94.2367,513.6747,400
248,123.74791,-223.8512,518.6478,400
249,121.73956,-225.6294,503.96695,400
250,133.83572,-224.63448,445.2127,400
251,260.4788,-104.34643,472.73822,400
252,141.1597,-243.91496,461.0899,400
253,251.43477,-123.813835,480.3379,400
254,170.09262,-240.55582,641.7831,400
255,501.73508,141.45027,570.7473,400
256,360.32214,-21.89302,529.45496,400
257,122.16405,-232.96286,500.5672,400
258,121.500305,-223.69522,502.40024,400
259,131.78294,-232.8956,556.75574,400
260,125.44744,-227.26282,530.037,400
261,176.36954,-224.35367,483.9026,400
262,294.27374,-84.60432,499.79294,400
263,166.01303,-268.5107,680.1874,400
264,326.78784,-54.792606,515.45984,400
265,407.30646,56.517773,516.2932,400
266,175.12271,-273.6155,703.7396,400
267,265.0879,-341.5216,965.39435,400
268,174.47533,-228.76523,488.10468,400
269,586.37756,181.61652,652.66345,400
270,143.13843,-243.65051,599.73126,400
271,304.11328,-86.02038,515.08826,400
272,122.40579,-226.03114,508.32672,400
273,122.38005,-229.41028,504.81113,400
274,461.84332,105.7842,547.1341,400
275,121.36133,-231.93716,496.6621,400
276,209.0453,-315.55093,828.47284,400
277,132.32803,-240.7596,459.57092,400
278,627.93384,197.53275,696.19775,400
279,122.19269,-227.59464,505.37494,400
280,257.53107,-148.09662,513.83325,400
281,117.09999,-232.61609,480.94043,400
282,140.58136,-242.31375,592.70593,400
283,199.24442,-219.49286,510.23816,400
284,200.72923,-301.66702,792.31805,400
285,355.44232,-17.6454,518.27094,400
286,249.25879,-118.45104,471.8476,400
287,108.074776,-216.10497,441.41473,400
288,122.190414,-231.39578,501.50668,400
289,117.0368,-246.83943,485.41168,400
290,121.9861,-227.88469,503.3131,400
291,463.37753,114.94813,541.23224,400
292,121.80158,-229.59132,500.46994,400
293,585.78986,181.82211,651.62524,400
294,595.26,185.42375,661.6012,400
295,288.58862,-105.13567,512.8448,400
296,121.03908,-232.18933,494.7993,400
297,129.05081,-237.9927,449.8586,400
298,258.6869,-108.45414,474.55298,400
299,658.5183,208.64664,728.84534,400
300,670.22577,212.75635,741.52484,400
301,352.33856,-22.30107,518.5462,400
302,426.61963,78.32304,522.1472,400
303,231.12527,-155.03587,484.78754,400
304,147.61652,-253.19029,624.19507,400
305,424.2497,67.168236,529.7305,400
306,512.33545,149.59271,578.25,400
307,251.83087,-122.165565,479.34003,400
308,126.20607,-227.90413,534.25476,400
309,122.2335,-226.96779,505.9827,400
310,298.00928,-28.323217,448.11685,400
311,644.0676,203.48778,713.31274,400
312,237.73245,-116.32751,454.00995,400
313,126.4507,-229.22359,536.3852,400
314,121.969925,-224.08592,507.0627,400
315,118.19519,-231.59366,484.32007,400
316,115.898575,-256.32156,462.8448,400
317,345.12427,-34.582825,520.87915,400
318,112.149895,-234.06126,467.50183,400
319,121.96519,-229.12695,501.8192,400
320,119.84086,-232.28818,489.96964,400
321,122.41081,-233.71426,501.6771,400
322,134.55437,-248.17157,463.3499,400
323,134.92557,-255.02966,468.2082,400
324,138.14209,-237.40627,578.99835,400
325,126.80496,-226.47534,533.1439,400
326,121.88895,-227.46693,502.95044,400
327,658.11475,208.4509,728.4486,400
328,392.23282,41.008556,510.70685,400
329,165.79575,-280.34592,699.3783,400
330,614.2283,192.52213,681.60486,400
331,121.94804,-229.06387,501.80756,400
332,391.77057,39.47466,511.5775,400
333,121.95917,-229.39842,502.43042,400
334,668.0227,211.91599,739.182,400
335,262.07013,-144.70154,516.7396,400
336,121.93521,-231.38205,501.82953,400
337,339.16614,-7.168052,484.63824,400
338,128.0928,-231.8108,545.80457,400
339,122.21139,-226.04358,506.30637,400
340,122.201836,-226.4928,506.29025,400
341,115.701355,-232.66324,452.94095,400
342,460.27362,115.03411,536.7897,400
343,632.76196,199.36517,701.26776,400
344,537.39844,159.3728,604.44214,400
345,633.9575,199.6915,702.6022,400
346,102.195175,-232.02481,430.0832,400
347,121.95654,-224.51007,506.5517,400
348,171.54358,-212.45108,466.7657,400
349,151.93707,-241.66095,611.1195,400
350,122.53495,-225.71506,510.09845,400
351,122.23922,-231.6712,501.4319,400
352,138.54733,-247.5882,598.3936,400
353,123.421684,-220.85243,513.3423,400
354,127.35901,-232.40839,543.92847,400
355,185.72975,-292.81754,752.7612,400
356,490.0752,128.21466,566.53564,400
357,122.65457,-224.87192,512.06866,400
358,123.161606,-224.28256,516.9647,400
359,146.58005,-227.73033,457.76447,400
360,559.0374,169.90643,625.1517,400
361,667.24603,211.77094,738.255,400
362,122.37367,-226.22833,507.82928,400
363,123.2113,-224.2403,517.8185,400
364,497.2826,135.29066,570.21497,400
365,683.7853,217.45801,756.26276,400
366,122.403114,-232.80194,502.25177,400
367,114.79813,-225.071,470.6984,400
368,124.773445,-224.88681,524.41284,400
369,129.61136,-235.84805,557.61835,400
370,123.49118,-224.88522,519.343,400
371,672.9237,213.73895,744.42444,400
372,166.42142,-266.25644,677.05774,400
373,648.95294,205.28552,718.50793,400
374,122.45969,-227.08197,507.44696,400
375,122.03256,-224.98941,507.0479,400
376,358.1976,8.673432,495.39587,400
377,145.14122,-239.78587,595.76,400
378,656.98676,208.0443,727.23584,400
379,120.819046,-249.73761,460.48834,400
380,171.36044,-276.6979,702.5409,400
381,144.15768,-246.80829,607.29724,400
382,136.70432,-246.6596,460.21335,400
383,407.1978,43.94042,528.96936,400
384,627.6401,197.50955,695.802,400
385,123.67201,-226.02036,518.96106,400
386,452.29047,102.12256,536.9303,400
387,126.70003,-229.79204,538.0847,400
388,474.58533,117.40474,554.66364,400
389,128.5666,-234.1095,550.43884,400
390,179.98822,-267.67612,702.7395,400
391,442.1015,104.109474,521.1709,400
392,137.46747,-236.83136,576.35156,400
393,122.05441,-230.2524,501.6357,400
394,367.6101,14.803336,502.51038,400
395,213.6026,-312.46664,831.20996,400
396,180.08673,-270.89438,707.96436,400
397,102.28441,-237.90164,429.50958,400
398,633.1339,199.42845,701.72986,400
399,180.49626,-77.650734,352.67755,400
400,487.45282,123.42022,567.2229,400
401,142.13051,-237.02267,585.8,400
402,632.3065,199.3788,700.5993,400
403,308.15927,-85.680244,520.5066,400
404,426.9166,72.78106,528.0774,400
405,309.18768,-54.017956,489.73584,400
406,191.25717,-299.37704,772.3224,400
407,126.00113,-228.76941,534.0304,400
408,407.97165,41.377567,532.609,400
409,335.0777,-29.149757,501.1444,400
410,676.4121,214.83734,748.2925,400
411,489.3519,126.24209,567.3447,400
412,122.561035,-224.38152,511.30026,400
413,121.7885,-232.78949,498.231,400
414,140.77808,-241.71298,461.6274,400
415,121.806984,-223.39565,506.0002,400
416,230.73225,-335.20694,896.5212,400
417,121.98575,-224.13745,506.76135,400
418,117.297226,-224.99199,479.23895,400
419,123.1343,-224.36198,516.0852,400
420,437.46176,78.55043,537.2146,400
421,122.623795,-231.4784,504.93726,400
422,640.24835,202.23102,709.1023,400
423,121.9247,-229.7313,501.21582,400
424,121.78267,-227.06279,502.3469,400
425,108.757706,-221.91782,449.8463,400
426,122.35455,-229.46822,504.54297,400
427,126.40471,-227.97061,534.498,400
428,152.77567,-257.9011,640.56287,400
429,122.25278,-227.02808,506.4016,400
430,254.03563,-336.95544,939.2013,400
431,118.96619,-261.2634,495.1491,400
432,127.74878,-228.04083,537.59216,400
433,448.5609,90.73542,541.4144,400
434,147.74922,-241.39594,603.80493,400
435,660.55493,209.36752,731.04364,400
436,479.10892,119.783066,558.88336,400
437,121.840515,-231.76294,499.22662,400
438,506.36792,141.9018,576.8698,400
439,392.9737,37.746952,515.057,400
440,612.94617,192.52545,679.80237,400
441,610.5408,191.1278,677.7208,400
442,122.580505,-222.90155,514.0776,400
443,128.04791,-230.20636,542.41565,400
444,122.30939,-230.30228,503.7171,400
445,563.6669,173.2789,628.5285,400
446,161.08179,-280.76303,692.38477,400
447,121.74394,-226.5351,503.25873,400
448,120.57982,-235.88966,456.75848,400
449,122.43321,-231.5582,503.56024,400
450,122.63056,-223.2901,512.4848,400
451,481.30536,128.68312,553.7616,400
452,105.60321,-210.00688,414.09097,400
453,653.9335,207.04187,723.8808,400
454,115.13121,-231.99406,430.93463,400
455,122.11896,-225.41193,506.3012,400
456,118.352905,-225.27914,483.8642,400
457,115.55784,-245.36113,481.43723,400
458,272.70212,-60.74825,445.37512,400
459,545.00555,162.90903,611.8745,400
460,270.39133,-114.85444,497.68292,400
461,509.41238,141.35837,581.6325,400
462,127.53728,-222.39116,525.2967,400
463,119.3658,-228.31798,488.64954,400
464,213.70355,-159.58221,466.1848,400
465,122.47544,-225.79797,508.88715,400
466,133.13159,-236.7636,567.3082,400
467,129.72981,-238.19757,453.4754,400
468,122.227875,-233.50761,500.89963,400
469,211.6713,-176.03178,480.4104,400
470,378.00433,1.9899042,530.16626,400
471,122.6011,-226.96817,509.14398,400
472,514.1527,147.2266,582.9302,400
473,122.0237,-231.08029,501.10516,400
474,122.66884,-226.50838,509.8699,400
475,115.902626,-243.18411,445.22745,400
476,122.194016,-230.84149,501.86505,400
477,643.34094,203.19391,712.5619,400
478,123.46385,-226.83157,516.2784,400
479,111.44061,-205.86621,449.2077,400
480,599.65283,187.07626,666.21936,400
481,510.45636,147.44211,577.5541,400
482,123.06102,-224.50919,515.3136,400
483,586.54156,181.86786,652.6712,400
484,122.56673,-227.55948,508.16437,400
485,149.77147,-246.20978,615.73694,400
486,502.21576,145.4285,567.8689,400
487,591.74493,184.90976,657.12024,400
488,164.45753,-204.5473,458.38867,400
489,642.6037,202.76443,711.9003,400
490,124.24338,-226.09045,524.3196,400
491,114.45525,-246.67017,444.49554,400
492,358.81384,30.977137,473.66412,400
493,205.71204,-142.3075,439.4914,400
494,123.67711,-225.94095,518.9015,400
495,662.501,210.0477,733.15155,400
496,157.67477,-260.96463,654.04663,400
497,406.51703,52.541157,519.178,400
0,531.8375,174.77608,589.3805,450
1,95.49349,-207.84406,475.6646,450
2,412.6126,113.3504,476.42877,450
3,96.39527,-216.1417,487.31598,450
4,97.26588,-222.72127,471.7862,450
5,97.7759,-225.06828,470.55475,450
6,400.77557,108.50542,464.19763,450
7,360.9062,68.80362,442.70676,450
8,96.38598,-215.93771,462.32886,450
9,99.34853,-238.48553,473.27127,450
10,442.48734,136.64012,497.35767,450
11,444.42032,133.79883,502.67377,450
12,351.58063,66.49311,431.6844,450
13,97.45576,-223.43988,466.35437,450
14,97.923134,-225.4554,472.3144,450
15,448.9691,139.22278,504.1828,450
16,397.25717,103.00895,464.22137,450
17,146.61826,-289.62625,517.4499,450
18,100.075935,-233.0986,479.12946,450
19,142.14522,-243.95807,463.63486,450
20,395.33395,99.320724,464.9294,450
21,556.90265,184.43582,616.1411,450
22,127.63575,-284.82825,504.94336,450
23,96.561,-221.82452,465.80005,450
24,104.14506,-238.93378,481.79523,450
25,395.53952,98.06721,466.3501,450
26,106.73829,-254.38303,499.2939,450
27,447.22818,135.66171,504.9315,450
28,498.33505,160.89304,554.344,450
29,475.7496,153.60901,529.1035,450
30,97.256714,-215.0022,494.88028,450
31,103.17252,-268.96988,488.27698,450
32,101.2998,-222.64502,516.0647,450
33,98.244,-219.45499,464.78955,450
34,95.46693,-214.29668,478.34586,450
35,99.64689,-222.52856,468.653,450
36,259.66888,-283.6158,908.65344,450
37,206.5798,-167.6731,468.4555,450
38,99.506325,-232.11319,476.00824,450
39,452.92905,142.1629,507.11005,450
40,105.69094,-266.36703,458.23944,450
41,94.022934,-213.18231,458.86963,450
42,93.448296,-210.12317,459.32388,450
43,157.65733,-243.61603,657.7283,450
44,422.543,119.171616,485.08417,450
45,96.69832,-220.9176,469.24854,450
46,489.29492,156.32828,545.5305,450
47,245.1737,-113.412094,464.38605,450
48,99.42387,-217.40613,503.75644,450
49,221.57812,-37.801662,357.79446,450
50,130.67969,-231.02121,587.3892,450
51,522.72125,171.52258,579.41675,450
52,102.36973,-235.27734,459.7566,450
53,96.68462,-219.91649,478.75903,450
54,442.9881,132.08688,502.18686,450
55,97.40528,-223.67749,470.4472,450
56,499.43393,161.23946,555.6011,450
57,325.19122,14.0973,446.8513,450
58,95.40144,-213.30505,478.2151,450
59,282.50345,-69.616844,472.00647,450
60,294.05457,-53.781216,472.06055,450
61,397.98325,101.74104,466.46298,450
62,542.9988,179.35153,601.07605,450
63,147.6191,-239.93759,633.30835,450
64,95.48756,-214.61601,483.36942,450
65,456.63107,140.44417,513.84033,450
66,105.07452,-241.59631,483.54956,450
67,477.35492,150.98279,533.5067,450
68,368.66446,76.76367,446.8178,450
69,167.61584,-263.53876,708.5447,450
70,216.85829,-95.83115,409.6466,450
71,138.38722,-251.02368,467.9484,450
72,382.39178,91.85799,453.24316,450
73,101.2259,-232.97168,473.79065,450
74,109.85667,-277.2308,484.0637,450
75,123.810295,-230.1648,573.2857,450
76,136.72568,-216.55008,439.6955,450
77,389.24606,94.427185,460.67892,450
78,448.86392,135.27347,507.58447,450
79,115.819954,-274.13144,464.93518,450
80,99.32285,-231.08441,474.492,450
81,101.5553,-238.13913,485.45694,450
82,188.56458,-268.62308,754.1555,450
83,106.097496,-246.53226,485.38245,450
84,100.93557,-236.51001,481.75714,450
85,373.63828,81.09334,450.0805,450
86,103.85055,-254.58997,444.22437,450
87,108.69868,-213.3611,516.8365,450
88,94.55393,-208.40378,473.11188,450
89,94.45913,-212.87813,462.95532,450
90,348.7139,50.417065,443.79227,450
91,95.94372,-218.69095,469.59753,450
92,97.66376,-226.3471,469.37683,450
93,113.40858,-225.94678,546.3297,450
94,99.63571,-200.03873,455.08572,450
95,108.81696,-255.67491,472.51193,450
96,107.923744,-213.09384,514.35486,450
97,95.949585,-212.73257,486.31744,450
98,109.91539,-221.33664,532.17096,450
99,567.4405,188.46341,627.41174,450
100,360.00632,70.37911,440.1212,450
101,456.4255,141.8485,512.30286,450
102,96.3596,-219.6336,474.59918,450
103,275.00378,-47.333992,438.4602,450
104,364.1837,65.52356,450.6009,450
105,270.68005,-84.04422,470.14954,450
106,93.54424,-209.21939,463.57727,450
107,102.22368,-226.47272,448.21478,450
108,478.20248,156.49313,530.34814,450
109,357.71774,58.865604,448.36902,450
110,97.75858,-225.13702,470.85626,450
111,116.28413,-230.92871,559.887,450
112,132.8632,-272.28818,480.86264,450
113,227.27951,-151.83672,479.0838,450
114,99.95872,-234.38834,476.7058,450
115,510.6976,167.01538,566.46924,450
116,95.33473,-217.45511,462.43378,450
117,331.96915,20.825361,449.52496,450
118,95.328705,-214.50801,475.07733,450
119,95.28332,-217.52477,462.60632,450
120,434.01468,127.43286,493.74658,450
121,100.37668,-232.95181,482.07977,450
122,433.31546,132.93452,487.85583,450
123,102.7223,-241.21841,485.14188,450
124,94.90818,-212.31696,475.79614,450
125,103.86947,-217.11845,513.19617,450
126,138.47473,-186.45598,413.34784,450
127,95.32108,-214.53482,475.32736,450
128,95.34137,-215.66042,455.55545,450
129,159.83249,-215.19897,455.98517,450
130,123.166435,-228.89314,569.8206,450
131,460.36197,142.47786,517.2797,450
132,111.05641,-286.67374,493.32062,450
133,105.16123,-219.32843,518.7819,450
134,96.049965,-219.23962,467.3015,450
135,102.092125,-234.16437,478.26135,450
136,102.42315,-238.5722,482.38922,450
137,110.44398,-211.67459,517.5697,450
138,155.50323,-134.83154,384.22437,450
139,417.91367,116.39779,481.10504,450
140,527.6018,173.3641,584.67004,450
141,94.349464,-212.85663,460.41928,450
142,102.01285,-204.61034,487.59515,450
143,94.96763,-214.54282,466.3471,450
144,484.04416,154.33672,539.90454,450
145,510.3232,166.34988,566.50323,450
146,96.713524,-222.87389,466.25882,450
147,97.6508,-224.46811,471.60632,450
148,219.50801,-150.76373,467.22687,450
149,106.735374,-254.86409,496.07355,450
150,93.74963,-209.29384,463.37964,450
151,95.78016,-216.9676,472.31055,450
152,97.85788,-238.2164,461.83374,450
153,100.512276,-236.1062,478.197,450
154,107.21906,-265.78265,484.8556,450
155,100.431404,-233.1261,482.64062,450
156,153.95564,-244.67944,652.5436,450
157,104.39805,-251.78473,483.80603,450
158,476.69403,150.5022,533.01086,450
159,95.067116,-212.1818,479.89835,450
160,134.67456,-213.5539,433.24176,450
161,386.10284,93.07687,457.3404,450
162,98.4293,-229.78893,470.5291,450
163,94.579544,-213.65398,466.21008,450
164,94.44694,-211.17624,473.53784,450
165,96.33456,-211.51797,486.37335,450
166,153.85269,-244.02255,651.093,450
167,102.149574,-221.82507,516.9586,450
168,97.822876,-224.24258,474.11224,450
169,456.71692,140.698,513.7644,450
170,361.86148,76.237686,437.8145,450
171,513.5452,167.41808,570.06604,450
172,100.20492,-234.5802,478.16223,450
173,97.09214,-212.03542,489.16144,450
174,230.00912,-272.73828,837.2539,450
175,96.756996,-194.59299,412.86127,450
176,99.678444,-231.79596,478.10736,450
177,332.0248,26.961088,443.34332,450
178,95.874565,-215.67923,481.48056,450
179,104.44953,-247.70161,492.1097,450
180,141.01459,-235.17262,613.2081,450
181,100.40917,-236.62927,477.71393,450
182,95.49479,-217.19162,467.577,450
183,101.11007,-243.19247,476.56903,450
184,403.2618,104.543625,471.28802,450
185,100.31864,-235.30441,477.53394,450
186,328.5025,17.929155,447.60275,450
187,103.83233,-226.25594,527.688,450
188,98.345024,-241.20425,458.576,450
189,99.27755,-230.92404,475.6093,450
190,95.542244,-217.30057,467.94214,450
191,258.14136,-65.53906,433.3318,450
192,103.91062,-260.8386,455.726,450
193,108.83997,-263.0381,498.5142,450
194,98.628334,-221.0152,506.0932,450
195,337.49384,39.019962,438.94,450
196,329.33572,40.32976,426.05377,450
197,96.66471,-212.60434,489.23938,450
198,93.7183,-209.99844,462.32983,450
199,97.19251,-217.15855,495.96185,450
200,96.25825,-219.9476,468.22888,450
201,111.66885,-255.32559,468.01202,450
202,97.875206,-228.7664,462.12024,450
203,97.64946,-221.15811,488.57385,450
204,227.99443,-122.188324,449.72253,450
205,103.03382,-205.76096,492.15082,450
206,153.77519,-234.70453,472.2721,450
207,228.69305,-125.95777,454.40265,450
208,220.50879,-140.6491,458.6137,450
209,100.75064,-235.43729,481.95636,450
210,389.28146,94.627426,460.5249,450
211,96.762596,-218.1251,487.33707,450
212,96.05956,-219.1562,467.8388,450
213,316.46777,-6.433039,455.28192,450
214,446.5007,136.16457,503.44318,450
215,99.34614,-185.85727,403.00977,450
216,490.65036,157.48816,546.49585,450
217,388.83884,107.91101,447.8512,450
218,248.09808,-45.643185,399.00714,450
219,95.25594,-216.8143,466.55945,450
220,95.2355,-216.82724,465.37463,450
221,95.68693,-217.72821,463.7896,450
222,156.48035,-226.89084,628.484,450
223,93.18258,-207.6258,462.14227,450
224,103.443016,-264.77255,459.23254,450
225,93.548584,-232.58623,445.15857,450
226,94.6573,-213.2648,467.43655,450
227,102.19297,-242.74142,486.31253,450
228,96.00437,-216.35535,480.7838,450
229,116.353065,-216.57367,537.1937,450
230,101.32392,-227.92424,469.3706,450
231,114.04114,-244.36789,466.09567,450
232,383.55118,89.61063,456.73987,450
233,114.92604,-290.1873,491.59937,450
234,94.87026,-214.52069,464.80475,450
235,154.74284,-253.65094,668.7164,450
236,96.9309,-219.20279,486.70148,450
237,95.26795,-217.25496,462.04425,450
238,98.372696,-224.71927,455.93277,450
239,222.14825,-105.34291,424.8977,450
240,124.355804,-228.08255,570.7606,450
241,93.71813,-208.25839,466.47797,450
242,104.702194,-250.80667,491.87762,450
243,96.96128,-220.64746,481.3201,450
244,153.2333,-254.74062,667.26843,450
245,94.78935,-214.3649,464.2024,450
246,117.84692,-225.09695,553.3644,450
247,290.14725,-40.421993,452.7959,450
248,96.21386,-215.93439,460.91827,450
249,93.38748,-209.26633,463.45825,450
250,103.23188,-242.16203,486.0838,450
251,205.24724,-137.42725,434.24945,450
252,106.91726,-267.9101,455.96106,450
253,108.79157,-278.4473,481.28696,450
254,143.07884,-227.36267,604.2201,450
255,326.77972,21.637823,441.2561,450
256,197.18451,-186.14963,475.10437,450
257,95.63525,-217.46567,468.49066,450
258,99.421425,-205.90227,484.22708,450
259,104.134895,-212.53563,506.41943,450
260,114.07449,-223.27988,543.3421,450
261,170.77773,-208.21657,462.28613,450
262,105.45013,-246.81226,435.9052,450
263,219.15298,-270.1876,812.638,450
264,162.52982,-222.39388,468.19073,450
265,141.80562,-248.27612,466.00443,450
266,227.07909,-282.32645,847.0733,450
267,220.24368,-276.83,825.27673,450
268,110.69395,-265.68942,469.1626,450
269,458.01996,140.68324,515.5823,450
270,141.61633,-250.27252,638.55475,450
271,160.06119,-225.83794,466.854,450
272,95.70048,-213.79123,480.00903,450
273,95.706245,-216.59947,474.46088,450
274,293.37448,-38.155407,455.0275,450
275,95.42738,-216.39993,468.5596,450
276,259.99966,-318.81058,965.9639,450
277,98.6193,-228.93745,472.5359,450
278,436.0646,127.89731,496.2118,450
279,95.38303,-213.68457,480.6572,450
280,99.32967,-236.48453,472.87625,450
281,103.506996,-249.63138,490.87112,450
282,130.80154,-233.75098,592.00867,450
283,109.64185,-270.9625,506.50287,450
284,194.12207,-262.38693,754.81244,450
285,149.07483,-252.39406,480.9394,450
286,104.41271,-259.8298,484.25705,450
287,95.27961,-213.71153,477.91248,450
288,94.13485,-211.64691,462.08704,450
289,103.732216,-246.837,490.79248,450
290,95.28613,-214.37866,468.83307,450
291,313.66003,5.006595,439.59314,450
292,94.34431,-211.0994,470.57367,450
293,384.82602,89.553314,458.51288,450
294,472.8042,149.08185,528.8146,450
295,149.65826,-270.51266,500.83728,450
296,95.72567,-216.26837,475.55432,450
297,104.54641,-243.7103,483.32715,450
298,125.22039,-279.74307,487.51886,450
299,552.05396,182.72937,610.81976,450
300,541.538,178.80064,599.50336,450
301,143.32971,-250.42484,470.9228,450
302,223.66553,-125.394745,446.5161,450
303,97.54718,-241.59006,459.24597,450
304,197.11682,-273.8391,778.7936,450
305,255.26637,-113.73975,479.10992,450
306,387.98605,98.45262,455.32822,450
307,124.074936,-248.50095,448.2758,450
308,110.11154,-222.54895,535.09033,450
309,96.84304,-222.16005,467.99054,450
310,315.82474,26.789118,420.55334,450
311,464.78842,144.59883,521.5934,450
312,96.42006,-220.87796,465.72656,450
313,97.13462,-214.48416,492.58276,450
314,94.592735,-209.13837,474.81512,450
315,99.12856,-229.15237,477.4994,450
316,103.890175,-247.43643,490.96436,450
317,271.6215,-73.33304,460.43298,450
318,101.38891,-264.2959,483.6239,450
319,93.56841,-208.77371,461.9806,450
320,96.1148,-217.59949,478.4027,450
321,101.6226,-240.00446,478.32788,450
322,107.74857,-267.05942,483.70966,450
323,215.82268,-162.80438,474.7655,450
324,200.5955,-262.6252,767.37823,450
325,134.81451,-230.28888,593.8628,450
326,94.66251,-212.66089,469.41162,450
327,501.98645,162.09691,558.4135,450
328,221.46521,-83.72659,400.79944,450
329,134.05922,-252.1832,627.17566,450
330,432.50354,125.97162,492.92407,450
331,94.44002,-210.91835,469.1314,450
332,184.53299,-143.92615,414.0785,450
333,97.95214,-225.14131,473.23737,450
334,493.7014,158.49185,549.87744,450
335,135.13579,-273.12704,485.99683,450
336,100.857155,-236.69962,481.6442,450
337,159.63004,-230.85117,474.461,450
338,94.92219,-212.11151,477.02805,450
339,97.19283,-219.5466,487.5338,450
340,98.83386,-213.64908,497.04852,450
341,112.501076,-260.67722,483.45813,450
342,401.17166,107.60028,465.52682,450
343,453.15665,138.28305,510.91614,450
344,432.8726,126.953125,492.5645,450
345,334.92087,25.082415,449.33398,450
346,100.381035,-259.8329,447.18042,450
347,93.817406,-205.0267,465.43054,450
348,125.90107,-296.45688,516.1427,450
349,104.76771,-208.71886,500.02985,450
350,97.40502,-218.74712,497.1964,450
351,99.10775,-229.75098,475.29456,450
352,148.58086,-263.27835,672.19604,450
353,109.12199,-216.36298,522.04004,450
354,100.38901,-221.64023,512.8928,450
355,208.65057,-298.77017,839.98364,450
356,193.82465,-194.6536,479.30353,450
357,96.82815,-217.13326,493.19208,450
358,96.357155,-214.45047,489.132,450
359,109.78061,-263.244,479.20197,450
360,412.2491,111.979065,477.19125,450
361,431.507,127.06483,490.53476,450
362,101.09651,-237.3735,481.96918,450
363,97.59261,-216.66916,497.79065,450
364,366.85037,79.09232,442.35565,450
365,513.3469,167.54608,569.69165,450
366,96.05633,-217.56076,476.14603,450
367,94.09666,-209.02019,472.73468,450
368,94.12285,-211.1672,465.84506,450
369,117.6508,-238.8581,575.1969,450
370,95.477165,-215.06567,475.92374,450
371,566.42395,188.09875,626.3157,450
372,210.6585,-269.97348,797.1075,450
373,495.88144,159.75641,551.88745,450
374,98.04254,-224.8475,474.34436,450
375,96.080315,-217.33171,478.1562,450
376,115.76857,-295.3268,517.65967,450
377,200.1416,-263.8391,768.1775,450
378,511.2537,166.43489,567.6915,450
379,98.96287,-229.42416,475.47058,450
380,161.54407,-239.77678,659.33093,450
381,96.57956,-215.99962,489.73944,450
382,196.36624,-153.01796,438.89734,450
383,297.08716,-30.596394,452.62833,450
384,489.33264,157.24084,544.8839,450
385,97.26637,-220.73172,486.01782,450
386,320.22733,4.8037133,449.1999,450
387,121.10271,-226.80182,562.28625,450
388,370.65726,79.32791,447.4203,450
389,97.04998,-219.14323,486.3875,450
390,130.86824,-222.56396,573.87537,450
391,208.79898,-123.75877,426.28253,450
392,98.821724,-211.23767,492.76385,450
393,96.805565,-222.04211,467.07028,450
394,113.863365,-240.69849,447.06854,450
395,168.19,-254.07524,693.5318,450
396,172.75217,-245.69937,688.54913,450
397,93.27473,-245.99945,444.5613,450
398,447.56778,135.09041,505.93048,450
399,94.53881,-211.1416,470.22006,450
400,253.64691,-125.75003,489.25037,450
401,95.023445,-208.75072,476.9214,450
402,389.88492,97.52022,458.81085,450
403,122.17962,-288.11026,485.07086,450
404,296.1608,-35.765495,456.55524,450
405,208.92355,-118.24296,421.89178,450
406,208.82843,-278.79343,808.1135,450
407,96.40049,-220.08005,469.94434,450
408,181.53183,-237.85526,509.0942,450
409,113.06217,-288.01236,534.7045,450
410,547.01965,180.70181,605.50574,450
411,359.19092,60.056477,449.21802,450
412,97.488396,-214.31348,494.48898,450
413,97.551704,-219.56966,495.35315,450
414,230.2081,-111.06442,441.26837,450
415,93.742836,-208.95598,465.74228,450
416,185.16219,-271.7767,753.6876,450
417,95.64219,-210.75015,481.67902,450
418,100.37278,-232.0982,476.59088,450
419,95.86472,-216.71829,475.53067,450
420,332.51468,12.707388,458.55853,450
421,96.4748,-218.08658,481.03705,450
422,487.58286,157.7019,542.0437,450
423,95.30576,-214.95609,470.20273,450
424,95.92527,-216.84377,472.7489,450
425,124.69488,-275.9819,481.25916,450
426,106.25802,-253.00357,494.04944,450
427,152.44931,-247.68481,654.40204,450
428,201.19376,-286.85788,806.83765,450
429,96.424805,-215.70027,490.146,450
430,293.74258,-312.49527,1016.54266,450
431,98.80308,-228.89594,475.2107,450
432,123.69583,-230.82474,574.23254,450
433,153.62587,-242.44913,475.2428,450
434,164.57216,-244.23378,671.171,450
435,532.8475,175.25351,590.3727,450
436,313.69016,-6.7985997,451.7831,450
437,106.03255,-251.7077,497.00793,450
438,330.00882,24.834211,442.71985,450
439,257.07663,-76.87546,443.6041,450
440,429.13388,127.057846,487.24152,450
441,438.6545,129.83928,498.1127,450
442,95.33885,-216.0486,471.83685,450
443,96.11132,-212.56601,485.33026,450
444,97.746216,-223.93062,474.46448,450
445,416.09793,118.60315,476.5412,450
446,165.89615,-274.4841,722.14813,450
447,94.54761,-214.28677,461.74142,450
448,114.70568,-279.32736,514.9634,450
449,96.722496,-220.52013,472.95386,450
450,95.51687,-213.15161,477.85376,450
451,190.84782,-170.85066,452.42407,450
452,168.57973,-163.34393,413.81845,450
453,486.36874,155.67978,542.041,450
454,95.82781,-218.29025,468.74518,450
455,95.05445,-215.1101,466.4757,450
456,98.56562,-226.97173,469.22702,450
457,100.48661,-235.53445,477.81888,450
458,211.42627,-105.46965,409.34314,450
459,411.20142,110.63916,476.92813,450
460,187.03879,-123.20398,397.242,450
461,497.09918,160.7561,552.7753,450
462,150.30893,-227.99292,618.12067,450
463,97.135376,-222.4751,472.51807,450
464,110.63766,-277.27084,492.57858,450
465,94.887474,-212.60718,470.1588,450
466,130.72722,-235.10782,593.97314,450
467,112.94027,-242.33328,458.97095,450
468,100.98211,-235.77707,483.28162,450
469,117.580086,-275.6368,471.29834,450
470,212.36461,-111.09033,417.94464,450
471,101.13167,-236.92258,482.7176,450
472,256.08466,-106.90756,473.11334,450
473,95.33751,-213.45242,480.2014,450
474,96.18719,-219.59503,469.1459,450
475,96.298836,-218.89755,476.0172,450
476,93.98932,-207.75851,459.46832,450
477,500.4423,161.8804,556.4745,450
478,99.870415,-230.09991,483.01294,450
479,93.2385,-210.8103,454.62006,450
480,434.73618,127.60759,494.59772,450
481,357.79495,70.17389,437.2017,450
482,99.565384,-213.92715,498.63684,450
483,447.9213,135.36925,506.19348,450
484,96.900154,-221.03598,478.81238,450
485,136.09274,-230.19131,595.8352,450
486,381.02982,94.85536,448.7424,450
487,334.7177,30.911728,443.1778,450
488,154.865,-209.71294,455.27307,450
489,485.90652,155.3361,541.63525,450
490,96.2917,-213.56744,489.6238,450
491,101.46454,-257.30887,466.48495,450
492,173.5374,-91.272125,381.4347,450
493,264.42545,-42.886944,419.35287,450
494,98.81936,-226.36353,480.96613,450
495,494.80136,159.25708,550.7999,450
496,170.24756,-267.6256,719.287,450
497,278.54233,-55.379696,451.66583,450
0,555.43195,191.35791,582.59705,500
1,138.722,-228.29121,562.67487,500
2,533.8358,179.22173,563.3823,500
3,128.79729,-235.0258,496.9013,500
4,131.48431,-224.99435,511.91864,500
5,133.47026,-225.66106,516.45386,500
6,428.97006,103.78765,485.19598,500
7,419.16086,87.922356,486.5537,500
8,129.72203,-212.40848,490.4549,500
9,107.60246,-228.73232,424.50153,500
10,519.0609,166.5063,554.0493,500
11,464.75754,132.91786,509.5087,500
12,441.07065,114.636986,492.83383,500
13,132.36395,-225.39568,511.35846,500
14,131.47554,-224.21819,510.3369,500
15,484.36157,147.9693,523.3363,500
16,513.21704,166.349,546.29816,500
17,141.27678,-277.3455,474.52997,500
18,121.211044,-218.8455,459.54272,500
19,109.440994,-229.53717,429.3463,500
20,409.92352,84.012,477.6438,500
21,565.3174,196.45372,591.7621,500
22,130.7249,-256.29996,476.02185,500
23,132.13261,-228.54262,508.94348,500
24,131.12862,-223.63902,510.54825,500
25,308.1652,-70.27264,487.7327,500
26,115.83026,-227.05742,449.43533,500
27,468.41623,134.34398,513.2102,500
28,551.48303,188.95784,579.2121,500
29,515.7871,165.71579,550.33093,500
30,137.43391,-228.0229,558.7572,500
31,127.791176,-248.81264,494.23334,500
32,142.86162,-236.75131,588.1376,500
33,135.36673,-221.81352,531.1633,500
34,132.25423,-225.8676,512.2355,500
35,136.38303,-222.86192,543.199,500
36,202.07677,-328.8978,839.12866,500
37,242.78545,-141.65324,473.58463,500
38,132.30421,-236.48811,507.4533,500
39,398.2148,66.6652,477.95966,500
40,103.030205,-211.69974,403.93262,500
41,131.30959,-222.4785,509.87646,500
42,133.16646,-219.25684,524.82666,500
43,148.82608,-242.49754,607.9346,500
44,509.58286,163.61638,543.7547,500
45,130.36731,-227.95345,497.5166,500
46,521.49414,171.03215,553.46387,500
47,461.40482,131.44118,506.26654,500
48,141.4608,-232.61317,577.6833,500
49,121.40564,-195.33032,452.32635,500
50,154.27628,-252.34229,634.16345,500
51,539.9845,181.48665,569.7475,500
52,118.581635,-203.92772,409.0429,500
53,136.92459,-228.47685,558.1259,500
54,522.42816,171.77745,554.1047,500
55,131.62053,-229.45805,510.19128,500
56,497.91412,156.99677,533.74524,500
57,292.8636,-86.61153,482.89136,500
58,138.8947,-229.6974,566.97894,500
59,388.7279,50.72354,480.27277,500
60,317.91525,-70.43063,501.19275,500
61,422.75223,100.74007,479.38556,500
62,542.7085,184.0992,571.3281,500
63,163.1232,-268.74796,676.71814,500
64,136.33525,-226.93321,555.57336,500
65,495.6647,154.71834,532.7096,500
66,117.705185,-224.22224,424.14124,500
67,529.24426,176.6524,559.3137,500
68,388.7905,50.994827,480.0668,500
69,166.6774,-276.31277,695.9806,500
70,344.77036,15.644084,456.17224,500
71,120.169914,-238.09398,456.97128,500
72,457.1865,126.19898,504.88037,500
73,108.124146,-191.05806,406.52246,500
74,156.91972,-254.45503,480.46472,500
75,151.48209,-249.9401,626.57153,500
76,135.34084,-185.22899,401.03265,500
77,327.45764,-44.692207,489.2187,500
78,488.73587,150.19234,527.28064,500
79,139.40804,-269.50073,460.11108,500
80,132.48587,-228.7986,508.7666,500
81,130.49167,-240.64848,504.3498,500
82,177.69844,-295.75998,745.93,500
83,117.252304,-222.64436,438.91672,500
84,131.0688,-227.51265,510.8601,500
85,433.15582,103.83846,490.67682,500
86,112.60966,-236.6746,442.86435,500
87,135.39546,-224.47726,543.66254,500
88,134.19063,-223.16777,527.67896,500
89,135.929,-224.60454,540.6384,500
90,441.9091,110.90142,496.8429,500
91,131.3426,-225.4926,510.38998,500
92,130.77917,-224.70705,508.1427,500
93,137.39894,-227.06264,555.81604,500
94,144.47777,-230.26253,576.3798,500
95,137.1996,-244.80779,455.58688,500
96,138.86165,-226.1791,559.24976,500
97,137.37033,-226.20741,556.0951,500
98,137.82243,-227.59355,560.32324,500
99,565.0784,196.12068,591.7159,500
100,346.68326,-8.715757,480.5856,500
101,384.0454,44.27244,480.10138,500
102,131.19354,-231.12292,510.38275,500
103,431.47287,100.289955,491.63354,500
104,525.3471,171.50679,558.20886,500
105,266.21155,-134.24477,493.78156,500
106,131.88353,-221.07253,509.36774,500
107,123.10812,-224.10371,452.63144,500
108,408.08603,77.466934,481.26434,500
109,394.13257,63.468834,475.48672,500
110,133.64616,-225.70403,514.188,500
111,141.51277,-235.37332,582.6717,500
112,126.83508,-242.73595,436.3009,500
113,193.82076,-239.9157,503.071,500
114,111.06114,-213.05534,374.64917,500
115,547.3687,186.24599,575.8461,500
116,134.54985,-222.63191,535.56775,500
117,395.47516,53.846233,486.4661,500
118,136.06027,-225.04387,550.1122,500
119,126.32328,-214.80727,480.6673,500
120,485.24265,149.924,522.80084,500
121,129.44853,-225.97728,502.8881,500
122,349.28973,79.6168,401.34564,500
123,131.42079,-239.73753,502.73904,500
124,139.75073,-230.59985,570.6683,500
125,136.0746,-225.79921,548.7441,500
126,284.07648,13.702911,384.70868,500
127,131.92662,-222.08632,519.73914,500
128,132.43495,-218.4287,517.7542,500
129,171.31546,-203.2236,442.6714,500
130,146.58153,-241.34366,602.9238,500
131,477.2373,143.35545,517.609,500
132,117.70477,-249.96083,461.9292,500
133,157.30229,-259.73563,652.24146,500
134,133.14566,-221.85081,525.5152,500
135,132.11942,-226.63472,505.03314,500
136,131.7091,-229.29228,506.38272,500
137,144.03601,-236.03545,588.7506,500
138,127.46938,-172.34912,410.8286,500
139,486.58493,149.0859,525.3391,500
140,527.25165,175.78297,557.3597,500
141,135.03365,-222.11192,533.90857,500
142,136.39165,-216.35527,530.67944,500
143,135.4106,-224.22362,542.78796,500
144,519.2745,169.06572,552.12195,500
145,511.26346,164.84123,544.9464,500
146,131.44986,-221.19809,512.9381,500
147,131.15288,-223.53218,512.6513,500
148,334.79773,-36.776257,491.54614,500
149,130.79926,-241.77998,500.3183,500
150,136.0537,-223.5161,539.98694,500
151,131.86328,-223.64038,516.5261,500
152,118.74597,-222.33981,455.41904,500
153,118.081764,-216.07841,451.50604,500
154,131.83919,-234.24446,507.61133,500
155,130.54268,-232.43852,505.55347,500
156,165.643,-273.3921,688.92505,500
157,111.3593,-219.62605,429.68924,500
158,545.5542,185.88676,573.7212,500
159,131.72401,-229.67906,509.0963,500
160,116.45135,-209.23299,442.52237,500
161,436.9299,106.49111,493.68726,500
162,132.86568,-226.12267,514.5849,500
163,132.28955,-221.67308,512.6432,500
164,139.0978,-228.63812,566.19476,500
165,133.38698,-224.26813,528.8209,500
166,164.39005,-271.0816,682.8583,500
167,160.41695,-264.56726,665.7002,500
168,132.64557,-225.16899,517.33014,500
169,493.02048,154.25624,529.51544,500
170,439.5414,114.91784,490.51346,500
171,525.9514,174.83636,556.3801,500
172,131.68187,-237.2632,507.0542,500
173,135.41063,-224.00821,536.8666,500
174,191.94072,-315.28616,801.0422,500
175,120.276306,-182.83734,421.09137,500
176,131.1327,-224.56078,513.56116,500
177,436.6824,106.9386,493.00867,500
178,133.37378,-224.55817,535.16876,500
179,126.34088,-238.84499,484.54736,500
180,145.44705,-239.19807,596.9313,500
181,131.49467,-231.46751,508.3694,500
182,131.29929,-222.11926,517.5227,500
183,146.07338,-227.86629,441.0626,500
184,476.38156,141.19319,518.23804,500
185,131.78435,-225.01068,510.542,500
186,288.69986,-76.340645,467.49316,500
187,141.60664,-235.18816,583.51917,500
188,126.048584,-230.35315,479.75333,500
189,131.99922,-233.96632,507.8153,500
190,132.3077,-221.10518,521.63354,500
191,406.14017,71.809654,483.95053,500
192,101.41887,-218.39359,398.53723,500
193,132.11021,-234.16508,506.29282,500
194,132.97775,-225.69456,531.18396,500
195,544.55786,178.98601,577.9153,500
196,313.1741,-15.723692,442.16327,500
197,135.31421,-225.34895,543.3218,500
198,140.06209,-230.46315,571.4404,500
199,134.48552,-225.2739,540.8376,500
200,133.27805,-222.5074,531.79236,500
201,131.71423,-236.36452,503.0091,500
202,101.988815,-199.6364,391.37897,500
203,133.97853,-225.98778,534.2115,500
204,122.14889,-239.09322,439.13785,500
205,140.93263,-227.65166,563.253,500
206,126.55015,-233.62953,482.47037,500
207,389.4504,51.132683,480.80615,500
208,235.62936,-163.68208,483.36353,500
209,117.462326,-218.05383,453.2013,500
210,439.92163,113.05315,492.52185,500
211,132.85553,-224.47026,530.5602,500
212,133.03926,-226.61461,512.8899,500
213,469.76413,136.48424,513.3,500
214,367.81274,29.413475,472.46582,500
215,130.43942,-208.16663,486.78223,500
216,471.20377,138.70525,513.3743,500
217,428.3931,106.12434,482.77484,500
218,248.71129,-62.841316,408.05804,500
219,130.97786,-221.34921,514.98553,500
220,131.25514,-221.92924,514.1792,500
221,133.61217,-221.48912,519.9885,500
222,191.86516,-311.85086,793.9,500
223,133.50536,-220.81207,523.9021,500
224,149.66597,-250.99818,458.32764,500
225,112.31854,-219.8426,436.95096,500
226,133.08975,-221.83205,521.7033,500
227,129.03331,-241.37262,498.30048,500
228,131.90392,-223.59102,520.9237,500
229,139.7066,-226.5609,563.7842,500
230,123.704956,-193.8476,434.01767,500
231,133.12909,-221.54967,525.1952,500
232,410.13748,81.406395,480.39105,500
233,110.99629,-222.53734,435.07538,500
234,133.25676,-222.6071,518.3854,500
235,144.0514,-239.21861,595.2596,500
236,131.28636,-224.2564,517.97363,500
237,131.87325,-219.97932,513.495,500
238,130.57552,-227.12865,498.57126,500
239,149.17006,-219.20491,461.2649,500
240,144.9528,-238.8887,595.7334,500
241,137.19087,-224.52684,550.39087,500
242,121.99865,-231.2264,466.7155,500
243,134.23799,-226.17831,540.6376,500
244,173.43312,-287.9007,726.0299,500
245,142.8904,-175.07506,417.35193,500
246,132.47261,-224.37376,521.873,500
247,367.069,23.229353,477.44,500
248,200.27269,-107.405594,449.77118,500
249,130.6183,-220.6992,505.43488,500
250,131.42235,-224.98807,509.81842,500
251,129.27296,-265.62878,465.05536,500
252,112.169754,-239.20522,424.90405,500
253,130.6819,-234.6377,503.253,500
254,160.21152,-260.16177,656.2014,500
255,511.6077,159.7751,549.7733,500
256,160.42789,-245.05745,471.71826,500
257,132.38277,-222.643,521.04407,500
258,143.91142,-232.44865,580.6991,500
259,141.74324,-232.49164,578.56287,500
260,134.6921,-223.94939,539.0536,500
261,131.66054,-237.2115,505.6414,500
262,119.05509,-234.78386,425.94153,500
263,179.4799,-294.8189,745.68634,500
264,136.45653,-245.5862,452.74835,500
265,193.90797,-207.48012,474.01233,500
266,156.31114,-257.85583,647.754,500
267,234.27086,-382.4015,980.4409,500
268,129.97133,-241.98448,500.5744,500
269,474.69385,141.4286,515.8004,500
270,151.83383,-250.925,628.4212,500
271,115.89465,-253.75789,439.02487,500
272,139.48782,-229.98592,568.4874,500
273,131.5479,-223.33305,518.8766,500
274,377.1486,31.593906,483.03815,500
275,133.24417,-229.36383,510.98126,500
276,240.88435,-399.13025,1019.65955,500
277,132.91386,-236.82549,509.06073,500
278,485.69724,149.36217,523.89294,500
279,131.54916,-224.36641,510.50348,500
280,101.86432,-224.59828,403.08533,500
281,114.16206,-235.92613,437.6765,500
282,141.98454,-233.31416,580.5984,500
283,123.82599,-240.98506,476.8324,500
284,189.56076,-313.49777,794.06525,500
285,136.32721,-250.90346,457.24207,500
286,105.96362,-203.28966,407.0619,500
287,131.46599,-222.81091,513.17755,500
288,133.26433,-222.64375,520.95667,500
289,130.82195,-229.40668,507.02542,500
290,130.09793,-220.72359,493.8939,500
291,296.39682,-93.63915,494.68423,500
292,133.01,-221.15648,518.789,500
293,463.1289,124.58788,514.08575,500
294,491.45673,151.23468,530.0327,500
295,134.51799,-271.27386,463.81592,500
296,131.54887,-229.64702,507.41394,500
297,132.56584,-234.279,507.72607,500
298,125.97977,-243.55174,486.46472,500
299,555.28656,190.31383,583.1867,500
300,532.40436,178.09892,562.34515,500
301,187.6624,-222.17162,482.16107,500
302,233.61395,-181.73708,497.3576,500
303,122.55893,-228.7957,472.2721,500
304,187.09404,-311.5642,787.3645,500
305,189.66678,-251.82288,511.6167,500
306,323.5953,-32.62259,472.2307,500
307,130.85146,-231.30972,499.29755,500
308,135.74397,-224.50612,548.57764,500
309,130.99704,-222.49667,513.1981,500
310,105.15947,-188.1166,396.7627,500
311,458.1138,128.55446,504.2082,500
312,131.99898,-221.72011,517.43066,500
313,133.93098,-223.73053,532.33826,500
314,137.77718,-226.8528,557.6279,500
315,131.43925,-231.93562,509.65363,500
316,133.1417,-242.06021,510.33545,500
317,135.78882,-279.21042,472.4303,500
318,113.70633,-232.32117,446.5391,500
319,132.64682,-220.74263,510.81158,500
320,132.11716,-222.96855,524.8119,500
321,131.18681,-224.8167,512.87787,500
322,132.82257,-242.36803,508.5165,500
323,247.84818,-162.6657,496.3592,500
324,162.44879,-267.87674,674.616,500
325,195.14836,-322.49936,818.1124,500
326,132.29324,-222.61836,516.3446,500
327,522.798,172.03883,554.37976,500
328,311.4719,-21.639107,445.60577,500
329,177.265,-296.04294,745.9209,500
330,490.52005,151.69115,528.3642,500
331,133.62263,-221.67076,516.9042,500
332,176.49428,-177.79938,423.53217,500
333,131.11371,-227.7922,508.05835,500
334,548.73206,187.16414,576.9232,500
335,238.17511,-164.4103,488.76886,500
336,120.07322,-223.74593,466.63065,500
337,120.39272,-234.88222,464.9616,500
338,136.72704,-226.59828,554.7302,500
339,132.27463,-224.34673,520.50244,500
340,132.30757,-223.08778,514.52356,500
341,121.233475,-228.45439,460.24268,500
342,397.8855,69.4609,474.96655,500
343,547.71533,186.96852,575.7573,500
344,427.76184,96.39698,490.28168,500
345,514.2105,165.24269,548.6321,500
346,111.38327,-241.78117,439.53784,500
347,137.41528,-224.58781,550.3961,500
348,125.37169,-247.35626,484.57098,500
349,141.5555,-228.80968,566.21594,500
350,134.21396,-224.21938,539.7527,500
351,133.71587,-227.40976,512.52527,500
352,138.61067,-231.18774,567.1305,500
353,166.59021,-274.4177,691.81,500
354,146.47716,-242.83,605.9791,500
355,224.90907,-375.123,954.051,500
356,310.96747,-69.46879,491.10382,500
357,131.97826,-223.60545,524.8574,500
358,135.27437,-223.57576,541.5132,500
359,127.74596,-209.5044,425.8008,500
360,477.91415,144.19824,517.8186,500
361,477.39853,141.02428,519.7392,500
362,132.08044,-225.07982,518.4072,500
363,139.83144,-231.50734,572.9446,500
364,394.38577,68.35652,471.24158,500
365,554.99994,190.9037,582.379,500
366,131.99615,-227.66026,512.407,500
367,131.06938,-224.10344,509.96112,500
368,136.06023,-223.99454,546.36914,500
369,152.18484,-252.39833,631.99304,500
370,136.22697,-225.80623,550.19574,500
371,543.4244,184.8412,571.7085,500
372,214.2413,-352.7377,899.32446,500
373,506.6652,161.48796,541.6648,500
374,132.45735,-223.47661,518.1753,500
375,134.32504,-223.72878,539.2638,500
376,128.79967,-263.97366,502.97086,500
377,189.5933,-313.6152,794.3257,500
378,532.7632,178.16026,562.7885,500
379,132.01772,-221.54016,520.1619,500
380,189.65352,-312.3231,792.82935,500
381,143.49841,-234.88853,585.54114,500
382,116.99759,-231.47375,453.2417,500
383,253.43697,-151.48819,492.80093,500
384,533.0415,178.70818,562.7394,500
385,134.98883,-226.65202,545.8773,500
386,290.10266,-73.72308,467.19745,500
387,143.5656,-236.96242,589.62256,500
388,463.5806,124.4123,514.76746,500
389,134.63756,-225.26103,540.3939,500
390,170.412,-279.40936,705.68726,500
391,193.66493,-183.31432,462.66998,500
392,142.55641,-234.50505,583.73474,500
393,114.779205,-210.10654,435.8695,500
394,181.94157,-145.16202,398.84818,500
395,227.38326,-371.98196,952.03314,500
396,180.13754,-295.33298,747.5288,500
397,100.5785,-216.53925,399.94653,500
398,525.9026,174.1307,556.83923,500
399,138.99199,-227.61934,561.969,500
400,345.282,-20.591215,490.17456,500
401,146.18611,-239.5236,598.8627,500
402,455.81277,122.14408,506.28064,500
403,325.77628,-33.445717,476.0551,500
404,363.751,20.810173,475.2672,500
405,171.49062,-204.61874,472.5127,500
406,164.69609,-272.85983,686.9021,500
407,135.95149,-224.15703,545.86646,500
408,212.6139,-230.06754,519.39886,500
409,140.68886,-283.83157,496.03156,500
410,555.37744,190.70929,583.01385,500
411,378.95615,41.903328,475.51654,500
412,136.9366,-227.8846,556.1875,500
413,124.43176,-226.21864,482.01172,500
414,141.8185,-249.10251,464.2885,500
415,134.54652,-222.80959,534.85205,500
416,183.52927,-305.18613,771.01825,500
417,135.6545,-224.09276,540.6687,500
418,129.53732,-222.40475,492.9472,500
419,131.94469,-228.25444,512.79425,500
420,387.8838,41.733162,487.8495,500
421,131.65999,-225.18907,512.7355,500
422,307.05435,-38.800606,456.9823,500
423,134.71788,-223.86987,534.5879,500
424,134.57875,-223.69644,533.7571,500
425,129.11949,-250.58226,439.73004,500
426,122.613365,-227.62813,436.28995,500
427,137.36223,-226.62274,554.23474,500
428,188.13844,-313.01273,791.3136,500
429,135.82175,-226.13008,548.40454,500
430,215.3453,-349.02533,893.68964,500
431,130.91614,-228.96053,507.66443,500
432,151.2198,-248.3962,623.1671,500
433,211.39003,-207.33546,493.84753,500
434,147.9381,-243.29115,608.4645,500
435,554.985,190.31218,582.79736,500
436,356.64847,-2.7837796,488.41644,500
437,130.93794,-223.90976,509.67612,500
438,337.00644,-17.931973,476.32925,500
439,294.20578,-71.862434,470.7976,500
440,386.64365,51.697372,476.46222,500
441,456.6412,124.07522,505.85553,500
442,132.03401,-222.71658,525.78107,500
443,133.29872,-222.0471,522.96136,500
444,126.070946,-232.95631,485.988,500
445,490.50278,151.95125,528.14264,500
446,162.46263,-270.2689,679.05054,500
447,131.9741,-220.80836,513.77167,500
448,125.6398,-240.49007,455.72803,500
449,132.34062,-223.94185,521.9176,500
450,139.4219,-227.58894,558.58923,500
451,155.8824,-196.77568,448.00336,500
452,118.41752,-195.51985,424.2796,500
453,543.6991,184.37932,572.4201,500
454,132.09242,-224.0124,513.9109,500
455,132.75117,-223.86647,511.08728,500
456,126.26218,-171.36922,417.32278,500
457,131.74295,-233.6819,506.87653,500
458,172.26775,-120.61024,363.39362,500
459,337.72556,-23.77636,482.98315,500
460,120.311005,-186.1375,402.76392,500
461,434.9122,108.431305,489.55554,500
462,194.42368,-318.09903,808.3004,500
463,130.98961,-223.66463,512.1741,500
464,109.21562,-228.89111,426.94733,500
465,133.76686,-223.09276,527.1056,500
466,157.18541,-259.02295,650.89636,500
467,131.40335,-231.67528,500.7899,500
468,131.4228,-227.96053,510.13837,500
469,112.53137,-233.16132,435.9449,500
470,120.97675,-192.83586,428.26343,500
471,131.29231,-227.87584,511.50476,500
472,285.78696,-97.71497,483.96826,500
473,138.10196,-228.51353,563.6958,500
474,132.42876,-234.75465,509.9109,500
475,132.5783,-223.69388,526.7917,500
476,130.17934,-212.46591,490.0799,500
477,550.58997,187.82668,578.86383,500
478,130.62416,-226.96437,512.7527,500
479,131.88994,-217.66684,514.35876,500
480,446.21228,113.746605,500.26196,500
481,319.44696,-40.568176,474.34225,500
482,136.48732,-225.81554,548.2385,500
483,461.33182,129.85898,507.40674,500
484,131.07803,-226.04945,513.25146,500
485,150.91335,-248.21245,621.39264,500
486,401.92227,68.70784,481.10718,500
487,488.6342,152.80109,524.9069,500
488,122.996796,-209.76611,458.99036,500
489,539.1173,180.39027,569.46277,500
490,137.67104,-226.61563,559.4398,500
491,114.10974,-227.18138,421.76532,500
492,173.62338,-140.0259,462.31943,500
493,234.281,-100.2265,448.78397,500
494,110.424225,-201.45949,423.13672,500
495,507.7381,162.51585,542.209,500
496,168.85808,-280.5971,706.6372,500
497,219.03313,-202.13918,501.80328,500
0,451.8554,120.51537,508.44467,550
1,127.2691,-229.39777,498.14706,550
2,410.7867,84.62776,481.56042,550
3,162.08484,-278.40802,488.18228,550
4,104.42626,-294.5273,443.02988,550
5,119.35429,-251.81015,412.45364,550
6,460.05783,124.76581,516.0032,550
7,352.77206,2.8445795,473.57053,550
8,177.35196,-164.02417,452.29803,550
9,117.80576,-322.22128,474.3616,550
10,441.76718,107.59552,505.40366,550
11,403.81583,76.57136,478.49704,550
12,401.01074,76.44826,474.91037,550
13,191.1767,-194.44487,446.30948,550
14,104.50401,-284.43826,456.9996,550
15,449.23215,118.11495,506.93924,550
16,422.65598,95.1847,489.3165,550
17,125.24082,-352.3028,510.7648,550
18,110.196434,-272.45724,473.2222,550
19,137.77281,-277.9928,457.97052,550
20,389.68607,63.81847,469.22617,550
21,475.32632,134.11285,528.8537,550
22,257.10095,-147.81952,486.61456,550
23,270.7427,-94.732574,455.51422,550
24,200.30467,-173.09265,435.3151,550
25,298.63858,-85.40063,483.2251,550
26,109.908554,-308.6397,470.5195,550
27,428.26547,100.420525,492.70462,550
28,447.06033,116.13034,505.58054,550
29,375.4646,44.49027,466.12073,550
30,108.97551,-250.12419,455.62833,550
31,316.8566,-49.541904,474.1199,550
32,124.38053,-231.58804,493.33594,550
33,258.08923,-48.7112,397.0316,550
34,122.564095,-253.0997,496.53708,550
35,119.529015,-198.57391,434.27032,550
36,149.49248,-201.63724,549.589,550
37,325.68723,-51.18001,487.79642,550
38,186.90291,-169.9438,419.6205,550
39,388.35797,59.76047,470.34732,550
40,237.11093,-165.51532,475.80533,550
41,145.1179,-238.81119,458.60336,550
42,128.90318,-226.33447,448.00748,550
43,128.23082,-219.29488,502.88782,550
44,411.89163,84.05769,483.4924,550
45,124.28807,-213.27206,405.066,550
46,432.85086,102.6526,497.09567,550
47,362.92624,30.605286,461.73892,550
48,245.94496,-76.37697,405.65134,550
49,121.46557,-200.12724,440.60483,550
50,126.84783,-227.18398,496.14618,550
51,479.09964,133.79765,534.24176,550
52,277.19287,-91.037254,460.19012,550
53,125.02067,-244.05246,501.49368,550
54,420.984,93.288345,488.50296,550
55,138.9416,-277.9054,456.35385,550
56,410.89734,83.20575,482.79535,550
57,286.25626,-102.55023,482.71686,550
58,111.99205,-272.08432,442.94272,550
59,233.06898,-195.80138,499.1094,550
60,235.72212,-190.35983,497.96555,550
61,367.358,38.22189,460.7233,550
62,475.6912,133.49551,529.865,550
63,127.75599,-225.61517,498.26846,550
64,124.54096,-260.837,505.80264,550
65,426.52432,97.74249,492.5001,550
66,191.67726,-200.32153,450.06985,550
67,448.93454,118.60684,506.0848,550
68,394.25943,64.31259,474.98926,550
69,125.88434,-227.48654,496.39627,550
70,375.66867,26.730341,483.35873,550
71,319.61862,-48.570953,477.04825,550
72,416.439,90.24853,484.84537,550
73,131.69127,-241.80704,421.88657,550
74,222.85362,-201.64001,491.48813,550
75,127.228676,-222.03534,493.40884,550
76,173.08266,-197.92778,425.20663,550
77,284.7607,-107.63888,485.7022,550
78,424.83173,94.85022,492.48843,550
79,271.3963,-118.908356,477.94815,550
80,145.70013,-239.96193,447.6828,550
81,111.77465,-331.44528,476.0542,550
82,128.83015,-219.85573,508.06943,550
83,246.04947,-144.98764,469.50226,550
84,118.22945,-316.86133,518.7813,550
85,378.54483,38.32738,475.8721,550
86,256.94293,-149.93146,487.80768,550
87,125.86324,-233.62413,491.88068,550
88,128.53539,-222.31854,496.76254,550
89,188.90254,-109.65961,371.04135,550
90,426.1025,96.74864,492.70853,550
91,100.25243,-248.36136,429.09555,550
92,215.02132,-165.73665,450.17114,550
93,126.22057,-229.2747,498.12576,550
94,134.52995,-178.15161,443.697,550
95,281.57706,-106.71745,480.96564,550
96,129.46742,-222.45248,494.9336,550
97,99.70423,-228.36975,396.94553,550
98,106.66516,-247.404,442.50742,550
99,476.6816,133.60616,531.1263,550
100,443.04208,112.09838,503.47446,550
101,430.86307,100.41463,496.25327,550
102,119.11573,-324.65082,525.8466,550
103,407.30667,75.91133,483.81973,550
104,382.4785,41.26458,478.53757,550
105,276.9241,-127.83885,494.08313,550
106,125.72372,-219.6016,484.1846,550
107,112.985115,-250.78625,434.24802,550
108,342.5342,-1.1930034,463.43546,550
109,315.0554,-49.385395,471.5651,550
110,127.22929,-237.58765,414.2758,550
111,129.00612,-220.4618,511.03195,550
112,243.6824,-165.01399,484.23746,550
113,344.56857,-3.011285,467.89594,550
114,279.25687,-100.27634,471.26508,550
115,453.91727,120.55293,511.27737,550
116,173.81657,-165.97006,405.78162,550
117,389.39096,58.13352,473.06638,550
118,114.90885,-257.72458,440.29663,550
119,301.77145,-76.68878,479.42,550
120,443.69693,115.15965,501.83774,550
121,108.422455,-283.71945,472.75858,550
122,256.08896,-44.370693,389.36496,550
123,265.7736,-124.712006,476.3029,550
124,125.968636,-236.16122,497.68973,550
125,127.093506,-220.15552,500.24603,550
126,403.19055,71.8779,481.5988,550
127,115.321175,-272.96286,489.17337,550
128,201.0569,-110.04233,379.0413,550
129,336.69595,-28.070335,481.04428,550
130,128.56622,-217.08191,503.79303,550
131,434.86618,107.594406,495.91696,550
132,182.7943,-244.71207,481.24057,550
133,131.6933,-215.73413,524.76843,550
134,105.8614,-241.41248,429.18634,550
135,117.50668,-204.14554,410.133,550
136,169.7496,-257.8615,477.996,550
137,123.80088,-221.31912,480.4142,550
138,314.99414,-34.967514,458.4753,550
139,399.04605,71.65386,475.9078,550
140,463.8358,128.07547,518.3233,550
141,177.45528,-182.29926,425.8427,550
142,125.78416,-208.85559,470.5657,550
143,113.70561,-245.11337,465.86093,550
144,445.60934,112.97014,506.2393,550
145,432.86203,102.99031,496.84525,550
146,216.17421,-159.7391,444.4468,550
147,128.77576,-297.2136,465.81503,550
148,183.23404,-243.367,478.53287,550
149,225.386,-161.89891,458.49478,550
150,115.43002,-201.85632,428.834,550
151,104.850975,-271.06393,456.5997,550
152,312.6822,-60.454082,478.78784,550
153,105.778786,-304.3245,463.95297,550
154,284.7695,-94.64819,473.7772,550
155,109.68278,-337.87582,487.17813,550
156,127.69526,-219.2985,499.24774,550
157,162.9142,-241.26572,452.79074,550
158,439.81497,111.56028,499.42343,550
159,121.60699,-303.33316,518.85675,550
160,263.034,-126.846664,474.4318,550
161,437.7694,108.2227,499.3944,550
162,104.30509,-288.09146,433.50143,550
163,122.70881,-266.45377,431.16794,550
164,127.07316,-225.58871,494.24417,550
165,126.78768,-226.90955,499.70895,550
166,130.4435,-214.07434,518.3074,550
167,129.38689,-213.6205,508.96152,550
168,100.24581,-255.35013,434.43796,550
169,456.59225,123.32257,512.5016,550
170,354.57745,25.650032,454.9094,550
171,462.0649,126.77397,517.0179,550
172,143.3625,-278.27316,463.7952,550
173,106.39099,-218.38744,410.0723,550
174,126.42794,-221.72485,495.0764,550
175,102.249695,-205.20454,393.5977,550
176,110.9681,-312.8406,492.41135,550
177,381.3052,44.405323,474.0881,550
178,125.878395,-278.27615,522.69867,550
179,176.49779,-233.38666,463.3868,550
180,133.01793,-211.76231,517.9278,550
181,123.15257,-318.23615,475.46194,550
182,156.75107,-293.21793,503.77518,550
183,276.6019,-120.619415,486.96463,550
184,404.77368,75.439384,480.6619,550
185,162.57976,-200.21323,415.2023,550
186,350.75467,6.6377363,467.2868,550
187,125.6411,-236.6484,498.89224,550
188,130.31873,-257.93628,433.99564,550
189,150.45576,-264.9954,458.96533,550
190,114.80051,-253.04813,457.07584,550
191,346.1583,-11.758217,478.40918,550
192,185.36612,-223.12839,462.99457,550
193,118.72347,-283.73206,468.24118,550
194,125.68136,-241.97913,501.74887,550
195,393.55972,58.470303,479.31223,550
196,419.0831,89.24123,489.3267,550
197,116.0269,-255.70053,475.05893,550
198,126.69096,-230.14363,497.2781,550
199,118.65865,-272.8441,499.2922,550
200,126.48368,-251.00677,473.52917,550
201,293.3912,-68.803375,461.09146,550
202,249.96129,-118.77617,449.78806,550
203,122.829025,-242.14069,493.76956,550
204,346.3253,-16.313099,482.97168,550
205,133.80196,-203.012,484.3658,550
206,104.480965,-289.47623,439.53284,550
207,420.06662,84.68889,494.11105,550
208,359.22125,15.888144,470.12466,550
209,122.40115,-287.83224,447.96234,550
210,421.70865,94.771774,488.34238,550
211,122.3803,-239.11212,491.05588,550
212,106.89948,-257.1694,440.34293,550
213,270.9352,-136.71056,494.36984,550
214,403.91745,77.24928,478.14236,550
215,236.03773,-96.847534,411.1484,550
216,451.9791,120.45088,508.6627,550
217,386.60123,61.822186,466.6868,550
218,306.68857,-45.44046,457.37122,550
219,178.74702,-242.01514,476.66223,550
220,240.97581,-135.7968,453.80496,550
221,128.05898,-185.31299,403.17758,550
222,156.50139,-165.79382,466.33298,550
223,117.09434,-248.71196,451.68576,550
224,185.7411,-239.85,479.75937,550
225,195.30177,-229.40587,481.02872,550
226,114.99619,-281.08853,436.19144,550
227,218.62646,-203.48305,487.16318,550
228,119.581245,-246.2796,485.1514,550
229,126.34669,-202.76736,443.1257,550
230,385.8888,52.56114,473.59872,550
231,260.3015,-91.1871,438.59375,550
232,396.79446,69.45442,474.63693,550
233,118.31825,-371.88992,534.40735,550
234,125.661285,-254.75429,438.11536,550
235,128.13419,-222.32188,508.58136,550
236,115.98676,-338.2406,490.55685,550
237,136.46843,-259.97885,472.20746,550
238,273.80734,-79.50482,445.40018,550
239,408.3217,70.93922,489.11057,550
240,125.724724,-233.07007,496.46088,550
241,118.805695,-239.80673,440.60767,550
242,291.4944,-92.912224,481.11783,550
243,125.91157,-267.7051,516.4287,550
244,128.54407,-219.21526,507.2818,550
245,136.90327,-213.52692,409.60623,550
246,123.06359,-238.71323,492.37408,550
247,354.02286,7.994217,470.40845,550
248,196.36398,-130.4539,408.0243,550
249,121.056725,-250.16324,460.30612,550
250,138.56992,-271.79184,459.4664,550
251,299.56845,-80.82706,480.1904,550
252,167.71907,-260.62106,475.58377,550
253,112.704796,-294.7861,466.08395,550
254,135.00366,-207.24802,500.115,550
255,371.6992,16.493807,486.50842,550
256,234.03123,-185.13396,490.53433,550
257,109.83611,-250.34775,457.4669,550
258,124.43343,-206.47028,459.16995,550
259,122.637825,-202.4646,434.08176,550
260,122.77581,-252.40887,496.67587,550
261,132.67155,-290.93655,462.50864,550
262,256.14343,-123.500854,462.48422,550
263,133.53441,-213.3591,510.94104,550
264,235.92508,-169.56183,478.71802,550
265,221.76009,-177.4886,467.2037,550
266,130.52942,-210.84996,514.08203,550
267,140.30247,-211.53165,556.59216,550
268,160.70833,-271.91766,478.4019,550
269,376.07986,47.278225,464.27536,550
270,127.951866,-219.14197,506.5851,550
271,255.071,-160.73523,495.5386,550
272,126.746376,-228.70325,499.79727,550
273,116.86947,-278.5282,495.50912,550
274,405.89084,72.51349,484.5283,550
275,101.55101,-262.71588,437.99796,550
276,137.03413,-211.59021,548.3432,550
277,114.816574,-282.9473,445.00885,550
278,387.50958,59.573055,469.327,550
279,115.330025,-225.87503,457.34793,550
280,97.24178,-272.62314,432.4901,550
281,223.47441,-185.14029,476.63586,550
282,126.74636,-231.34134,497.72696,550
283,120.82554,-280.49313,453.31253,550
284,131.8665,-213.20624,510.65588,550
285,273.0646,-131.97765,492.76596,550
286,107.07494,-288.52982,441.69632,550
287,114.900215,-294.74744,497.93137,550
288,116.22867,-209.86656,438.92496,550
289,157.1924,-301.74124,502.87576,550
290,109.14689,-200.99803,412.98135,550
291,364.86758,18.751095,475.18628,550
292,122.70655,-207.89615,415.32797,550
293,409.94247,80.13296,484.03946,550
294,441.16022,110.66553,501.94653,550
295,309.4775,-69.06413,482.5892,550
296,116.627396,-311.99188,464.6227,550
297,210.21184,-193.0567,467.12308,550
298,193.26083,-228.92247,479.0645,550
299,475.08224,132.36003,529.99994,550
300,481.76364,136.8069,535.3147,550
301,342.21194,-17.3859,478.27075,550
302,361.91205,23.557785,466.7184,550
303,147.23799,-279.30588,467.5936,550
304,130.2875,-213.04236,511.0739,550
305,279.1419,-131.06145,500.24173,550
306,438.53275,111.16437,498.09726,550
307,191.3944,-213.51395,462.8431,550
308,121.422646,-224.61278,474.481,550
309,114.87523,-307.55002,467.18546,550
310,348.9544,9.615085,462.37354,550
311,367.03036,33.308712,464.77673,550
312,108.41096,-240.81873,448.53085,550
313,125.19282,-238.73373,497.3046,550
314,128.40247,-220.8036,500.89053,550
315,112.8572,-327.36572,507.54013,550
316,126.31841,-276.19803,449.22928,550
317,307.18988,-61.890057,472.644,550
318,108.90998,-332.4031,491.9741,550
319,189.52898,-146.53299,438.5117,550
320,112.550514,-308.42,481.3254,550
321,101.92245,-259.05786,434.80368,550
322,291.1638,-99.6714,486.69577,550
323,375.02002,44.90759,465.02866,550
324,132.68008,-210.00977,519.8033,550
325,132.3524,-213.62244,525.117,550
326,148.16734,-190.41216,388.27554,550
327,454.9489,121.87,511.50284,550
328,390.42648,58.905354,473.8834,550
329,127.296814,-223.3927,504.10904,550
330,410.3054,82.78529,482.3566,550
331,258.25192,-62.340202,409.66165,550
332,388.92734,55.970974,474.37308,550
333,120.11863,-341.41824,504.09274,550
334,462.73965,126.02067,518.5575,550
335,313.75125,-62.061153,481.78836,550
336,116.78263,-369.84055,527.10675,550
337,237.53911,-142.01611,455.24515,550
338,123.685265,-284.58942,510.6887,550
339,127.97026,-223.15799,507.73685,550
340,120.843994,-270.51987,502.59476,550
341,244.20781,-124.40695,448.07388,550
342,360.62436,24.748892,463.93655,550
343,450.7317,119.98604,507.38715,550
344,452.38565,119.65662,509.96054,550
345,408.79807,73.93021,487.4904,550
346,126.90876,-315.09805,475.2143,550
347,120.36222,-183.1407,420.01175,550
348,189.27452,-242.86578,487.72586,550
349,116.86822,-210.99902,410.3436,550
350,111.77119,-301.71466,493.79175,550
351,114.0057,-234.66754,459.874,550
352,126.907036,-223.44293,503.83487,550
353,128.31041,-220.765,495.6608,550
354,125.932014,-228.90363,499.29117,550
355,134.71614,-217.23007,541.15204,550
356,227.74196,-196.0174,492.21445,550
357,112.44521,-334.69888,503.74792,550
358,119.64356,-251.1,486.87534,550
359,224.58235,-181.15819,474.30014,550
360,455.3776,122.78456,511.31152,550
361,402.11087,72.0858,479.76675,550
362,107.83454,-243.86441,450.99857,550
363,126.540085,-230.41647,500.9088,550
364,368.86197,36.82568,464.11618,550
365,448.35086,117.8696,505.9446,550
366,125.026344,-236.5708,497.59015,550
367,98.40361,-245.65974,402.59915,550
368,161.80388,-224.99326,456.29727,550
369,127.17285,-225.78535,504.36325,550
370,126.79604,-230.31683,497.332,550
371,479.44608,135.81946,533.00653,550
372,137.1199,-208.45361,539.73224,550
373,435.98163,105.17088,499.35748,550
374,124.17883,-232.32535,487.21063,550
375,99.203545,-266.97366,426.8654,550
376,241.3024,-151.52419,469.31216,550
377,137.22775,-206.10796,528.25244,550
378,460.55017,124.283264,517.09,550
379,127.58202,-226.68712,496.03928,550
380,126.46707,-220.64667,495.74387,550
381,125.58494,-235.4815,497.18353,550
382,402.1381,69.20062,482.07675,550
383,313.60605,-47.645485,467.94922,550
384,444.20102,115.80579,501.9896,550
385,125.024574,-250.77844,505.68137,550
386,410.28098,77.11411,486.87717,550
387,134.12173,-211.15375,524.1049,550
388,446.47037,111.99246,508.11548,550
389,120.13912,-238.40994,482.93167,550
390,127.708145,-218.16745,503.84476,550
391,399.3868,65.42303,481.1632,550
392,113.38744,-247.12497,463.29343,550
393,103.99085,-269.51202,429.19858,550
394,323.7361,-32.961727,468.2544,550
395,136.41414,-210.29865,533.26056,550
396,131.09969,-217.07199,507.33884,550
397,117.83062,-323.8138,472.57095,550
398,433.12927,105.30072,495.37717,550
399,129.01859,-224.09045,499.6241,550
400,313.6649,-74.17357,493.07504,550
401,118.488686,-279.73477,464.31375,550
402,388.5126,54.53745,474.7901,550
403,266.8189,-129.90941,482.11246,550
404,341.4476,-4.8121734,465.38126,550
405,389.1655,44.512398,484.76144,550
406,129.37045,-213.83467,507.5001,550
407,116.801155,-213.89404,437.65463,550
408,237.2299,-188.06279,497.57584,550
409,318.93634,-54.105335,481.2843,550
410,443.4208,111.98245,504.05084,550
411,369.05716,30.41716,470.19406,550
412,122.140816,-250.14915,493.78143,550
413,111.200005,-325.28745,494.95364,550
414,371.30795,25.101135,478.2367,550
415,123.29334,-218.61835,450.63937,550
416,130.78905,-211.83578,514.52185,550
417,116.26897,-214.599,451.77505,550
418,316.7983,-36.293,462.3187,550
419,110.580055,-287.50522,481.8542,550
420,332.70828,-43.103996,489.68204,550
421,233.89624,-131.42393,440.38925,550
422,415.79623,74.47836,496.70938,550
423,116.786446,-232.3348,467.04547,550
424,97.613464,-243.18123,409.75998,550
425,277.88785,-104.36576,473.03586,550
426,275.50638,-104.2407,470.22055,550
427,125.4925,-231.57074,496.10486,550
428,136.56975,-211.73586,544.13324,550
429,123.76877,-242.56259,496.46045,550
430,159.92584,-218.02399,605.5383,550
431,146.08308,-310.89737,496.03168,550
432,121.928215,-226.35294,476.18594,550
433,208.1652,-215.58243,484.73117,550
434,124.62806,-229.71342,487.52908,550
435,454.69962,120.587006,512.2714,550
436,367.49167,71.26404,434.09787,550
437,265.22528,-131.6635,482.12607,550
438,386.93784,58.199825,469.63913,550
439,240.01672,-163.47162,478.54575,550
440,458.93213,124.63551,514.5913,550
441,451.02438,118.91896,508.70132,550
442,112.138535,-306.61856,468.1691,550
443,107.54853,-291.94296,454.7457,550
444,122.84827,-278.1294,446.364,550
445,418.59506,86.60376,490.67575,550
446,129.4102,-222.19437,515.4187,550
447,186.15146,-174.1488,419.67935,550
448,307.33682,-63.162083,474.23514,550
449,128.8781,-301.83475,469.96365,550
450,109.24482,-179.99765,363.5134,550
451,245.29167,-121.59735,446.79977,550
452,253.85057,-68.5469,409.0129,550
453,443.27585,113.78255,502.34494,550
454,102.61206,-231.2402,409.51938,550
455,119.663124,-214.46765,439.5262,550
456,146.92686,-253.62476,454.74863,550
457,121.8238,-268.57315,443.29276,550
458,227.41032,-146.48929,445.5709,550
459,319.68234,-51.654163,479.95358,550
460,288.87424,-87.19475,472.3175,550
461,424.40585,94.2148,492.43454,550
462,136.18275,-200.81683,487.90375,550
463,112.690956,-255.62871,471.11526,550
464,125.02774,-307.962,471.3422,550
465,102.77688,-220.81528,403.53806,550
466,128.29257,-218.95218,502.86554,550
467,333.73593,-19.416718,469.0596,550
468,154.26074,-292.4355,489.25845,550
469,287.22302,-99.73155,481.38657,550
470,195.58154,-111.349686,377.10294,550
471,108.258354,-312.62958,486.794,550
472,236.94337,-184.41628,493.3127,550
473,125.55898,-231.8401,496.43085,550
474,109.316605,-291.51736,475.57437,550
475,106.14518,-262.89932,456.86905,550
476,118.686806,-210.66711,426.91214,550
477,444.85464,113.83647,504.42575,550
478,112.87744,-331.71463,512.4841,550
479,134.85324,-242.82077,442.77988,550
480,447.93118,115.29237,507.4252,550
481,415.05527,89.22737,483.7886,550
482,127.39976,-223.85168,500.8429,550
483,438.3921,110.35564,498.46945,550
484,123.161514,-237.64249,491.74158,550
485,130.19957,-220.40282,508.8546,550
486,382.67508,49.67052,471.11636,550
487,321.45404,-7.9646845,441.5079,550
488,354.90714,7.1500998,472.66318,550
489,454.58905,121.11474,511.7128,550
490,112.49317,-259.37717,434.53485,550
491,226.39302,-180.36118,475.7036,550
492,327.70798,29.542387,422.2205,550
493,301.13937,-56.145557,459.95557,550
494,97.70754,-260.69107,427.60095,550
495,457.51816,122.90488,514.11035,550
496,128.84073,-221.59422,512.22424,550
497,409.31033,82.393814,481.40964,550
0,521.4601,195.55586,568.12537,600
1,114.447044,-190.63005,483.94794,600
2,445.6015,137.14711,507.46835,600
3,103.73646,-316.43527,484.81607,600
4,103.020424,-224.16362,447.9174,600
5,120.04467,-197.50633,439.01132,600
6,487.4708,175.40334,535.7121,600
7,423.6419,109.282875,499.09402,600
8,138.56592,-175.62239,478.13312,600
9,99.10112,-287.87494,455.22903,600
10,475.95016,161.76024,530.6927,600
11,475.86066,166.2939,526.29504,600
12,393.97476,74.91825,487.56952,600
13,151.82115,-243.24571,479.4842,600
14,108.18011,-220.77562,474.2084,600
15,452.49805,145.36723,510.66718,600
16,477.84088,167.0923,528.4494,600
17,180.44421,-254.50554,502.73657,600
18,143.23859,-287.58774,489.0086,600
19,354.33893,0.1314168,503.7944,600
20,416.74603,103.73455,493.3433,600
21,497.28806,182.90105,543.7425,600
22,302.5327,-73.96726,499.89603,600
23,161.54974,-222.99315,465.11435,600
24,137.11389,-274.5677,481.44498,600
25,285.97952,-97.40334,497.10416,600
26,117.815186,-310.70895,475.91275,600
27,452.16565,144.4007,510.83795,600
28,498.84393,184.16188,545.0296,600
29,493.35938,179.62848,540.6968,600
30,111.87874,-209.5927,481.38904,600
31,251.94789,-151.5835,500.86545,600
32,110.274345,-196.00127,479.19772,600
33,232.2619,-85.43699,462.11252,600
34,111.72725,-207.22401,479.50784,600
35,118.86057,-192.88933,483.9136,600
36,133.37431,-155.66406,521.5593,600
37,322.84714,-38.766376,495.33957,600
38,173.0473,-223.90086,468.18253,600
39,422.85376,112.652016,494.7681,600
40,178.43158,-215.02394,462.98254,600
41,105.32186,-217.77258,463.87985,600
42,108.02664,-202.29094,457.0768,600
43,114.81388,-187.17702,479.2396,600
44,432.8506,123.26003,500.51968,600
45,120.38912,-195.51529,467.93954,600
46,476.2113,164.68843,528.0474,600
47,554.1771,211.41905,601.5817,600
48,119.29869,-206.06984,441.91666,600
49,149.83661,-180.05446,466.1486,600
50,113.390785,-172.66411,481.952,600
51,500.81607,185.37675,547.0733,600
52,154.12234,-259.56277,481.13705,600
53,105.130745,-213.04594,468.39212,600
54,443.08856,133.90479,506.55954,600
55,107.25042,-257.7954,466.05423,600
56,452.86835,143.96915,512.0209,600
57,426.79895,116.121284,497.98904,600
58,115.10798,-182.0767,487.91245,600
59,422.42197,86.70934,517.1987,600
60,236.43997,-187.5413,513.23096,600
61,407.7743,98.56458,484.809,600
62,1152.4536,492.88913,1222.7675,600
63,115.5763,-179.7762,484.8293,600
64,102.98184,-204.0811,457.5825,600
65,577.22345,224.20808,623.0861,600
66,125.43807,-305.9949,483.97556,600
67,479.51492,169.25291,529.0854,600
68,452.57523,144.23735,511.6589,600
69,107.10421,-198.99315,464.35654,600
70,373.18445,47.42294,488.08194,600
71,158.90308,-240.06572,467.52127,600
72,653.9863,262.11688,699.8247,600
73,183.38065,-142.0952,440.87173,600
74,316.65326,-64.05437,509.69263,600
75,112.802795,-164.29503,473.06644,600
76,204.96866,-146.94138,441.98898,600
77,326.48175,-34.64438,495.48813,600
78,458.65518,149.12624,516.0599,600
79,382.66394,51.905636,494.7769,600
80,110.03795,-216.38016,466.75885,600
81,100.7804,-314.84576,498.62595,600
82,116.34446,-172.24864,488.98874,600
83,175.45021,-253.54108,499.67007,600
84,99.66389,-246.8665,466.2919,600
85,419.23566,106.488365,494.59232,600
86,274.13623,-107.889,491.22055,600
87,107.4109,-198.62187,466.0096,600
88,131.0607,-186.63521,465.71558,600
89,136.27563,-187.16946,461.6733,600
90,1091.1986,463.78238,1150.8479,600
91,110.7479,-214.7534,479.27176,600
92,102.05628,-277.23608,475.85208,600
93,110.0878,-209.42894,479.76614,600
94,182.28278,-142.82555,531.57996,600
95,176.42578,-196.51842,452.73685,600
96,114.31198,-171.53589,478.52786,600
97,111.38442,-204.87975,477.10904,600
98,106.42318,-212.14091,468.54068,600
99,498.60876,183.76901,545.05634,600
100,402.83514,89.95144,485.3804,600
101,446.9781,136.77715,509.8478,600
102,98.49635,-315.8137,488.05835,600
103,400.8694,83.81878,488.58463,600
104,432.17432,119.79728,502.25473,600
105,369.97705,28.633112,496.81598,600
106,108.79772,-210.61557,470.39566,600
107,107.07275,-216.74113,462.19534,600
108,386.08832,67.85663,482.57196,600
109,309.48242,-50.978313,486.40067,600
110,176.59177,-175.46748,468.92264,600
111,114.06968,-171.47597,487.5569,600
112,206.05237,-184.08156,472.23953,600
113,250.68845,-156.72636,503.57935,600
114,188.75728,-198.8987,464.08694,600
115,490.541,178.05103,538.14056,600
116,108.80352,-216.16924,454.90866,600
117,449.1482,144.0162,507.11722,600
118,116.93209,-197.43762,475.46933,600
119,218.95029,-165.98204,471.99515,600
120,498.3138,183.81685,544.582,600
121,108.68916,-213.3912,470.8543,600
122,409.88287,90.09988,497.79156,600
123,181.36209,-220.6237,478.37656,600
124,111.42298,-175.32747,476.11633,600
125,110.10996,-207.99898,477.27106,600
126,322.17578,-5.037793,464.69446,600
127,102.59369,-303.12137,497.94785,600
128,230.9317,-95.51314,428.27948,600
129,298.00623,-61.57467,482.82022,600
130,111.87998,-185.09642,476.35672,600
131,497.62772,183.30653,544.0048,600
132,113.649376,-310.22992,470.40182,600
133,123.7753,-161.44139,524.48596,600
134,111.595055,-215.26491,477.7977,600
135,112.628685,-204.19653,446.8411,600
136,106.12305,-310.6783,483.12372,600
137,118.68452,-178.32405,489.53787,600
138,227.54166,-111.63448,466.7278,600
139,414.20337,104.38856,489.13022,600
140,474.34567,164.47389,525.65106,600
141,145.31238,-175.21437,469.51218,600
142,133.70267,-177.76137,485.91376,600
143,110.848694,-216.03365,479.65714,600
144,491.0448,178.00542,538.872,600
145,454.98065,144.5702,514.4888,600
146,125.78839,-241.70116,464.75693,600
147,113.96688,-298.40125,485.69504,600
148,246.23131,-166.29204,506.3252,600
149,115.67833,-265.84927,462.43118,600
150,119.21347,-181.37828,491.26877,600
151,111.669914,-200.83598,483.58298,600
152,265.62247,-126.940346,497.15524,600
153,99.08243,-270.09857,457.82077,600
154,118.44014,-264.0642,450.3793,600
155,98.65369,-301.1166,479.3784,600
156,112.9312,-165.53482,477.3615,600
157,201.82465,-159.9446,447.4637,600
158,472.1103,161.28984,525.0541,600
159,105.02616,-196.80583,460.3693,600
160,297.77063,-37.212353,460.3682,600
161,446.42395,137.62653,508.32898,600
162,99.4745,-214.93806,443.83487,600
163,112.36855,-288.35178,489.12222,600
164,117.592926,-163.28743,486.0564,600
165,110.61187,-183.02596,478.3516,600
166,110.07591,-180.03706,475.36185,600
167,113.55454,-165.42401,483.82852,600
168,102.7351,-215.2416,452.90842,600
169,474.61072,164.66628,525.7416,600
170,505.59717,185.19862,554.8084,600
171,479.3623,169.17923,528.96576,600
172,110.40495,-296.70148,479.94055,600
173,117.84727,-201.95815,468.6652,600
174,108.03283,-205.81363,466.5297,600
175,352.92627,32.326206,473.0143,600
176,98.90992,-226.86687,453.60342,600
177,424.7516,109.051796,500.70486,600
178,104.61408,-201.65547,465.2502,600
179,203.33823,-176.19666,461.86465,600
180,110.78001,-185.24138,478.92593,600
181,108.34109,-289.14084,472.9197,600
182,164.7617,-263.75656,507.43497,600
183,205.19232,-188.70467,474.7462,600
184,468.4243,158.1494,522.4372,600
185,104.452965,-222.47908,465.85007,600
186,381.87628,57.286182,486.53488,600
187,106.85696,-202.58461,472.1429,600
188,150.81161,-196.85423,457.84274,600
189,133.88402,-266.16666,466.3564,600
190,123.27001,-306.12436,515.3215,600
191,344.15738,-11.865519,499.33746,600
192,224.49182,-168.1046,480.16428,600
193,227.82086,-122.18253,445.95322,600
194,108.290855,-206.84364,473.93472,600
195,420.86267,101.34899,503.4758,600
196,462.23392,149.11362,522.49896,600
197,108.40696,-205.36493,471.14,600
198,114.16258,-203.79846,481.92087,600
199,106.33749,-199.23415,470.91263,600
200,110.38059,-303.15576,498.26462,600
201,153.75269,-229.21071,470.99783,600
202,103.74113,-205.57173,423.25095,600
203,112.104004,-184.24867,484.1725,600
204,362.16898,12.687984,502.61758,600
205,141.40874,-178.87099,511.24796,600
206,104.41526,-314.85867,483.05386,600
207,471.79303,161.72414,524.5036,600
208,331.87115,-21.616747,490.7828,600
209,97.38642,-239.4129,454.25302,600
210,471.8806,161.95473,524.24176,600
211,99.93162,-228.36363,457.55936,600
212,111.118095,-216.55864,475.83804,600
213,462.08475,149.29779,521.4571,600
214,387.0228,66.369514,485.4023,600
215,163.64001,-190.62975,451.2366,600
216,465.48615,156.70042,519.4288,600
217,535.71606,192.26016,591.1786,600
218,332.218,-17.210028,488.6401,600
219,109.31551,-285.8234,497.97397,600
220,113.2485,-287.54904,476.95285,600
221,131.71397,-207.87355,475.28104,600
222,163.88902,-149.00635,517.01276,600
223,111.80597,-205.2147,461.72134,600
224,372.7036,48.07207,482.19693,600
225,101.999054,-320.11707,472.08228,600
226,112.44546,-205.81555,482.0419,600
227,103.965546,-322.57855,511.12704,600
228,108.57006,-216.75893,476.81903,600
229,112.65915,-176.92343,466.51834,600
230,304.0105,-5.9791365,443.87668,600
231,108.07565,-235.18118,453.4633,600
232,416.36255,106.00059,491.17096,600
233,115.61309,-356.5412,512.73224,600
234,116.21699,-281.11444,492.79288,600
235,110.876465,-163.97078,476.59097,600
236,106.928215,-344.5164,511.09985,600
237,110.88241,-202.53123,469.3647,600
238,135.98392,-202.26543,442.662,600
239,272.3755,-97.780266,481.61102,600
240,109.56812,-178.96982,469.75406,600
241,127.88146,-190.58351,474.36264,600
242,266.0628,-107.266685,481.00452,600
243,104.207436,-210.67369,466.14273,600
244,113.51738,-174.65349,484.79312,600
245,136.05234,-178.27971,463.60764,600
246,104.22222,-218.1644,465.2693,600
247,321.0409,-36.98367,489.61325,600
248,145.08748,-173.0807,494.366,600
249,106.98971,-205.41747,455.94504,600
250,113.66631,-274.91055,479.79025,600
251,186.0317,-246.30827,500.8455,600
252,293.10382,-94.27861,505.10544,600
253,110.83488,-325.86435,489.87552,600
254,133.31781,-169.32002,502.96103,600
255,362.55884,12.159744,502.28613,600
256,158.0524,-242.28407,466.41794,600
257,109.712,-203.27345,476.5793,600
258,139.66934,-200.9807,482.7158,600
259,113.3399,-195.02654,460.8962,600
260,110.11265,-241.88048,461.1063,600
261,195.33878,-193.61957,467.85437,600
262,212.98923,-162.66328,462.981,600
263,115.776375,-164.16884,485.24606,600
264,268.3247,-111.96018,488.38504,600
265,317.03024,-43.16174,491.5634,600
266,110.1235,-176.82016,471.8359,600
267,152.07896,-185.38887,636.63983,600
268,145.90756,-304.88165,502.32617,600
269,407.34424,98.616936,483.98532,600
270,109.35667,-186.65462,472.57513,600
271,110.56414,-318.20636,480.465,600
272,112.30598,-190.93822,480.71835,600
273,105.01192,-210.22624,467.08987,600
274,443.8927,129.80487,511.40063,600
275,99.32281,-238.10577,446.7899,600
276,143.07095,-184.88464,622.81024,600
277,137.82214,-276.82263,481.79025,600
278,438.60046,131.15881,502.3871,600
279,108.90525,-203.46465,471.11505,600
280,99.43997,-235.5955,461.34424,600
281,254.56589,-128.4764,484.62546,600
282,110.13123,-196.54024,473.66946,600
283,145.1973,-282.95657,483.06992,600
284,125.65264,-157.41325,513.6317,600
285,156.81775,-281.87482,497.42575,600
286,146.3541,-265.00717,475.35992,600
287,105.11997,-324.03708,500.0753,600
288,132.58444,-190.3413,471.63687,600
289,111.35389,-333.72305,508.66873,600
290,129.19664,-182.66467,452.30524,600
291,459.2817,148.38379,517.9085,600
292,109.10953,-205.30504,443.94073,600
293,480.65594,168.3732,531.73395,600
294,464.80554,154.84633,520.0333,600
295,364.18048,30.436167,486.92178,600
296,141.42752,-296.85593,503.2429,600
297,269.56177,-90.844505,470.35855,600
298,156.04506,-287.5256,501.52448,600
299,497.80295,183.2772,544.38666,600
300,494.33597,180.92206,541.1534,600
301,216.48651,-194.06996,492.83835,600
302,421.27673,110.08294,494.7264,600
303,110.242836,-333.55606,490.5358,600
304,115.349434,-159.3499,485.26996,600
305,329.57098,-33.263508,498.6804,600
306,422.02222,110.66662,495.86337,600
307,246.39877,-148.37318,493.1794,600
308,104.70092,-222.67375,444.95596,600
309,113.19265,-310.2585,504.40857,600
310,259.31927,-37.1382,414.63748,600
311,415.5052,100.924675,493.98987,600
312,109.819786,-214.76631,477.20724,600
313,110.082115,-197.8308,477.43115,600
314,112.70428,-184.17786,476.01233,600
315,97.903175,-235.77055,455.8303,600
316,217.51074,-171.70418,473.75934,600
317,247.76428,-156.75078,499.12894,600
318,95.426704,-290.5599,464.22708,600
319,137.19812,-171.83647,492.4426,600
320,103.84583,-277.94186,489.16748,600
321,100.38398,-249.24252,467.7654,600
322,225.35449,-165.21101,479.56647,600
323,403.4027,90.94779,485.13464,600
324,136.89264,-170.32014,575.5922,600
325,115.07112,-166.75093,486.1439,600
326,114.88038,-205.58943,478.9346,600
327,490.3337,177.4836,538.02936,600
328,360.41162,14.646463,497.99503,600
329,111.2913,-179.12106,483.11234,600
330,426.21313,116.64576,496.41223,600
331,211.11038,-159.07008,493.99103,600
332,323.50916,-25.430826,484.69296,600
333,118.72459,-364.5163,535.92474,600
334,481.64642,170.19684,531.3074,600
335,240.39508,-152.99643,487.58545,600
336,89.911064,-231.3036,429.8151,600
337,257.5101,-101.48553,463.95804,600
338,108.60543,-214.15791,469.63412,600
339,108.58088,-197.83101,476.22964,600
340,103.176994,-224.2076,465.80106,600
341,231.30829,-135.60643,461.85834,600
342,189.93738,-243.05287,503.20865,600
343,442.99695,132.85042,507.32123,600
344,442.45703,131.04214,508.26627,600
345,307.0036,-63.35397,495.59125,600
346,101.99151,-275.79422,462.71628,600
347,141.31006,-175.57552,470.3484,600
348,150.38971,-298.7028,506.12015,600
349,128.07063,-180.6476,505.63797,600
350,106.15061,-200.54666,467.2466,600
351,161.42368,-230.35338,473.9871,600
352,119.287315,-176.0288,509.57123,600
353,117.41796,-167.36153,487.9744,600
354,106.89622,-182.1157,469.11685,600
355,119.991196,-160.84575,521.55304,600
356,315.2155,-56.312572,499.69016,600
357,99.83016,-248.01872,469.24017,600
358,108.94088,-192.75507,471.11227,600
359,137.51343,-293.7343,502.0184,600
360,479.78918,168.9506,529.68304,600
361,444.25797,133.37831,508.95187,600
362,109.889305,-213.1944,479.4612,600
363,109.69335,-187.28218,476.4559,600
364,400.93658,81.29831,491.7037,600
365,495.536,182.05269,542.04156,600
366,106.69637,-215.6,472.83774,600
367,105.49196,-211.89705,466.91043,600
368,136.84265,-205.58507,460.4754,600
369,114.06043,-168.42635,486.5325,600
370,109.8971,-185.74962,470.6064,600
371,520.96234,197.8999,565.64496,600
372,132.01562,-163.71944,551.02826,600
373,451.40253,140.32765,513.05774,600
374,196.29202,-181.81374,459.74963,600
375,108.63575,-192.46461,473.16574,600
376,233.30258,-162.57631,485.58652,600
377,125.86465,-169.11778,495.93198,600
378,454.15747,144.73302,513.23755,600
379,110.19799,-196.84187,474.53415,600
380,118.03007,-154.26251,493.2181,600
381,113.306656,-200.42897,481.23135,600
382,304.48862,-62.93075,491.94046,600
383,335.4937,-12.923065,487.42154,600
384,529.1749,200.8151,575.0002,600
385,98.593605,-242.26004,462.3289,600
386,459.97784,147.40791,519.8134,600
387,117.27607,-164.30405,500.68576,600
388,415.1853,96.17266,497.2195,600
389,105.788,-205.74937,467.78555,600
390,115.29217,-162.69052,484.28827,600
391,403.0108,86.53025,489.10916,600
392,111.478264,-191.59932,475.02756,600
393,121.64568,-279.89642,464.40536,600
394,394.44604,72.26112,491.49512,600
395,153.2644,-179.7287,625.6264,600
396,120.879906,-169.31538,489.77612,600
397,125.10041,-288.19595,461.88907,600
398,471.3357,159.9405,525.0113,600
399,129.05951,-185.1439,477.95746,600
400,373.73688,42.47102,488.49005,600
401,105.67254,-209.38373,467.8677,600
402,415.58594,101.71072,493.37802,600
403,314.511,-46.188335,489.07834,600
404,364.78168,39.30515,478.85544,600
405,369.4964,30.013767,496.3638,600
406,111.70801,-171.04604,474.5596,600
407,128.32736,-188.46484,470.09924,600
408,301.748,-77.96667,501.2438,600
409,337.91342,-17.897802,495.56235,600
410,496.0285,182.03703,542.67206,600
411,388.66058,74.145226,479.96268,600
412,107.819046,-199.1084,471.68674,600
413,97.32307,-274.121,466.04398,600
414,330.01923,-23.725199,491.69766,600
415,109.211555,-207.76799,450.28152,600
416,109.41587,-182.77293,472.9414,600
417,123.28134,-196.72421,470.90164,600
418,144.96783,-201.15761,467.22842,600
419,112.36474,-207.33804,431.7776,600
420,406.5099,92.70113,487.68994,600
421,175.02426,-186.3862,440.4715,600
422,427.12372,107.538124,507.06207,600
423,112.31518,-201.7686,482.0121,600
424,109.13941,-206.9238,442.0693,600
425,234.27393,-168.3137,493.35526,600
426,213.001,-187.44118,485.01828,600
427,112.279305,-185.27132,482.15652,600
428,123.85491,-161.08415,521.5175,600
429,108.10359,-195.23814,472.0456,600
430,143.49124,-165.39635,574.412,600
431,109.06394,-349.5588,524.1147,600
432,107.55801,-191.67143,461.50955,600
433,157.5716,-298.8289,513.064,600
434,109.431755,-192.67409,469.84628,600
435,499.32574,184.38751,545.5478,600
436,394.7953,68.16652,494.11655,600
437,144.09119,-279.89426,497.8959,600
438,386.2984,69.007744,481.21005,600
439,221.76665,-164.69948,475.254,600
440,466.05542,156.21132,520.89636,600
441,490.7702,177.56375,538.6978,600
442,104.719795,-217.942,467.96674,600
443,110.47573,-292.93124,507.0776,600
444,110.63931,-245.43001,445.0776,600
445,471.0227,160.795,524.03546,600
446,109.61385,-182.5084,482.20984,600
447,142.00157,-245.49011,466.70816,600
448,153.62424,-293.66263,511.70535,600
449,98.77903,-238.40596,452.9307,600
450,126.300316,-190.5862,487.2827,600
451,273.9997,-42.27721,436.6544,600
452,268.01367,-78.23785,458.12064,600
453,477.425,167.12703,527.7473,600
454,108.65183,-215.10582,475.36475,600
455,109.08692,-208.96938,464.18356,600
456,233.38231,-117.312,450.6659,600
457,104.36152,-223.65681,462.47974,600
458,401.64136,81.31135,496.5416,600
459,319.37408,-41.77438,491.418,600
460,238.42455,-106.81376,446.0282,600
461,478.2882,167.66614,528.7619,600
462,125.342125,-158.71571,504.91556,600
463,100.87121,-256.94647,452.19675,600
464,126.24639,-283.90982,474.55902,600
465,110.246315,-203.77602,456.84705,600
466,115.81245,-170.18605,486.05856,600
467,197.74976,-167.2802,456.064,600
468,96.91239,-286.48056,461.80966,600
469,249.52448,-145.10295,491.9554,600
470,328.5227,-7.002853,475.61282,600
471,98.04326,-234.73125,454.99313,600
472,364.0232,6.766058,509.8457,600
473,109.49252,-187.79564,472.55405,600
474,99.92928,-248.18556,460.82248,600
475,107.499504,-199.646,471.61237,600
476,128.60727,-185.63602,493.65665,600
477,487.41196,174.84908,535.9252,600
478,101.57418,-218.42598,461.03116,600
479,303.5415,-47.338985,478.73605,600
480,459.8015,148.22273,518.4394,600
481,480.02853,166.44557,532.2077,600
482,111.75373,-195.9081,479.82812,600
483,436.6415,125.63061,503.892,600
484,96.99169,-228.35127,444.737,600
485,114.118996,-177.57872,487.14597,600
486,394.23566,82.338005,480.10944,600
487,534.049,198.4723,583.8958,600
488,130.37094,-286.9368,508.93143,600
489,500.26752,185.11998,546.3759,600
490,104.176735,-226.45036,462.6757,600
491,196.9697,-175.01268,453.52994,600
492,385.7787,75.80441,484.92743,600
493,285.86426,-54.102856,460.76013,600
494,102.88124,-230.57008,428.60254,600
495,468.51315,158.26668,522.3747,600
496,118.71319,-161.0734,508.95267,600
497,331.6801,-23.736822,492.62637,600
0,438.868,125.41562,484.54132,650
1,124.4103,-203.56923,497.22473,650
2,347.46603,6.3094277,457.24936,650
3,112.151596,-256.8818,489.1504,650
4,118.01386,-232.54298,495.38446,650
5,125.08637,-214.14803,478.49615,650
6,429.03806,115.25002,479.32922,650
7,357.87512,6.6870093,473.41193,650
8,129.10063,-161.77791,493.4926,650
9,113.950745,-272.35422,493.08685,650
10,404.514,80.88162,473.94952,650
11,343.8185,2.7892551,455.08813,650
12,318.86316,-57.93779,477.93558,650
13,174.18217,-307.84555,525.07623,650
14,115.72938,-233.5533,489.56104,650
15,401.00845,87.31851,462.70297,650
16,386.86917,71.70765,453.85468,650
17,130.91402,-458.0541,585.12134,650
18,258.45966,-177.87854,508.82584,650
19,309.30832,-76.40254,481.3615,650
20,365.8166,41.89523,449.77905,650
21,451.87997,136.65216,493.59164,650
22,165.05032,-357.11783,539.7279,650
23,130.82713,-258.6713,489.43365,650
24,124.91329,-353.63876,535.31793,650
25,311.67157,-59.545578,466.07208,650
26,115.3391,-371.82208,532.4493,650
27,413.54364,103.68018,467.8194,650
28,434.95337,121.33607,482.24268,650
29,417.06168,104.40259,470.8828,650
30,121.56313,-220.88576,497.74396,650
31,213.78098,-275.55356,527.1727,650
32,121.95168,-211.01117,499.94128,650
33,153.16547,-192.83003,494.83582,650
34,121.85262,-205.59312,481.4568,650
35,122.30242,-190.42448,488.7102,650
36,146.78896,-139.91151,557.51135,650
37,361.81992,10.604145,479.78528,650
38,200.54495,-252.63509,505.8808,650
39,258.5548,-152.68498,474.9402,650
40,176.24237,-309.58527,516.0492,650
41,120.46226,-199.80345,490.86795,650
42,117.156166,-210.11664,479.8523,650
43,124.460396,-178.17601,487.25812,650
44,327.9028,-31.674017,464.46878,650
45,124.42349,-215.21016,485.98163,650
46,436.27795,122.12401,483.729,650
47,460.16092,146.45622,500.8072,650
48,122.14355,-236.87119,472.26294,650
49,137.78455,-183.60503,451.1087,650
50,127.11881,-170.38863,506.26004,650
51,444.68027,129.40596,490.40576,650
52,144.23117,-409.90305,570.22205,650
53,117.315865,-234.03032,498.8761,650
54,351.39615,9.950537,459.47516,650
55,125.82884,-310.75595,514.4843,650
56,420.30917,108.15932,472.31503,650
57,397.18985,74.527115,468.28802,650
58,129.32706,-174.46156,499.01633,650
59,279.97208,-132.38472,489.2084,650
60,211.48132,-296.78476,543.4035,650
61,345.57034,10.063162,450.43567,650
62,441.9514,127.429474,487.46478,650
63,128.61919,-158.79839,499.01038,650
64,114.89289,-371.5447,537.14453,650
65,403.06586,91.973526,461.74606,650
66,129.52737,-375.19522,556.5393,650
67,388.1111,73.58857,454.63373,650
68,425.305,111.2858,477.6015,650
69,114.60965,-228.77971,480.68414,650
70,391.79727,57.289474,490.85834,650
71,190.5997,-316.00436,537.34534,650
72,417.8893,103.90323,473.27045,650
73,273.85767,-87.59079,466.53845,650
74,257.89993,-195.26756,515.84094,650
75,129.23575,-162.70082,502.2608,650
76,213.54613,-212.41142,499.89862,650
77,218.65381,-265.22958,526.51776,650
78,426.9464,114.624596,476.72095,650
79,269.63254,-131.84196,474.48523,650
80,117.085724,-261.1834,483.55383,650
81,118.537766,-415.05215,552.0123,650
82,141.31024,-140.03392,542.38617,650
83,227.16443,-247.61887,528.5075,650
84,117.31576,-268.2535,503.431,650
85,336.8209,-11.242075,457.6037,650
86,214.12006,-263.44724,521.1637,650
87,117.110916,-225.55295,486.5765,650
88,129.7625,-180.5601,478.4556,650
89,146.52591,-197.4905,491.76074,650
90,392.26346,75.326675,458.53476,650
91,125.565796,-195.29478,503.4416,650
92,111.717354,-278.13382,488.87054,650
93,123.10748,-191.90627,495.892,650
94,161.87091,-138.54518,514.8435,650
95,159.8046,-271.89835,494.59357,650
96,135.09476,-150.84142,508.34943,650
97,124.029686,-205.59604,501.71255,650
98,120.142204,-217.58528,500.00586,650
99,451.77136,136.53075,493.72614,650
100,365.78354,26.29014,466.62714,650
101,355.00418,15.595959,459.19037,650
102,110.02184,-305.19144,499.98404,650
103,382.47183,53.567215,464.95047,650
104,407.48514,86.75603,472.15057,650
105,339.77628,-7.6526647,458.2786,650
106,116.25179,-224.9575,484.1247,650
107,112.96691,-235.9546,477.18713,650
108,370.21103,45.9496,454.5726,650
109,258.55563,-146.47316,470.43048,650
110,152.71597,-209.30219,488.33508,650
111,129.70059,-169.26682,511.81842,650
112,176.94708,-324.99185,537.4772,650
113,184.11447,-357.53928,560.13495,650
114,165.80772,-390.7476,571.4459,650
115,410.91122,97.93497,468.26862,650
116,112.521095,-245.98274,469.4112,650
117,350.52902,7.149707,461.55817,650
118,123.88678,-264.501,515.1631,650
119,193.72043,-277.93552,524.4296,650
120,422.42432,109.88136,474.3092,650
121,123.30815,-220.03111,477.34375,650
122,259.23892,-167.0291,506.82138,650
123,183.60791,-295.2139,516.92096,650
124,122.66274,-214.95407,502.33575,650
125,121.2713,-207.57817,495.20312,650
126,203.21411,-188.7009,490.89355,650
127,125.33431,-405.98367,575.5591,650
128,191.22316,-212.76607,503.34198,650
129,209.68756,-238.60219,504.64166,650
130,126.96174,-171.93861,499.70813,650
131,431.68887,118.89028,479.894,650
132,187.82129,-256.92587,487.17053,650
133,154.21318,-149.73228,592.47974,650
134,144.87692,-227.91986,494.7296,650
135,127.74124,-257.22147,476.46405,650
136,130.55634,-386.25925,535.12195,650
137,127.80893,-186.18456,503.53937,650
138,253.61713,-161.93074,506.29407,650
139,300.12827,-79.991455,469.41302,650
140,412.05743,98.79256,469.1513,650
141,151.68939,-187.99419,490.07507,650
142,139.46146,-151.97093,497.20746,650
143,121.54127,-221.69476,498.3844,650
144,422.19467,108.28727,475.71954,650
145,408.54907,96.3111,465.4606,650
146,170.57413,-329.4263,541.0102,650
147,133.6436,-406.5731,559.17456,650
148,345.4581,-4.118865,463.74982,650
149,154.66391,-266.28104,493.1385,650
150,126.94092,-189.97408,500.97437,650
151,127.12359,-187.72203,508.89185,650
152,128.45625,-400.28403,545.3694,650
153,116.60275,-243.9661,496.2514,650
154,115.980446,-315.90598,495.00006,650
155,122.1542,-413.9742,558.08954,650
156,131.70546,-153.07832,515.5488,650
157,137.29012,-325.21796,533.80035,650
158,380.22504,62.821724,451.79208,650
159,116.97017,-226.83484,492.1239,650
160,189.04617,-245.25981,502.85803,650
161,410.06265,96.33601,468.2993,650
162,116.14321,-229.01749,487.6413,650
163,120.81853,-314.43378,530.99817,650
164,129.49585,-150.63017,505.13358,650
165,125.64613,-188.18633,502.44012,650
166,128.39034,-156.52515,501.74988,650
167,136.98547,-148.46393,532.0282,650
168,120.96151,-301.61636,513.3618,650
169,419.46756,108.17926,471.06894,650
170,395.96738,79.01753,465.1486,650
171,435.91,123.10005,482.465,650
172,126.94046,-361.39456,532.39844,650
173,119.56962,-220.62447,491.2552,650
174,117.55518,-194.28926,475.54358,650
175,141.71356,-210.13368,494.10425,650
176,115.20447,-261.2996,498.6031,650
177,286.88272,-110.47987,479.05927,650
178,119.87031,-218.92342,502.41577,650
179,267.736,-147.17393,485.1645,650
180,127.39806,-174.44275,503.6759,650
181,125.75937,-397.0148,549.24756,650
182,119.395676,-313.58322,527.7311,650
183,164.42285,-317.29666,517.91113,650
184,393.0306,75.93349,459.717,650
185,114.557594,-235.74834,487.67657,650
186,296.26312,-87.644394,471.87344,650
187,122.79483,-210.15178,506.44788,650
188,189.58856,-241.87903,496.97675,650
189,206.85239,-270.13327,523.59406,650
190,114.86025,-231.09116,487.41745,650
191,297.23135,-102.705124,488.1735,650
192,300.78348,-84.99017,476.5481,650
193,269.00735,-103.35109,462.79422,650
194,128.47948,-178.907,512.39075,650
195,429.99515,107.4782,491.05957,650
196,353.80548,1.2087511,473.68646,650
197,117.981834,-236.82332,494.03638,650
198,121.53716,-216.34587,495.86237,650
199,117.29856,-234.95186,496.7273,650
200,124.960976,-341.60748,541.6195,650
201,193.19052,-248.21413,500.26215,650
202,181.16519,-217.68513,502.2082,650
203,133.53372,-160.73347,522.6315,650
204,303.28818,-96.25967,493.26123,650
205,141.95969,-174.96481,503.6128,650
206,117.61,-370.12674,543.0503,650
207,364.62506,17.367373,472.21506,650
208,295.87314,-88.38577,472.32684,650
209,116.18665,-318.1193,497.58038,650
210,438.81973,125.204636,484.72635,650
211,117.95576,-233.77037,500.106,650
212,121.45109,-278.64963,513.50146,650
213,346.96182,2.5163858,459.75555,650
214,353.63852,8.15,466.32278,650
215,125.88448,-262.61484,497.46167,650
216,397.5238,85.37598,458.74988,650
217,389.29028,61.82621,468.3156,650
218,193.16977,-286.7487,520.48065,650
219,118.70606,-327.51544,524.45325,650
220,120.36109,-349.85446,528.6084,650
221,119.38979,-228.72823,488.13263,650
222,140.6539,-152.40697,489.57895,650
223,122.10759,-258.2153,478.82248,650
224,193.05933,-339.6682,564.0416,650
225,113.700226,-343.6883,517.7529,650
226,129.87083,-169.59172,508.12256,650
227,152.8745,-420.78964,580.4936,650
228,121.42611,-224.76375,500.17664,650
229,122.14806,-174.89307,480.26202,650
230,323.68542,-46.961834,481.80768,650
231,113.28588,-306.8293,499.89642,650
232,403.50284,86.99078,466.48615,650
233,120.03623,-391.92673,533.8058,650
234,133.38278,-392.86465,557.7311,650
235,127.857834,-178.00476,514.2716,650
236,114.996315,-347.97733,532.3467,650
237,119.00291,-183.28928,464.8089,650
238,142.73947,-221.15144,472.03564,650
239,294.01828,-112.453705,495.17886,650
240,125.429726,-177.72836,499.1172,650
241,122.569695,-218.51564,480.81824,650
242,230.36658,-236.81223,525.2337,650
243,122.42921,-195.34158,500.11975,650
244,127.45937,-178.31288,506.95764,650
245,148.13104,-183.14886,480.95197,650
246,132.53438,-155.82622,518.1658,650
247,358.30292,17.142822,463.0974,650
248,157.51675,-148.18965,460.8354,650
249,117.562065,-255.19588,451.1367,650
250,119.27558,-322.37354,522.2591,650
251,259.7169,-158.04228,482.32776,650
252,251.55035,-190.49414,502.59384,650
253,142.8728,-387.58127,545.70996,650
254,123.97956,-157.38739,479.38843,650
255,401.18823,69.56777,477.20514,650
256,150.34818,-322.1874,504.95718,650
257,125.910835,-192.49373,503.36987,650
258,141.04453,-218.66542,503.90045,650
259,126.186516,-177.48422,494.34225,650
260,121.81508,-198.30933,495.094,650
261,124.64211,-376.12912,530.5121,650
262,147.34839,-346.3934,534.73035,650
263,125.74676,-159.0001,490.128,650
264,223.12762,-266.17728,538.8934,650
265,165.12857,-320.24106,521.558,650
266,145.48042,-142.89821,557.5268,650
267,165.76358,-154.608,628.90515,650
268,178.24384,-355.58548,554.2356,650
269,345.7367,7.301289,453.2544,650
270,121.32423,-211.06546,497.74017,650
271,122.61455,-393.62088,535.2871,650
272,125.98878,-175.30678,500.24072,650
273,114.36461,-247.22823,492.9028,650
274,374.32364,35.192142,470.30038,650
275,123.778496,-197.54268,496.9994,650
276,146.01102,-145.84879,566.395,650
277,154.19815,-355.28012,537.3405,650
278,330.18878,-20.726118,457.23035,650
279,149.53455,-303.41354,511.15436,650
280,117.026665,-236.35356,496.47797,650
281,268.1293,-154.68452,494.8156,650
282,121.49322,-212.7905,493.72437,650
283,134.26324,-380.10486,525.3574,650
284,132.36435,-145.19507,505.8154,650
285,221.81168,-245.72939,512.89343,650
286,158.69711,-403.2626,580.59625,650
287,113.630974,-260.7197,497.10516,650
288,123.397545,-206.7173,486.44632,650
289,126.9226,-417.69052,560.4674,650
290,186.7033,-201.72707,518.5089,650
291,403.02194,83.55644,469.07376,650
292,115.178154,-225.54869,459.7711,650
293,440.9836,125.39841,488.54837,650
294,413.79037,102.049576,468.2296,650
295,305.56284,-67.28041,465.76337,650
296,138.16364,-403.81964,574.188,650
297,168.33057,-335.7692,547.42786,650
298,154.05112,-387.78806,555.47833,650
299,440.50003,125.43539,487.60388,650
300,450.7753,135.90562,492.8302,650
301,162.46606,-355.20874,534.70386,650
302,317.23218,-43.78295,459.11334,650
303,172.87225,-361.72787,556.67993,650
304,135.58975,-141.24597,520.14453,650
305,266.04272,-148.24368,483.72513,650
306,323.9633,-46.784355,475.19098,650
307,288.93344,-129.78165,503.09753,650
308,128.86954,-367.4957,533.70917,650
309,114.36766,-241.93292,491.85468,650
310,284.46805,-95.91736,474.29477,650
311,280.41562,-118.717896,476.94458,650
312,115.83578,-244.41573,492.56616,650
313,121.67062,-220.69286,498.72186,650
314,124.36555,-188.99318,494.63116,650
315,113.350914,-287.87204,504.08838,650
316,130.16295,-349.95462,503.5713,650
317,173.04565,-372.0044,556.90234,650
318,121.680046,-405.67825,550.65186,650
319,128.80125,-170.43497,491.6261,650
320,113.17576,-263.28903,496.1344,650
321,115.20629,-237.77419,490.1193,650
322,218.5617,-254.9503,520.0575,650
323,323.18808,-44.764427,470.4579,650
324,178.56306,-161.1906,671.42725,650
325,135.35507,-145.14531,523.33765,650
326,125.10215,-198.01143,503.46082,650
327,410.8926,97.97461,467.48694,650
328,214.0922,-239.54848,513.0254,650
329,127.05821,-180.81387,509.64212,650
330,324.16525,-38.280178,465.29865,650
331,163.95471,-285.26035,536.4908,650
332,276.7316,-129.99341,488.28802,650
333,163.69527,-425.6965,600.75305,650
334,431.23178,118.002556,479.974,650
335,280.95697,-126.02743,486.9198,650
336,105.490234,-295.80396,483.81085,650
337,202.94804,-270.13016,521.6837,650
338,118.83205,-220.53838,490.40182,650
339,121.8801,-214.8059,502.3512,650
340,114.42389,-304.32092,497.533,650
341,327.35977,-46.615578,485.77017,650
342,141.39423,-460.9582,597.18713,650
343,428.0379,114.71364,478.12134,650
344,432.26996,118.15958,481.79123,650
345,289.4479,-120.705635,496.15598,650
346,127.15075,-359.50253,523.91675,650
347,140.57532,-160.8958,481.90256,650
348,128.54608,-423.6067,576.7892,650
349,130.93445,-178.35748,493.2807,650
350,126.8655,-179.40468,508.88428,650
351,162.52643,-402.2316,585.48816,650
352,128.79579,-185.85875,515.9358,650
353,124.243225,-192.57054,491.37665,650
354,120.66236,-216.94905,502.5617,650
355,136.94276,-152.24374,537.937,650
356,213.41481,-289.18527,539.9248,650
357,113.7826,-286.72357,506.24646,650
358,121.99464,-212.43195,502.10757,650
359,174.58224,-349.42557,555.7449,650
360,416.30307,105.83277,468.6776,650
361,241.07227,-190.58987,485.25842,650
362,117.85451,-230.31252,492.5883,650
363,123.13322,-203.9227,504.52716,650
364,351.59634,-17.92881,491.09424,650
365,382.6464,64.70125,454.1093,650
366,116.633194,-232.22675,491.63593,650
367,120.37696,-217.18529,498.0622,650
368,127.55992,-297.0602,500.5841,650
369,127.55088,-179.59749,510.25842,650
370,123.65542,-194.85571,490.45227,650
371,452.44528,137.21169,494.1585,650
372,137.50882,-138.21846,529.7114,650
373,416.74066,101.03038,473.69626,650
374,121.8713,-309.62827,534.1123,650
375,119.13025,-228.16805,498.5645,650
376,120.52322,-418.54166,563.9092,650
377,137.57498,-134.87433,525.21124,650
378,395.34653,80.541855,459.30255,650
379,126.97112,-181.38817,504.50037,650
380,138.48798,-138.27016,526.9556,650
381,123.07131,-208.11841,495.50323,650
382,216.54013,-240.74773,508.00925,650
383,293.17197,-87.31113,466.26178,650
384,373.49734,50.81916,453.35226,650
385,110.76765,-257.32663,486.49582,650
386,386.69208,59.043945,465.92932,650
387,133.7525,-155.57579,523.2189,650
388,404.65726,78.7164,474.9972,650
389,121.851814,-201.33717,500.43414,650
390,134.42177,-142.81206,516.6584,650
391,270.6033,-133.77592,477.67245,650
392,120.84798,-199.16075,488.09656,650
393,148.86415,-360.69293,537.31274,650
394,356.07883,-4.9104505,485.9428,650
395,209.29086,-178.06082,775.75195,650
396,125.71608,-163.44246,486.81024,650
397,164.28778,-346.99234,534.0822,650
398,410.5266,96.527084,468.54395,650
399,133.26923,-146.53133,511.44434,650
400,404.70883,88.83295,466.3089,650
401,121.47675,-202.4371,498.67175,650
402,417.6495,102.08438,474.2602,650
403,272.08765,-130.07661,477.48407,650
404,302.68835,-67.45824,460.92316,650
405,248.68204,-175.9402,489.7627,650
406,123.976234,-172.6378,489.77863,650
407,121.346344,-190.73383,481.01935,650
408,275.17914,-133.35571,483.1729,650
409,257.20685,-174.63213,494.21466,650
410,431.7112,119.23443,479.7032,650
411,384.74472,67.18411,454.95166,650
412,119.15246,-223.76366,498.3233,650
413,113.45521,-313.9864,514.71545,650
414,332.08096,-33.677185,475.06494,650
415,156.28482,-276.92328,515.0837,650
416,126.03652,-180.64102,497.8537,650
417,126.6516,-211.62852,488.43765,650
418,123.22878,-289.37973,487.58936,650
419,128.57077,-227.82693,482.76877,650
420,388.4008,66.05738,460.86646,650
421,122.759445,-266.8967,501.67877,650
422,345.95264,-15.213746,483.78485,650
423,125.732704,-205.07353,504.20135,650
424,124.25446,-238.07503,503.15976,650
425,311.77145,-67.04851,476.16953,650
426,147.65543,-373.68967,542.46826,650
427,130.8927,-167.85437,513.0731,650
428,157.2226,-151.28003,602.2324,650
429,124.00417,-204.4756,509.22668,650
430,156.28505,-145.34781,589.2361,650
431,132.68549,-461.29,597.7688,650
432,113.124084,-209.3408,465.12988,650
433,235.17499,-222.41362,511.63416,650
434,121.57925,-193.95564,490.6989,650
435,423.0038,109.288284,475.6411,650
436,375.80392,50.567764,455.39886,650
437,214.63199,-292.03214,554.8408,650
438,346.56418,13.005077,448.82346,650
439,223.80829,-232.82898,512.2877,650
440,409.6378,95.8764,468.1395,650
441,428.35843,115.75321,477.80374,650
442,114.94557,-244.15315,493.40674,650
443,111.48601,-246.5175,481.44028,650
444,119.82481,-245.05792,494.21237,650
445,420.87292,107.548225,474.47223,650
446,132.22191,-162.12975,525.74866,650
447,173.8707,-322.7877,528.2923,650
448,136.88193,-426.74625,576.2772,650
449,118.94717,-242.3991,494.94153,650
450,131.59346,-189.93689,491.5326,650
451,223.74759,-175.96295,471.55148,650
452,239.71008,-162.00717,490.7218,650
453,400.82217,88.18335,461.40308,650
454,128.45634,-180.09541,510.5279,650
455,117.7541,-224.95319,490.25586,650
456,118.226814,-215.59346,485.53787,650
457,110.79424,-273.55875,481.47864,650
458,177.99081,-280.35623,506.96802,650
459,205.39386,-305.57205,541.70496,650
460,202.56029,-257.55713,510.37637,650
461,412.99496,97.7249,472.0434,650
462,133.12622,-142.68347,513.18616,650
463,114.56721,-237.86514,488.66418,650
464,156.49437,-353.78278,540.405,650
465,129.36703,-188.69249,504.57724,650
466,128.20152,-169.99843,500.32776,650
467,189.651,-239.3819,495.48895,650
468,132.96613,-360.28964,518.0371,650
469,139.67624,-457.3389,597.6858,650
470,312.7736,-55.64923,477.76166,650
471,111.66088,-269.86853,492.67328,650
472,341.19376,-15.664134,469.42334,650
473,124.74034,-187.81624,503.9521,650
474,112.83521,-315.39767,507.26752,650
475,113.68674,-264.37338,497.34778,650
476,144.69295,-155.60751,500.55685,650
477,421.32816,108.914185,473.3199,650
478,109.28611,-245.00542,475.6787,650
479,176.85645,-236.21638,508.05966,650
480,431.94632,116.895676,481.79016,650
481,415.10046,99.36763,473.2882,650
482,124.88741,-194.52141,481.07004,650
483,364.7591,40.674454,449.10007,650
484,117.181145,-240.66875,494.36874,650
485,125.07653,-168.67271,494.39227,650
486,410.71982,101.993835,465.15643,650
487,429.1783,106.933624,490.094,650
488,259.34305,-172.62727,506.92468,650
489,432.42688,119.73654,480.59918,650
490,121.003586,-345.52338,513.5194,650
491,277.41925,-126.030136,484.2929,650
492,397.3752,58.59478,494.86844,650
493,252.79916,-132.84918,480.58728,650
494,135.71022,-325.67435,517.5593,650
495,405.49796,91.31112,465.28336,650
496,131.95264,-155.2021,517.9585,650
497,331.97433,-19.9586,459.50204,650
0,460.93442,196.67943,509.89917,700
1,124.00001,-182.03291,501.0802,700
2,409.88986,138.85318,476.15118,700
3,99.921936,-291.34235,449.2621,700
4,113.62817,-206.98929,477.9048,700
5,183.01514,-118.999725,480.5649,700
6,450.88492,185.11278,503.51282,700
7,381.63797,101.02424,474.07147,700
8,156.80162,-138.19951,517.5583,700
9,113.493675,-215.16808,439.2014,700
10,429.04904,158.14217,496.00018,700
11,428.02646,159.3416,488.8072,700
12,384.2237,102.462456,476.5587,700
13,130.9196,-266.32806,466.3354,700
14,106.58065,-233.5662,477.84338,700
15,439.21274,174.30052,494.89087,700
16,449.75732,184.2971,501.4076,700
17,137.10423,-315.76624,468.66345,700
18,253.522,-85.71552,454.04065,700
19,167.62073,-175.7649,426.00104,700
20,394.2356,118.47394,470.4188,700
21,465.7778,200.84624,513.5528,700
22,286.42557,-66.37275,475.01788,700
23,152.71162,-188.64839,464.3087,700
24,155.16704,-200.37068,460.04565,700
25,307.8583,-27.769918,468.9868,700
26,123.94149,-326.08746,463.56555,700
27,424.83267,156.72318,485.37686,700
28,455.68082,190.54758,505.63187,700
29,432.75565,165.28548,491.45074,700
30,119.65088,-160.77098,489.77115,700
31,152.38707,-304.0343,478.8189,700
32,117.95535,-158.25581,483.173,700
33,158.24052,-136.63792,512.229,700
34,130.7787,-167.86911,485.04724,700
35,140.59776,-143.08812,518.82355,700
36,140.78922,-106.44551,537.2371,700
37,437.90445,171.061,500.63043,700
38,181.77466,-154.6439,455.1756,700
39,295.46103,-49.70335,467.5299,700
40,113.54182,-266.72278,422.1645,700
41,106.90688,-224.08295,477.5185,700
42,130.96892,-221.00676,476.26282,700
43,143.90932,-145.23442,506.63406,700
44,381.98453,103.37981,461.84937,700
45,185.53404,-88.436485,455.50354,700
46,456.77554,191.40807,507.3596,700
47,408.8529,138.24812,480.56674,700
48,177.13197,-126.97841,449.79755,700
49,128.70671,-177.92088,496.5061,700
50,114.58284,-172.8811,484.4437,700
51,460.21365,195.34229,511.0412,700
52,229.55699,-120.25604,451.24548,700
53,101.993675,-288.2373,481.8837,700
54,382.05148,103.68,461.76935,700
55,122.3659,-185.55869,488.1978,700
56,433.32938,163.99915,492.99414,700
57,397.44333,118.111244,480.2428,700
58,136.68083,-132.90929,519.4948,700
59,390.57492,111.77357,470.31018,700
60,318.3292,-9.380864,468.49475,700
61,400.2037,125.68652,473.13614,700
62,455.3638,190.92513,505.98434,700
63,139.60838,-152.0546,505.25583,700
64,105.48167,-382.9015,520.16,700
65,455.27203,190.77083,505.76068,700
66,123.33178,-256.2814,452.19568,700
67,431.14935,162.94524,489.80432,700
68,372.91837,94.498375,456.69794,700
69,110.27044,-200.87845,478.6914,700
70,371.43002,115.67594,482.5899,700
71,193.54768,-167.31874,438.25067,700
72,446.77777,179.5409,502.56628,700
73,205.52473,-78.480965,523.51575,700
74,303.9469,-47.53381,482.31403,700
75,117.894196,-154.96764,486.59793,700
76,184.7076,-96.12523,469.5832,700
77,98.76273,-354.97528,469.768,700
78,440.70752,172.87273,497.47272,700
79,177.58989,-254.39406,471.66916,700
80,109.86292,-227.97386,480.4322,700
81,104.595024,-404.79712,495.1034,700
82,131.05292,-118.48436,515.82355,700
83,251.36278,-106.971634,463.59213,700
84,111.14086,-215.00978,485.20325,700
85,394.0558,119.37902,467.19263,700
86,214.55882,-148.83714,447.2846,700
87,111.100685,-208.3751,484.64264,700
88,162.25356,-139.19228,502.40244,700
89,203.03848,-79.078735,492.47424,700
90,387.3556,110.47109,463.61627,700
91,120.75201,-161.38705,493.94666,700
92,105.854866,-305.9898,476.9124,700
93,145.99823,-139.4334,497.32825,700
94,202.2546,-86.11062,585.23004,700
95,173.48265,-153.56648,427.74478,700
96,124.604866,-136.31201,496.22705,700
97,121.319336,-152.2387,497.7516,700
98,105.60837,-243.03253,479.0821,700
99,465.2457,200.55261,513.4734,700
100,336.41656,30.280586,468.34674,700
101,341.50607,38.25339,460.8443,700
102,95.36089,-312.12665,421.5277,700
103,269.84952,-82.91344,467.8398,700
104,411.9235,135.08092,483.86404,700
105,344.61505,41.771618,463.4115,700
106,112.81278,-204.77435,487.90176,700
107,130.81136,-170.33127,461.2798,700
108,391.82382,112.75146,475.1973,700
109,273.08273,-94.52455,475.07446,700
110,241.58018,-31.484137,486.88202,700
111,117.7138,-155.31541,486.4607,700
112,241.63005,-75.04157,432.39627,700
113,300.70364,-34.85521,465.20844,700
114,251.16048,-87.333885,448.91458,700
115,447.59927,181.20638,502.21143,700
116,113.003654,-214.70876,473.9619,700
117,414.97763,143.0959,484.66245,700
118,119.62124,-174.3485,482.54736,700
119,161.8529,-248.81358,458.5395,700
120,449.61435,183.79701,502.0949,700
121,134.17757,-143.9865,448.87823,700
122,157.59834,-127.407646,517.374,700
123,218.82591,-135.93947,443.53558,700
124,114.941734,-186.71175,487.41537,700
125,114.11787,-198.06447,488.78238,700
126,181.46107,-144.9727,421.44635,700
127,119.94051,-440.50708,542.2342,700
128,324.78928,45.57188,449.62445,700
129,252.95427,-53.08798,432.67426,700
130,119.643135,-155.05168,489.8907,700
131,434.325,167.12096,491.14157,700
132,200.89812,-167.00833,436.5428,700
133,141.19258,-109.757904,562.86957,700
134,125.34202,-190.14952,471.04636,700
135,122.97846,-192.22255,504.02643,700
136,105.95881,-385.51495,494.56067,700
137,135.80663,-145.46173,525.8153,700
138,229.01186,-45.47874,489.75754,700
139,343.86368,42.350845,460.31085,700
140,422.79095,151.85408,487.34134,700
141,146.66084,-151.50179,489.76883,700
142,228.26913,-66.39887,578.17523,700
143,120.53405,-201.27338,498.90564,700
144,449.0192,183.39195,502.2721,700
145,442.60413,176.15056,496.89984,700
146,238.76395,-47.669453,420.78027,700
147,120.256355,-290.57544,468.32068,700
148,414.8605,142.69688,482.4043,700
149,136.3434,-197.64763,456.55414,700
150,126.1183,-166.454,503.06766,700
151,119.7866,-149.2401,490.51935,700
152,269.63245,-74.37664,463.85822,700
153,130.59235,-245.35454,456.85815,700
154,101.65133,-339.9027,459.6494,700
155,98.746346,-262.00122,453.38788,700
156,121.71535,-133.66158,500.694,700
157,142.67757,-214.69453,446.30643,700
158,441.3677,174.64488,496.12683,700
159,105.054245,-314.61334,494.48853,700
160,285.16818,15.55643,427.06482,700
161,436.817,168.01665,496.27725,700
162,123.22047,-162.22466,473.17102,700
163,110.57299,-273.76154,467.32263,700
164,126.69802,-132.28928,500.15106,700
165,119.238655,-149.55508,494.81006,700
166,109.7922,-209.6198,484.02866,700
167,131.00737,-112.70989,524.0302,700
168,112.059654,-205.57547,435.64807,700
169,442.51773,176.04051,496.7243,700
170,374.39932,94.064606,468.75092,700
171,463.3319,198.64055,511.75903,700
172,107.36546,-241.50475,468.5509,700
173,151.0721,-142.1523,502.18097,700
174,101.91506,-222.61423,455.52405,700
175,146.29253,-153.19664,496.71378,700
176,103.969505,-245.4211,466.81787,700
177,416.62595,144.80354,483.48273,700
178,103.10334,-245.16191,474.57132,700
179,289.27872,-35.333736,461.15857,700
180,118.77802,-159.37672,490.04236,700
181,105.385994,-279.52957,456.1594,700
182,103.87882,-348.5515,497.4185,700
183,136.90028,-237.74454,441.00952,700
184,412.39426,139.54158,479.53918,700
185,103.48289,-251.28468,472.45386,700
186,380.9728,96.90127,473.36176,700
187,119.69859,-152.02881,502.341,700
188,206.73302,-83.198654,436.9085,700
189,185.3809,-125.02568,433.0154,700
190,103.11712,-262.00427,478.95407,700
191,303.6699,-12.438547,459.6125,700
192,242.88081,-90.33944,439.8691,700
193,165.99284,-171.5523,437.41614,700
194,119.63744,-147.88313,493.1475,700
195,452.58633,184.62343,515.2924,700
196,362.96146,75.89327,470.52298,700
197,112.09353,-209.8241,475.15326,700
198,119.68638,-188.42484,492.83365,700
199,109.75626,-213.43832,483.43585,700
200,106.52124,-210.80083,472.0428,700
201,125.13714,-240.60086,455.6454,700
202,154.25053,-113.77665,462.39374,700
203,134.34029,-133.10992,520.7341,700
204,356.20065,58.24307,477.18396,700
205,172.88666,-115.08642,570.587,700
206,139.24278,-304.2214,470.56982,700
207,379.76398,92.47598,471.10974,700
208,410.55246,139.71754,479.508,700
209,116.753075,-190.42058,476.27332,700
210,444.34344,176.08958,500.58405,700
211,111.487854,-205.20364,482.635,700
212,117.40922,-227.1998,453.01685,700
213,406.01205,132.48236,477.1734,700
214,402.32883,122.66076,485.4506,700
215,135.67308,-155.01302,441.4085,700
216,415.77444,145.28008,479.92896,700
217,409.37106,136.19228,483.92816,700
218,162.98694,-179.95409,439.63126,700
219,113.071815,-322.5125,484.7622,700
220,134.14314,-256.51163,469.328,700
221,118.17627,-235.9919,483.05206,700
222,159.17793,-116.356926,554.05206,700
223,116.42606,-262.90594,477.54034,700
224,272.5267,-83.28957,469.2735,700
225,107.44408,-247.78505,413.96924,700
226,127.0357,-170.18831,502.0412,700
227,105.17104,-397.36517,496.13568,700
228,118.8068,-194.99847,500.30334,700
229,132.19032,-158.93184,473.9881,700
230,228.93594,-58.4839,467.22394,700
231,120.31838,-278.39368,469.1173,700
232,428.22098,156.50485,492.69464,700
233,94.40255,-332.70557,453.35864,700
234,103.6309,-367.9978,494.7296,700
235,114.77538,-181.1136,494.7744,700
236,167.72139,-216.77046,437.95526,700
237,151.70607,-138.3477,505.62488,700
238,142.98865,-155.7747,464.53247,700
239,226.54451,-95.45454,446.57288,700
240,116.09893,-168.28667,488.34558,700
241,123.508064,-174.98822,491.2071,700
242,285.5827,-50.22366,467.4275,700
243,107.027245,-228.93887,482.40082,700
244,115.408195,-169.22762,485.1838,700
245,154.85085,-134.6605,472.11697,700
246,110.741325,-204.75764,482.464,700
247,351.82892,51.641087,469.92322,700
248,260.9648,-4.533971,509.72064,700
249,108.25732,-294.3622,460.53223,700
250,106.43752,-252.2932,481.0407,700
251,357.15244,68.834465,459.6366,700
252,218.92697,-125.92516,436.9312,700
253,102.357864,-294.13907,475.68573,700
254,133.86833,-150.30766,505.93564,700
255,427.85052,152.56493,500.49884,700
256,175.38777,-160.77333,426.90497,700
257,117.53356,-189.68054,492.72824,700
258,122.59073,-193.62552,485.28815,700
259,138.42747,-158.1371,495.51782,700
260,109.88692,-282.5865,471.02325,700
261,114.64063,-224.00581,459.1347,700
262,145.37108,-180.4746,462.87762,700
263,124.86918,-146.55815,493.42807,700
264,193.05836,-159.6858,442.33896,700
265,197.75264,-121.59591,420.96872,700
266,114.87869,-165.35371,481.18808,700
267,162.68422,-114.173325,637.41144,700
268,228.25267,-178.47865,480.47336,700
269,352.87735,61.786217,456.79602,700
270,105.874176,-231.72414,476.0041,700
271,108.024635,-292.94012,442.84686,700
272,118.43526,-143.89862,483.60468,700
273,110.22547,-215.92616,487.38184,700
274,329.54745,18.67409,469.9021,700
275,112.24552,-203.47826,487.60477,700
276,122.68748,-133.68489,511.24026,700
277,121.65919,-262.0623,456.61496,700
278,375.9439,96.98152,458.50568,700
279,113.34402,-206.87852,481.96713,700
280,114.845665,-196.63148,495.2796,700
281,145.54352,-278.2075,461.99115,700
282,115.54952,-167.12549,485.5686,700
283,201.83385,-184.38675,454.36993,700
284,131.80458,-118.24987,517.982,700
285,177.6714,-218.05702,450.9032,700
286,128.33469,-254.05634,447.58044,700
287,106.618965,-383.79785,509.90027,700
288,126.96381,-180.91858,475.7782,700
289,118.39722,-338.36642,479.25128,700
290,169.14357,-113.160965,488.75977,700
291,429.17148,161.15492,492.3706,700
292,126.027794,-194.93755,458.7866,700
293,449.69177,183.79909,504.40137,700
294,455.7363,190.60585,506.097,700
295,353.73303,60.372757,461.9948,700
296,115.351524,-311.07294,474.28342,700
297,281.05228,-32.612812,449.51697,700
298,156.85217,-268.31244,461.81085,700
299,462.04184,197.12825,511.81927,700
300,457.64914,193.39815,507.27924,700
301,216.52466,-151.1132,448.70728,700
302,326.3425,9.968706,464.2982,700
303,108.99191,-311.40137,443.85962,700
304,129.44107,-118.78596,519.36615,700
305,352.0372,51.4412,469.36386,700
306,400.75653,120.44936,485.0691,700
307,194.89038,-172.2883,452.6751,700
308,108.71372,-244.66667,476.18646,700
309,105.535866,-235.37259,479.3813,700
310,319.0977,78.22534,437.71484,700
311,386.4338,107.55219,466.72586,700
312,115.32217,-177.08496,483.60715,700
313,113.582466,-186.83629,486.19183,700
314,123.59107,-167.76169,499.65143,700
315,103.627754,-281.91077,476.51782,700
316,133.06674,-313.04016,463.4582,700
317,169.59929,-294.43692,486.6822,700
318,102.55587,-345.19962,452.61365,700
319,151.70633,-140.83284,514.9269,700
320,101.62678,-334.99252,474.53363,700
321,102.86056,-304.9557,481.70688,700
322,298.86404,-26.99819,465.9161,700
323,253.40514,-117.08088,469.8499,700
324,158.74266,-109.57975,610.9634,700
325,126.77673,-123.335686,513.1849,700
326,118.79632,-154.30861,487.47742,700
327,440.6971,172.67479,496.6115,700
328,187.2166,-143.38219,420.8932,700
329,115.93395,-163.05537,489.92923,700
330,376.10196,95.485695,460.29477,700
331,178.889,-186.70345,481.5586,700
332,252.4652,-72.435104,445.1039,700
333,105.0702,-372.83417,485.7906,700
334,441.87042,174.2577,497.31842,700
335,285.32693,-45.695736,463.35248,700
336,96.7226,-220.06169,441.89795,700
337,295.30365,1.4364095,444.17606,700
338,105.743484,-235.11615,472.35962,700
339,116.57148,-170.1144,485.45184,700
340,124.271065,-289.34793,468.17993,700
341,253.86067,-47.831005,431.60663,700
342,103.76461,-394.81116,487.59732,700
343,444.96924,177.05933,500.69745,700
344,441.2436,172.49876,500.8849,700
345,325.3774,5.1377897,472.71817,700
346,121.58694,-171.15672,464.47916,700
347,151.00049,-141.3698,523.3206,700
348,206.23026,-192.01302,465.83685,700
349,183.9554,-103.03559,541.90656,700
350,111.39533,-203.64113,488.25775,700
351,245.53639,-57.34102,430.0859,700
352,113.092285,-174.20331,482.75787,700
353,136.98106,-145.14445,507.87817,700
354,112.34867,-187.38649,485.71802,700
355,131.46693,-123.46694,543.51025,700
356,273.9105,-85.015434,473.39337,700
357,101.6233,-299.21982,483.83148,700
358,112.628685,-186.4612,480.6894,700
359,186.0056,-168.89372,437.92816,700
360,447.75937,181.28278,500.67715,700
361,371.84348,89.691505,461.12985,700
362,112.55572,-201.03581,479.38336,700
363,130.44518,-117.14063,525.93427,700
364,376.96658,97.1748,473.06732,700
365,417.44016,147.98009,481.09155,700
366,111.80955,-213.19264,487.73288,700
367,98.73977,-261.47083,462.7735,700
368,157.97008,-176.08205,468.66046,700
369,128.47491,-118.61834,520.9679,700
370,126.84108,-141.23589,502.24188,700
371,462.42746,198.1425,511.05466,700
372,147.71687,-106.51458,568.84204,700
373,447.8076,181.65433,502.42804,700
374,111.5072,-189.07133,479.1878,700
375,113.85441,-183.14989,488.01178,700
376,106.72703,-395.40527,490.6513,700
377,125.91769,-115.139046,504.92896,700
378,424.20978,153.92839,487.01825,700
379,123.24033,-134.56305,500.45242,700
380,134.24161,-119.88331,541.2356,700
381,127.591225,-167.20695,498.74432,700
382,361.0366,81.50016,464.89633,700
383,261.5079,-113.54612,474.47412,700
384,413.74832,141.73712,481.22858,700
385,103.56399,-236.20201,473.20078,700
386,377.6406,91.281906,472.73083,700
387,130.99927,-114.483604,526.04504,700
388,372.66837,85.23278,472.26755,700
389,113.68204,-172.33138,483.24567,700
390,128.35234,-126.902275,506.99857,700
391,289.22485,-56.70437,465.95587,700
392,118.91187,-181.77554,488.98203,700
393,206.49355,-128.12755,430.72687,700
394,390.73157,116.415764,474.5028,700
395,169.93245,-108.3715,636.7369,700
396,129.02847,-143.81784,502.07178,700
397,138.0117,-236.60085,423.6545,700
398,445.03497,178.40942,499.32904,700
399,140.75914,-130.18803,528.4679,700
400,451.56302,184.90552,504.51495,700
401,109.00232,-230.6201,478.0631,700
402,424.11563,152.74074,490.9847,700
403,285.16586,-58.04952,465.2219,700
404,376.05435,92.89918,465.59842,700
405,221.43271,-128.07018,440.8789,700
406,112.99714,-180.01125,477.81158,700
407,229.13716,-63.437115,476.7166,700
408,330.90408,14.6736,469.5199,700
409,331.20908,21.02593,462.06177,700
410,368.70612,84.71247,461.131,700
411,408.13394,132.94028,480.62604,700
412,105.81156,-218.74672,470.9297,700
413,105.00114,-277.03595,433.83063,700
414,279.07025,-40.906677,451.01678,700
415,169.726,-231.03035,464.6018,700
416,107.086266,-209.55544,473.3401,700
417,137.58049,-156.60732,498.18646,700
418,133.28766,-217.17578,467.98285,700
419,222.06107,-46.483536,463.25598,700
420,414.02164,139.19106,484.2079,700
421,226.01161,-46.645184,436.69702,700
422,303.30002,15.416156,451.47903,700
423,125.394325,-155.2988,502.44733,700
424,153.26357,-151.12697,477.25592,700
425,269.0234,-72.78828,461.83957,700
426,163.96361,-253.83769,458.11316,700
427,121.92699,-156.6515,498.56848,700
428,142.01805,-109.58471,557.93317,700
429,116.02714,-171.27599,491.383,700
430,157.41306,-106.00442,564.9488,700
431,108.11936,-395.9594,494.71057,700
432,115.442085,-191.90222,480.2904,700
433,171.0986,-225.85344,451.95526,700
434,109.97619,-201.71835,478.69724,700
435,462.85162,197.98894,511.80252,700
436,397.10037,123.00233,468.5793,700
437,154.66591,-258.24225,483.8997,700
438,287.075,-61.731686,463.88547,700
439,167.61478,-186.94737,445.28357,700
440,424.39136,154.6468,488.45316,700
441,458.99826,194.08742,508.93088,700
442,111.78897,-209.81691,491.41522,700
443,97.24906,-326.3037,460.64783,700
444,114.03994,-201.47536,488.70905,700
445,458.96527,194.85847,510.20514,700
446,115.015755,-179.0866,495.37445,700
447,206.37852,-117.91409,422.30225,700
448,221.3672,-188.74788,478.92502,700
449,116.00519,-189.16289,476.84833,700
450,159.37624,-126.8528,530.2948,700
451,218.16783,-59.896732,441.50528,700
452,121.63996,-229.81404,478.61707,700
453,435.88882,168.5042,492.60034,700
454,121.68,-183.67784,503.18738,700
455,106.469765,-224.88356,477.2066,700
456,152.2037,-221.17528,450.32455,700
457,118.55254,-229.35411,463.17654,700
458,184.11029,-105.32918,445.8614,700
459,214.54446,-221.90508,493.34973,700
460,316.7507,28.370245,454.33212,700
461,393.82114,115.19622,476.8568,700
462,131.73122,-107.841606,525.1992,700
463,111.87461,-212.98239,492.36096,700
464,193.45488,-146.40495,426.38275,700
465,145.11383,-143.65727,499.44092,700
466,123.838264,-132.59755,497.96042,700
467,138.51775,-233.51472,467.27173,700
468,103.2297,-246.06163,452.0005,700
469,117.63424,-355.46356,480.66943,700
470,384.68155,112.947914,474.95526,700
471,97.02979,-273.03168,458.61664,700
472,389.2598,111.72257,468.94403,700
473,114.955574,-174.51247,486.18872,700
474,97.283264,-336.85547,459.1612,700
475,104.98969,-252.76927,459.81085,700
476,159.55763,-124.749176,519.131,700
477,452.58688,186.91753,503.9516,700
478,110.70751,-200.18532,485.15668,700
479,145.72792,-240.84505,488.5786,700
480,444.4738,176.39279,500.07617,700
481,435.0377,167.22227,495.00452,700
482,128.44585,-162.38792,508.57898,700
483,398.00647,123.76468,470.72015,700
484,112.10557,-199.99232,474.8673,700
485,123.89416,-133.96869,495.22482,700
486,391.31766,118.03907,465.9367,700
487,416.7529,142.9004,488.21997,700
488,183.34373,-214.98701,493.6502,700
489,453.96414,188.12068,505.88043,700
490,109.34135,-226.11052,482.83453,700
491,278.63223,-10.640004,432.8629,700
492,295.29788,26.044428,470.5475,700
493,258.4863,-32.295345,440.96338,700
494,120.08359,-172.28651,478.35867,700
495,421.81836,151.12358,484.60022,700
496,138.55711,-111.25242,555.7989,700
497,327.27103,11.778236,466.98364,700
0,493.73734,196.49521,529.07513,750
1,114.15997,-216.18594,489.8176,750
2,383.317,82.29293,455.0897,750
3,104.446365,-373.92694,493.18008,750
4,112.208435,-244.11946,503.21973,750
5,142.2966,-187.0017,485.6617,750
6,473.12778,176.9364,512.3172,750
7,413.61002,113.11297,490.54092,750
8,142.7205,-147.12476,532.0141,750
9,130.80675,-212.66515,464.3076,750
10,446.82184,145.81001,505.39587,750
11,435.81204,138.75778,486.47855,750
12,385.4672,77.0823,477.56592,750
13,120.65817,-349.79498,474.33182,750
14,112.084854,-238.60219,501.5765,750
15,461.62497,167.3082,503.3292,750
16,482.82394,186.60544,519.37366,750
17,277.46323,-66.70276,453.19455,750
18,311.2686,-38.331387,473.07602,750
19,293.42117,-41.19709,456.52298,750
20,425.64014,126.1361,483.92142,750
21,496.39023,198.84995,529.5256,750
22,343.25308,11.576299,470.2943,750
23,150.66202,-205.01884,475.95383,750
24,152.02072,-240.58911,489.59592,750
25,409.97372,105.80351,479.26846,750
26,225.54683,-114.992584,427.6452,750
27,418.55798,122.24361,477.29004,750
28,479.28152,183.29639,515.6814,750
29,464.34024,169.23663,505.78183,750
30,111.478584,-241.38348,505.97128,750
31,227.6872,-187.99281,464.77606,750
32,119.510025,-185.35794,510.7701,750
33,133.6374,-171.34,504.92252,750
34,128.1458,-194.0334,472.5831,750
35,122.66614,-182.2648,511.6589,750
36,140.03685,-135.80913,571.36206,750
37,449.07565,152.13515,505.93585,750
38,263.1091,-58.704697,437.24606,750
39,185.56581,-278.36865,467.2471,750
40,161.77977,-240.35004,440.09012,750
41,110.02283,-235.06836,488.8867,750
42,110.5164,-280.0808,492.29068,750
43,120.78935,-178.71341,510.86252,750
44,339.07947,5.052721,462.2518,750
45,162.85768,-130.42442,493.80215,750
46,485.5488,189.15565,521.29877,750
47,449.3761,154.6464,498.32864,750
48,125.04048,-277.5033,459.87106,750
49,128.17395,-171.16296,494.1069,750
50,110.681366,-236.3593,499.6211,750
51,487.9264,190.37369,526.4846,750
52,140.31602,-327.47156,471.95694,750
53,104.76895,-313.87933,507.715,750
54,339.60764,6.3899007,461.45798,750
55,114.23537,-216.33081,476.4317,750
56,456.84634,160.9478,500.91135,750
57,457.09457,159.535,507.20126,750
58,124.392586,-173.06174,515.2573,750
59,432.8646,129.84596,493.93756,750
60,315.90933,-46.830276,476.35394,750
61,433.2693,135.40562,488.31885,750
62,482.73398,184.87683,522.11554,750
63,114.98189,-220.7569,508.6696,750
64,105.01773,-464.23105,538.56537,750
65,484.0168,187.69522,521.8176,750
66,117.193954,-351.35403,479.20236,750
67,432.8723,136.99973,483.97684,750
68,419.17636,122.10106,476.84354,750
69,110.38163,-236.13574,497.58994,750
70,351.543,90.35625,453.46097,750
71,203.18831,-200.22691,453.85037,750
72,462.7918,181.09047,497.24948,750
73,210.09142,-68.61893,478.13235,750
74,380.09348,69.30702,480.51944,750
75,120.79307,-180.63586,510.93344,750
76,236.17436,-43.24084,448.47537,750
77,129.4622,-342.71518,460.28842,750
78,471.33755,174.80353,512.24426,750
79,318.3451,-28.587015,469.17612,750
80,110.481316,-239.90472,484.3591,750
81,95.3423,-435.52588,489.20605,750
82,128.40247,-155.7027,530.03906,750
83,241.27113,-146.73941,466.23203,750
84,110.61403,-247.74228,477.68835,750
85,405.15347,107.049835,466.31088,750
86,331.21884,3.4426746,465.70346,750
87,106.06052,-349.5043,511.62387,750
88,116.56685,-197.79367,489.0113,750
89,176.4464,-183.82994,468.6044,750
90,434.776,135.56664,489.1627,750
91,110.393524,-251.96481,500.53247,750
92,159.4746,-173.42998,467.90222,750
93,117.35147,-210.7935,488.9495,750
94,125.92954,-177.96988,502.08267,750
95,209.07787,-93.491714,429.51913,750
96,126.09095,-160.4836,519.3538,750
97,122.47188,-177.78467,514.934,750
98,107.0493,-313.97534,509.1605,750
99,498.49014,200.46681,531.95074,750
100,403.3296,100.99463,474.67297,750
101,402.1663,102.85055,467.131,750
102,109.49089,-375.52182,451.1382,750
103,442.61734,142.72632,499.3683,750
104,452.31143,152.13138,503.14645,750
105,341.64673,6.768248,468.9512,750
106,106.12204,-272.08588,486.12158,750
107,135.65608,-211.58844,457.6762,750
108,412.2492,109.82155,485.38443,750
109,301.2704,-68.410126,477.22214,750
110,142.15001,-165.06546,462.04007,750
111,123.298546,-172.85602,519.64404,750
112,264.08755,-74.94872,448.30124,750
113,319.11502,-31.771086,468.62494,750
114,204.95094,-188.9647,455.4241,750
115,471.4619,175.27908,512.6344,750
116,107.2073,-297.60043,489.23547,750
117,400.56284,97.884125,472.4866,750
118,111.05651,-252.92897,497.2815,750
119,312.87466,-13.828967,463.12393,750
120,483.67703,187.52094,520.44836,750
121,134.33327,-172.04512,498.14648,750
122,196.66017,-116.322815,496.44223,750
123,121.92901,-353.17743,463.99838,750
124,119.7876,-192.46164,511.75305,750
125,113.51718,-228.27426,507.26227,750
126,103.73126,-327.0114,487.8003,750
127,104.06673,-482.55347,526.60004,750
128,306.46167,46.251957,445.63217,750
129,262.95187,-22.280096,423.15604,750
130,119.38682,-191.89162,509.9133,750
131,489.5992,193.19666,524.558,750
132,152.34789,-275.6977,445.47946,750
133,150.2614,-136.03928,613.7243,750
134,123.39441,-210.23822,481.46945,750
135,122.91635,-244.54668,466.59476,750
136,138.55981,-330.72592,460.80087,750
137,122.20176,-178.6801,514.7471,750
138,178.76894,-137.74086,496.0088,750
139,290.21347,-91.43126,473.1118,750
140,448.81918,150.69167,500.86218,750
141,136.84557,-157.62851,496.6412,750
142,150.6765,-129.74245,556.3084,750
143,114.171745,-240.62265,477.83243,750
144,481.94272,184.96611,520.36346,750
145,464.30164,169.46823,504.71814,750
146,181.79585,-134.33241,472.52658,750
147,118.7473,-339.80127,484.44092,750
148,393.6672,85.63947,475.46255,750
149,136.82243,-220.97607,477.32413,750
150,116.37416,-221.33485,498.6476,750
151,118.95828,-200.31863,511.89435,750
152,280.62262,-52.77944,452.66486,750
153,105.20235,-374.84937,489.96594,750
154,117.52229,-295.08875,467.34726,750
155,101.17537,-362.8699,476.478,750
156,129.46104,-158.56918,539.9823,750
157,192.65302,-165.1661,443.19864,750
158,446.47513,150.64346,492.0738,750
159,106.38552,-386.48672,525.6601,750
160,254.31404,-29.493643,422.6201,750
161,478.22873,182.1279,517.29645,750
162,120.18441,-215.93562,516.61786,750
163,106.87777,-351.8336,496.25284,750
164,125.68576,-155.74023,519.9517,750
165,123.39781,-172.89737,519.1351,750
166,119.22917,-204.70526,521.1613,750
167,127.92886,-154.96701,529.4007,750
168,123.06644,-213.67673,476.9512,750
169,469.39084,174.71211,507.98355,750
170,343.41373,19.641146,468.88013,750
171,482.39243,186.25247,519.6027,750
172,118.50605,-277.3806,485.53964,750
173,115.77688,-216.01839,500.55655,750
174,115.27493,-208.18526,507.55392,750
175,157.61981,-154.40506,468.4554,750
176,107.7319,-290.18744,497.25998,750
177,416.71548,116.54796,479.44318,750
178,106.12381,-275.4367,500.0983,750
179,319.15488,-27.244621,471.39926,750
180,110.8773,-241.98701,498.92227,750
181,122.59129,-322.9582,470.38763,750
182,131.93039,-318.17096,494.40524,750
183,203.17824,-119.677414,434.42502,750
184,441.17862,143.69485,491.1674,750
185,111.59322,-270.20236,473.46936,750
186,393.25128,89.37335,475.1757,750
187,116.27127,-221.08359,516.7009,750
188,241.77359,-38.45896,432.23935,750
189,188.71465,-150.18402,442.8442,750
190,110.1447,-318.8568,499.35944,750
191,245.5252,-109.26099,445.81113,750
192,252.10887,-95.17746,443.6976,750
193,166.18831,-183.17801,460.72845,750
194,126.81478,-163.31866,527.5581,750
195,444.76135,144.14792,507.4216,750
196,345.15884,15.338024,475.8242,750
197,112.73076,-234.08401,487.70932,750
198,117.69769,-214.51639,510.25974,750
199,105.551445,-273.0722,496.9972,750
200,107.91754,-373.68042,530.84393,750
201,134.74953,-273.57745,472.05087,750
202,174.10233,-111.27785,485.0231,750
203,127.62213,-174.294,524.7442,750
204,348.91605,36.78914,470.59354,750
205,145.4119,-145.91003,538.0576,750
206,172.97746,-258.7393,460.05667,750
207,405.86966,100.87361,476.80948,750
208,329.10013,-11.487855,466.76596,750
209,116.67502,-236.52202,474.5322,750
210,477.62732,181.0662,517.0622,750
211,106.33589,-287.89514,498.5717,750
212,143.96045,-282.43616,479.83282,750
213,372.89404,64.206406,458.34067,750
214,445.3173,143.85104,504.5053,750
215,123.86537,-194.84355,482.40622,750
216,411.34598,112.79964,472.69058,750
217,411.4836,108.19078,483.60876,750
218,198.40517,-131.13101,431.5991,750
219,118.04996,-359.54816,493.21005,750
220,126.597,-314.125,483.51883,750
221,112.402115,-230.6745,495.39526,750
222,130.9291,-160.89355,510.4225,750
223,108.713776,-314.03812,483.11227,750
224,351.1099,28.49138,469.87466,750
225,160.58958,-203.85724,434.70267,750
226,115.650826,-219.15579,505.9695,750
227,100.06052,-446.45715,499.33334,750
228,113.51501,-230.50461,504.10193,750
229,110.98282,-218.0405,486.86765,750
230,181.51515,-167.53033,475.88724,750
231,108.875725,-328.69223,482.01233,750
232,422.74686,120.953674,486.30533,750
233,95.66905,-395.4498,473.32492,750
234,100.150826,-371.45947,503.71378,750
235,122.57485,-190.35559,527.3853,750
236,106.63016,-382.76617,475.96896,750
237,124.12311,-174.65363,491.96994,750
238,115.73978,-202.254,472.12625,750
239,235.81667,-108.2231,442.44562,750
240,118.75284,-190.01279,510.33334,750
241,113.45395,-225.40363,493.37857,750
242,247.51108,-128.26892,463.99216,750
243,112.66734,-235.08212,508.51465,750
244,118.52562,-196.28217,511.52213,750
245,141.46729,-155.89412,516.85455,750
246,109.6615,-251.68384,504.70386,750
247,399.10123,94.821075,476.451,750
248,195.49178,-89.95483,480.8541,750
249,153.66719,-218.44342,443.26328,750
250,107.26143,-371.66287,482.79785,750
251,359.11325,41.040993,461.08414,750
252,325.52628,18.450178,455.28543,750
253,133.98744,-307.9839,455.39456,750
254,119.43754,-180.07037,504.31808,750
255,445.25748,143.18387,506.28482,750
256,189.20346,-164.82541,433.5005,750
257,115.24449,-225.36063,510.59735,750
258,111.14853,-285.555,496.91812,750
259,119.29562,-198.66316,503.3395,750
260,106.62135,-389.1359,501.7714,750
261,138.8061,-287.11337,469.88312,750
262,232.06245,-104.07942,441.88907,750
263,119.94269,-178.71408,505.5322,750
264,265.11517,-41.91684,437.7972,750
265,284.2393,-13.510673,437.3373,750
266,121.27269,-174.20802,512.3047,750
267,156.20927,-132.86108,631.9398,750
268,261.92557,-117.12492,465.07358,750
269,421.9965,126.45244,477.05655,750
270,113.838776,-224.56245,508.00522,750
271,124.84099,-298.89505,454.37326,750
272,124.74552,-169.92024,518.7337,750
273,105.01129,-334.08813,511.29358,750
274,444.65372,144.93951,501.86987,750
275,113.86343,-219.94687,478.36792,750
276,142.24425,-150.71527,592.27295,750
277,225.08102,-143.61415,449.83127,750
278,370.40036,61.589455,457.72263,750
279,123.07466,-311.0451,476.40375,750
280,105.494064,-286.41977,497.7993,750
281,197.74144,-197.89706,451.67865,750
282,120.77226,-198.77452,512.77924,750
283,188.02763,-210.4997,441.34616,750
284,130.91528,-150.5504,538.4284,750
285,296.1508,-52.54599,462.93375,750
286,188.0756,-201.99586,450.96396,750
287,103.29788,-461.733,513.9265,750
288,123.48213,-194.79697,487.02356,750
289,112.58794,-380.50546,481.14236,750
290,149.76288,-149.20364,510.76248,750
291,468.89523,173.69583,511.68423,750
292,128.77742,-203.04341,456.95724,750
293,467.27032,170.36005,511.303,750
294,481.27692,185.51974,518.22095,750
295,381.6331,74.62666,466.20328,750
296,121.645676,-380.9525,482.72543,750
297,279.57993,-50.965797,449.668,750
298,194.9121,-219.0015,454.9327,750
299,490.25906,193.52481,526.2483,750
300,486.6336,190.6094,521.9676,750
301,293.94846,-33.020206,449.6439,750
302,339.2429,3.5027208,463.5093,750
303,156.18088,-283.6693,457.2653,750
304,132.64328,-150.62576,548.5125,750
305,372.745,53.72114,477.97052,750
306,407.68088,103.08205,484.10886,750
307,234.32959,-141.50244,463.65463,750
308,121.00964,-382.99878,505.0455,750
309,104.85517,-402.8164,526.6604,750
310,250.9641,-16.727186,498.93222,750
311,445.0136,146.40323,497.40628,750
312,108.34589,-270.3858,496.95956,750
313,120.35563,-211.3045,516.67566,750
314,121.44034,-189.13286,514.25183,750
315,104.869675,-353.09637,484.38754,750
316,119.38762,-298.71133,450.6613,750
317,241.80614,-171.71184,467.36832,750
318,128.29166,-303.44086,447.93054,750
319,137.58022,-159.58093,513.8147,750
320,102.34201,-383.79013,487.23685,750
321,114.50964,-286.12158,473.56448,750
322,290.4768,-61.699047,465.68402,750
323,343.67032,25.419115,467.4152,750
324,155.2044,-132.59685,625.88947,750
325,143.1936,-144.63673,590.43744,750
326,121.22879,-190.83456,513.3953,750
327,476.77512,180.55438,514.79,750
328,210.85274,-69.83287,443.89456,750
329,118.32759,-197.23218,512.4631,750
330,333.0945,-5.863026,463.00406,750
331,126.961655,-212.97443,492.10233,750
332,272.91876,-62.19328,452.5269,750
333,214.62968,-221.88379,480.51514,750
334,458.02945,161.77805,500.53146,750
335,284.44638,-62.221718,459.686,750
336,87.896225,-302.0382,437.96445,750
337,242.04584,-59.13584,426.96088,750
338,116.62077,-242.66708,484.54755,750
339,115.534225,-213.65393,508.598,750
340,129.01457,-329.1065,477.14496,750
341,338.05814,43.516037,456.84146,750
342,92.497086,-425.88184,476.29587,750
343,458.87405,162.3063,504.6163,750
344,455.50134,157.0313,505.9474,750
345,366.10715,43.772903,479.99545,750
346,133.6678,-203.94035,473.94543,750
347,119.411835,-183.80197,492.78885,750
348,153.25404,-297.13678,464.64322,750
349,124.784225,-175.4022,507.36502,750
350,112.696526,-237.14594,509.70657,750
351,132.35014,-327.65112,488.56467,750
352,108.44898,-248.21799,500.42285,750
353,118.50333,-189.48921,507.83722,750
354,108.73518,-257.59454,504.0311,750
355,139.96515,-157.12433,585.9543,750
356,237.65025,-103.04671,434.47748,750
357,102.89546,-372.528,506.5731,750
358,108.58775,-268.8115,500.84488,750
359,138.59697,-301.57553,476.74295,750
360,468.9514,173.58234,508.93527,750
361,398.0314,96.62193,467.94675,750
362,123.73094,-193.29318,521.7382,750
363,124.112305,-169.096,521.2812,750
364,390.0897,87.5748,477.84738,750
365,420.62332,124.21576,475.71634,750
366,105.31906,-263.3683,483.4458,750
367,105.49628,-283.8504,497.90793,750
368,109.163925,-297.4513,484.8732,750
369,126.96532,-161.52426,529.6818,750
370,124.19005,-168.1806,516.8994,750
371,492.00592,195.51157,525.97546,750
372,134.82509,-146.13217,556.41644,750
373,482.46817,186.12582,520.6132,750
374,114.66162,-232.60202,506.29153,750
375,115.51201,-221.08096,512.05597,750
376,147.04555,-339.50964,461.96506,750
377,127.844604,-151.06293,525.131,750
378,460.57358,165.83493,502.47726,750
379,123.553055,-174.13193,520.4203,750
380,140.49599,-145.64142,578.9815,750
381,121.82247,-186.64258,506.3784,750
382,386.69547,84.52644,470.05383,750
383,381.05844,70.94696,472.70065,750
384,436.18686,139.93335,489.37326,750
385,99.82077,-373.49878,501.5699,750
386,455.44394,156.57451,505.077,750
387,131.71956,-158.70053,548.3366,750
388,390.15414,80.05287,477.5715,750
389,116.66766,-207.38416,511.63516,750
390,128.77692,-155.36157,531.8162,750
391,311.93704,-41.715904,463.97574,750
392,115.26536,-218.92429,506.11087,750
393,194.35252,-159.19403,434.39197,750
394,365.43253,71.63348,462.8662,750
395,191.55757,-152.86118,775.44855,750
396,123.74515,-160.88101,516.30554,750
397,136.25957,-293.2351,446.14157,750
398,443.55063,146.00829,492.56985,750
399,122.29111,-181.95775,511.62628,750
400,469.41562,171.463,511.55515,750
401,113.34769,-226.31123,505.77457,750
402,475.9127,178.91928,517.4112,750
403,350.66205,25.243544,469.18533,750
404,370.1365,53.792496,470.41153,750
405,303.78134,-31.891174,458.96646,750
406,119.71419,-182.21971,510.3066,750
407,144.13513,-219.67911,504.07968,750
408,434.71167,134.05618,494.49704,750
409,199.18098,-248.65553,460.36566,750
410,390.91122,90.656586,461.47995,750
411,433.45212,134.41927,489.76318,750
412,112.92612,-226.02917,503.17813,750
413,101.88704,-385.65842,486.13773,750
414,348.90842,21.576885,470.40024,750
415,108.61724,-384.96326,506.01202,750
416,115.39641,-213.0268,508.02585,750
417,116.08995,-216.86214,488.1721,750
418,134.7995,-233.43753,469.64072,750
419,151.06935,-215.5892,475.12167,750
420,447.45322,148.04202,499.14288,750
421,229.86963,-50.154198,465.24954,750
422,370.4856,81.402664,466.44995,750
423,123.032364,-189.62703,509.92822,750
424,125.59389,-287.2384,488.69687,750
425,313.3732,-32.39631,470.52646,750
426,120.921555,-375.54187,472.81326,750
427,127.344986,-163.28937,531.7415,750
428,137.60905,-143.8068,561.7401,750
429,117.39764,-214.30457,517.70337,750
430,140.62578,-138.02553,565.0778,750
431,158.53491,-342.89127,490.22583,750
432,110.28567,-246.76566,501.88287,750
433,286.55093,-49.683964,457.84702,750
434,114.8127,-216.01962,508.6895,750
435,482.54202,185.51727,520.66266,750
436,359.44504,40.457222,458.98965,750
437,142.59795,-326.04272,480.66336,750
438,363.9999,49.760017,458.36197,750
439,234.53978,-94.25659,431.81024,750
440,455.6041,158.90399,502.35953,750
441,470.1551,174.64708,509.18076,750
442,106.5187,-291.7347,506.47757,750
443,102.62048,-342.062,502.6822,750
444,109.87009,-250.99347,477.2772,750
445,487.3732,190.642,524.22095,750
446,131.12804,-165.46788,550.7035,750
447,109.06726,-244.28079,488.94687,750
448,173.79176,-289.42548,478.5221,750
449,120.07248,-201.17624,482.83408,750
450,112.078,-259.10312,499.51962,750
451,225.75307,-56.450027,440.2955,750
452,131.87724,-282.80203,478.9476,750
453,445.5654,150.61871,490.66733,750
454,120.358,-196.33296,514.2013,750
455,102.56942,-304.80334,493.44052,750
456,149.49368,-284.11035,461.53302,750
457,113.7193,-222.76285,463.26706,750
458,206.40215,-103.51335,432.0733,750
459,243.119,-185.98798,481.33804,750
460,374.73453,69.05484,474.0809,750
461,404.0765,101.01226,478.99084,750
462,136.05608,-147.76169,563.59863,750
463,105.57096,-286.1512,474.55698,750
464,223.9917,-116.895706,431.70605,750
465,134.57872,-215.19514,485.0737,750
466,123.60762,-175.00734,515.4509,750
467,160.86928,-248.04861,460.1113,750
468,119.656685,-293.38818,458.13492,750
469,182.74562,-254.05762,464.5521,750
470,323.71332,45.60748,442.57272,750
471,104.00001,-309.73187,493.5074,750
472,411.87418,111.6342,479.18222,750
473,114.983734,-222.05145,511.3248,750
474,99.20836,-406.70917,484.52023,750
475,105.95996,-281.32593,497.80435,750
476,124.11888,-188.3074,500.042,750
477,459.2267,163.33893,501.21054,750
478,101.96455,-276.64694,484.27817,750
479,168.61113,-199.70412,478.24374,750
480,478.6949,181.75145,517.47473,750
481,464.49982,169.11722,508.81833,750
482,130.25688,-157.19629,528.1854,750
483,343.6602,14.740409,462.54492,750
484,117.63771,-220.59973,507.27127,750
485,123.29733,-168.84216,517.7363,750
486,417.09348,121.27778,473.5262,750
487,456.57758,160.61382,508.10242,750
488,160.27608,-275.49918,503.2946,750
489,489.73715,192.95831,525.1282,750
490,106.356705,-288.71588,493.9549,750
491,236.83531,-110.22878,438.9027,750
492,340.17072,52.025055,469.8587,750
493,225.53925,-89.68855,445.38776,750
494,130.15135,-222.69925,482.90997,750
495,466.58878,170.20496,507.6476,750
496,138.4695,-148.60632,573.43585,750
497,397.17776,95.67498,467.71774,750
0,551.8593,234.69081,587.07965,800
1,139.32397,-199.36623,519.0629,800
2,523.68475,208.4322,564.00104,800
3,132.35301,-305.44565,495.6196,800
4,140.19388,-178.68324,520.1434,800
5,140.21387,-175.77242,510.9641,800
6,546.89746,230.33583,583.07245,800
7,357.74954,34.208256,505.78894,800
8,147.47337,-137.66629,531.4828,800
9,136.45563,-211.71968,508.3361,800
10,504.5461,193.11635,558.73773,800
11,497.78204,183.80019,544.2813,800
12,457.3629,140.35764,538.84174,800
13,137.0075,-265.43744,478.5512,800
14,141.87334,-186.67012,530.15204,800
15,518.45636,207.89445,560.8183,800
16,537.8079,222.33354,576.47955,800
17,182.38779,-235.23964,463.50858,800
18,200.34137,-156.18056,462.05243,800
19,322.8328,23.26243,483.87097,800
20,458.4847,139.68083,530.2608,800
21,555.8735,237.81062,590.80743,800
22,276.0556,-96.293304,475.654,800
23,153.22145,-155.50673,479.86285,800
24,189.60022,-95.45362,464.8596,800
25,373.82425,22.179338,509.9548,800
26,192.11415,-151.80037,444.92346,800
27,489.7827,178.23471,541.5401,800
28,530.84845,214.64774,569.2712,800
29,549.4457,233.4065,584.8841,800
30,138.84131,-201.73286,522.4817,800
31,192.56097,-271.83755,485.49878,800
32,144.10324,-148.45308,528.2863,800
33,141.81566,-185.284,521.57007,800
34,141.74387,-174.26242,518.86127,800
35,143.92938,-145.65958,525.07855,800
36,171.15305,-110.00163,619.1355,800
37,418.7919,108.875755,519.4691,800
38,186.32924,-132.23114,449.46655,800
39,402.36487,78.68244,495.3819,800
40,187.91776,-161.86967,447.02713,800
41,135.66098,-245.5193,518.7925,800
42,136.46054,-227.01347,516.59283,800
43,141.68466,-174.59,523.69556,800
44,540.44165,223.6078,578.1765,800
45,141.19594,-176.98799,503.17172,800
46,551.6735,234.52742,587.1526,800
47,422.95767,112.68101,515.96295,800
48,202.98758,-112.07232,434.03055,800
49,192.73132,-106.56643,470.31104,800
50,141.45343,-181.59303,526.6464,800
51,541.75714,227.17963,580.8105,800
52,154.77126,-300.03488,483.14825,800
53,132.45685,-259.36035,508.83136,800
54,545.5544,228.49858,582.22003,800
55,138.96341,-199.35373,518.8593,800
56,492.96927,178.36156,544.7017,800
57,390.79462,56.89083,522.55273,800
58,152.20663,-124.98507,552.1701,800
59,477.01373,158.47134,540.67816,800
60,393.29745,50.851036,509.38928,800
61,484.099,167.6591,541.73236,800
62,532.5329,216.84456,574.1534,800
63,140.10187,-201.76497,527.1019,800
64,137.17087,-366.89838,529.9167,800
65,537.1781,221.52568,577.19745,800
66,130.86063,-278.62567,496.3687,800
67,551.19965,233.45073,587.03143,800
68,478.7238,165.8014,533.92145,800
69,137.42448,-218.54309,520.73755,800
70,250.949,17.160318,461.73065,800
71,208.33649,-152.5242,445.52252,800
72,302.11935,141.04335,302.1112,800
73,194.61499,-53.549744,502.06094,800
74,215.7846,-207.78844,479.02844,800
75,146.01697,-146.55132,534.6015,800
76,167.7109,-102.89596,467.75787,800
77,227.87584,-213.90266,490.257,800
78,486.11496,170.26328,542.5108,800
79,369.51376,105.58326,450.5142,800
80,137.20883,-215.68803,516.5682,800
81,140.03122,-452.63156,525.10724,800
82,154.3494,-122.61847,561.3504,800
83,205.79205,-188.42729,473.51495,800
84,136.33261,-217.06871,512.2399,800
85,476.23392,161.73912,532.3854,800
86,318.0088,-22.13488,496.33588,800
87,134.04288,-263.75305,515.0224,800
88,143.78519,-159.8651,494.26355,800
89,180.06491,-107.09945,462.80737,800
90,387.46457,50.531364,497.8565,800
91,138.64136,-218.56474,526.73456,800
92,132.33734,-230.54097,496.81976,800
93,141.573,-168.678,520.69336,800
94,146.7742,-134.53514,533.90283,800
95,153.94539,-173.53307,469.56384,800
96,148.85068,-128.08055,540.7963,800
97,146.51495,-154.68846,538.914,800
98,136.40927,-224.90543,517.6601,800
99,553.63043,236.93336,588.889,800
100,409.10416,83.3157,518.0786,800
101,482.08145,167.6078,535.6661,800
102,129.28497,-364.2083,469.79678,800
103,468.6777,153.95804,538.25,800
104,489.73166,173.64769,542.47186,800
105,441.79105,124.66684,513.65985,800
106,136.00946,-249.4137,520.351,800
107,134.78723,-217.45204,502.03796,800
108,319.9587,-7.1659756,489.37268,800
109,353.6287,-18.252094,517.75586,800
110,175.29414,-64.78881,454.86365,800
111,144.35641,-170.42102,536.18823,800
112,267.02783,-14.686932,452.61646,800
113,280.95517,-106.673836,492.97888,800
114,181.27327,-215.60376,463.659,800
115,525.85516,210.69763,569.37964,800
116,136.42734,-227.97925,518.23663,800
117,482.0804,166.71516,545.6724,800
118,136.24747,-216.17564,515.05206,800
119,287.19144,10.607418,449.21127,800
120,549.3337,232.09436,585.7872,800
121,144.05995,-152.4481,525.89307,800
122,250.31633,-8.240883,461.20435,800
123,132.25664,-364.9919,490.5,800
124,144.04718,-147.99536,526.62054,800
125,137.48657,-207.92903,517.65656,800
126,132.9249,-272.8904,509.5198,800
127,140.43407,-419.78357,532.3092,800
128,217.62949,-30.35787,462.4488,800
129,198.8593,-97.362526,448.96948,800
130,142.34967,-171.70854,527.1746,800
131,526.9287,211.4118,567.028,800
132,128.78867,-297.27792,476.18134,800
133,179.70956,-117.011055,654.3891,800
134,141.0595,-188.65527,519.75836,800
135,136.17618,-225.02208,516.0383,800
136,130.72858,-358.415,480.7485,800
137,143.04724,-167.21945,528.40125,800
138,179.77145,-82.193184,524.51355,800
139,527.70734,211.83293,567.7989,800
140,483.39108,169.43463,544.9316,800
141,143.40337,-148.70705,520.8171,800
142,148.7213,-131.77187,539.68463,800
143,136.08243,-231.36302,517.9807,800
144,550.5142,233.7011,586.61237,800
145,533.25934,217.61696,572.6695,800
146,152.06084,-121.14072,502.40918,800
147,142.5531,-292.83438,483.14856,800
148,370.71765,19.705324,511.19952,800
149,140.37125,-164.46231,484.74854,800
150,137.58928,-220.19765,516.99506,800
151,147.26758,-139.59244,538.7563,800
152,309.26462,-15.235166,486.0749,800
153,134.96704,-234.01656,510.79648,800
154,137.0481,-205.60925,479.8898,800
155,134.16232,-338.18417,501.1557,800
156,156.70584,-129.09059,573.39044,800
157,133.36201,-208.4024,480.46436,800
158,538.0162,221.19719,576.0035,800
159,134.0546,-257.8444,515.1386,800
160,162.495,-116.22617,467.76788,800
161,515.2041,202.2686,561.65875,800
162,141.72055,-174.01683,521.95465,800
163,135.33841,-303.13306,501.7066,800
164,156.41324,-122.79571,569.1774,800
165,142.41397,-161.53075,523.0949,800
166,147.0753,-164.96596,544.7115,800
167,149.19943,-132.00833,544.42645,800
168,136.41016,-234.80473,475.40704,800
169,516.4193,202.07094,557.5766,800
170,379.95364,61.9764,515.5063,800
171,554.5042,236.89742,589.6125,800
172,142.96771,-158.58644,507.30963,800
173,139.32251,-190.51912,519.14404,800
174,148.87262,-141.61427,545.6773,800
175,137.88107,-193.7347,499.87997,800
176,135.50916,-198.44093,499.0511,800
177,445.67764,128.18681,520.4541,800
178,137.77197,-222.1466,524.0101,800
179,269.93488,-102.454765,475.33728,800
180,137.42302,-220.19359,521.1371,800
181,132.41992,-247.26506,487.34796,800
182,132.18251,-200.73302,488.0162,800
183,201.3298,-101.73955,449.23325,800
184,537.34045,220.54417,576.8913,800
185,136.38293,-222.21133,513.7014,800
186,375.3798,31.9055,519.67206,800
187,147.55365,-163.4063,547.5436,800
188,148.5101,-153.12209,479.65298,800
189,173.27136,-149.81284,449.7246,800
190,136.2948,-225.11403,518.1512,800
191,218.617,-130.95338,446.4621,800
192,255.49896,-71.955986,455.51715,800
193,157.8161,-169.8301,453.91235,800
194,145.05489,-144.01775,530.23157,800
195,498.89847,188.52583,553.0148,800
196,398.04062,81.754814,521.1874,800
197,138.29865,-205.98225,517.7697,800
198,139.94934,-193.85289,518.5628,800
199,137.69644,-221.02425,523.605,800
200,136.3052,-369.65067,526.0577,800
201,136.6582,-183.3579,482.3727,800
202,157.83224,-111.503746,516.3609,800
203,154.82355,-122.43731,562.43854,800
204,281.05106,-35.273037,472.37784,800
205,152.70496,-125.16281,547.9122,800
206,163.71509,-378.85086,511.23358,800
207,456.61136,141.89778,523.6684,800
208,395.48456,60.079384,520.6038,800
209,137.73584,-189.34804,483.90063,800
210,536.5572,219.79976,576.68427,800
211,137.27036,-220.9275,521.2801,800
212,141.64308,-267.9258,483.30234,800
213,479.28452,165.44606,535.6025,800
214,418.31186,99.35009,530.15607,800
215,145.93898,-153.81036,514.8444,800
216,521.99634,206.29755,564.5387,800
217,456.44876,139.27835,539.7193,800
218,175.67287,-190.29054,449.52435,800
219,132.08786,-252.51747,499.14862,800
220,135.34216,-285.21265,476.24908,800
221,139.79532,-191.95497,520.3806,800
222,150.10143,-127.72973,542.62823,800
223,134.91574,-247.82933,507.84253,800
224,208.41797,-234.20076,485.01852,800
225,134.4269,-249.7637,465.9418,800
226,142.7113,-158.85136,522.8242,800
227,134.71367,-358.56564,508.98926,800
228,138.63939,-210.81541,523.73804,800
229,136.04599,-229.03215,516.8048,800
230,164.20346,-99.3085,494.07355,800
231,136.3562,-294.1798,495.57513,800
232,511.31302,195.68968,559.7784,800
233,130.54306,-280.77066,487.55505,800
234,133.81158,-345.1503,516.2647,800
235,141.81696,-203.76831,536.0157,800
236,146.64882,-318.4567,476.73236,800
237,140.20767,-181.47263,518.2435,800
238,138.87244,-207.21695,520.01935,800
239,184.11752,-135.75626,460.37183,800
240,146.9855,-144.24492,538.19965,800
241,137.18546,-211.15453,516.3128,800
242,244.98932,-100.99816,462.42645,800
243,141.76953,-193.94945,532.4173,800
244,140.55142,-184.12608,523.95825,800
245,150.18018,-131.97585,530.40436,800
246,137.9033,-213.47058,521.69226,800
247,422.34354,98.05308,524.3232,800
248,291.68246,43.99147,473.5202,800
249,136.21951,-284.68475,513.20703,800
250,134.74112,-335.77295,508.95917,800
251,367.55313,23.805801,497.8605,800
252,256.10333,-60.60048,453.76874,800
253,141.65877,-304.09323,466.16418,800
254,143.97757,-144.2693,525.00867,800
255,490.72836,178.5007,547.18036,800
256,161.36575,-191.30565,468.1687,800
257,139.59438,-200.11363,524.85724,800
258,136.40924,-219.83669,514.8961,800
259,141.93777,-167.64107,522.2328,800
260,136.19678,-242.76341,521.0225,800
261,136.18071,-301.04004,495.88745,800
262,171.59308,-145.04292,462.18134,800
263,143.70975,-149.0566,525.30634,800
264,162.74911,-184.22298,477.24487,800
265,165.04333,-154.67152,457.83475,800
266,156.2352,-130.09999,571.3942,800
267,191.39166,-120.24419,695.33105,800
268,259.57034,-141.30534,490.47626,800
269,439.96786,124.06673,512.6624,800
270,140.26183,-194.089,525.7381,800
271,133.7474,-274.39615,479.69623,800
272,151.55988,-129.62128,553.7281,800
273,137.12323,-232.59059,523.0743,800
274,462.12027,148.65327,532.03845,800
275,138.1997,-204.96791,517.4365,800
276,179.35143,-123.68403,655.6291,800
277,147.51225,-285.92636,471.354,800
278,518.98175,203.63307,561.5915,800
279,134.97891,-226.30591,510.70822,800
280,138.59875,-215.50002,525.28754,800
281,191.56561,-200.97432,469.16336,800
282,146.97922,-142.44405,538.19946,800
283,171.87459,-304.5394,478.79318,800
284,160.80792,-117.80406,584.687,800
285,305.72134,-54.998207,492.18466,800
286,192.1828,-164.84492,455.06445,800
287,135.4562,-389.98947,487.81628,800
288,137.4743,-210.2653,516.0549,800
289,134.92142,-322.25113,504.58038,800
290,162.74774,-109.08637,534.8963,800
291,497.57388,186.64354,546.4842,800
292,135.9992,-212.45844,488.9522,800
293,513.0771,199.84505,559.36926,800
294,542.01074,225.72943,580.5881,800
295,344.74228,-22.708185,509.8428,800
296,138.2247,-405.6707,525.9277,800
297,181.98926,-149.26582,448.21793,800
298,162.44289,-296.69565,467.09924,800
299,549.14374,233.56721,585.58014,800
300,548.8194,232.29788,584.67194,800
301,246.99448,-62.10055,442.363,800
302,346.49857,-20.830519,511.00388,800
303,139.35498,-337.84982,474.12524,800
304,161.0898,-125.030556,588.5561,800
305,283.30014,-113.16395,502.76175,800
306,429.73557,107.34565,531.60406,800
307,389.80417,59.27859,522.58044,800
308,143.1631,-368.80386,523.10333,800
309,134.25706,-293.00473,517.4364,800
310,169.48552,-85.28062,487.56934,800
311,507.73663,192.20764,558.37067,800
312,134.82646,-238.59218,514.7084,800
313,143.2217,-150.62114,523.9669,800
314,141.90033,-162.58644,521.2116,800
315,133.83203,-247.82826,511.3293,800
316,140.8869,-292.6,476.51236,800
317,245.9612,-183.93016,489.5556,800
318,136.46182,-290.3575,461.6404,800
319,151.15738,-129.32286,542.98456,800
320,133.23701,-374.65073,503.4853,800
321,137.04471,-325.65793,526.0003,800
322,227.45776,-146.6823,469.9781,800
323,343.52695,0.8173198,503.46283,800
324,196.1771,-121.311935,711.8006,800
325,158.07352,-130.92538,579.57074,800
326,148.7181,-135.58511,543.1749,800
327,541.06586,224.27745,578.9455,800
328,140.25262,-162.56093,472.03168,800
329,146.2861,-148.38641,537.13086,800
330,542.54266,225.6746,579.9709,800
331,142.61092,-176.86449,522.38715,800
332,230.03424,-79.279,449.1902,800
333,202.9198,-300.2299,510.3541,800
334,552.71606,235.03027,587.9175,800
335,278.8743,-90.1249,490.05304,800
336,124.57685,-291.67874,485.55646,800
337,274.5209,-17.716219,452.79993,800
338,140.3916,-176.79564,519.464,800
339,141.6563,-169.44664,523.30145,800
340,139.53165,-227.4728,497.69257,800
341,209.11966,-63.46036,447.5526,800
342,135.22293,-437.35776,502.67813,800
343,489.07285,173.33577,548.72144,800
344,472.1697,155.95888,538.37115,800
345,521.6762,209.75795,567.07306,800
346,150.55794,-165.6166,483.8071,800
347,144.62971,-162.19789,533.2972,800
348,151.82257,-301.66928,474.0505,800
349,146.04166,-153.09264,518.3679,800
350,141.38351,-181.06697,526.29517,800
351,137.48436,-253.50676,487.47058,800
352,144.7374,-166.92766,536.7904,800
353,145.10199,-154.01616,533.52435,800
354,140.42117,-212.98842,532.7662,800
355,175.76389,-124.12434,643.46405,800
356,182.34624,-259.97806,473.7409,800
357,134.28326,-290.55713,515.4679,800
358,139.01213,-190.13295,518.80383,800
359,177.33176,-143.31862,469.7399,800
360,530.07275,213.89638,570.9201,800
361,521.4826,207.96803,565.0777,800
362,140.07639,-181.69075,519.68866,800
363,143.25769,-172.45885,532.0865,800
364,308.96396,0.052373216,480.30133,800
365,525.0958,209.98721,565.7469,800
366,137.3581,-221.35452,521.359,800
367,139.89337,-222.42311,533.554,800
368,133.0088,-233.09206,498.7138,800
369,156.06453,-129.12749,570.74884,800
370,140.51334,-180.03526,521.56036,800
371,550.91095,234.3849,586.89087,800
372,179.21596,-116.013405,651.82556,800
373,542.6405,227.52011,580.717,800
374,135.84387,-222.82707,515.5692,800
375,142.69638,-183.26764,533.16693,800
376,146.75461,-419.9324,494.04828,800
377,153.80905,-124.10891,559.31195,800
378,530.4791,215.49278,570.9864,800
379,145.28064,-155.9507,534.0186,800
380,187.92905,-121.27194,683.46594,800
381,138.2428,-188.04538,489.56512,800
382,374.82306,42.855743,508.9841,800
383,332.2438,-38.362926,514.0047,800
384,506.5329,191.4773,556.9267,800
385,134.27264,-290.72458,519.4342,800
386,513.7785,199.22508,560.76434,800
387,152.79718,-138.99661,561.3569,800
388,390.28976,57.601112,516.0034,800
389,141.49219,-176.1463,525.79315,800
390,163.99197,-111.29177,593.03644,800
391,316.0339,-63.380955,504.42792,800
392,139.72993,-182.8753,519.9036,800
393,149.74695,-232.50366,475.74548,800
394,327.81332,25.92248,482.69702,800
395,243.61238,-140.39934,881.9873,800
396,148.25037,-131.25615,539.7282,800
397,131.06482,-296.94962,472.8708,800
398,557.17804,239.1631,591.5894,800
399,140.59485,-171.28494,509.88364,800
400,525.8816,209.62827,566.8519,800
401,136.43506,-224.99643,518.5357,800
402,478.3809,165.08,540.595,800
403,349.2833,4.872431,508.771,800
404,401.20535,63.32337,524.6137,800
405,233.87357,-123.49186,458.09778,800
406,150.63147,-141.44545,553.0456,800
407,138.67365,-186.08125,504.79883,800
408,444.1828,126.37912,520.3932,800
409,272.60297,-145.58778,473.12158,800
410,527.0008,210.8279,568.7872,800
411,472.06308,154.76517,536.4191,800
412,141.25507,-178.79358,525.69055,800
413,129.26883,-280.3388,486.08582,800
414,239.98196,-140.74403,463.5625,800
415,147.0242,-295.28757,488.24127,800
416,146.92009,-142.28929,537.6579,800
417,141.2781,-175.45232,517.3973,800
418,135.68466,-230.13219,503.08856,800
419,144.70853,-144.37308,497.00665,800
420,474.79654,158.02461,536.2928,800
421,153.13037,-121.79351,482.72763,800
422,333.79788,36.16967,493.95703,800
423,141.52652,-171.13954,522.0772,800
424,135.54291,-198.78542,497.3757,800
425,289.74667,-59.198784,481.38544,800
426,139.48544,-340.49722,510.07202,800
427,149.47722,-136.63646,546.97485,800
428,168.38004,-115.75755,612.5684,800
429,145.0758,-164.18025,537.18945,800
430,177.28613,-109.68087,639.3422,800
431,168.43454,-387.44363,518.6281,800
432,137.62305,-220.60904,520.8217,800
433,321.43222,-41.764908,504.8027,800
434,137.11786,-221.17738,520.5455,800
435,548.7525,231.12685,585.6445,800
436,437.59946,123.25646,502.58813,800
437,139.80002,-333.00546,484.24664,800
438,458.73178,141.66763,523.62195,800
439,145.3791,-274.222,473.69116,800
440,483.1536,168.94957,539.54425,800
441,534.69446,218.65236,573.8432,800
442,137.69263,-237.29079,526.915,800
443,135.97446,-197.55809,501.55746,800
444,137.47638,-214.12054,519.4963,800
445,551.13617,234.56288,586.5312,800
446,148.43884,-162.68318,551.04364,800
447,133.69235,-303.64026,463.59113,800
448,215.25583,-203.1147,469.60175,800
449,142.2179,-176.05879,517.683,800
450,142.0561,-182.84859,517.9643,800
451,199.39532,-87.412674,442.83136,800
452,152.82858,-321.04465,480.38464,800
453,508.35834,193.44902,551.79535,800
454,145.10669,-157.0627,534.44684,800
455,135.02115,-326.316,521.2307,800
456,136.70517,-261.53403,492.22705,800
457,135.89597,-233.70308,514.08636,800
458,197.49911,-64.945564,451.37012,800
459,360.5032,-5.6651287,507.20233,800
460,314.66956,-10.828254,488.15515,800
461,446.3353,129.89488,519.7619,800
462,159.16455,-126.47057,582.1989,800
463,135.21692,-235.77034,514.6216,800
464,230.98608,-114.123604,452.04947,800
465,148.6654,-145.65236,501.38968,800
466,145.82797,-138.65948,531.45074,800
467,138.03189,-276.93204,492.46765,800
468,133.53882,-240.35655,505.81506,800
469,178.00294,-285.08667,482.50177,800
470,286.39243,-7.0814414,454.17963,800
471,131.78,-236.48126,496.3777,800
472,500.37515,190.49606,549.5216,800
473,139.8462,-202.48509,527.0944,800
474,134.65318,-316.4271,507.87732,800
475,136.63263,-218.44933,517.98804,800
476,142.75937,-160.91017,522.63257,800
477,549.07434,232.11078,585.088,800
478,138.63861,-211.52858,524.663,800
479,140.99448,-239.69398,492.2422,800
480,513.47736,199.13899,558.57477,800
481,503.51953,191.36377,554.3445,800
482,140.78859,-182.86147,521.5535,800
483,449.2592,133.72046,515.90234,800
484,137.31638,-206.3282,512.52405,800
485,145.62846,-149.3859,534.41693,800
486,468.85703,159.82986,523.7536,800
487,474.28574,162.16153,551.86285,800
488,165.18668,-174.74913,479.61627,800
489,543.36115,226.38951,582.6449,800
490,134.44215,-283.39627,513.1883,800
491,212.8776,-98.96666,436.94434,800
492,424.72092,123.43491,525.3203,800
493,278.16245,16.670137,469.2118,800
494,142.4935,-175.17981,520.36523,800
495,514.85345,199.2364,557.9991,800
496,175.92337,-117.089066,641.24365,800
497,410.7449,79.97235,516.62195,800
0,465.1967,132.88304,514.6091,850
1,101.259705,-233.91508,460.53165,850
2,431.94913,101.82812,489.69638,850
3,94.67709,-397.176,449.84366,850
4,106.678635,-203.57149,466.96628,850
5,98.594894,-242.07527,443.9758,850
6,466.62717,132.67857,517.32715,850
7,381.2555,49.851894,490.17014,850
8,114.17463,-147.53415,434.7623,850
9,100.72804,-222.38551,438.46457,850
10,445.4319,115.278915,508.8326,850
11,423.00024,90.37113,486.78085,850
12,342.64005,-0.9349025,485.3986,850
13,93.46599,-340.9,439.41296,850
14,102.84526,-236.48341,469.09482,850
15,427.16617,98.64509,490.19284,850
16,450.7839,120.05381,504.8154,850
17,265.051,-117.55149,468.44467,850
18,332.13873,-29.104576,492.42786,850
19,365.3926,30.279137,479.43045,850
20,365.82053,30.306108,468.1597,850
21,465.48917,133.23595,515.00415,850
22,307.05328,-74.14811,481.1483,850
23,141.42995,-123.162506,433.92136,850
24,124.52429,-282.94168,461.7653,850
25,392.88455,57.22606,471.56924,850
26,261.36972,-120.175026,466.83,850
27,426.446,102.99712,484.28366,850
28,441.94885,110.26743,496.86993,850
29,454.78726,125.11426,507.1993,850
30,109.72453,-179.93117,467.33417,850
31,153.96875,-347.14447,463.0842,850
32,113.80027,-158.63496,471.91006,850
33,102.543884,-217.47437,458.20462,850
34,103.14158,-180.63844,425.57516,850
35,113.139404,-144.07384,461.947,850
36,132.58316,-100.613434,508.33078,850
37,422.3414,92.946785,495.2385,850
38,180.6896,-215.63148,461.97513,850
39,362.33694,17.058464,461.96194,850
40,191.17145,-240.20863,475.30817,850
41,96.4998,-478.16086,476.67563,850
42,93.43143,-268.2362,441.35864,850
43,94.6944,-240.102,435.94528,850
44,413.93832,82.63468,481.11252,850
45,117.44473,-213.24736,453.3248,850
46,463.7593,131.7277,513.5751,850
47,445.0828,123.48749,499.18753,850
48,106.56488,-292.92856,430.6168,850
49,205.87863,-87.65668,449.0137,850
50,99.5611,-238.15202,457.4152,850
51,466.3515,134.15308,518.3832,850
52,126.705696,-315.9642,457.9399,850
53,91.1868,-333.6943,449.16245,850
54,442.5637,111.302,499.04053,850
55,101.82686,-221.93661,457.91327,850
56,418.9407,89.11146,485.53918,850
57,436.2753,108.12484,500.30933,850
58,111.6023,-153.27443,460.9487,850
59,433.33447,100.07876,499.3983,850
60,316.23642,-59.496387,468.3221,850
61,404.4587,72.82847,484.4893,850
62,454.33774,122.85826,511.07376,850
63,100.10832,-239.56174,459.0463,850
64,92.42926,-452.8597,468.10522,850
65,446.27786,115.04586,504.40085,850
66,97.07905,-364.707,472.84283,850
67,457.0023,125.77716,509.08762,850
68,412.5748,80.527626,482.97055,850
69,85.69711,-377.6487,431.85867,850
70,291.356,34.496582,464.7474,850
71,156.1101,-231.07738,443.8713,850
72,441.91232,109.95142,508.27368,850
73,211.66313,-37.23871,448.61087,850
74,289.71753,-121.9248,482.05057,850
75,109.42363,-181.6985,467.27493,850
76,205.97165,-111.59819,445.18253,850
77,194.6004,-272.2357,458.33673,850
78,446.9197,115.70066,504.48627,850
79,250.17133,-171.10262,462.50217,850
80,99.88055,-235.83626,456.31232,850
81,101.121704,-529.09204,496.75473,850
82,120.44838,-134.22159,483.0319,850
83,196.99269,-274.47586,485.69742,850
84,101.17848,-229.85722,458.455,850
85,394.8381,61.070496,473.24225,850
86,292.21933,-91.90568,482.13693,850
87,101.070595,-226.4277,457.55246,850
88,98.155205,-213.05171,440.4399,850
89,160.67491,-135.59392,447.99002,850
90,356.96414,15.778049,451.65744,850
91,100.3699,-247.90251,463.32834,850
92,144.99652,-265.38638,443.2609,850
93,120.69473,-237.65279,461.6517,850
94,108.10231,-168.21269,455.1546,850
95,133.18231,-153.62975,424.89883,850
96,114.43335,-127.68981,457.06598,850
97,114.65355,-154.00276,473.46512,850
98,95.19821,-278.44565,452.51715,850
99,465.0585,133.03372,514.6392,850
100,368.6885,32.127094,478.57303,850
101,400.001,66.823616,474.87598,850
102,160.72379,-305.36478,460.986,850
103,406.07095,70.41122,492.39426,850
104,437.13455,101.96018,499.8133,850
105,401.4794,70.482994,473.3253,850
106,101.302734,-233.32442,462.0428,850
107,97.176506,-230.39836,441.97842,850
108,304.83987,-60.37265,477.51694,850
109,254.56924,-167.5514,476.79025,850
110,227.04031,-46.572067,435.13913,850
111,111.30834,-178.30087,472.41928,850
112,202.99039,-112.79234,449.89505,850
113,276.10925,-119.87831,467.04605,850
114,129.1954,-390.7023,482.41507,850
115,451.66714,120.05814,506.85712,850
116,96.51657,-254.13287,450.56564,850
117,376.41312,38.313843,489.1791,850
118,98.00632,-298.39417,465.2676,850
119,339.44086,-22.18928,487.4305,850
120,461.40863,129.90123,512.3787,850
121,101.09214,-235.37016,458.7256,850
122,318.723,-30.666008,508.84122,850
123,97.450676,-488.78482,480.58514,850
124,108.956924,-175.53242,461.77655,850
125,98.34902,-264.98196,460.52945,850
126,95.366714,-450.913,472.81723,850
127,90.18027,-364.14206,448.87646,850
128,292.95615,-25.279133,483.74564,850
129,125.125755,-205.199,436.64243,850
130,112.58423,-153.71077,465.39273,850
131,434.6202,104.28325,493.55026,850
132,112.386154,-466.30542,461.8185,850
133,126.99923,-117.91012,498.08884,850
134,104.94618,-203.12622,459.80795,850
135,100.56563,-206.58902,446.27567,850
136,98.63393,-463.3557,454.49973,850
137,101.67909,-233.54425,462.65897,850
138,133.65948,-107.22077,465.44797,850
139,413.94714,82.398796,481.20322,850
140,416.95117,86.9199,490.7081,850
141,107.21271,-208.9124,444.55655,850
142,143.20209,-64.20946,424.65707,850
143,100.7408,-236.6937,460.42984,850
144,465.7285,133.21432,516.2838,850
145,462.77005,130.83203,512.44977,850
146,233.36656,-72.05805,454.30594,850
147,102.29096,-417.1492,451.89548,850
148,364.03458,21.69653,469.34152,850
149,118.29374,-263.06534,440.6425,850
150,95.18304,-244.40971,440.04874,850
151,107.55804,-203.22484,470.7291,850
152,409.62466,79.78042,489.45236,850
153,98.30318,-413.9971,471.06094,850
154,120.2838,-354.99332,453.31693,850
155,98.18937,-375.05826,455.82315,850
156,127.47662,-119.88149,500.8721,850
157,114.53399,-300.63208,454.39438,850
158,450.5566,116.432014,504.71057,850
159,89.831085,-410.07217,452.8887,850
160,209.51352,-90.240685,439.07227,850
161,439.92,110.45345,500.66666,850
162,105.37839,-212.97398,466.2676,850
163,95.19353,-371.91537,466.26694,850
164,111.56764,-163.86708,466.35672,850
165,107.2399,-189.5093,462.74448,850
166,98.84628,-258.7818,462.2086,850
167,108.81172,-179.25778,463.5084,850
168,131.35617,-192.47723,451.2767,850
169,435.3292,105.57888,491.7372,850
170,345.0169,2.4236279,481.48587,850
171,464.67966,132.62758,514.3561,850
172,104.779045,-204.50034,446.74228,850
173,103.73203,-221.63438,465.5001,850
174,104.62758,-222.70139,470.04642,850
175,216.80951,-69.80341,428.68704,850
176,95.71509,-445.81223,461.98065,850
177,377.86923,41.966015,467.19275,850
178,89.20054,-302.5903,434.31824,850
179,267.83652,-141.83598,457.10104,850
180,98.72778,-240.75658,455.16806,850
181,97.39324,-362.20456,450.0322,850
182,111.773834,-245.68333,457.14774,850
183,157.59424,-178.22038,431.96634,850
184,455.7277,123.18611,508.6151,850
185,92.9147,-357.87094,439.83685,850
186,338.69205,-7.122421,483.1296,850
187,109.61208,-187.12978,470.39337,850
188,126.59,-124.744316,416.71915,850
189,183.66681,-220.5991,459.25888,850
190,94.6181,-287.5587,452.42804,850
191,198.09515,-207.72685,455.29208,850
192,203.24612,-181.22353,452.73886,850
193,103.29962,-325.49405,431.5693,850
194,108.70566,-183.62987,465.24106,850
195,395.74768,67.09932,505.9643,850
196,410.64294,70.94225,502.05338,850
197,105.13101,-211.03903,465.20255,850
198,105.91393,-204.54988,464.72696,850
199,110.0412,-182.90825,470.0338,850
200,102.656105,-520.2142,505.6562,850
201,109.09848,-230.27211,440.42404,850
202,151.24976,-86.66074,456.4977,850
203,110.11394,-168.39272,462.93646,850
204,166.47131,-270.97116,470.57132,850
205,115.36485,-129.32582,460.9022,850
206,212.77733,-250.33913,467.91135,850
207,428.33017,95.63946,494.59814,850
208,344.55576,-6.772044,475.00143,850
209,100.656586,-227.68446,455.17172,850
210,440.99008,110.65748,500.0702,850
211,103.237,-230.18205,467.9376,850
212,104.891556,-389.77573,449.86768,850
213,290.17337,-106.69312,467.36697,850
214,333.53955,-8.57827,494.70822,850
215,115.7833,-168.60326,455.45963,850
216,441.6856,111.52293,499.17273,850
217,401.34534,66.73555,486.28976,850
218,172.6138,-154.53592,427.3137,850
219,103.74643,-459.75073,471.7552,850
220,139.97993,-356.32394,477.0101,850
221,104.92295,-208.76714,463.30154,850
222,108.50116,-169.81578,457.4117,850
223,94.69902,-368.96103,458.0244,850
224,289.4916,-87.7264,483.38705,850
225,119.57414,-296.93515,436.86932,850
226,104.92363,-207.4923,462.43515,850
227,96.71117,-454.55447,481.26096,850
228,96.01219,-264.16794,452.31284,850
229,88.32689,-264.02972,419.62555,850
230,133.99918,-219.72649,439.47507,850
231,92.66867,-397.4103,458.35135,850
232,427.92014,96.728455,494.74033,850
233,102.421646,-447.0469,455.25833,850
234,90.87964,-414.8788,455.02078,850
235,109.74649,-185.35185,470.3738,850
236,224.10577,-192.80301,463.27008,850
237,101.78926,-303.93048,438.63248,850
238,100.04803,-216.55183,448.81906,850
239,154.60034,-218.32878,443.0321,850
240,108.23094,-201.2285,472.3596,850
241,100.90546,-230.68037,458.11044,850
242,163.2317,-338.02536,490.72372,850
243,94.204254,-274.9913,448.30414,850
244,110.23656,-179.10262,468.8527,850
245,125.1259,-117.15431,457.79117,850
246,95.73543,-282.83295,450.66855,850
247,325.64142,-31.55373,485.06314,850
248,205.62967,-73.08816,437.52945,850
249,90.71799,-348.91772,438.3404,850
250,95.301186,-405.75952,460.03293,850
251,305.2982,-69.752495,466.98462,850
252,293.8931,-49.514355,480.2355,850
253,172.69418,-294.97958,460.35803,850
254,106.0636,-186.5297,456.82333,850
255,425.35196,85.78355,500.91162,850
256,115.22078,-251.162,436.15408,850
257,98.404236,-260.71677,459.9691,850
258,108.78885,-169.02586,458.47226,850
259,96.39927,-311.5994,442.78445,850
260,102.98694,-542.1442,502.1945,850
261,103.68858,-331.68872,441.90213,850
262,166.19492,-168.86604,448.23264,850
263,110.153824,-165.1797,461.5542,850
264,143.61746,-186.07555,449.13803,850
265,254.92271,-82.39568,459.70554,850
266,106.68181,-196.63585,464.35217,850
267,137.25087,-106.37173,527.9257,850
268,213.96973,-224.34004,468.3257,850
269,356.86124,22.240517,460.2491,850
270,89.22901,-323.07394,438.78784,850
271,96.550095,-328.88605,443.02957,850
272,117.07117,-141.5561,474.93735,850
273,94.269424,-337.8257,461.12912,850
274,424.28458,92.64011,503.356,850
275,98.05081,-241.62747,443.2264,850
276,121.94905,-146.38245,495.87338,850
277,116.102066,-356.6904,447.4962,850
278,424.51797,94.76885,487.47226,850
279,98.346954,-341.3731,470.85406,850
280,98.002884,-272.91415,462.0671,850
281,133.49744,-312.71292,460.07376,850
282,109.95491,-165.63503,461.04056,850
283,167.66655,-306.81064,458.63376,850
284,125.78522,-109.39821,489.4434,850
285,237.11551,-172.89032,462.3743,850
286,153.10843,-326.2478,477.02002,850
287,106.690285,-536.6785,507.3151,850
288,94.47932,-268.64362,438.6185,850
289,95.59915,-436.59384,468.29855,850
290,129.65666,-122.15307,461.6455,850
291,449.6191,119.22098,505.59756,850
292,110.44877,-277.22104,416.88797,850
293,421.05478,87.56709,491.95914,850
294,460.11398,128.88786,511.0902,850
295,364.38773,25.967247,469.49478,850
296,101.76657,-532.28455,500.6483,850
297,253.19107,-135.82008,469.81143,850
298,104.661835,-530.0438,494.52676,850
299,463.98685,132.4014,515.07306,850
300,461.134,129.20898,511.79782,850
301,296.58093,-66.36037,478.15744,850
302,303.86313,-66.806175,463.37497,850
303,142.96054,-337.36154,474.45322,850
304,122.03601,-121.19553,481.7974,850
305,291.67432,-95.48809,489.60873,850
306,402.3002,69.53345,492.78098,850
307,278.92627,-81.928474,495.7332,850
308,107.822655,-550.076,515.1282,850
309,89.051926,-360.73898,446.9728,850
310,168.58319,-77.944466,452.57773,850
311,434.2914,102.54446,500.39847,850
312,96.101944,-271.5977,453.165,850
313,103.918625,-215.2841,462.2139,850
314,110.00198,-156.97408,456.7568,850
315,93.13733,-350.64645,454.54617,850
316,197.4006,-195.84045,446.1982,850
317,191.58797,-282.09705,451.32028,850
318,112.08208,-342.8174,442.13766,850
319,109.09345,-163.00444,456.06885,850
320,101.74562,-525.8448,499.1025,850
321,99.83267,-509.00876,476.94135,850
322,172.23618,-324.14102,482.582,850
323,344.53555,1.519087,478.4459,850
324,122.43263,-111.90008,478.44556,850
325,118.43147,-153.001,486.49344,850
326,105.69261,-222.18202,473.5339,850
327,452.19574,119.43031,505.22665,850
328,192.12335,-121.21741,432.00363,850
329,111.05174,-174.35934,469.53915,850
330,434.74994,103.11675,495.18808,850
331,101.951584,-213.55412,454.0015,850
332,150.56284,-253.35915,464.36243,850
333,121.25275,-481.73386,494.1205,850
334,465.1614,132.79874,514.6151,850
335,126.642204,-322.86185,445.25278,850
336,90.533035,-358.5814,447.74478,850
337,275.20322,-75.1981,480.64868,850
338,105.4263,-203.4437,461.7579,850
339,102.48869,-230.51299,464.15933,850
340,90.982254,-342.80765,444.26028,850
341,221.13971,-70.42638,444.31232,850
342,230.8801,-206.47658,464.31418,850
343,433.01285,103.415184,498.4296,850
344,408.3368,77.00707,493.11136,850
345,459.99088,129.25746,514.55646,850
346,139.10611,-152.70062,449.3908,850
347,109.72413,-172.98845,464.3071,850
348,127.71239,-430.946,490.83755,850
349,106.26176,-188.60771,457.3217,850
350,105.01668,-222.78206,471.51605,850
351,98.444664,-366.75977,456.51843,850
352,108.0287,-202.15385,472.50223,850
353,108.19957,-209.81041,476.759,850
354,109.74899,-193.55748,474.15048,850
355,130.49194,-121.90812,512.98395,850
356,140.76495,-357.50107,458.98608,850
357,95.88495,-459.68283,477.9122,850
358,103.43253,-219.78394,463.7542,850
359,108.35004,-371.01462,459.8684,850
360,450.24045,120.34936,505.27023,850
361,431.8643,103.02888,497.0912,850
362,108.63187,-181.28537,463.23434,850
363,111.07817,-167.68987,466.38318,850
364,244.47076,-123.67535,465.07004,850
365,420.17575,89.954094,483.80832,850
366,95.699615,-332.332,460.73734,850
367,88.800415,-336.69586,440.07858,850
368,93.47563,-336.03653,422.16464,850
369,117.29662,-147.48814,479.12332,850
370,114.24154,-138.24495,462.65558,850
371,461.05917,130.96036,511.86905,850
372,128.67183,-110.272865,500.49744,850
373,464.35843,132.82358,515.0504,850
374,106.40016,-207.74615,467.69458,850
375,109.40657,-188.18289,470.2602,850
376,151.06775,-397.32895,478.27945,850
377,110.02724,-163.77568,460.54932,850
378,452.0013,121.79264,505.7809,850
379,102.00309,-225.94173,462.0002,850
380,123.36745,-117.416176,484.7401,850
381,97.706314,-209.6621,436.33347,850
382,367.03046,30.761312,479.61996,850
383,329.7831,-23.361036,468.3667,850
384,423.4021,95.49285,490.39658,850
385,91.29079,-302.11288,443.79883,850
386,384.29153,44.125397,485.555,850
387,118.891495,-146.58897,484.2799,850
388,428.4443,91.28594,497.8472,850
389,103.28078,-232.65468,468.9676,850
390,110.80113,-163.70134,462.3289,850
391,311.9468,-60.030792,474.74033,850
392,108.10131,-182.52736,462.50787,850
393,121.106964,-322.93576,450.88486,850
394,353.45004,29.161644,483.94803,850
395,165.38106,-114.516014,626.373,850
396,114.96484,-145.6776,469.7659,850
397,103.78779,-407.15475,448.56442,850
398,464.80002,132.47403,514.53204,850
399,101.36076,-212.42964,448.64374,850
400,458.37018,125.55016,510.36777,850
401,94.50927,-268.06583,446.95752,850
402,405.67252,70.04936,489.12885,850
403,314.29855,-46.207214,476.34482,850
404,342.10397,-11.488654,481.94254,850
405,212.82965,-182.93037,457.22678,850
406,109.94146,-169.41676,463.06003,850
407,155.49329,-87.66022,476.19522,850
408,429.1269,99.84734,494.5209,850
409,270.34573,-153.44087,454.95978,850
410,456.08383,125.173164,508.00833,850
411,439.3453,108.67782,500.42203,850
412,105.71176,-210.58727,467.97012,850
413,98.209305,-305.56924,452.09903,850
414,277.1443,-100.23325,472.87064,850
415,118.15117,-456.02908,493.02307,850
416,105.07701,-206.38293,463.45334,850
417,106.35072,-198.96935,462.2051,850
418,100.26456,-271.1086,434.0618,850
419,132.18103,-224.20415,441.93344,850
420,402.33212,69.79931,481.07462,850
421,201.79654,-49.309837,450.9802,850
422,358.99606,39.70409,491.30273,850
423,106.643555,-193.71593,462.40158,850
424,101.76973,-303.77353,463.15942,850
425,199.37076,-220.43799,468.6752,850
426,100.40062,-505.83853,486.28067,850
427,110.460526,-174.97511,467.62637,850
428,115.02222,-152.6228,473.89847,850
429,119.360306,-147.8142,486.76443,850
430,112.477905,-136.14305,454.96896,850
431,107.138245,-544.25214,504.99097,850
432,90.85017,-340.87595,445.68985,850
433,314.89658,-49.02301,489.69894,850
434,103.20427,-229.08458,467.1549,850
435,464.68723,129.53255,517.1219,850
436,363.98642,39.444614,440.506,850
437,96.36952,-417.95596,471.4675,850
438,414.13025,83.314476,486.00488,850
439,115.18716,-281.4335,438.1154,850
440,440.92526,108.72935,501.40366,850
441,458.72098,125.89121,511.79318,850
442,102.58949,-239.79967,469.9476,850
443,97.37692,-487.20236,478.58975,850
444,99.29274,-251.92671,459.0663,850
445,462.82184,130.72649,513.30096,850
446,112.74614,-173.41356,475.6287,850
447,98.67467,-483.34097,458.3801,850
448,153.35782,-407.5082,494.70297,850
449,112.497696,-205.67805,444.95712,850
450,98.18061,-223.11421,441.94888,850
451,265.18732,-62.66352,464.57968,850
452,137.59035,-387.2963,480.75705,850
453,412.75864,79.33361,480.9395,850
454,105.88072,-203.75697,464.8639,850
455,90.84934,-434.26102,456.3203,850
456,91.967224,-437.34518,461.13553,850
457,96.56636,-233.92296,440.4835,850
458,176.75684,-73.60504,438.05377,850
459,254.47188,-179.24606,463.05637,850
460,259.26285,-83.3412,458.08725,850
461,436.7216,107.29497,499.54144,850
462,132.4083,-106.60267,511.64,850
463,95.12204,-296.02628,455.6299,850
464,203.94437,-190.7623,454.10464,850
465,149.36487,-175.8054,446.92966,850
466,111.05899,-157.74263,461.44156,850
467,94.63116,-440.40207,457.4797,850
468,94.58244,-388.2897,452.0471,850
469,127.53229,-451.28235,488.40005,850
470,335.63806,-6.7027154,489.00687,850
471,94.97705,-343.57288,454.6091,850
472,447.92007,120.035835,501.7971,850
473,103.20125,-226.48915,466.5037,850
474,93.37724,-435.86142,458.49155,850
475,99.14624,-250.10762,458.78186,850
476,107.20407,-187.54848,460.82556,850
477,464.68155,132.4795,514.4133,850
478,93.46663,-334.66153,451.1863,850
479,153.06253,-368.3025,484.66232,850
480,422.2411,90.24268,489.55,850
481,439.56168,114.81808,495.39548,850
482,107.334076,-181.47789,459.23917,850
483,400.73645,71.22425,471.81033,850
484,103.97693,-220.08745,464.04282,850
485,105.17046,-207.47517,464.10168,850
486,373.06027,41.325348,457.36887,850
487,399.35056,70.391,485.81424,850
488,163.27853,-336.40207,509.9564,850
489,459.48325,128.04106,512.1365,850
490,103.82611,-216.80263,463.1114,850
491,142.00363,-219.6898,441.61752,850
492,311.96317,-40.092262,503.8904,850
493,169.05185,-152.24388,455.889,850
494,104.5271,-215.02733,464.16745,850
495,456.4824,123.84342,508.49094,850
496,128.31317,-113.39271,500.70532,850
497,277.92102,-116.84292,482.0819,850
0,443.68307,114.48458,487.86554,900
1,98.56218,-246.54193,503.92456,900
2,424.4667,94.76419,475.5413,900
3,94.5639,-362.17236,481.36288,900
4,104.89061,-227.98918,514.22943,900
5,99.1461,-326.03662,474.6463,900
6,450.73276,117.31751,495.9229,900
7,300.08197,-75.166664,482.49042,900
8,133.02547,-135.2467,483.44833,900
9,101.4991,-271.7154,484.79367,900
10,419.39163,95.836754,477.43155,900
11,399.3773,58.791485,468.71365,900
12,355.62686,19.24467,463.193,900
13,92.044556,-440.79382,456.86935,900
14,100.750725,-248.11168,517.42804,900
15,421.8562,93.09868,475.68448,900
16,435.7583,106.95458,483.55386,900
17,156.00468,-338.67383,478.07706,900
18,130.86859,-363.74832,478.33276,900
19,259.78488,-128.10852,475.69577,900
20,361.16342,24.130566,457.29022,900
21,449.431,120.14901,492.19098,900
22,281.60464,-139.25896,484.9666,900
23,186.49391,-144.76225,469.59467,900
24,202.67612,-176.55089,477.7094,900
25,285.04105,-166.26685,483.66098,900
26,122.37605,-384.0287,467.99982,900
27,396.80286,71.84691,457.79883,900
28,433.3434,102.42037,482.13446,900
29,432.67752,103.83331,482.7229,900
30,99.15878,-252.25438,512.5615,900
31,171.17009,-321.71814,472.2929,900
32,115.51494,-170.39075,523.9379,900
33,97.17817,-368.8622,489.54553,900
34,128.62404,-196.95146,473.60175,900
35,115.09886,-179.83928,518.3361,900
36,154.32732,-100.262276,597.0077,900
37,404.9687,79.13691,467.6831,900
38,279.32974,-78.15298,474.43597,900
39,307.59128,-112.30589,485.8296,900
40,121.4402,-387.2222,492.81018,900
41,87.68721,-432.51617,502.84943,900
42,108.13169,-291.27896,468.27466,900
43,97.321396,-388.76968,473.05283,900
44,411.06,78.42867,469.84717,900
45,101.96539,-257.82745,493.6446,900
46,450.99826,120.92999,493.89117,900
47,406.73242,83.76982,465.07343,900
48,148.71748,-266.36823,456.5842,900
49,215.43158,-167.85329,487.30872,900
50,101.09837,-235.77158,510.6886,900
51,443.14764,115.33188,485.65466,900
52,173.78955,-257.5739,478.14508,900
53,102.95556,-582.9964,579.4065,900
54,433.53357,102.753075,482.80847,900
55,98.59397,-262.6754,484.0761,900
56,421.47238,94.356575,475.2036,900
57,408.8539,84.99564,469.34866,900
58,117.97284,-162.30486,523.7887,900
59,404.06412,73.49148,469.41742,900
60,286.55606,-153.44896,480.35144,900
61,352.22006,4.387193,462.1953,900
62,415.0925,85.64971,474.23688,900
63,89.091675,-395.1195,499.07825,900
64,91.03879,-545.1655,522.4013,900
65,434.81033,105.99035,485.46692,900
66,94.27475,-373.11984,500.18256,900
67,436.38193,107.79295,483.66394,900
68,243.2905,-209.56837,480.66278,900
69,93.02228,-260.0072,489.4358,900
70,302.92032,25.54944,489.2429,900
71,187.96916,-292.78162,473.56964,900
72,422.6915,97.40572,477.6165,900
73,168.93048,-150.39555,478.93707,900
74,157.27974,-380.07742,484.05725,900
75,112.27051,-190.28242,525.0833,900
76,182.74821,-175.70943,457.41818,900
77,114.66275,-479.65897,484.0312,900
78,401.77017,65.14915,467.48456,900
79,282.60873,-124.82818,468.47668,900
80,101.0063,-221.90962,490.221,900
81,90.95709,-543.0645,521.3435,900
82,124.27768,-143.15643,535.341,900
83,289.4532,-109.38955,482.735,900
84,101.478775,-226.97006,485.58206,900
85,368.59317,20.29936,463.66724,900
86,340.1035,-17.784983,461.75412,900
87,91.23389,-358.95966,505.6814,900
88,98.96601,-259.16858,482.26404,900
89,183.938,-174.99614,460.69666,900
90,265.37018,-169.79805,462.94324,900
91,92.92575,-276.7456,494.01898,900
92,99.765915,-297.1538,456.79092,900
93,98.41652,-240.591,489.2778,900
94,123.70641,-152.69684,520.8013,900
95,214.91817,-117.272125,456.20554,900
96,130.372,-124.96493,539.3799,900
97,97.67865,-264.73724,512.5592,900
98,90.5641,-393.31982,467.37213,900
99,446.9307,118.17698,490.2508,900
100,354.32126,8.846573,466.38156,900
101,393.73294,57.13039,464.10413,900
102,222.62422,-178.98442,463.67615,900
103,407.15094,81.40502,470.393,900
104,429.4296,95.140785,483.12213,900
105,400.05136,70.48104,462.8739,900
106,95.12044,-273.60736,504.93024,900
107,99.12286,-232.09024,491.7555,900
108,294.3923,-82.9742,476.8685,900
109,200.04573,-292.04053,474.40973,900
110,285.5383,-21.230143,474.95517,900
111,108.3591,-211.25911,524.26697,900
112,204.00298,-174.97995,468.292,900
113,240.36937,-212.03252,484.60242,900
114,128.7212,-386.21744,491.43237,900
115,440.00876,112.38678,486.66547,900
116,89.46689,-349.57114,467.53168,900
117,384.17685,51.668934,467.51465,900
118,106.12744,-214.42538,499.98438,900
119,179.671,-309.4195,481.9192,900
120,447.5764,118.272606,490.7032,900
121,108.08188,-367.43423,466.60455,900
122,192.50932,-173.47935,477.64142,900
123,97.94022,-423.44788,460.02057,900
124,115.90956,-177.00684,494.63354,900
125,103.98106,-228.52425,517.9263,900
126,85.09326,-471.5025,477.11127,900
127,88.26857,-445.16278,510.59204,900
128,337.73328,-30.336626,491.03754,900
129,173.13794,-218.0077,454.0606,900
130,109.343765,-197.00609,517.5488,900
131,388.11868,53.00396,460.13403,900
132,100.09494,-530.3317,500.10068,900
133,131.34569,-131.73773,551.6963,900
134,107.9709,-249.97261,487.46,900
135,92.71517,-284.67206,497.32373,900
136,89.68641,-503.18646,476.02237,900
137,97.297714,-256.93555,506.4648,900
138,199.43297,-60.987526,518.45044,900
139,414.6575,82.11465,471.91986,900
140,395.48453,69.7642,461.95276,900
141,108.154526,-192.34639,492.235,900
142,104.66417,-168.54488,455.89728,900
143,90.60257,-362.10928,505.84073,900
144,452.33652,122.29109,495.33002,900
145,437.69968,108.26774,484.1926,900
146,213.85417,-183.20702,468.3094,900
147,150.74156,-324.27893,469.75854,900
148,364.72714,9.729928,467.59338,900
149,148.90501,-154.37117,476.82898,900
150,91.466415,-431.12454,491.5799,900
151,98.94547,-236.8351,501.58868,900
152,228.28336,-214.26765,481.82892,900
153,101.30922,-584.3644,550.78503,900
154,96.69893,-483.02252,478.2563,900
155,94.839874,-431.7112,508.8807,900
156,129.01508,-143.77736,553.1898,900
157,115.81308,-270.8105,481.85266,900
158,437.44028,103.48852,486.51703,900
159,85.74837,-462.1022,500.65347,900
160,209.1687,-159.22829,464.67566,900
161,404.04636,78.11117,464.4256,900
162,102.27985,-287.69147,498.3274,900
163,112.86319,-441.503,483.4328,900
164,113.339294,-178.87138,521.0066,900
165,107.96466,-198.59854,504.01752,900
166,103.67488,-237.49942,524.2536,900
167,113.45771,-186.51985,527.0108,900
168,117.465744,-314.80786,485.10608,900
169,441.27078,111.84016,486.449,900
170,350.25406,3.083066,471.86877,900
171,448.95786,119.65892,491.1928,900
172,154.37267,-203.10112,480.51312,900
173,93.89562,-300.15143,491.70038,900
174,113.394104,-190.10976,529.4124,900
175,182.13583,-176.64935,454.51767,900
176,107.82064,-343.84283,461.14966,900
177,388.2502,53.280582,462.62445,900
178,87.61105,-368.2772,497.11475,900
179,298.96158,-95.08234,476.10446,900
180,98.96722,-250.95412,510.66418,900
181,152.84688,-253.37483,464.62155,900
182,203.96425,-82.46078,466.7221,900
183,191.12076,-165.11009,463.7952,900
184,434.0552,102.338554,484.50854,900
185,99.527824,-342.83466,463.03534,900
186,291.3633,-99.58284,468.45886,900
187,116.70679,-189.91002,542.929,900
188,175.3338,-142.27182,458.65088,900
189,192.66733,-269.8053,470.8683,900
190,89.83824,-393.201,505.219,900
191,181.39827,-258.02728,463.82367,900
192,252.00371,-150.57576,476.33606,900
193,90.39402,-350.8587,496.93732,900
194,109.72336,-193.67647,516.9927,900
195,370.75876,31.947683,472.26794,900
196,360.41635,13.648512,485.84277,900
197,96.927475,-310.20676,501.85077,900
198,112.23219,-189.47542,509.43756,900
199,102.290375,-225.23164,508.5941,900
200,85.954666,-412.49084,500.5008,900
201,125.9775,-255.90782,473.63464,900
202,122.951126,-164.61812,508.82056,900
203,112.113266,-178.17403,515.88025,900
204,297.73697,-85.580986,488.4406,900
205,127.63821,-146.52815,518.4208,900
206,144.48973,-432.2825,510.02014,900
207,387.08945,49.105537,468.70966,900
208,370.93716,33.7548,459.50583,900
209,109.79729,-193.51422,505.82776,900
210,429.79684,102.59159,479.2638,900
211,97.230484,-253.66719,504.74356,900
212,96.61366,-534.78375,502.39923,900
213,218.1567,-265.94476,480.1602,900
214,371.59348,43.39124,467.99536,900
215,103.44083,-227.60786,490.74814,900
216,432.48703,103.33613,481.7717,900
217,361.92703,19.391548,474.2895,900
218,168.24733,-170.00887,455.4155,900
219,111.67874,-343.5373,472.83167,900
220,189.6254,-288.02527,478.2155,900
221,104.23381,-218.58102,510.6028,900
222,115.31296,-178.0465,520.1918,900
223,92.19531,-433.71857,470.21942,900
224,177.68187,-308.35205,487.03528,900
225,95.886566,-423.93524,473.76782,900
226,99.47454,-313.15134,485.24652,900
227,91.78049,-535.4146,513.31555,900
228,87.71622,-365.02838,496.83856,900
229,102.25781,-228.89296,510.6214,900
230,179.57832,-100.94728,476.67133,900
231,93.162384,-456.68466,470.11603,900
232,393.39816,66.98401,459.8532,900
233,149.0626,-388.87006,496.0578,900
234,87.20351,-505.8044,508.20386,900
235,100.142746,-243.05046,512.1759,900
236,107.47354,-486.60098,495.80212,900
237,100.95508,-229.8676,504.7815,900
238,96.247345,-288.95844,472.53296,900
239,236.18425,-127.83607,468.1778,900
240,108.09396,-211.33635,522.9159,900
241,105.20796,-214.34682,478.96613,900
242,224.65486,-213.96382,483.07147,900
243,91.901505,-266.75458,486.45563,900
244,92.811615,-288.4157,496.21646,900
245,137.48412,-132.8791,521.0739,900
246,106.4258,-212.25151,516.68555,900
247,337.50992,-18.879545,473.67993,900
248,137.9054,-261.22577,467.5351,900
249,87.80305,-357.6869,477.33838,900
250,94.744,-341.39105,464.94128,900
251,347.01938,-6.3487234,462.57712,900
252,251.90181,-163.07018,483.13245,900
253,124.02012,-400.061,467.4248,900
254,110.03136,-186.33643,512.0942,900
255,431.21164,95.523384,489.5827,900
256,118.9023,-313.31708,476.0835,900
257,93.32106,-289.70178,503.18884,900
258,111.66043,-187.04965,520.0051,900
259,113.7027,-265.11682,476.84167,900
260,85.742256,-475.17456,503.3918,900
261,95.68555,-423.80182,497.26532,900
262,172.01982,-180.87373,463.5862,900
263,109.77916,-191.43478,514.2937,900
264,170.17557,-192.46878,471.84424,900
265,181.9111,-222.37126,460.3111,900
266,112.382904,-186.32835,522.4846,900
267,132.22511,-137.38701,559.7191,900
268,221.8242,-256.9475,480.72638,900
269,320.9216,-47.17774,454.81967,900
270,85.43128,-330.95422,483.66748,900
271,99.75314,-386.20822,469.06036,900
272,118.63103,-156.06297,524.671,900
273,88.6599,-412.10382,505.2511,900
274,403.12088,74.090034,473.48145,900
275,104.774536,-212.8031,509.43793,900
276,149.73051,-133.99847,613.9779,900
277,151.06007,-353.73285,480.18558,900
278,405.57675,74.94636,465.55786,900
279,92.92238,-311.41473,499.0296,900
280,102.18387,-236.96729,517.1039,900
281,128.87787,-343.89117,473.15338,900
282,107.7885,-198.85063,512.35876,900
283,193.92644,-299.54236,481.4091,900
284,132.92451,-119.11099,545.3738,900
285,280.42905,-121.42039,474.28857,900
286,148.18655,-371.41736,490.2492,900
287,87.311554,-502.07556,489.70538,900
288,97.151886,-341.31348,473.70285,900
289,102.48404,-478.30017,480.20966,900
290,161.9355,-128.14961,486.34897,900
291,423.90558,94.43003,478.56696,900
292,114.565704,-387.37354,456.48322,900
293,401.5346,71.88538,464.7857,900
294,445.5333,116.602356,489.18384,900
295,346.23874,-5.278936,462.26978,900
296,85.3505,-460.4746,497.65668,900
297,197.13042,-250.02861,473.94336,900
298,106.76488,-464.46075,484.7411,900
299,451.04654,119.93165,495.65988,900
300,449.13086,120.135155,491.99213,900
301,289.39642,-98.84649,483.22522,900
302,319.62988,-58.38809,470.21255,900
303,101.55529,-489.47906,499.04184,900
304,121.45196,-152.92546,531.8893,900
305,241.3431,-205.00848,484.47772,900
306,367.59494,35.310337,462.4936,900
307,302.47787,-91.541725,497.27197,900
308,103.004105,-409.56528,464.8604,900
309,85.57594,-429.5556,497.8957,900
310,191.05396,-150.1997,462.9381,900
311,357.01266,3.8051622,473.12805,900
312,98.41937,-353.30875,476.0574,900
313,105.924866,-220.02959,513.7297,900
314,114.31352,-188.0943,523.64154,900
315,85.71118,-474.5034,485.83044,900
316,133.2751,-313.8284,445.42804,900
317,201.024,-295.41797,469.6529,900
318,94.06324,-420.66977,482.52063,900
319,122.76041,-156.27434,521.5496,900
320,90.60895,-517.072,487.81772,900
321,96.23211,-552.63086,501.9113,900
322,194.94734,-296.58215,488.3881,900
323,231.3292,-189.76228,468.86987,900
324,131.05478,-122.39388,540.2401,900
325,114.91878,-179.87256,528.9492,900
326,94.647766,-273.45364,502.71344,900
327,418.90457,77.087364,479.45078,900
328,142.09282,-162.91032,470.9062,900
329,103.80151,-230.30525,519.1811,900
330,416.2181,84.62693,472.6737,900
331,129.26332,-146.36436,522.05804,900
332,264.62552,-133.3048,487.1618,900
333,206.53069,-294.7032,490.034,900
334,450.2961,120.374916,492.87823,900
335,196.49107,-298.06628,486.0177,900
336,87.38741,-385.82385,495.8567,900
337,202.57666,-174.50761,461.35028,900
338,110.015976,-205.22244,515.1324,900
339,100.94297,-233.35445,508.12653,900
340,89.813446,-346.5476,495.9879,900
341,324.59457,6.440804,480.38388,900
342,88.43149,-548.2617,502.62912,900
343,422.5035,95.63764,475.2642,900
344,421.26743,95.97997,476.16776,900
345,441.41888,115.59142,488.09036,900
346,115.70444,-214.06065,505.89227,900
347,101.94945,-238.85884,517.0281,900
348,123.10627,-448.969,493.65704,900
349,104.49226,-244.102,490.332,900
350,90.72557,-364.06833,491.83295,900
351,152.55539,-251.76198,467.74432,900
352,111.49048,-197.93738,527.3119,900
353,98.962036,-260.47766,516.58795,900
354,102.42781,-235.43452,517.6787,900
355,140.4457,-133.65938,584.50055,900
356,98.76779,-477.20248,479.163,900
357,85.82037,-489.61926,489.0395,900
358,98.24284,-248.2824,505.1729,900
359,184.41734,-239.71437,479.26154,900
360,434.3851,107.12452,482.05164,900
361,372.466,32.3508,475.547,900
362,103.789764,-223.14622,510.62128,900
363,115.91418,-175.91881,529.9707,900
364,263.2579,-138.65205,476.68842,900
365,403.60953,71.088425,465.2787,900
366,91.68514,-304.4864,499.3987,900
367,84.12482,-422.18396,494.76947,900
368,159.03484,-201.40993,461.67163,900
369,137.67992,-114.73111,559.31134,900
370,111.43657,-181.22859,515.10486,900
371,448.0313,119.023476,491.1819,900
372,142.18973,-109.535164,568.3401,900
373,450.33286,119.0776,496.64536,900
374,107.759026,-204.43198,516.19946,900
375,104.60057,-222.89046,517.2497,900
376,93.1821,-511.37067,463.3388,900
377,115.1637,-176.42223,526.52136,900
378,413.84097,85.30828,471.17703,900
379,103.84747,-222.6202,512.93713,900
380,117.32901,-173.34264,533.2683,900
381,100.76974,-237.00847,472.92865,900
382,365.8535,26.597874,462.9157,900
383,264.4593,-151.50911,461.84857,900
384,396.70023,68.17154,465.98093,900
385,86.635284,-452.23544,496.52496,900
386,420.12106,89.159935,478.6647,900
387,123.66794,-148.131,538.0143,900
388,366.83908,14.931261,473.0575,900
389,94.80252,-272.63205,504.02905,900
390,125.740776,-140.88594,534.721,900
391,266.48798,-163.70543,470.4698,900
392,109.116165,-200.37668,514.7594,900
393,105.95059,-407.74445,474.7055,900
394,304.21005,-56.97969,478.62744,900
395,204.20805,-106.23419,743.8655,900
396,114.63378,-174.4132,522.97766,900
397,107.41516,-462.0243,480.2287,900
398,448.04163,118.25193,491.14453,900
399,110.93417,-196.42183,523.2875,900
400,441.05002,110.22892,487.40872,900
401,96.099045,-348.21582,476.73358,900
402,391.39883,57.311367,465.2232,900
403,257.53928,-159.31989,481.47623,900
404,331.17386,-29.388401,472.2889,900
405,274.44125,-144.04228,484.69177,900
406,112.84099,-187.61269,525.4701,900
407,211.66508,-86.57734,476.68085,900
408,406.1971,77.21713,466.27405,900
409,213.68727,-278.23996,454.33218,900
410,393.94644,63.858456,459.58844,900
411,417.09158,90.71587,472.1917,900
412,91.69366,-278.58813,485.03253,900
413,102.61016,-284.84787,488.20267,900
414,166.48796,-314.95593,468.4129,900
415,113.852,-433.20844,483.85895,900
416,108.000694,-198.44164,512.99347,900
417,103.92801,-221.30766,500.45868,900
418,93.05096,-325.28558,476.24808,900
419,149.09651,-285.31763,463.25452,900
420,371.16208,26.66662,465.76642,900
421,166.54115,-164.06932,472.13477,900
422,315.4213,-39.895374,480.70438,900
423,93.46948,-306.41113,488.13684,900
424,111.88562,-356.3396,481.1258,900
425,207.39433,-201.74306,467.94818,900
426,109.476944,-520.91125,528.11176,900
427,107.2417,-202.74553,513.27783,900
428,90.193924,-315.48224,497.30054,900
429,117.147064,-175.07344,534.5075,900
430,150.44397,-98.39712,580.0459,900
431,139.05577,-446.1752,497.81366,900
432,89.81778,-360.63715,497.62976,900
433,319.53775,-54.979603,475.8211,900
434,100.81901,-241.38556,512.9178,900
435,451.2231,120.82191,494.39862,900
436,201.12166,-286.37366,468.02396,900
437,95.52462,-385.11243,465.58765,900
438,380.952,46.85799,456.88965,900
439,94.968796,-401.17917,478.9713,900
440,415.9637,86.170815,473.29477,900
441,450.75635,120.987434,494.4532,900
442,89.962685,-305.58487,496.23004,900
443,90.89341,-426.12073,506.87762,900
444,90.56155,-332.0829,495.25372,900
445,448.57516,119.033104,491.75677,900
446,103.31998,-236.61609,522.3573,900
447,90.53201,-541.07874,503.74158,900
448,110.109604,-503.17657,504.0912,900
449,109.981995,-204.44977,493.2594,900
450,115.18939,-344.02866,477.49707,900
451,234.26463,-191.20534,478.25903,900
452,88.01723,-476.85004,502.65817,900
453,406.30728,69.547615,469.32587,900
454,104.28798,-221.01913,514.43634,900
455,83.70021,-445.53622,489.1078,900
456,85.006355,-409.24298,495.5842,900
457,98.6303,-270.0357,471.16748,900
458,179.80113,-141.11928,457.73822,900
459,118.54062,-467.2033,458.54294,900
460,304.53568,-89.53343,486.0044,900
461,405.2203,79.73228,466.0022,900
462,126.099556,-139.8565,540.008,900
463,87.1368,-466.98517,507.62933,900
464,156.4497,-353.857,485.87427,900
465,148.36034,-191.65346,488.30908,900
466,114.97902,-174.71303,521.0039,900
467,135.73625,-383.86383,478.5103,900
468,95.85605,-359.21844,493.14343,900
469,158.5169,-381.12225,488.1303,900
470,392.6495,56.01814,472.801,900
471,96.74666,-319.70947,505.04736,900
472,422.7595,93.47599,477.09473,900
473,87.5427,-374.71576,494.24762,900
474,90.40632,-498.3476,511.69354,900
475,95.156906,-263.4287,499.59515,900
476,90.704056,-386.95905,501.4751,900
477,443.01297,113.23142,488.05533,900
478,94.95621,-285.91257,507.89685,900
479,93.292595,-505.00394,482.19324,900
480,431.73596,101.87846,481.63702,900
481,429.28934,103.57027,477.72156,900
482,124.92295,-145.51375,538.7249,900
483,386.94562,62.515812,448.22595,900
484,100.78499,-319.0241,487.07166,900
485,98.187126,-252.35149,507.50424,900
486,397.9294,67.165276,464.7525,900
487,333.19724,-36.268753,494.70203,900
488,160.94583,-321.46878,500.3926,900
489,433.4918,120.09768,464.32007,900
490,86.365005,-464.79895,490.5335,900
491,249.1757,-171.93999,472.56982,900
492,416.8726,88.65799,512.3895,900
493,219.10768,-171.93083,481.80264,900
494,106.17514,-261.4928,487.3492,900
495,444.7546,111.75625,490.74432,900
496,133.13692,-120.15165,547.4451,900
497,354.82224,9.006099,465.48645,900
0,490.14734,175.64641,519.00085,950
1,110.20171,-220.478,490.4171,950
2,450.129,139.7054,490.7124,950
3,107.47215,-309.15167,499.34894,950
4,120.96639,-167.383,497.51935,950
5,118.88967,-164.94894,485.5775,950
6,476.7857,165.5104,510.2737,950
7,334.7055,-3.783781,497.08136,950
8,132.09663,-104.10895,490.63336,950
9,134.98293,-126.685844,466.5629,950
10,460.66165,156.93814,505.0948,950
11,423.3806,111.186646,481.65027,950
12,313.23233,-46.18288,486.3118,950
13,105.62779,-403.6529,484.5344,950
14,112.60264,-200.81815,491.87775,950
15,394.91556,78.45452,476.22134,950
16,474.17395,162.60735,508.1169,950
17,157.51205,-311.67676,496.42618,950
18,116.42505,-317.8473,475.0709,950
19,203.94203,-166.33804,483.7666,950
20,383.6727,61.84124,478.769,950
21,486.69617,173.55658,515.5795,950
22,263.73196,-98.10623,479.62268,950
23,210.21529,-59.197983,475.32117,950
24,112.4315,-217.16959,491.93976,950
25,373.04736,30.466837,491.91064,950
26,199.43306,-82.97785,453.97403,950
27,450.91608,143.47766,492.01794,950
28,474.49106,159.05676,508.2824,950
29,453.70303,138.74269,498.9499,950
30,103.7012,-264.27652,488.21198,950
31,254.33104,-137.58484,478.45697,950
32,134.6426,-104.30866,500.155,950
33,110.37863,-213.27759,485.63458,950
34,123.067795,-140.10156,487.1955,950
35,113.23009,-186.92804,484.99966,950
36,160.53026,-81.79401,567.7497,950
37,409.95303,103.113815,483.40424,950
38,193.07123,-183.87054,475.7934,950
39,206.87471,-278.78094,498.77588,950
40,126.7059,-248.63818,488.39124,950
41,109.60742,-295.85565,515.3303,950
42,122.64899,-274.88702,515.69617,950
43,122.4008,-268.6443,516.03546,950
44,405.83243,91.18041,475.6059,950
45,117.40681,-182.69348,495.50134,950
46,467.643,157.41391,503.8031,950
47,453.05222,148.23941,497.93402,950
48,117.92113,-160.41975,483.1856,950
49,164.3518,-32.457535,459.22266,950
50,120.85752,-148.59883,487.11313,950
51,474.8949,166.54965,510.73004,950
52,189.14561,-183.72133,484.1148,950
53,106.886505,-453.01,534.4452,950
54,437.05417,125.84078,488.1759,950
55,117.865326,-155.13586,472.9707,950
56,457.49088,147.7623,497.32614,950
57,432.23172,126.90777,492.69214,950
58,135.40678,-99.03782,497.64008,950
59,355.6625,7.2070575,493.75217,950
60,265.39865,-160.30847,490.60303,950
61,408.8419,95.24709,484.60352,950
62,428.64383,113.293465,491.2354,950
63,107.78595,-260.17694,499.75238,950
64,104.23935,-485.3374,537.07263,950
65,477.83328,169.58511,512.22156,950
66,107.32524,-273.59103,486.13245,950
67,450.9019,141.126,494.60507,950
68,338.14865,-21.27867,479.13504,950
69,108.54394,-230.22253,493.8356,950
70,248.62993,28.138086,546.24994,950
71,137.5895,-355.02917,492.7423,950
72,434.7916,124.70821,498.43024,950
73,146.08098,-76.66034,492.5517,950
74,244.59163,-116.93185,489.34906,950
75,128.0858,-127.46125,496.59924,950
76,176.33923,-84.54863,470.47827,950
77,125.75716,-432.25604,496.65265,950
78,446.1923,132.73595,493.26337,950
79,318.81174,72.60638,374.0358,950
80,112.15309,-197.13147,487.52432,950
81,103.427246,-320.32568,502.4879,950
82,163.675,-81.8686,577.1206,950
83,299.5859,-58.07595,490.58893,950
84,118.5459,-180.4966,498.63327,950
85,416.20145,104.30448,475.53003,950
86,293.91248,-84.37823,490.52408,950
87,108.42674,-218.56859,487.14008,950
88,119.40376,-276.39438,501.2782,950
89,144.87569,-160.56358,476.85803,950
90,377.59158,37.440224,479.22067,950
91,116.0815,-176.57259,489.41104,950
92,119.58064,-250.26959,493.79706,950
93,123.91139,-160.31247,502.9101,950
94,134.88075,-87.5301,487.49933,950
95,171.85857,-103.626465,476.7588,950
96,170.05287,-77.21966,592.3715,950
97,117.759995,-177.07063,496.05383,950
98,103.33066,-447.64185,519.2489,950
99,478.86862,166.52829,511.38586,950
100,362.0363,28.887861,484.32605,950
101,369.606,33.819798,481.46362,950
102,178.1956,-156.09082,452.73038,950
103,398.46707,82.65379,482.6687,950
104,477.85843,165.60948,512.03656,950
105,303.39325,-83.969536,477.90594,950
106,113.302734,-201.922,496.9828,950
107,117.5658,-164.88019,486.15253,950
108,334.62408,8.097672,484.3717,950
109,171.01561,-297.8058,506.65967,950
110,232.05714,-32.211964,457.12772,950
111,119.664055,-169.52943,497.86932,950
112,182.11813,-127.570984,493.85846,950
113,289.10245,-103.90089,492.48337,950
114,112.13054,-363.74496,479.64783,950
115,463.28824,153.29782,502.1715,950
116,108.3345,-377.0196,515.49274,950
117,383.48187,67.4496,481.681,950
118,114.39373,-195.04216,494.4422,950
119,205.42076,-237.77322,509.29926,950
120,480.21432,169.05923,512.55,950
121,112.708244,-207.0242,492.1197,950
122,189.2939,-48.044968,480.5313,950
123,100.59795,-313.12604,489.42398,950
124,120.903015,-159.31635,492.2982,950
125,124.22843,-149.80234,499.22052,950
126,108.559326,-409.83704,497.13214,950
127,96.46309,-449.7976,493.77692,950
128,258.35492,-45.58419,492.07233,950
129,158.42421,-188.20547,475.57965,950
130,126.02786,-120.93769,484.2705,950
131,455.50815,144.7119,495.50568,950
132,106.981445,-449.12036,528.6302,950
133,192.6281,-90.01224,676.9974,950
134,108.851074,-221.6453,486.74973,950
135,110.1816,-208.75769,489.5915,950
136,103.17842,-392.7658,476.48645,950
137,116.13412,-171.43774,486.62848,950
138,151.5803,-68.94541,511.32214,950
139,419.13718,107.340294,477.89822,950
140,386.76212,66.8803,485.37585,950
141,123.39815,-136.74713,484.45416,950
142,119.30287,-135.70612,473.2201,950
143,107.41672,-232.63977,488.63348,950
144,481.7026,170.72481,513.343,950
145,450.9675,140.4461,492.3308,950
146,109.49893,-276.35278,500.26205,950
147,106.52339,-392.7837,488.00903,950
148,394.46362,76.78594,490.08533,950
149,126.72513,-160.67758,496.70132,950
150,108.93945,-278.078,482.74042,950
151,123.3497,-154.36443,499.86237,950
152,255.09177,-108.98679,495.95044,950
153,106.78558,-316.2416,495.6059,950
154,107.58511,-317.68707,497.1903,950
155,105.39435,-301.15182,488.12216,950
156,146.58812,-88.23512,528.07214,950
157,125.19629,-162.50308,484.26556,950
158,482.97256,171.47148,511.66534,950
159,102.110275,-327.79816,500.16327,950
160,210.6118,-82.08024,455.3874,950
161,448.37317,140.00327,493.5371,950
162,124.81097,-154.24219,501.08115,950
163,105.5049,-508.40997,530.4744,950
164,144.75058,-85.38378,519.4355,950
165,115.86857,-176.09842,487.3241,950
166,117.98422,-187.95023,503.73505,950
167,147.79707,-79.17759,522.9044,950
168,115.29636,-254.77747,477.55685,950
169,457.1838,147.04555,495.91058,950
170,403.95517,94.060356,483.38947,950
171,485.0601,172.7726,514.9501,950
172,164.49829,-154.1247,497.46585,950
173,109.68107,-259.7414,494.46875,950
174,116.05534,-182.61267,493.2979,950
175,188.66335,-33.4712,461.33606,950
176,104.535645,-323.44257,477.7798,950
177,430.49802,118.523735,485.7885,950
178,109.58072,-213.84877,489.3694,950
179,116.71163,-510.72552,528.7,950
180,118.9394,-162.37277,490.8609,950
181,155.48863,-238.7202,474.20004,950
182,173.62749,-74.36099,517.93567,950
183,149.00526,-123.37235,475.01636,950
184,470.7457,159.95749,506.40582,950
185,127.26147,-213.58005,478.0101,950
186,392.77637,78.802475,482.46588,950
187,137.49942,-101.12147,507.72748,950
188,158.68243,-129.5939,464.63763,950
189,160.25645,-254.69786,483.05725,950
190,101.810684,-308.56155,490.6717,950
191,151.50131,-298.52878,486.2905,950
192,219.44136,-175.43907,493.63055,950
193,109.66829,-266.85452,504.7705,950
194,128.7833,-119.41161,491.54938,950
195,366.52304,46.195023,486.16028,950
196,266.266,-25.924059,474.4004,950
197,108.46243,-248.56487,486.11942,950
198,120.142624,-163.82639,493.5833,950
199,124.00751,-136.42569,488.09875,950
200,98.96161,-284.34583,478.1585,950
201,115.79031,-287.10315,491.29175,950
202,135.41551,-114.91166,507.6878,950
203,133.99477,-98.33857,493.11987,950
204,344.0685,36.705826,480.41583,950
205,142.33714,-76.14927,500.86597,950
206,101.004074,-507.8824,508.3601,950
207,432.17764,123.965675,491.65958,950
208,246.93507,-195.7938,494.74982,950
209,126.07039,-146.81,501.27783,950
210,471.17123,159.9751,506.00925,950
211,118.95046,-161.49188,488.67383,950
212,110.83954,-371.82022,474.9055,950
213,121.78728,-483.9733,511.2163,950
214,365.27786,51.547127,488.2683,950
215,132.1464,-121.31568,502.22296,950
216,452.49747,142.74301,496.44812,950
217,305.42422,-15.178021,492.30582,950
218,136.50768,-167.09505,473.71588,950
219,131.16512,-292.56998,513.95514,950
220,121.234085,-342.71802,485.48865,950
221,111.79671,-200.94604,489.7967,950
222,133.6695,-99.16428,492.73743,950
223,108.72975,-390.0649,488.2567,950
224,244.32881,-130.34085,491.34473,950
225,113.27541,-247.06116,467.08377,950
226,111.96817,-202.0289,490.7026,950
227,99.10376,-317.27313,484.54913,950
228,111.93562,-205.65979,494.42706,950
229,113.45579,-177.86023,480.898,950
230,150.83076,-88.51734,471.68884,950
231,104.365456,-360.11197,485.90268,950
232,419.9071,109.71627,487.06827,950
233,128.91693,-373.9265,515.33545,950
234,92.83704,-456.73315,486.52115,950
235,131.47388,-129.3878,509.06128,950
236,118.351944,-482.15332,528.373,950
237,110.40225,-367.37567,536.6054,950
238,108.81874,-215.77371,485.80182,950
239,180.61658,-105.974106,467.35187,950
240,121.06494,-177.17856,507.32162,950
241,112.75511,-189.39423,482.1349,950
242,233.61676,-147.13419,498.4982,950
243,105.976875,-240.04578,485.6364,950
244,114.98828,-179.17267,487.31598,950
245,144.04346,-77.00707,506.10785,950
246,120.11864,-157.69792,490.13196,950
247,301.497,-63.2314,494.8876,950
248,152.50838,-128.94995,474.41943,950
249,110.567856,-187.9162,476.61948,950
250,107.88261,-278.16174,502.7645,950
251,212.8926,-221.76353,502.00745,950
252,316.0059,-33.804337,494.66614,950
253,107.79871,-429.00793,496.21918,950
254,117.45816,-136.77287,467.1277,950
255,437.81796,130.50067,495.73077,950
256,125.03357,-241.22728,484.24576,950
257,105.86839,-246.3107,489.70355,950
258,129.35927,-113.65855,489.4253,950
259,129.62161,-222.97339,509.87982,950
260,107.94916,-353.60974,526.90643,950
261,114.18591,-194.54343,492.46448,950
262,161.67107,-170.41356,493.5497,950
263,128.20737,-122.92164,491.83978,950
264,208.37955,-93.11794,476.7258,950
265,139.19034,-194.66776,489.862,950
266,121.22075,-146.28146,486.6714,950
267,162.34386,-80.59908,572.94305,950
268,280.2772,-120.24697,490.92535,950
269,382.28278,65.70021,470.84534,950
270,107.59417,-234.3446,491.7882,950
271,111.8365,-246.25607,487.76166,950
272,141.8818,-86.638756,510.82095,950
273,106.33595,-400.38007,528.237,950
274,411.4836,107.35612,481.70038,950
275,120.731926,-156.26357,491.07635,950
276,172.73706,-96.46842,617.48425,950
277,196.40256,-209.75484,490.72382,950
278,429.0788,118.64536,483.3647,950
279,108.12417,-282.36078,509.30533,950
280,123.58882,-144.81723,493.9046,950
281,116.27948,-340.7229,485.84015,950
282,120.09424,-157.08691,489.63113,950
283,135.72807,-360.92075,489.72113,950
284,157.52382,-80.89666,557.0927,950
285,270.61777,-110.03093,485.7646,950
286,140.81758,-328.84943,488.3095,950
287,102.966805,-451.81818,520.81104,950
288,106.211784,-250.3358,491.0631,950
289,111.2625,-449.9284,507.22614,950
290,135.73308,-110.63501,505.06702,950
291,446.17822,137.67899,491.90393,950
292,139.9907,-319.91138,486.09885,950
293,476.59683,164.48975,509.25,950
294,484.35648,172.47528,514.1477,950
295,389.33264,72.72642,480.1703,950
296,99.09838,-411.25073,504.63882,950
297,188.84583,-227.75797,502.37265,950
298,100.33716,-444.65576,498.03705,950
299,482.0201,171.60315,513.7238,950
300,483.4506,168.4967,516.40045,950
301,330.7662,-12.099048,496.70898,950
302,183.43228,-307.32114,504.1714,950
303,103.78894,-316.03458,468.95215,950
304,133.5358,-101.85432,495.37164,950
305,226.55559,-230.97108,508.75116,950
306,368.1579,47.928024,494.50974,950
307,221.21254,-176.81235,498.7843,950
308,103.35278,-339.20016,506.91162,950
309,104.41397,-335.59924,512.58936,950
310,173.1335,-76.9137,501.59653,950
311,423.0842,110.55877,488.01514,950
312,114.92145,-183.26947,488.68994,950
313,132.55293,-121.27485,503.6009,950
314,126.242615,-122.7754,485.6032,950
315,110.14897,-210.62718,488.8166,950
316,158.777,-153.79495,453.3715,950
317,286.19452,-89.54511,487.83527,950
318,116.47621,-287.42877,473.35382,950
319,127.78516,-114.73899,484.93378,950
320,108.188705,-427.4862,536.69,950
321,102.65796,-471.04065,524.20056,950
322,195.38255,-288.07288,513.6026,950
323,212.40288,-177.2389,490.13214,950
324,177.63968,-79.88017,620.1409,950
325,141.08257,-88.261345,510.04648,950
326,122.85184,-145.16371,491.04297,950
327,428.6049,113.838165,484.37433,950
328,153.05913,-103.119225,481.4841,950
329,118.99147,-153.48323,484.64755,950
330,430.97815,120.13387,484.91333,950
331,131.39525,-109.496056,490.9048,950
332,182.55968,-226.16444,505.5863,950
333,291.86722,-70.22567,493.73386,950
334,482.75772,170.24924,513.325,950
335,155.30092,-357.1421,506.59644,950
336,107.272545,-315.597,500.6184,950
337,272.68805,-68.16495,493.86108,950
338,121.79675,-152.54373,491.4362,950
339,118.92584,-184.83197,502.5699,950
340,107.87503,-366.99695,529.0345,950
341,211.79723,-68.327545,461.3676,950
342,97.81966,-427.13586,469.52673,950
343,434.06424,123.96993,488.18384,950
344,451.76962,142.61002,495.83746,950
345,427.43454,119.558784,488.89233,950
346,136.18263,-116.74781,511.22812,950
347,109.953354,-205.04251,485.59473,950
348,107.176605,-378.4602,475.31927,950
349,125.92569,-133.81476,491.95383,950
350,109.63252,-224.33456,487.187,950
351,112.92615,-376.67413,492.6485,950
352,104.32946,-219.12294,473.80408,950
353,117.976715,-187.9462,503.78564,950
354,122.11407,-163.26889,502.29013,950
355,168.57687,-92.21039,601.7631,950
356,167.26962,-251.34702,478.9535,950
357,106.50954,-315.19492,511.0077,950
358,115.23021,-178.77138,486.9154,950
359,243.08766,-77.60501,474.69104,950
360,456.54108,148.16962,496.40656,950
361,435.9506,128.3149,488.92725,950
362,128.79118,-131.2961,498.71588,950
363,132.01004,-115.53325,500.8614,950
364,285.15103,-42.105278,481.10406,950
365,383.29874,60.69389,473.51648,950
366,105.66016,-239.28036,485.59442,950
367,101.05289,-271.85913,481.0325,950
368,117.809875,-221.60358,488.01685,950
369,158.61107,-80.71609,559.73016,950
370,119.59951,-141.25732,477.63904,950
371,483.14548,171.29846,513.726,950
372,156.69313,-81.82006,555.2192,950
373,475.30856,165.16962,510.00378,950
374,124.26918,-157.45996,501.59058,950
375,120.88257,-141.21774,481.73868,950
376,98.79016,-406.38947,506.00473,950
377,134.59029,-120.62054,512.836,950
378,395.8002,79.35079,475.1587,950
379,128.64165,-109.38732,485.17444,950
380,149.27782,-85.256386,535.0029,950
381,111.11195,-181.81082,475.01843,950
382,368.36838,46.54498,480.54297,950
383,278.87326,-94.9894,493.35745,950
384,414.7031,99.54867,483.9438,950
385,102.84118,-331.0147,499.39,950
386,474.7953,165.87274,512.65106,950
387,137.27336,-106.22092,511.15994,950
388,414.61264,103.24635,483.65198,950
389,113.79184,-200.69788,497.25555,950
390,157.644,-73.863754,548.05963,950
391,325.94943,-28.605623,483.5031,950
392,126.202286,-129.23494,489.9866,950
393,139.51738,-309.3942,485.2945,950
394,341.93582,63.683907,463.18787,950
395,208.43047,-93.035164,729.77814,950
396,126.79956,-122.1028,487.33353,950
397,104.83675,-480.49493,522.34973,950
398,476.32605,164.82788,509.0846,950
399,125.2713,-168.38113,515.6351,950
400,482.60858,170.43617,514.1423,950
401,117.820045,-161.77917,479.78915,950
402,433.6441,124.327156,487.787,950
403,133.01659,-375.83472,517.71295,950
404,403.7646,88.24654,488.7102,950
405,190.15874,-216.206,481.28363,950
406,125.63642,-141.82846,498.61176,950
407,186.1265,-52.34904,518.13354,950
408,421.62988,110.84472,482.08994,950
409,102.02087,-525.94696,509.5835,950
410,427.71652,117.28326,484.80768,950
411,438.00565,128.35432,490.07404,950
412,115.95784,-183.93616,492.34247,950
413,109.98834,-227.23932,484.48495,950
414,176.10738,-272.53348,493.33716,950
415,105.381165,-362.298,496.96686,950
416,123.69585,-131.61241,483.9359,950
417,123.52461,-149.896,495.43945,950
418,118.34308,-148.36209,473.1048,950
419,120.94882,-191.40222,491.62967,950
420,422.6035,107.3034,482.17728,950
421,181.04202,-156.01355,486.51526,950
422,244.37527,-3.2982562,447.1612,950
423,120.060036,-162.46341,492.14633,950
424,129.90944,-166.35645,481.73837,950
425,176.11525,-264.745,504.21658,950
426,117.28404,-453.2011,525.7698,950
427,143.28166,-85.9136,514.89813,950
428,124.34065,-169.0861,513.504,950
429,130.07022,-123.618996,499.97354,950
430,157.44743,-74.201126,549.123,950
431,174.83653,-381.70398,523.32825,950
432,115.709564,-375.085,557.5371,950
433,252.85216,-109.3812,488.3389,950
434,116.455765,-174.66263,488.71185,950
435,478.8699,166.76747,511.02606,950
436,280.2416,-44.56613,457.47012,950
437,107.4442,-331.10175,506.76294,950
438,422.2941,109.461464,485.60187,950
439,113.00087,-217.59772,493.8634,950
440,412.35965,100.14747,478.33545,950
441,475.29755,164.52829,508.7602,950
442,121.25656,-165.75491,500.85052,950
443,105.02028,-229.04436,476.3826,950
444,113.57851,-196.20343,492.70874,950
445,480.30862,169.80914,513.08826,950
446,117.26677,-186.29391,500.13272,950
447,101.86454,-440.73773,501.8725,950
448,109.77916,-490.8852,506.98657,950
449,128.55533,-135.07578,500.4991,950
450,105.167496,-283.9475,471.39886,950
451,217.04372,-149.3693,492.84805,950
452,105.69556,-264.05847,492.6566,950
453,451.55334,140.94058,494.7324,950
454,126.20448,-130.80284,492.64465,950
455,96.16674,-300.9425,473.12048,950
456,106.91349,-470.1095,536.3527,950
457,121.34367,-220.04776,489.08478,950
458,182.26376,-60.909103,496.93518,950
459,155.79875,-378.04922,485.2863,950
460,318.0933,-7.3056426,474.9784,950
461,430.54404,123.94171,487.41364,950
462,143.99564,-86.029366,517.5349,950
463,106.81651,-229.88335,487.87903,950
464,140.10521,-378.92395,516.19464,950
465,122.59311,-200.1263,483.5763,950
466,122.01904,-141.04315,485.04086,950
467,108.1018,-409.18628,495.1898,950
468,109.31874,-220.10515,481.0846,950
469,116.86818,-475.51755,517.08203,950
470,342.69382,30.748657,478.40308,950
471,104.92675,-334.92007,484.8329,950
472,488.53824,169.60153,523.88275,950
473,111.52998,-200.39905,488.78754,950
474,105.246185,-402.4444,517.6069,950
475,117.255325,-171.29266,489.04764,950
476,115.1773,-172.83896,483.04224,950
477,482.79135,170.96535,513.1123,950
478,113.18721,-175.27682,477.6513,950
479,146.24527,-220.53812,492.979,950
480,455.0811,144.02905,495.396,950
481,482.51443,171.3956,513.4013,950
482,159.37022,-81.553154,563.53125,950
483,415.21628,104.369225,477.89734,950
484,114.060936,-206.39099,473.27435,950
485,121.33197,-142.06902,483.73843,950
486,410.48447,95.46584,474.6675,950
487,434.1683,120.11509,493.2456,950
488,123.697975,-335.67087,501.74988,950
489,496.62198,187.15955,515.6748,950
490,103.27713,-459.80396,518.85767,950
491,178.63904,-274.27643,492.99106,950
492,439.25998,177.03488,497.58932,950
493,229.6365,-62.59131,489.91028,950
494,125.39628,-157.14438,503.1685,950
495,479.34653,167.06157,512.0255,950
496,159.26883,-80.49743,561.96454,950
497,332.3804,-21.648478,487.23068,950
0,458.49738,138.51201,489.09915,1000
1,111.49973,-216.933,486.78827,1000
2,390.3292,72.78207,450.4157,1000
3,128.96211,-250.05588,471.7818,1000
4,119.28053,-192.59073,502.99072,1000
5,139.96312,-134.04129,486.3343,1000
6,452.8854,133.29594,488.49817,1000
7,375.3185,68.90104,471.00574,1000
8,173.78716,-73.88199,542.6649,1000
9,155.0695,-104.47124,481.6944,1000
10,437.89398,130.83664,494.67377,1000
11,377.0989,53.530865,453.50378,1000
12,385.3162,67.920975,460.6283,1000
13,104.43606,-390.6603,454.25775,1000
14,105.45301,-318.31082,503.58078,1000
15,419.23145,102.62811,465.98065,1000
16,453.58762,133.26642,487.6363,1000
17,177.27417,-278.59268,473.35916,1000
18,123.33248,-328.78967,459.10034,1000
19,318.81985,17.274805,451.59198,1000
20,418.41202,101.29649,468.44427,1000
21,459.08273,139.00407,489.2967,1000
22,172.53206,-277.5953,459.46753,1000
23,191.93956,-49.95992,468.758,1000
24,132.47258,-205.87125,492.2528,1000
25,338.48428,-31.611216,473.9323,1000
26,151.45726,-164.35353,453.30743,1000
27,442.64594,125.13492,480.7183,1000
28,455.03854,135.1289,486.4082,1000
29,406.10062,84.159134,465.6958,1000
30,114.05674,-230.24323,507.56134,1000
31,143.78412,-300.65152,453.14874,1000
32,124.00915,-198.19472,514.6954,1000
33,113.651146,-329.9338,465.53046,1000
34,139.90886,-119.06668,500.14288,1000
35,139.61388,-128.30719,490.58783,1000
36,178.05269,-94.817764,588.6029,1000
37,414.81677,112.36403,479.34906,1000
38,229.9493,-38.35244,433.79077,1000
39,128.101,-445.90482,456.778,1000
40,181.49371,-149.22115,447.6453,1000
41,107.441284,-236.15277,490.76514,1000
42,105.9109,-316.60916,483.01904,1000
43,229.82066,-83.506516,483.8636,1000
44,335.43948,-11.099607,458.2655,1000
45,115.428185,-204.85056,497.29382,1000
46,440.57254,122.49805,478.3129,1000
47,456.46036,140.07156,494.8921,1000
48,109.02934,-239.44943,497.03882,1000
49,159.18578,-89.06559,487.51764,1000
50,117.7067,-225.11292,514.5339,1000
51,457.40445,139.31625,494.526,1000
52,233.2686,-60.404514,455.9945,1000
53,106.123024,-503.43387,505.14175,1000
54,383.62216,63.029034,455.82523,1000
55,139.32576,-147.07523,474.57733,1000
56,441.06467,123.15938,480.45605,1000
57,429.591,116.58202,483.5501,1000
58,137.22878,-116.57771,500.58923,1000
59,379.89938,57.598248,460.87512,1000
60,161.02022,-364.7542,456.1172,1000
61,346.61148,13.99702,461.51703,1000
62,444.98172,125.05812,485.91492,1000
63,108.80599,-245.84666,499.20898,1000
64,103.62834,-479.27597,501.5797,1000
65,455.17264,136.88553,491.349,1000
66,106.76585,-401.31625,465.25793,1000
67,418.70865,102.74277,467.48767,1000
68,356.86948,24.01921,448.81744,1000
69,102.011986,-319.59988,492.55545,1000
70,294.22867,29.976284,606.32776,1000
71,168.32259,-264.2861,456.82938,1000
72,394.218,81.56914,473.26892,1000
73,182.85162,-59.39636,515.0713,1000
74,282.31442,-69.10264,474.26666,1000
75,138.27394,-164.21973,530.9442,1000
76,240.21614,-32.178402,443.25122,1000
77,126.67973,-424.283,460.4707,1000
78,380.05582,54.148808,462.20764,1000
79,328.66922,3.9031763,457.643,1000
80,112.051506,-215.65138,495.34155,1000
81,107.94779,-478.73834,520.95294,1000
82,138.42256,-135.91052,514.4682,1000
83,312.9539,-9.136752,463.30322,1000
84,117.197075,-200.65967,500.9604,1000
85,335.2195,-14.10766,458.1477,1000
86,287.00668,-67.075966,465.39664,1000
87,111.25099,-238.7219,502.53986,1000
88,104.01173,-305.71896,479.10034,1000
89,169.17714,-77.0675,469.31366,1000
90,313.79514,-56.0907,444.2967,1000
91,105.41619,-312.25708,488.31085,1000
92,117.673965,-185.64996,476.34424,1000
93,109.76916,-212.41934,485.59372,1000
94,142.47466,-112.62039,509.22513,1000
95,160.81291,-142.04266,472.68625,1000
96,179.99504,-91.719475,599.6876,1000
97,114.96714,-235.86273,513.3596,1000
98,107.510895,-349.99594,489.00818,1000
99,455.21463,135.79503,489.39563,1000
100,322.62637,-6.2832413,462.50543,1000
101,319.76944,-40.089546,458.78308,1000
102,163.1664,-170.82414,446.13165,1000
103,324.73038,-8.012558,469.62268,1000
104,444.1816,123.628174,487.0398,1000
105,388.73514,69.702484,449.7707,1000
106,112.903946,-249.0964,512.1635,1000
107,112.77355,-212.55426,496.04004,1000
108,312.58554,1.0077523,456.9923,1000
109,170.54897,-316.05716,475.7141,1000
110,269.67935,25.736706,455.59253,1000
111,116.892426,-232.44176,516.5196,1000
112,190.54701,-101.00339,467.65833,1000
113,155.70207,-362.33322,468.77966,1000
114,139.31743,-280.39398,456.93024,1000
115,448.33206,129.72574,487.5224,1000
116,104.39346,-314.68887,497.80212,1000
117,422.91116,106.85302,475.8701,1000
118,117.959465,-182.18935,490.2119,1000
119,254.98022,-55.409412,451.88583,1000
120,459.53885,140.10669,491.68372,1000
121,108.94442,-221.4509,487.22723,1000
122,209.90187,-34.01331,476.38904,1000
123,105.98441,-272.7379,496.61334,1000
124,130.60677,-146.42268,502.65698,1000
125,112.66061,-234.2117,505.24207,1000
126,106.84028,-224.67717,483.31726,1000
127,104.54981,-495.55188,490.20337,1000
128,319.2761,36.08236,479.45837,1000
129,224.26863,-100.50043,447.38318,1000
130,131.79576,-160.52673,511.9687,1000
131,430.29425,113.32439,473.05566,1000
132,104.41507,-514.53094,494.20142,1000
133,216.97499,-87.29631,674.6547,1000
134,115.371506,-203.40582,498.11194,1000
135,109.04684,-266.4872,491.44885,1000
136,108.64601,-448.32278,458.79575,1000
137,107.23362,-278.70682,503.68042,1000
138,211.21622,-36.746696,550.00684,1000
139,332.06482,-17.0326,458.86682,1000
140,395.56387,77.95575,468.64246,1000
141,190.69455,-57.408306,478.81305,1000
142,154.16805,-84.00839,470.81427,1000
143,106.86286,-288.79227,504.3326,1000
144,457.85934,138.81459,491.89923,1000
145,441.8697,123.91933,478.2928,1000
146,142.1986,-261.22775,450.40747,1000
147,120.603745,-356.10577,445.5694,1000
148,414.9647,92.111435,473.7973,1000
149,136.12483,-141.58798,474.0244,1000
150,106.00616,-317.13785,471.5315,1000
151,120.95876,-211.84836,514.6903,1000
152,308.34232,-24.002253,465.32883,1000
153,125.524574,-289.84595,455.4424,1000
154,115.64483,-310.95224,453.4743,1000
155,109.61401,-351.69284,493.411,1000
156,165.87798,-98.43798,557.05676,1000
157,136.07127,-186.9285,479.40393,1000
158,443.27133,124.42385,480.02844,1000
159,105.3774,-408.52432,505.216,1000
160,216.26767,-49.376537,454.56628,1000
161,441.3018,124.25247,482.49765,1000
162,111.06888,-265.42825,490.56726,1000
163,105.43644,-497.22357,481.01636,1000
164,135.89546,-152.59157,516.64325,1000
165,124.292336,-162.4598,496.97345,1000
166,110.80844,-277.55487,514.35364,1000
167,154.92967,-110.26401,538.0738,1000
168,147.90315,-186.53589,475.30243,1000
169,453.11084,133.85355,486.05063,1000
170,423.82755,109.29863,476.7403,1000
171,459.551,139.75914,489.97723,1000
172,183.11833,-89.2775,469.95593,1000
173,111.82503,-342.58066,462.46332,1000
174,127.88745,-201.51459,527.6655,1000
175,199.84648,-34.04881,488.08768,1000
176,115.431435,-301.3609,454.145,1000
177,400.73505,80.9491,464.9585,1000
178,103.658424,-280.56003,486.3954,1000
179,164.53459,-319.44406,462.75375,1000
180,124.805336,-195.28598,515.53345,1000
181,201.51543,-122.38301,457.90393,1000
182,193.33275,-61.355297,475.33203,1000
183,231.47023,-25.06035,470.3993,1000
184,443.63742,125.38837,482.48096,1000
185,136.77841,-144.02356,472.58093,1000
186,276.31326,-70.652054,457.0747,1000
187,126.24392,-185.80388,512.8738,1000
188,208.78264,-35.93606,463.1828,1000
189,246.1439,-87.23768,447.01813,1000
190,105.02303,-457.59512,506.49545,1000
191,188.3081,-166.53229,454.1895,1000
192,249.81819,-78.55847,446.09357,1000
193,107.55613,-271.871,502.73627,1000
194,124.69143,-178.66386,506.73297,1000
195,270.6207,-45.104694,452.29474,1000
196,320.78604,19.267439,462.4926,1000
197,110.656555,-228.04916,490.326,1000
198,116.01663,-214.97739,504.96814,1000
199,119.09516,-200.1471,504.57532,1000
200,98.93398,-418.1946,492.4073,1000
201,144.66475,-172.94904,475.9911,1000
202,130.4298,-138.42319,492.76855,1000
203,144.47548,-115.90579,515.976,1000
204,373.02664,76.860245,468.47284,1000
205,200.49948,-41.883762,533.40955,1000
206,114.31895,-544.9238,501.84845,1000
207,393.73163,75.81978,468.03424,1000
208,294.60205,-75.372665,457.15234,1000
209,123.9212,-162.07172,489.6618,1000
210,443.6315,125.596756,481.2666,1000
211,121.24339,-203.12317,509.98785,1000
212,130.95975,-321.40982,453.0418,1000
213,327.3138,-29.08552,453.21625,1000
214,383.05106,70.87868,466.02838,1000
215,122.2513,-185.64758,505.55774,1000
216,415.5701,99.6577,467.18442,1000
217,391.33182,82.52431,474.1138,1000
218,152.02394,-138.24557,466.83997,1000
219,162.06564,-215.03001,459.51392,1000
220,176.89293,-261.32654,462.07968,1000
221,128.46935,-151.00969,494.9322,1000
222,139.6686,-124.746704,512.37213,1000
223,112.775566,-410.59512,455.76663,1000
224,188.19398,-216.20932,468.5421,1000
225,114.0758,-301.55972,471.36676,1000
226,110.85383,-220.53581,493.50854,1000
227,103.33012,-399.0676,498.74445,1000
228,109.770096,-261.6322,506.75705,1000
229,135.41777,-128.6492,504.64227,1000
230,165.87573,-78.87605,487.23032,1000
231,100.90914,-424.1343,464.182,1000
232,399.37955,83.406296,467.48248,1000
233,102.70567,-416.26126,481.55212,1000
234,106.12383,-526.0105,503.70013,1000
235,126.270905,-183.68799,511.47894,1000
236,129.48363,-400.8752,457.57083,1000
237,110.5537,-257.1036,493.20422,1000
238,113.49825,-210.61086,493.06354,1000
239,228.7791,-39.943676,458.4615,1000
240,130.9937,-180.18726,522.093,1000
241,131.30888,-175.60358,485.81305,1000
242,191.43327,-216.46289,474.427,1000
243,106.53217,-261.6074,493.9317,1000
244,122.48377,-195.64917,510.15726,1000
245,183.05563,-59.48449,535.0875,1000
246,140.40443,-131.64888,514.90845,1000
247,347.61618,19.283049,465.8819,1000
248,140.61282,-130.71582,467.61316,1000
249,110.99984,-233.9013,500.568,1000
250,104.55193,-309.9869,498.7743,1000
251,294.6059,-67.47377,456.0962,1000
252,285.8312,-44.082523,461.1119,1000
253,109.96502,-382.43082,451.07373,1000
254,129.47342,-144.49017,494.52954,1000
255,416.84442,99.561935,478.6474,1000
256,152.09294,-178.81334,469.18478,1000
257,103.92235,-325.1746,498.77188,1000
258,120.70002,-214.24892,515.38684,1000
259,128.15552,-171.35815,476.8985,1000
260,104.267555,-498.48743,495.6586,1000
261,108.51603,-290.4155,497.35046,1000
262,127.81362,-177.95525,487.8437,1000
263,140.56732,-119.41763,512.1527,1000
264,173.59105,-151.65668,464.43457,1000
265,169.15187,-146.7894,459.2325,1000
266,137.26321,-152.01514,519.64966,1000
267,167.08635,-97.47278,561.86633,1000
268,261.03467,-135.59775,462.8905,1000
269,394.8553,79.48279,457.9782,1000
270,102.66858,-428.4647,502.1266,1000
271,113.998665,-315.2278,491.12164,1000
272,135.46135,-152.14915,514.44214,1000
273,104.937546,-410.99966,506.72522,1000
274,424.129,114.64758,482.9427,1000
275,127.01672,-177.37611,509.53622,1000
276,172.71762,-117.297485,581.74805,1000
277,195.48546,-172.72572,460.87915,1000
278,389.00955,71.90685,453.88028,1000
279,118.1937,-254.46411,492.1286,1000
280,111.14627,-230.4389,500.77957,1000
281,116.27364,-280.727,494.23898,1000
282,129.83128,-155.1018,505.98148,1000
283,108.765915,-442.1924,461.7448,1000
284,179.22089,-92.33301,594.9999,1000
285,194.98146,-202.03796,460.0219,1000
286,220.4376,-183.78543,457.84454,1000
287,105.36566,-504.27206,504.5419,1000
288,107.02832,-359.259,495.18433,1000
289,99.65238,-439.29645,457.19965,1000
290,139.83737,-121.64114,507.93472,1000
291,432.70712,117.29054,478.89432,1000
292,170.80511,-235.16936,455.3919,1000
293,456.28372,135.79608,491.80585,1000
294,459.7009,139.74812,489.53925,1000
295,314.76883,-26.295073,461.94324,1000
296,102.744225,-482.72275,497.52158,1000
297,119.438576,-330.46133,460.5993,1000
298,102.37252,-471.05505,475.30634,1000
299,458.7598,138.86328,492.85242,1000
300,463.70068,142.406,494.26605,1000
301,274.16705,-29.216564,455.38666,1000
302,282.6431,-82.17964,454.8604,1000
303,112.91039,-377.76846,459.3496,1000
304,154.83998,-107.56532,536.01526,1000
305,315.98047,-35.833675,468.27182,1000
306,358.80276,47.504353,466.5478,1000
307,229.36693,-127.36644,476.57263,1000
308,101.341805,-420.96805,491.61325,1000
309,103.09344,-437.11935,504.7862,1000
310,241.53603,-23.339529,457.88736,1000
311,416.36722,98.092224,476.35754,1000
312,109.060875,-269.76517,506.6325,1000
313,126.05746,-158.10376,499.31534,1000
314,136.2177,-135.75354,510.8489,1000
315,104.508354,-351.76633,487.28204,1000
316,120.37992,-212.63962,468.18896,1000
317,279.24585,-89.78454,461.26746,1000
318,127.71404,-265.03888,441.2597,1000
319,149.23766,-102.84849,515.81415,1000
320,111.843605,-464.6907,471.5947,1000
321,106.994125,-533.1318,500.603,1000
322,185.54341,-274.54764,474.86365,1000
323,353.70914,29.856096,464.6361,1000
324,178.09859,-90.87192,594.7863,1000
325,130.03333,-188.3311,525.1538,1000
326,123.268425,-190.48407,509.6575,1000
327,418.41086,98.21333,468.71088,1000
328,192.89204,-45.94804,477.16132,1000
329,119.33604,-209.40668,508.57318,1000
330,371.2073,46.718452,456.34198,1000
331,154.98222,-100.27977,520.4727,1000
332,238.36615,-90.386086,462.12793,1000
333,225.43196,-175.15526,469.13998,1000
334,456.5394,136.88246,488.52692,1000
335,143.05522,-364.6342,469.86102,1000
336,127.03532,-400.99326,473.92554,1000
337,200.28099,-118.29699,448.0997,1000
338,120.45628,-192.1358,504.1457,1000
339,117.57792,-184.16127,491.45178,1000
340,108.61396,-277.35117,507.83423,1000
341,321.0901,48.94029,452.9168,1000
342,102.81563,-496.4291,491.71268,1000
343,435.6435,118.6586,478.42072,1000
344,421.0001,105.35162,472.04016,1000
345,439.5929,125.65958,486.98495,1000
346,132.04852,-148.12978,509.75528,1000
347,107.34724,-270.35715,502.4087,1000
348,104.27299,-494.14243,477.34003,1000
349,149.86938,-105.40965,519.9253,1000
350,104.53093,-290.6401,496.65277,1000
351,140.4951,-284.12906,462.90613,1000
352,113.65151,-232.4606,505.9546,1000
353,111.86216,-265.71008,514.964,1000
354,129.4654,-193.37183,526.95654,1000
355,224.67827,-87.20738,678.1387,1000
356,183.19496,-187.33232,458.89868,1000
357,103.95875,-373.69406,505.0577,1000
358,119.7295,-204.43658,507.67252,1000
359,178.30363,-197.93964,471.32977,1000
360,421.64902,106.32181,469.1357,1000
361,419.61765,103.22626,469.13773,1000
362,133.81073,-140.31894,508.06573,1000
363,136.84871,-162.95154,526.04504,1000
364,273.94672,-34.11482,449.7217,1000
365,345.77737,10.770697,447.01517,1000
366,107.16425,-296.23398,502.91653,1000
367,103.83059,-417.05356,506.73358,1000
368,129.06224,-176.9172,463.69696,1000
369,151.94986,-105.669426,526.9929,1000
370,123.117455,-196.1448,511.58176,1000
371,458.6384,138.85632,489.96576,1000
372,156.10924,-99.92993,534.70825,1000
373,458.6149,139.56119,492.4144,1000
374,117.25364,-202.9188,502.63165,1000
375,110.87103,-241.11285,502.4961,1000
376,101.27036,-519.67944,478.6563,1000
377,121.45341,-227.91115,526.4851,1000
378,373.49792,49.419838,459.534,1000
379,137.73811,-145.12251,515.97235,1000
380,157.60847,-101.38988,539.27893,1000
381,105.617485,-253.43997,482.1353,1000
382,333.70145,9.469531,456.4465,1000
383,292.7074,-63.395973,462.42303,1000
384,437.27286,119.53179,476.2864,1000
385,101.94573,-386.96677,473.4837,1000
386,454.93207,137.85577,498.04126,1000
387,126.41678,-200.07239,522.1283,1000
388,415.43607,96.95648,478.13995,1000
389,102.103905,-401.74332,503.0951,1000
390,134.46408,-130.5281,503.66245,1000
391,274.73178,-108.34828,460.35974,1000
392,123.68432,-179.48248,505.41675,1000
393,167.99977,-163.33755,449.81616,1000
394,334.83142,66.604324,455.0643,1000
395,237.88826,-89.6088,734.2379,1000
396,128.98499,-169.57089,511.92572,1000
397,101.099335,-400.30804,475.6126,1000
398,453.36447,133.76416,488.0584,1000
399,105.467,-254.2612,489.5144,1000
400,444.32162,123.42969,481.71692,1000
401,105.7864,-261.71423,493.31952,1000
402,366.73532,41.45428,463.69482,1000
403,252.0514,-89.326706,446.32367,1000
404,384.01175,64.38214,465.00024,1000
405,243.18176,-105.187,455.87585,1000
406,123.796104,-198.41638,514.3056,1000
407,126.90746,-154.72614,488.1981,1000
408,412.50046,95.88263,467.88385,1000
409,110.08106,-544.48376,480.60928,1000
410,395.13937,78.30754,459.5736,1000
411,448.94638,130.53482,485.66208,1000
412,107.59875,-236.46773,479.79065,1000
413,129.97684,-188.87222,486.4766,1000
414,203.93788,-172.08788,451.41376,1000
415,105.264824,-382.65836,445.1903,1000
416,133.34917,-145.94083,507.75903,1000
417,134.41081,-143.7743,495.79236,1000
418,110.4269,-249.41614,497.53763,1000
419,129.72466,-173.14404,469.6103,1000
420,417.99423,96.92467,472.3475,1000
421,133.26422,-187.008,478.33148,1000
422,244.39062,-51.9452,447.23383,1000
423,115.13096,-211.46927,484.39377,1000
424,157.64792,-193.75113,477.83563,1000
425,180.7354,-261.4164,467.5866,1000
426,113.19875,-370.37076,436.56873,1000
427,135.94643,-145.1926,512.3319,1000
428,125.91233,-208.09845,527.00085,1000
429,130.49596,-180.91534,521.1583,1000
430,189.05138,-88.75673,621.44336,1000
431,113.37026,-558.4743,506.65976,1000
432,103.72492,-336.41846,502.45395,1000
433,226.6624,-109.41452,455.49796,1000
434,107.70441,-272.6703,502.42987,1000
435,449.45532,130.39703,483.20984,1000
436,281.24963,-98.76035,457.49573,1000
437,107.346825,-346.6947,489.1897,1000
438,419.8627,103.37422,472.15707,1000
439,107.930466,-393.40152,485.13165,1000
440,422.25156,103.575806,471.35498,1000
441,456.9053,137.56882,489.55728,1000
442,107.58041,-282.1795,505.38293,1000
443,103.53554,-448.7739,472.94354,1000
444,117.57569,-211.23782,488.07507,1000
445,445.69443,128.90082,488.0564,1000
446,107.26871,-283.56934,500.72357,1000
447,123.66475,-460.56943,477.01086,1000
448,113.74756,-473.72565,476.882,1000
449,124.16271,-165.89264,496.60568,1000
450,179.71329,-90.91264,443.67212,1000
451,247.66537,-105.39752,464.30615,1000
452,107.5215,-298.9426,506.61694,1000
453,395.5671,77.83501,455.38092,1000
454,132.51833,-171.66393,520.1118,1000
455,94.30334,-428.227,473.53683,1000
456,106.67913,-343.4247,455.3332,1000
457,120.60058,-242.11023,494.35135,1000
458,187.603,-60.371567,503.42377,1000
459,149.6122,-392.82498,451.43317,1000
460,353.6099,52.786545,464.55035,1000
461,364.48038,46.636806,459.35684,1000
462,137.37915,-149.19461,517.5984,1000
463,102.573845,-343.13278,500.16742,1000
464,163.79674,-300.08548,467.71967,1000
465,130.14258,-159.99393,491.0763,1000
466,138.98006,-120.55632,507.77377,1000
467,116.04365,-335.29092,452.97272,1000
468,109.746925,-298.77454,487.708,1000
469,121.78836,-467.4902,478.55383,1000
470,336.52612,45.19791,457.56964,1000
471,106.23191,-346.59213,480.49548,1000
472,396.39755,76.70193,460.63507,1000
473,104.29544,-287.2585,493.88257,1000
474,105.19109,-469.94962,491.0011,1000
475,111.34727,-278.4332,488.05392,1000
476,114.5728,-221.89462,504.19238,1000
477,457.20676,137.66646,488.7545,1000
478,103.2042,-323.0225,483.20538,1000
479,111.96122,-405.8937,457.20947,1000
480,445.8658,126.89014,482.74106,1000
481,457.08542,137.92703,489.04114,1000
482,164.32936,-91.784775,551.80115,1000
483,390.96088,73.67627,455.70184,1000
484,116.483665,-202.71039,491.27667,1000
485,120.209915,-203.49307,508.8278,1000
486,386.42157,65.96603,450.2945,1000
487,454.51688,133.8597,488.6111,1000
488,164.46526,-185.44263,480.9505,1000
489,464.04987,143.01933,498.1944,1000
490,103.74116,-462.5759,497.2605,1000
491,175.42458,-156.4195,441.6903,1000
492,416.93497,148.83737,502.67697,1000
493,236.09117,-66.93791,471.7203,1000
494,173.9692,-87.56394,461.24402,1000
495,450.04077,130.32047,485.87973,1000
496,150.91402,-103.323654,524.6404,1000
497,292.79776,-67.25317,465.7976,1000
