,x,y,z,iter
0,101.33841,-150.08151,350.8186,50
1,493.36255,-722.5935,1704.217,50
2,319.12048,-6.516159,463.21466,50
3,329.349,-482.28116,1137.1343,50
4,383.36215,-561.06964,1323.3455,50
5,445.4592,-652.1064,1538.0575,50
6,102.04998,-151.25159,353.30377,50
7,348.5686,-510.73093,1204.009,50
8,479.64462,-702.46674,1656.7007,50
9,255.29646,-374.22638,881.71326,50
10,295.33643,-432.72144,1019.95636,50
11,101.58203,-149.9552,351.2659,50
12,257.74048,-377.6295,889.90234,50
13,384.59326,-563.2874,1328.2408,50
14,349.53027,-511.9544,1207.1389,50
15,145.76767,-214.00499,503.32724,50
16,122.78373,-180.76527,424.30847,50
17,259.42062,-380.19186,895.8771,50
18,340.98923,-499.64255,1177.7797,50
19,274.19333,-401.82205,946.9416,50
20,151.0795,-221.83113,521.7781,50
21,105.55614,-156.01328,365.3084,50
22,245.26056,-359.753,847.31396,50
23,265.85403,-389.64383,918.16644,50
24,305.91565,-448.16852,1056.4022,50
25,121.99449,-179.81062,421.8762,50
26,261.98257,-383.82397,904.52295,50
27,164.34695,-241.56824,567.9823,50
28,105.37036,-155.50029,364.3502,50
29,306.2662,-448.98456,1058.131,50
30,413.11185,-604.8185,1426.4825,50
31,276.40936,-405.10355,954.64124,50
32,392.52817,-574.7179,1355.4548,50
33,381.9772,-559.60535,1319.2958,50
34,407.11124,-596.32166,1406.083,50
35,462.0799,-676.2407,1595.2067,50
36,653.77313,-956.607,2256.9924,50
37,196.05888,-287.71042,677.3098,50
38,494.08017,-723.61536,1706.5642,50
39,115.26065,-169.7824,398.3052,50
40,327.6472,-479.86108,1131.2836,50
41,423.336,-619.7716,1461.7319,50
42,389.50015,-570.2783,1344.8331,50
43,498.598,-729.8908,1721.6992,50
44,344.36594,-5.540621,498.31943,50
45,386.82364,-566.6474,1336.0061,50
46,217.24028,-9.990482,321.13992,50
47,282.52237,-413.87653,975.4928,50
48,616.3703,-902.04834,2128.2637,50
49,390.2501,-571.3387,1347.4204,50
50,577.95667,-846.0957,1996.0591,50
51,111.34535,-164.25261,385.023,50
52,375.24164,-549.7762,1296.1486,50
53,195.81737,-287.1563,676.1849,50
54,345.69623,-5.520121,500.2023,50
55,291.66995,-427.36472,1007.24805,50
56,118.30326,-174.16925,408.78238,50
57,160.43922,-235.6004,554.1791,50
58,602.286,-881.18774,2079.1318,50
59,113.27545,-167.13222,391.83392,50
60,28.075731,-16.013865,62.55309,50
61,105.904854,-156.28325,366.2229,50
62,161.79202,-237.36533,558.61523,50
63,574.35974,-840.4741,1983.0261,50
64,561.96063,-822.2945,1939.9877,50
65,137.11737,-201.46881,473.53745,50
66,395.50656,-579.10547,1365.6179,50
67,318.8258,-6.8198214,463.11627,50
68,242.02075,-354.68127,835.6979,50
69,397.623,-581.6896,1372.1888,50
70,595.2243,-871.2016,2055.3525,50
71,357.5118,-523.6255,1234.6595,50
72,103.32867,-152.61517,357.4068,50
73,495.64655,-725.5438,1711.4531,50
74,243.31467,-356.655,840.31915,50
75,402.96442,-590.18744,1391.5862,50
76,256.1045,-375.47202,884.62177,50
77,294.3902,-431.56485,1016.9396,50
78,103.93721,-153.62343,359.6678,50
79,362.6258,-531.016,1252.1176,50
80,258.7465,-379.45798,893.89545,50
81,270.21188,-395.81235,932.87585,50
82,630.23615,-922.43365,2176.2559,50
83,275.81284,-404.17572,952.49963,50
84,276.24054,-404.63654,953.7411,50
85,100.84497,-148.9266,348.7843,50
86,327.71942,-480.19482,1131.8842,50
87,400.06952,-586.13416,1381.9471,50
88,463.0908,-678.09106,1599.3254,50
89,500.889,-732.5586,1728.5739,50
90,208.75899,-305.94382,720.6354,50
91,404.9635,-593.2899,1398.9127,50
92,379.49377,-555.6316,1310.3008,50
93,661.9629,-969.0694,2286.0825,50
94,738.12964,-1079.7089,2548.1638,50
95,294.74207,-432.08124,1018.19574,50
96,568.56903,-831.83795,1962.5353,50
97,571.9997,-837.3197,1975.2976,50
98,565.3951,-827.4724,1952.1783,50
99,101.94387,-150.80841,352.80453,50
100,346.25882,-507.10522,1195.666,50
101,135.89813,-199.79733,469.4759,50
102,293.65155,-430.2913,1014.0551,50
103,256.5264,-375.83252,885.6583,50
104,61.216576,-90.28888,211.29918,50
105,169.18378,-248.3994,584.4258,50
106,413.74542,-606.178,1429.2097,50
107,325.2897,-476.7039,1123.5841,50
108,300.3229,-439.91144,1036.9404,50
109,120.14325,-176.94276,415.2183,50
110,347.67975,-509.33047,1200.8125,50
111,259.88303,-380.9938,897.6508,50
112,217.1024,-318.12918,749.48566,50
113,244.3507,-357.9562,843.49005,50
114,316.0365,-463.33328,1091.8937,50
115,121.82026,-179.28226,420.92126,50
116,465.06277,-680.5258,1605.4524,50
117,251.44289,-368.42783,868.1515,50
118,364.0895,-532.78314,1256.601,50
119,359.00436,-525.4698,1239.2723,50
120,74.33057,-3.2403274,109.74781,50
121,370.2182,-542.5252,1278.9283,50
122,423.16104,-619.62695,1461.2881,50
123,331.22693,-485.29688,1143.9894,50
124,555.0659,-812.0885,1916.0302,50
125,354.0075,-518.57733,1222.5636,50
126,574.8449,-841.0834,1984.4854,50
127,210.03546,-307.8437,725.0549,50
128,454.36142,-665.3123,1568.9675,50
129,277.317,-406.29007,957.53314,50
130,222.01836,-325.48373,766.735,50
131,103.371254,-153.01263,357.8138,50
132,336.18918,-492.3001,1160.7479,50
133,674.4281,-986.9538,2328.767,50
134,414.43124,-607.07965,1431.438,50
135,454.45996,-665.49976,1569.6326,50
136,324.42468,-475.07846,1120.1267,50
137,654.16437,-956.6388,2257.6013,50
138,588.7439,-861.10614,2032.0391,50
139,369.03436,-5.2067437,533.2543,50
140,179.3568,-263.37448,619.7192,50
141,447.54956,-655.16345,1545.3932,50
142,471.18073,-689.8844,1627.1879,50
143,368.77844,-540.00995,1273.3344,50
144,197.48705,-9.180634,292.05573,50
145,155.29393,-228.25009,536.626,50
146,587.41296,-859.6266,2028.1439,50
147,263.0804,-385.37167,908.27576,50
148,64.07593,-94.696075,221.25667,50
149,377.74008,-553.08606,1304.2283,50
150,357.31448,-523.5875,1234.2017,50
151,570.2551,-834.28534,1968.4371,50
152,286.23575,-419.5255,988.60846,50
153,259.59622,-380.35876,896.4614,50
154,325.03998,-476.50925,1122.9425,50
155,236.67108,-346.89258,817.32007,50
156,399.15292,-584.06067,1377.6715,50
157,255.15924,-373.94138,881.11597,50
158,184.74544,-9.4841385,274.1683,50
159,352.62192,-516.55133,1217.8867,50
160,270.9652,-397.009,935.6477,50
161,153.85785,-225.99391,531.49963,50
162,320.56195,-469.49304,1106.9249,50
163,355.88654,-521.2159,1228.9657,50
164,554.45734,-811.5578,1914.5596,50
165,443.05536,-648.7199,1529.9457,50
166,496.43478,-727.0439,1714.6948,50
167,570.30035,-834.6765,1969.1216,50
168,370.11313,-542.3946,1278.686,50
169,106.81321,-157.69875,369.47614,50
170,264.97635,-388.20212,914.93353,50
171,118.696884,-174.8851,410.30252,50
172,372.64835,-545.4918,1286.458,50
173,397.3638,-581.9653,1372.39,50
174,458.10632,-670.0742,1580.8458,50
175,361.76758,-529.77826,1249.2367,50
176,372.6858,-545.85364,1287.0116,50
177,106.96158,-157.91946,369.95142,50
178,366.81726,-537.1133,1266.5657,50
179,250.61464,-367.14285,865.17236,50
180,605.525,-886.6459,2091.4785,50
181,359.958,-526.911,1242.5262,50
182,276.69702,-405.2155,955.1196,50
183,259.44943,-380.2038,895.9323,50
184,179.28047,-10.362865,267.38327,50
185,556.8313,-815.19055,1922.995,50
186,239.41534,-351.11804,827.0035,50
187,430.71115,-630.5524,1487.2432,50
188,400.32553,-586.703,1383.101,50
189,357.08838,-522.706,1232.6055,50
190,362.45947,-530.9747,1251.8817,50
191,198.21144,-290.90283,684.8496,50
192,256.57547,-376.0872,886.12305,50
193,402.5317,-589.26935,1389.7684,50
194,295.42206,-432.7666,1020.1148,50
195,215.45876,-316.38864,744.7503,50
196,211.64908,-310.2325,730.68585,50
197,445.3493,-652.38806,1538.379,50
198,468.07187,-685.2004,1616.1804,50
199,451.99445,-662.2984,1561.6398,50
200,329.12283,-482.10706,1136.5306,50
201,315.22406,-461.8193,1088.6946,50
202,506.734,-741.42267,1749.1959,50
203,468.89197,-686.43286,1619.0225,50
204,273.4796,-400.9336,944.6619,50
205,624.2996,-913.7818,2155.8315,50
206,332.00543,-486.48425,1146.7311,50
207,154.15015,-226.35046,532.3928,50
208,216.05504,-316.7857,746.08514,50
209,507.00165,-741.9732,1750.1387,50
210,182.49625,-267.96268,630.5893,50
211,249.19812,-365.25858,860.5481,50
212,341.03876,-499.58487,1177.7723,50
213,181.79901,-266.68652,627.8225,50
214,186.56654,-273.55545,644.0836,50
215,539.71674,-790.20404,1864.0569,50
216,65.00799,-96.33087,224.43063,50
217,255.22339,-373.93335,881.1708,50
218,357.1037,-523.24896,1233.6277,50
219,407.07523,-595.7254,1405.1268,50
220,317.11615,-464.48724,1095.0651,50
221,342.04443,-501.08685,1181.2898,50
222,695.98596,-1018.39355,2402.8057,50
223,303.61288,-444.88312,1048.6146,50
224,376.30045,-551.1588,1299.5034,50
225,203.50813,-298.12952,702.3374,50
226,514.55945,-753.0213,1776.4078,50
227,308.9528,-452.60193,1066.8025,50
228,370.5025,-542.85815,1279.7732,50
229,417.10715,-610.345,1439.7039,50
230,405.9063,-594.2148,1401.5045,50
231,366.60016,-536.85236,1265.8939,50
232,93.842865,-138.57617,324.4242,50
233,188.22711,-276.03036,649.86456,50
234,357.56967,-523.9798,1235.161,50
235,337.06525,-493.95233,1164.3502,50
236,319.75586,-468.3972,1104.185,50
237,644.309,-942.80676,2224.6235,50
238,297.63757,-435.96127,1027.7091,50
239,358.1117,-524.41064,1236.5094,50
240,563.51,-824.71967,1945.7223,50
241,390.62546,-572.2416,1349.2004,50
242,234.64812,-343.7854,810.0521,50
243,359.31827,-526.1287,1240.5814,50
244,388.99258,-569.9581,1343.7767,50
245,326.77136,-478.77084,1128.5142,50
246,388.91248,-569.5569,1343.071,50
247,187.26753,-274.65677,646.6497,50
248,578.7211,-847.4663,1998.9662,50
249,379.58963,-556.05835,1310.9465,50
250,445.28876,-652.13727,1537.9503,50
251,157.65535,-231.21036,544.13226,50
252,280.0332,-410.55936,967.4078,50
253,269.8579,-395.68408,932.2129,50
254,659.61237,-964.6829,2276.2922,50
255,205.96011,-302.26593,711.5768,50
256,269.78806,-395.3464,931.6952,50
257,357.20767,-523.4696,1234.0027,50
258,611.1288,-894.33606,2109.8955,50
259,418.02795,-611.9046,1443.153,50
260,461.52234,-675.61566,1593.6521,50
261,413.29303,-605.1125,1427.0969,50
262,370.75693,-543.03235,1280.4496,50
263,638.14935,-934.2464,2204.0398,50
264,252.01285,-369.38885,870.30707,50
265,271.0244,-397.19183,935.9789,50
266,559.1031,-818.1081,1930.1587,50
267,731.72253,-1070.9473,2526.8203,50
268,299.68646,-439.22726,1035.0958,50
269,103.23195,-152.55772,357.14435,50
270,358.32547,-524.81165,1237.457,50
271,232.60269,-341.23923,803.5729,50
272,385.22055,-564.16125,1330.2557,50
273,447.96628,-655.4872,1546.351,50
274,253.47928,-371.81796,875.74506,50
275,533.9413,-781.73004,1843.9581,50
276,635.06586,-929.0515,2192.2583,50
277,335.88815,-491.94952,1159.7924,50
278,332.29584,-6.332531,481.87503,50
279,444.32654,-650.572,1534.4521,50
280,354.50275,-519.23035,1224.2144,50
281,307.08185,-449.97855,1060.6016,50
282,496.18234,-726.1256,1712.9805,50
283,199.64597,-293.0049,689.765,50
284,556.71063,-814.7866,1922.076,50
285,221.49231,-324.84482,764.96564,50
286,410.49014,-601.4802,1418.123,50
287,482.64737,-706.06616,1665.7621,50
288,384.421,-563.488,1328.2458,50
289,297.55667,-435.9697,1027.5819,50
290,496.24637,-726.5883,1713.7128,50
291,198.73459,-291.48843,686.2728,50
292,294.76205,-431.98148,1018.0496,50
293,150.51418,-221.23618,520.0673,50
294,150.84183,-221.45428,520.87854,50
295,257.78638,-377.7889,890.2032,50
296,456.91095,-668.97754,1577.7744,50
297,338.39603,-495.94296,1169.0137,50
298,324.69452,-475.41943,1120.9639,50
299,102.97381,-152.6038,356.51633,50
300,102.331436,-151.75775,354.3622,50
301,367.94238,-539.03827,1270.9447,50
302,134.37195,-197.40599,464.03174,50
303,216.77997,-317.71826,748.42755,50
304,480.34634,-702.924,1658.1371,50
305,158.91823,-233.28154,548.85754,50
306,229.81683,-336.875,793.5664,50
307,316.28238,-463.11487,1091.906,50
308,416.60056,-609.64374,1438.0797,50
309,354.1877,-518.4804,1222.6786,50
310,602.55334,-882.0905,2081.0244,50
311,119.72459,-176.5158,414.07477,50
312,407.69128,-596.84174,1407.5778,50
313,448.93777,-657.1751,1549.9286,50
314,431.62497,-632.76404,1491.6604,50
315,258.23904,-378.33282,891.6333,50
316,228.05882,-334.46487,787.7677,50
317,187.28679,-274.61212,646.5855,50
318,262.31592,-384.5392,906.02673,50
319,469.8576,-688.5789,1623.483,50
320,324.5348,-475.29193,1120.6243,50
321,323.02893,-473.23492,1115.5505,50
322,198.44453,-290.9781,685.2395,50
323,168.35875,-247.06758,581.35614,50
324,729.2338,-1067.4948,2518.5793,50
325,638.3849,-934.4611,2204.5757,50
326,478.6872,-700.3857,1652.2478,50
327,30.154396,-37.093594,94.12628,50
328,577.36096,-845.1755,1993.8356,50
329,371.84576,-544.55383,1283.9677,50
330,352.924,-5.3426757,510.35428,50
331,430.02643,-629.5781,1484.921,50
332,355.19202,-520.60614,1227.1268,50
333,389.58478,-570.2176,1344.811,50
334,261.58826,-7.3587685,381.72125,50
335,282.4966,-414.20828,975.93115,50
336,147.27754,-216.26389,508.58374,50
337,354.3496,-519.2929,1224.1265,50
338,269.32422,-394.5419,929.7801,50
339,528.7138,-773.94055,1825.6012,50
340,539.71796,-789.8297,1863.4191,50
341,343.8614,-503.73367,1187.5197,50
342,166.3808,-243.94698,574.15796,50
343,133.27324,-196.02025,460.48972,50
344,212.53687,-311.70755,734.0878,50
345,125.565956,-184.94646,434.07385,50
346,384.025,-562.5756,1326.4667,50
347,373.26773,-546.90753,1289.4072,50
348,206.17944,-302.30624,711.9604,50
349,499.2738,-730.78937,1723.8093,50
350,407.5732,-596.7066,1407.2949,50
351,399.29755,-584.9209,1379.2483,50
352,710.1715,-1038.8026,2451.4104,50
353,387.9077,-567.8766,1339.3486,50
354,553.7054,-809.9611,1911.1321,50
355,610.4573,-893.40814,2107.696,50
356,218.73392,-320.65863,755.201,50
357,285.949,-418.84796,987.2867,50
358,352.29462,-516.09076,1216.8265,50
359,222.57018,-326.5173,768.89386,50
360,100.97472,-149.8467,349.6764,50
361,104.86851,-155.1025,362.9685,50
362,436.51672,-639.1382,1507.4519,50
363,452.0073,-661.9636,1561.1854,50
364,240.2103,-351.95883,829.38586,50
365,101.6667,-150.61147,351.97256,50
366,462.2527,-677.2386,1596.9124,50
367,415.5074,-608.5357,1435.0613,50
368,397.2387,-581.7918,1371.713,50
369,394.93692,-578.1944,1363.5961,50
370,471.53217,-690.153,1627.8346,50
371,102.25193,-151.48283,353.97452,50
372,621.7634,-909.57465,2146.358,50
373,118.18337,-174.30077,408.7635,50
374,389.8553,-571.4375,1347.083,50
375,487.39252,-713.54144,1683.0314,50
376,161.4335,-236.96938,557.50385,50
377,527.6778,-772.3809,1822.0199,50
378,130.33641,-191.92719,450.56836,50
379,516.3601,-756.30524,1783.6819,50
380,894.3518,-1308.1339,3087.147,50
381,516.906,-756.2941,1784.3907,50
382,312.15613,-457.23953,1077.893,50
383,177.80254,-260.91983,614.12714,50
384,109.51374,-161.59702,378.7257,50
385,226.47032,-332.0177,782.0918,50
386,201.24272,-295.02103,694.80164,50
387,431.45944,-631.99426,1490.2822,50
388,261.6626,-383.43988,903.50256,50
389,479.34772,-701.4627,1654.8181,50
390,493.70728,-722.7289,1704.7181,50
391,227.413,-333.3218,785.21594,50
392,415.848,-608.9154,1435.928,50
393,349.6921,-512.0866,1207.4269,50
394,285.889,-419.0909,987.5831,50
395,751.77124,-1101.195,2597.4744,50
396,459.95282,-673.2737,1588.1624,50
397,331.59796,-485.7993,1145.1907,50
398,307.37366,-5.5424986,445.39322,50
399,611.00275,-894.08374,2109.5208,50
400,121.71072,-179.37012,420.8847,50
401,446.04874,-653.0138,1540.1469,50
402,166.55592,-244.29677,575.0059,50
403,144.15736,-211.68521,497.78223,50
404,175.98227,-258.2314,607.75275,50
405,319.37283,-468.14316,1103.3091,50
406,476.64435,-697.70844,1645.7872,50
407,548.2336,-802.41205,1892.8982,50
408,183.213,-268.94852,632.9445,50
409,105.87738,-156.00304,365.81265,50
410,34.240257,-7.810172,59.454212,50
411,139.88281,-205.53554,483.1929,50
412,350.32,-513.2751,1209.9822,50
413,318.42422,-466.50302,1099.705,50
414,267.77402,-392.41895,924.7898,50
415,399.1756,-584.7926,1378.8472,50
416,468.0408,-684.78015,1615.4424,50
417,448.0318,-656.4025,1547.812,50
418,374.16302,-548.00146,1292.1603,50
419,365.72675,-535.80334,1263.1646,50
420,142.52522,-209.47818,492.42136,50
421,452.87424,-663.0508,1563.8776,50
422,172.70601,-253.40901,596.4432,50
423,408.50195,-598.2256,1410.7372,50
424,411.76343,-602.8058,1421.6133,50
425,275.36658,-403.39502,950.73755,50
426,335.0394,-490.9112,1157.178,50
427,529.08606,-774.46454,1826.7976,50
428,633.7069,-927.139,2187.735,50
429,545.98694,-799.2127,1885.3856,50
430,726.8196,-1063.0457,2508.5366,50
431,391.0188,-572.594,1350.2035,50
432,523.3178,-765.93726,1806.8257,50
433,256.3492,-376.05966,885.6783,50
434,399.23746,-584.72797,1378.7595,50
435,108.84038,-160.5903,376.3797,50
436,60.961685,-90.174675,210.41321,50
437,456.25275,-667.91895,1575.3779,50
438,115.642296,-170.36462,399.686,50
439,353.65668,-518.1136,1221.4731,50
440,166.31288,-243.92166,574.14435,50
441,124.51766,-183.19067,430.15622,50
442,495.34192,-724.5475,1709.4762,50
443,361.7004,-529.47754,1248.6573,50
444,397.2623,-581.627,1371.763,50
445,319.5071,-468.03336,1103.3368,50
446,420.09525,-615.1104,1450.7299,50
447,380.24857,-556.7189,1312.8927,50
448,291.9903,-427.66043,1008.0966,50
449,261.93518,-383.9407,904.5886,50
450,666.0653,-974.72266,2299.7856,50
451,314.3941,-460.85284,1086.1221,50
452,355.52353,-521.12775,1228.3345,50
453,199.60902,-10.778083,296.8646,50
454,541.4946,-792.2336,1869.2255,50
455,461.31418,-675.36096,1592.8513,50
456,265.26492,-388.6322,915.9795,50
457,313.8465,-460.0593,1084.2422,50
458,728.48065,-1066.1222,2515.5981,50
459,104.52553,-154.64693,361.77063,50
460,439.3704,-643.6433,1517.7615,50
461,189.78171,-278.46405,655.5342,50
462,472.76328,-692.2392,1632.599,50
463,557.14966,-815.1708,1923.2639,50
464,247.14848,-362.28882,853.62726,50
465,472.92593,-692.0383,1632.5178,50
466,488.16348,-714.738,1685.7518,50
467,382.4913,-560.3816,1321.1298,50
468,277.80222,-406.867,959.0731,50
469,333.31342,-488.07706,1150.8157,50
470,274.73373,-403.07446,949.3921,50
471,168.393,-247.14032,581.57367,50
472,135.37999,-199.25778,467.96738,50
473,367.98065,-538.70135,1270.3494,50
474,259.59265,-380.53183,896.577,50
475,443.81567,-649.94507,1532.8792,50
476,537.94434,-787.64624,1857.8042,50
477,237.62488,-9.06696,349.2162,50
478,314.1078,-460.1434,1084.6898,50
479,443.34415,-648.7751,1530.401,50
480,162.19312,-238.15564,560.26337,50
481,212.8019,-311.9881,734.77106,50
482,483.25668,-707.2647,1668.3698,50
483,118.54035,-174.6666,409.7804,50
484,343.29306,-503.1155,1185.9185,50
485,626.14435,-916.82086,2162.7405,50
486,231.4394,-339.20462,799.08746,50
487,273.07916,-400.09204,942.92084,50
488,522.68835,-764.509,1803.9116,50
489,102.88852,-152.06203,356.0047,50
490,494.5867,-724.5016,1708.5372,50
491,424.32513,-621.52185,1465.5856,50
492,330.73868,-484.47974,1142.1096,50
493,331.59515,-485.8578,1145.2773,50
494,514.61426,-753.1956,1776.6626,50
495,117.07539,-172.50708,404.73138,50
496,740.7359,-1083.5272,2556.992,50
497,233.80899,-342.78845,807.4809,50
0,516.6419,49.644386,629.05383,100
1,423.66306,-555.21234,1374.9626,100
2,619.407,67.42933,746.32776,100
3,279.95804,-368.48105,910.1472,100
4,324.33908,-425.89716,1053.3383,100
5,369.0228,-483.83777,1197.6836,100
6,499.06592,46.434708,609.24646,100
7,241.2558,-318.2069,784.8475,100
8,301.0208,-395.43024,977.5334,100
9,186.89531,-247.60722,609.02625,100
10,190.7216,-252.45299,621.18164,100
11,481.87506,42.242294,590.98987,100
12,187.3756,-248.05927,610.3321,100
13,291.6566,-383.71515,947.9908,100
14,225.22864,-297.3099,732.95404,100
15,162.9174,12.047375,202.46486,100
16,402.72998,14.926153,516.55414,100
17,160.73662,-213.26903,523.7685,100
18,275.40207,-362.613,895.40265,100
19,185.83417,-246.20502,605.5143,100
20,61.43525,-45.474754,148.23413,100
21,422.09723,32.288094,522.88654,100
22,167.64737,-222.66252,546.6199,100
23,218.74039,-289.1321,712.3485,100
24,232.78986,-307.30908,757.6679,100
25,420.03,27.826477,525.0997,100
26,201.50569,-266.39987,656.059,100
27,62.485466,-53.986618,162.132,100
28,407.40955,22.031275,514.85333,100
29,183.59863,-243.44843,598.44934,100
30,361.0659,-473.85165,1172.5131,100
31,194.32637,-257.231,633.04535,100
32,308.03415,-404.9507,1000.965,100
33,323.8266,-425.44382,1051.9127,100
34,336.0149,-441.33173,1091.4442,100
35,388.62,-509.35132,1261.1682,100
36,574.4899,-750.1826,1861.3914,100
37,115.7369,-157.38245,379.84412,100
38,428.26584,-561.0863,1389.7136,100
39,398.53485,19.075428,506.39203,100
40,210.48708,-277.84045,684.7945,100
41,326.0168,-428.0041,1058.5585,100
42,318.51776,-418.32773,1034.4376,100
43,441.1036,-577.57996,1430.975,100
44,620.85596,68.06639,747.5949,100
45,310.59167,-408.16144,1008.9714,100
46,580.9305,61.12694,702.0418,100
47,200.88187,-265.56808,653.9785,100
48,517.57025,-676.57275,1677.7803,100
49,221.52255,-292.06607,720.2612,100
50,500.5182,-654.87897,1623.3472,100
51,468.28784,38.871586,576.7172,100
52,307.439,-404.2457,999.0615,100
53,171.86253,-227.87198,560.129,100
54,621.39355,68.143135,748.22437,100
55,234.77365,-309.97327,764.2252,100
56,320.19153,3.2274375,420.58926,100
57,110.93717,-151.9033,364.75812,100
58,503.6051,-658.172,1632.2153,100
59,400.34833,19.183325,508.6379,100
60,503.85825,49.15895,612.75385,100
61,408.4863,22.849745,515.3575,100
62,176.42163,12.929948,219.26346,100
63,551.47174,-720.7865,1787.7317,100
64,463.62872,-606.3822,1503.1035,100
65,79.5011,-10.618739,124.37168,100
66,275.45676,-362.30692,895.0033,100
67,616.19025,66.94255,742.58655,100
68,132.56186,-176.3387,432.0183,100
69,316.53973,-415.54587,1027.8096,100
70,463.61356,-606.49774,1503.2301,100
71,266.60947,-351.23972,867.07294,100
72,449.8753,36.401817,555.07153,100
73,385.21878,-504.92514,1250.0728,100
74,77.82649,-100.74719,248.84413,100
75,373.80603,-490.36392,1213.5984,100
76,218.6397,-289.29846,712.3831,100
77,177.59991,-235.50797,578.76447,100
78,432.6558,34.85949,534.00275,100
79,252.835,-333.07965,822.08795,100
80,199.78294,-264.66147,651.1669,100
81,189.36456,-250.39488,616.4482,100
82,548.08984,-716.2832,1776.5721,100
83,216.01883,-285.51917,703.40845,100
84,197.01685,-260.47745,641.45526,100
85,418.7491,29.496386,521.5825,100
86,267.1334,-351.91016,868.7222,100
87,354.42755,-465.40372,1151.2466,100
88,402.96243,-528.32294,1308.0074,100
89,439.79465,-575.4161,1426.113,100
90,60.344704,-47.001255,150.10052,100
91,336.81534,-442.5681,1094.3328,100
92,274.46088,-361.078,891.92883,100
93,569.71234,-744.2791,1846.3079,100
94,523.1651,-683.33295,1695.0284,100
95,238.11414,-314.50684,775.2557,100
96,481.0932,-628.8203,1559.2614,100
97,509.33228,-666.34344,1651.8516,100
98,435.98993,-570.5288,1413.7423,100
99,403.0805,24.349243,506.5662,100
100,254.508,-335.39786,827.7575,100
101,196.1752,8.49363,250.27435,100
102,217.13411,-286.69574,706.64233,100
103,187.79083,-248.46559,611.5339,100
104,452.0761,41.396595,552.62415,100
105,98.36921,-136.14235,324.28165,100
106,400.73312,-525.61926,1301.0907,100
107,242.66551,-320.2036,789.7182,100
108,209.89034,-277.1931,683.0159,100
109,405.76553,18.32421,516.7849,100
110,308.53467,-405.81766,1002.84625,100
111,243.72186,-321.89612,793.5861,100
112,156.65509,-207.78467,510.4093,100
113,156.13712,-206.83002,508.39587,100
114,219.86642,-290.6949,716.0446,100
115,272.90588,1.1831211,360.252,100
116,380.77377,-499.0925,1235.6935,100
117,161.23224,-213.87369,525.31384,100
118,269.20258,-354.1613,874.83136,100
119,281.22214,-369.8642,913.8045,100
120,541.59344,54.92041,656.44055,100
121,273.71854,-360.53656,890.1317,100
122,300.57404,-395.07758,976.5099,100
123,261.0045,-344.0193,849.0201,100
124,459.96936,-601.6402,1491.2969,100
125,264.43127,-348.18692,859.686,100
126,429.37897,-561.74255,1392.1146,100
127,98.63701,-130.95316,320.6338,100
128,340.43115,-446.51758,1104.885,100
129,178.92886,-236.9209,582.73425,100
130,204.52856,-270.76724,666.5327,100
131,427.8593,33.41058,529.26636,100
132,237.82452,-313.67502,773.6716,100
133,593.0169,-774.58954,1921.8575,100
134,327.26248,-429.9264,1063.1108,100
135,384.4761,-504.41656,1248.4272,100
136,256.55396,-338.0448,834.3584,100
137,515.70886,-673.39886,1670.5856,100
138,455.3586,-595.47437,1476.1471,100
139,623.0707,68.67992,749.8911,100
140,108.8353,-148.93454,357.79572,100
141,362.44876,-475.50146,1176.7177,100
142,427.75952,-560.49133,1388.1685,100
143,290.53824,-382.09985,944.1315,100
144,582.75287,61.194664,704.35126,100
145,71.53285,-26.571012,135.9693,100
146,396.14536,-518.65424,1284.7045,100
147,185.1795,-245.12056,603.15106,100
148,470.89178,43.315205,575.40106,100
149,247.67218,-326.11227,804.9812,100
150,317.38147,-417.24326,1031.3088,100
151,429.56155,-561.7897,1392.4137,100
152,213.2932,-281.99915,694.5382,100
153,239.6885,-316.53775,780.43384,100
154,260.8256,-343.91168,848.5924,100
155,168.28233,-223.17076,548.4443,100
156,330.70963,-434.0929,1073.8381,100
157,183.72133,-243.35156,598.5611,100
158,591.55664,62.28256,714.8462,100
159,305.7325,-402.1639,993.805,100
160,210.48354,-278.18823,685.31146,100
161,96.11835,-133.47984,317.16263,100
162,238.02832,-314.04547,774.52094,100
163,293.00058,-385.42993,952.30536,100
164,423.4054,-554.3403,1373.3055,100
165,371.96,-487.88647,1207.5138,100
166,401.17966,-525.7426,1301.806,100
167,435.19403,-569.4437,1411.1505,100
168,292.95383,-385.67575,952.57404,100
169,378.0377,8.548044,491.0834,100
170,181.19345,-240.0064,590.2969,100
171,436.2519,28.977045,545.29956,100
172,280.84586,-369.44138,912.705,100
173,351.05743,-460.89484,1140.1633,100
174,351.20224,-460.1302,1139.198,100
175,292.2223,-384.36353,949.6968,100
176,258.46548,-340.4414,840.3939,100
177,446.4799,34.676304,552.49786,100
178,265.35242,-349.3916,862.67926,100
179,162.7466,-215.6018,530.01483,100
180,571.471,-747.049,1852.7698,100
181,257.6479,-339.09702,837.34875,100
182,173.8698,-229.81433,565.71893,100
183,208.94786,-276.27585,680.5096,100
184,570.3477,59.371063,689.8637,100
185,449.94998,-589.0421,1459.5273,100
186,151.37184,-201.29631,493.57172,100
187,368.4088,-483.27362,1196.0818,100
188,330.0416,-433.79224,1072.425,100
189,238.81224,-314.55853,776.2992,100
190,242.99727,-320.3757,790.3338,100
191,146.82762,-195.59155,479.0943,100
192,166.48798,-220.87912,542.57324,100
193,268.45572,-353.27884,872.49255,100
194,219.75322,-290.2173,715.34515,100
195,172.09064,-228.83849,561.49274,100
196,127.98251,-170.22528,416.99213,100
197,378.8803,-497.06564,1230.1788,100
198,361.4554,-473.99564,1173.1361,100
199,377.01178,-494.77536,1224.3444,100
200,235.78917,-311.00787,767.0751,100
201,264.7153,-348.99127,861.29663,100
202,382.7226,-501.31866,1241.5292,100
203,436.81177,-572.053,1417.2263,100
204,182.67477,-242.13815,595.3012,100
205,506.50717,-662.24414,1642.0238,100
206,235.75697,-311.06622,767.0724,100
207,146.0341,12.095437,180.48071,100
208,149.81471,-199.07849,488.34174,100
209,253.11357,-331.09296,819.6311,100
210,128.3901,-172.21216,419.7683,100
211,190.92917,-252.71124,621.93677,100
212,237.15704,-312.90826,771.6561,100
213,77.63023,-103.43731,250.9096,100
214,83.74942,-113.06992,273.2745,100
215,416.13416,-545.1273,1350.1461,100
216,532.99927,52.69402,647.433,100
217,156.26012,-207.1315,508.88504,100
218,270.5418,-356.5555,880.0859,100
219,282.973,-371.88315,919.0978,100
220,263.00793,-346.62604,855.5269,100
221,259.84747,-342.40192,845.0836,100
222,618.2694,-807.03357,2002.9485,100
223,258.93192,-341.45947,842.519,100
224,269.19684,-354.28598,874.91956,100
225,152.26779,-201.77077,495.8739,100
226,389.8014,-510.5194,1264.357,100
227,199.03584,-262.7258,647.4113,100
228,307.5487,-404.43137,999.4479,100
229,412.45804,-540.3825,1338.424,100
230,330.1329,-433.65546,1072.3884,100
231,315.4875,-414.6355,1025.0634,100
232,453.86942,37.42087,559.22626,100
233,109.86117,-147.17674,358.61322,100
234,248.48051,-327.4955,808.06335,100
235,310.4304,-408.51074,1009.3567,100
236,219.01631,-289.1768,712.7503,100
237,514.6243,-672.5801,1667.9359,100
238,220.01324,-290.55502,716.107,100
239,265.34518,-349.3962,862.67834,100
240,488.4392,-638.8931,1583.7979,100
241,327.12445,-429.81778,1062.7236,100
242,168.2481,-222.91367,548.06354,100
243,276.04395,-363.19156,897.14923,100
244,335.42975,-440.8146,1089.9357,100
245,256.8122,-338.37695,835.16156,100
246,390.43213,-512.08936,1267.5833,100
247,125.22709,-167.20807,408.647,100
248,480.4222,-628.8148,1558.3175,100
249,305.80334,-401.92508,993.4618,100
250,354.44348,-465.23438,1151.0011,100
251,65.0525,-83.314514,206.05666,100
252,227.25182,-300.44235,740.1881,100
253,206.93832,-273.9285,674.27136,100
254,559.15546,-729.57153,1810.7338,100
255,136.50514,-182.01215,445.38916,100
256,181.18274,-240.12778,590.4087,100
257,263.95618,-347.86148,858.5647,100
258,502.3243,-656.27655,1627.6794,100
259,337.5021,-442.94223,1095.8551,100
260,388.8613,-509.77917,1262.076,100
261,316.19843,-415.32492,1026.9691,100
262,308.6679,-405.83115,1003.0417,100
263,515.53577,-674.0349,1671.376,100
264,170.74068,-226.35884,556.3523,100
265,189.3544,-250.81361,616.9435,100
266,488.97842,-639.3087,1585.1248,100
267,722.52136,-942.93915,2340.8555,100
268,206.05806,-272.4943,670.9614,100
269,469.5865,40.82577,576.3013,100
270,317.68463,-417.71494,1032.496,100
271,155.73642,-207.10484,507.87097,100
272,282.73773,-371.8911,918.7953,100
273,355.74747,-466.60538,1154.7607,100
274,184.45564,-244.71231,601.37213,100
275,425.2855,-556.9557,1379.6797,100
276,448.61163,-586.3537,1453.7587,100
277,266.81116,-351.38412,867.5329,100
278,617.68567,67.32789,744.1713,100
279,373.72308,-490.3049,1213.4446,100
280,218.06032,-287.91104,709.6007,100
281,243.42789,-321.24167,792.2433,100
282,402.26266,-526.991,1305.1389,100
283,137.98903,-184.06535,450.3572,100
284,483.70514,-632.5935,1568.2598,100
285,137.7308,-183.33846,449.0556,100
286,319.4757,-419.93375,1038.0677,100
287,375.7443,-492.05008,1218.6162,100
288,299.4289,-393.9591,973.3157,100
289,213.67885,-282.32034,695.6119,100
290,417.68594,-547.19763,1355.2574,100
291,117.03838,-156.73372,382.1432,100
292,248.17212,-327.43192,807.6075,100
293,88.755806,-122.92545,292.26767,100
294,100.26668,3.398256,132.39221,100
295,181.16966,-240.07533,590.3359,100
296,312.83133,-410.6892,1015.6343,100
297,288.90463,-380.41522,939.50336,100
298,211.05508,-278.6354,686.7167,100
299,438.39093,35.818462,540.5389,100
300,442.5958,37.762207,543.969,100
301,254.71875,-335.78223,828.5331,100
302,70.34676,-14.7366905,117.48185,100
303,125.161545,-166.57436,407.859,100
304,428.57144,-561.04333,1390.0684,100
305,97.29229,-134.77585,320.78918,100
306,142.79413,-189.77933,465.36118,100
307,226.91463,-299.3121,738.15906,100
308,328.48026,-431.15555,1066.5272,100
309,300.67804,-395.26218,976.96625,100
310,498.80606,-652.6857,1617.8081,100
311,363.31763,4.182172,476.57874,100
312,346.17615,-454.21494,1123.8452,100
313,373.46857,-489.55917,1211.9463,100
314,383.73065,-503.8179,1246.5205,100
315,180.46887,-239.06937,587.9705,100
316,164.335,-218.0964,535.6874,100
317,101.216774,-137.08377,331.44043,100
318,148.10785,-196.66754,482.61996,100
319,379.4619,-497.90143,1232.1042,100
320,215.72267,-284.82205,701.9991,100
321,228.83855,-301.99045,744.6112,100
322,147.36896,-195.85442,480.4155,100
323,85.8388,-117.410934,281.21838,100
324,637.02045,-831.8235,2064.206,100
325,529.4816,-692.0352,1716.2139,100
326,415.87436,-544.471,1348.8851,100
327,525.97144,52.397507,638.49756,100
328,370.9621,-485.9896,1203.3185,100
329,309.41736,-406.604,1005.2245,100
330,620.3926,68.115005,746.9367,100
331,337.26627,-442.74747,1095.1957,100
332,269.202,-354.73752,875.58905,100
333,281.09167,-369.408,912.93335,100
334,604.31006,64.73508,729.1619,100
335,205.88466,-272.59753,670.8455,100
336,61.83976,-29.132488,126.239555,100
337,252.90434,-333.51126,822.7904,100
338,195.33272,-258.08398,635.68005,100
339,433.63217,-567.6898,1406.4993,100
340,444.39435,-581.61584,1441.2114,100
341,245.14452,-323.17346,797.3077,100
342,69.701195,-89.756546,222.20386,100
343,62.681496,-41.064415,143.61412,100
344,127.65824,-170.46913,416.63354,100
345,550.5371,49.006493,674.41473,100
346,286.4742,-377.0508,931.3239,100
347,291.31488,-383.5474,947.2969,100
348,140.0456,-186.35117,456.61313,100
349,456.05453,-596.9853,1479.2908,100
350,356.6504,-468.04904,1158.0782,100
351,298.8505,-393.12213,971.3319,100
352,559.01886,-729.72656,1810.8154,100
353,315.16833,-414.15674,1023.9457,100
354,423.57117,-554.10944,1373.243,100
355,572.1109,-747.57306,1854.456,100
356,88.52351,-116.440735,285.95773,100
357,229.13107,-302.3903,745.6344,100
358,294.68027,-387.8738,958.1667,100
359,150.93976,-200.80069,492.25607,100
360,484.7038,44.80524,592.04236,100
361,471.83624,42.02842,578.0083,100
362,359.11343,-471.3521,1166.2123,100
363,376.1156,-493.40536,1221.1213,100
364,115.34648,-153.86012,376.06305,100
365,468.9814,41.959698,574.32324,100
366,371.2732,-487.19757,1205.5476,100
367,342.40692,-449.65674,1112.1111,100
368,315.0803,-413.8444,1023.2748,100
369,333.48038,-437.85956,1083.0093,100
370,360.4204,-472.2761,1169.2238,100
371,481.15262,43.607117,588.60175,100
372,535.97906,-700.36035,1737.1815,100
373,413.71033,25.138546,519.715,100
374,302.89288,-398.63382,984.7934,100
375,381.03897,-499.4121,1236.4604,100
376,81.27302,-111.04241,265.9159,100
377,447.16577,-585.2934,1450.3378,100
378,320.3107,1.353724,422.87018,100
379,399.2873,-523.4369,1295.9375,100
380,718.29987,-936.16327,2325.2412,100
381,453.43066,-593.3521,1470.5046,100
382,240.2124,-316.84064,781.5102,100
383,110.21572,-151.09932,362.52512,100
384,483.02576,41.698902,593.1097,100
385,170.1338,-225.5107,554.39746,100
386,127.80961,-170.16609,416.6146,100
387,390.82306,-512.57404,1268.8109,100
388,158.77168,-210.53848,517.1824,100
389,379.28418,-496.97717,1230.6034,100
390,470.84125,-616.09094,1526.9808,100
391,128.20918,-170.61833,417.83286,100
392,330.93582,-434.465,1074.6082,100
393,286.94116,-377.52173,932.66437,100
394,213.57077,-282.56772,695.75836,100
395,692.3463,-904.19836,2243.8765,100
396,387.73676,-508.2708,1258.3953,100
397,266.0012,-350.41592,865.0587,100
398,612.16125,66.59675,737.63513,100
399,423.8223,-554.3666,1373.884,100
400,248.61253,3.3078976,325.60147,100
401,335.63672,-440.3709,1089.4749,100
402,83.8514,-114.489845,274.6624,100
403,281.28055,7.0452504,364.5659,100
404,111.50881,-152.4315,366.44785,100
405,231.91203,-306.3091,754.9632,100
406,430.67505,-564.1703,1397.5071,100
407,488.47452,-638.8427,1583.7078,100
408,124.54669,-167.41628,407.41843,100
409,346.8094,15.2576475,442.25974,100
410,584.071,60.476845,706.76013,100
411,102.62151,4.5605226,133.52843,100
412,255.79503,-337.03812,831.8523,100
413,259.31277,-341.81808,843.5937,100
414,196.53166,-260.22565,640.3565,100
415,328.04565,-431.06155,1065.7844,100
416,392.6387,-514.1827,1273.56,100
417,423.4325,-555.1555,1374.6,100
418,294.52563,-387.38245,957.17596,100
419,301.5817,-396.65863,980.14844,100
420,99.11483,-138.05597,327.43292,100
421,375.26862,-492.17337,1218.2146,100
422,115.96814,-157.3427,380.35336,100
423,316.7,-416.1817,1028.8838,100
424,358.4777,-470.20883,1163.6761,100
425,199.10504,-263.14044,648.12683,100
426,270.2962,-356.01404,878.99384,100
427,449.7494,-588.5382,1458.4674,100
428,569.3365,-743.9354,1845.489,100
429,437.56424,-572.8416,1419.2686,100
430,648.8507,-846.4005,2101.347,100
431,277.79214,-365.39682,902.6539,100
432,467.5555,-611.75555,1516.2305,100
433,164.32202,-218.36293,535.8075,100
434,358.27234,-470.2362,1163.4293,100
435,262.81445,0.6884115,347.46677,100
436,516.7433,50.047195,628.77045,100
437,334.20773,-438.57208,1084.9788,100
438,378.6865,11.009417,489.1719,100
439,246.69199,-325.1968,802.3475,100
440,86.50536,-117.96684,283.4022,100
441,188.77687,8.896007,240.04509,100
442,349.51123,-457.84634,1133.5775,100
443,310.696,-408.2244,1009.282,100
444,372.82397,-489.19516,1210.6594,100
445,241.31943,-318.21082,784.97723,100
446,369.36017,-484.64893,1199.3676,100
447,308.93463,-405.97546,1003.6209,100
448,209.41064,-276.55228,681.4687,100
449,188.25333,-249.35042,613.38544,100
450,579.3342,-756.68353,1877.3544,100
451,242.48859,-320.10843,789.2676,100
452,274.60803,-361.77774,893.09344,100
453,590.853,62.315674,713.8829,100
454,418.41803,-547.7046,1356.9734,100
455,368.20718,-482.70712,1194.9117,100
456,210.3174,-278.0396,684.89954,100
457,243.76518,-321.7859,793.449,100
458,550.65704,-719.2326,1784.2389,100
459,465.5764,40.504135,571.36224,100
460,337.86746,-443.6789,1097.314,100
461,74.72687,-98.670845,240.33624,100
462,427.58023,-559.9819,1387.1635,100
463,484.16376,-632.99756,1569.4502,100
464,164.92287,-218.93439,537.64435,100
465,368.95633,-483.41785,1196.9221,100
466,409.8932,-537.00256,1329.9707,100
467,315.05383,-414.11676,1023.66046,100
468,211.03096,-278.793,686.9714,100
469,217.80519,-287.51688,708.67896,100
470,190.11328,-252.21254,619.8276,100
471,119.65016,-160.4868,391.0336,100
472,403.61325,16.37837,516.1064,100
473,265.2298,-348.99866,861.93854,100
474,205.2349,-271.62772,668.62427,100
475,350.31976,-459.92932,1137.751,100
476,437.2975,-572.56366,1418.4822,100
477,580.2317,61.14928,701.1072,100
478,253.93913,-334.7747,826.0668,100
479,380.7666,-498.98035,1235.4619,100
480,76.80082,-103.65734,249.4205,100
481,117.44204,-156.53844,382.83185,100
482,331.47275,-434.8336,1075.8243,100
483,359.65167,3.0406735,473.06766,100
484,295.80765,-389.3963,961.85516,100
485,493.60333,-645.59033,1600.4786,100
486,135.457,-180.03435,441.3316,100
487,172.60344,-228.68886,562.23615,100
488,401.68512,-525.7961,1302.6061,100
489,418.0227,30.454868,519.53314,100
490,415.1057,-544.1129,1347.2961,100
491,310.0107,-407.32742,1006.9618,100
492,217.83963,-287.54956,708.74976,100
493,262.0324,-345.33527,852.2921,100
494,403.3412,-528.14935,1308.2535,100
495,404.23392,17.76355,515.3952,100
496,630.3451,-822.5349,2041.7571,100
497,156.20589,-207.45363,509.17722,100
0,791.9945,117.78619,911.2489,150
1,157.36847,-157.73915,451.12573,150
2,779.0911,116.53484,895.8518,150
3,234.92166,-235.6643,678.43713,150
4,321.5934,-304.09946,903.80133,150
5,139.68896,-157.22063,421.00525,150
6,758.0141,112.20791,872.59174,150
7,192.53423,-1.2051959,254.855,150
8,625.10846,79.03744,731.52313,150
9,100.795364,-56.2812,216.82208,150
10,491.18643,50.87549,585.47266,150
11,758.51,112.18579,873.24286,150
12,130.08557,-165.82558,415.79172,150
13,132.84792,-160.0436,411.95624,150
14,479.521,49.03927,572.22253,150
15,656.097,94.90744,757.12384,150
16,735.9571,108.135155,847.87787,150
17,194.40854,-6.353042,260.68964,150
18,132.74606,-145.76492,392.28076,150
19,151.66156,-10.099066,212.83435,150
20,587.8474,83.50926,679.6496,150
21,760.68945,112.52063,875.7435,150
22,332.18863,-9.712607,442.32773,150
23,154.63289,-172.27644,469.34903,150
24,126.04726,-161.72363,401.89456,150
25,779.1641,115.30895,896.96,150
26,98.91361,-94.51429,267.54187,150
27,680.01874,98.1699,784.9146,150
28,698.11346,102.28916,804.5153,150
29,701.99524,100.357285,811.06396,150
30,241.68233,-238.4284,692.2879,150
31,165.48805,-4.019632,221.23412,150
32,157.91144,-171.18964,472.1806,150
33,176.13306,-182.47589,515.5173,150
34,262.93286,-255.31052,747.66364,150
35,247.47063,-241.4534,705.05426,150
36,454.7186,-403.1972,1241.0787,150
37,573.6332,79.7701,664.7441,150
38,288.48575,-273.21246,810.852,150
39,702.28906,102.83925,809.37646,150
40,106.52197,-43.14801,204.54034,150
41,145.94147,-147.79501,417.90775,150
42,170.40588,-178.49396,501.32462,150
43,340.36435,-317.25214,950.1988,150
44,773.41705,115.765724,889.262,150
45,149.6623,-161.58536,443.66428,150
46,764.25323,113.86161,879.1694,150
47,169.7243,-27.034893,258.1762,150
48,362.2251,-329.02524,999.00604,150
49,694.6177,96.893234,804.64734,150
50,175.85739,-170.00795,497.12936,150
51,781.54443,115.746605,899.63074,150
52,118.79009,-90.40905,292.76117,150
53,125.80045,-163.68623,406.07303,150
54,773.8608,115.83234,889.7723,150
55,136.58766,-167.10208,429.3862,150
56,647.9853,94.06694,747.4843,150
57,443.91116,42.312557,532.79877,150
58,387.18512,-350.08362,1065.8475,150
59,712.0363,104.21978,820.66644,150
60,745.7457,110.242,858.6116,150
61,719.8544,105.8398,829.26715,150
62,712.3895,103.933624,821.3385,150
63,431.41772,-387.05893,1183.857,150
64,195.62573,-189.61807,554.36694,150
65,549.42694,76.2032,636.87317,150
66,131.72574,-145.65248,389.60953,150
67,778.64716,116.43534,895.369,150
68,549.81055,72.93819,640.3081,150
69,192.89262,-197.0966,561.2659,150
70,277.32428,-257.89142,772.2481,150
71,147.72101,-168.18663,450.45236,150
72,613.31494,88.37817,708.0618,150
73,212.30151,-208.36081,605.79364,150
74,784.93286,114.768585,904.76276,150
75,360.2,-334.9887,1004.76074,150
76,128.31277,-155.9405,400.0517,150
77,559.9526,72.11159,654.11145,150
78,732.7061,108.07165,843.7856,150
79,110.8486,-121.64879,322.75995,150
80,126.02436,-161.70918,403.55084,150
81,202.76456,-10.729314,275.70148,150
82,420.81198,-375.29953,1151.347,150
83,148.83714,-169.17966,454.8036,150
84,131.07385,-163.58505,416.11148,150
85,669.1607,97.80078,771.3602,150
86,159.29004,-170.51588,472.7696,150
87,293.89413,-280.75238,829.6412,150
88,273.1823,-260.97137,770.73114,150
89,415.8737,-377.4364,1147.3348,150
90,703.4717,101.97325,811.6057,150
91,170.2776,-177.64694,499.86276,150
92,118.842834,-131.50055,348.69345,150
93,445.051,-390.7523,1208.93,150
94,229.56879,-0.43969995,316.52652,150
95,160.93867,-173.73349,480.3038,150
96,442.91364,-396.7796,1214.627,150
97,321.8014,-296.29883,892.70953,150
98,196.80331,-185.59033,550.4132,150
99,445.34427,57.030476,520.6285,150
100,105.95988,-88.06338,269.65787,150
101,665.85596,96.5789,768.1717,150
102,139.834,-163.66989,432.39325,150
103,129.51973,-163.62254,412.69815,150
104,749.25323,110.88991,862.5342,150
105,426.34866,37.182766,515.05884,150
106,348.50064,-324.90042,973.1082,150
107,170.76169,-181.71698,506.6464,150
108,118.73329,-150.62619,374.51294,150
109,718.52795,105.43285,827.9129,150
110,196.78687,-201.36012,573.0701,150
111,194.85526,-201.15364,569.9731,150
112,127.54537,-163.28806,409.43875,150
113,131.0641,-17.48157,195.17287,150
114,523.5571,62.725784,616.01544,150
115,658.6235,95.606255,759.76416,150
116,155.31358,-165.43245,458.5187,150
117,421.8683,20.148067,526.43604,150
118,144.65585,-166.48615,442.3502,150
119,143.19699,-165.37624,438.01648,150
120,724.3157,107.30176,833.73395,150
121,114.08223,-136.59076,349.91183,150
122,344.7734,14.893507,431.92493,150
123,128.68665,-161.01816,405.91718,150
124,317.7711,-293.28555,882.44543,150
125,156.59238,-170.50478,468.47186,150
126,166.35233,-162.61736,471.99985,150
127,477.31668,55.683018,563.142,150
128,140.22144,-153.89024,417.3178,150
129,123.99306,-32.467285,210.82422,150
130,142.59537,-167.28404,442.94498,150
131,737.6708,108.817116,849.4929,150
132,113.33055,-127.85433,334.472,150
133,357.91953,-324.29987,985.89844,150
134,168.07455,-177.57062,496.831,150
135,298.51566,-283.95154,840.9857,150
136,148.34447,-168.97546,453.05978,150
137,295.1074,-270.1051,815.8071,150
138,276.4353,-260.73642,775.07806,150
139,771.4293,115.515945,886.938,150
140,608.6819,86.18087,703.976,150
141,164.38307,-171.70459,482.3049,150
142,289.7959,-274.67065,814.7881,150
143,156.34114,-170.59285,467.91095,150
144,764.52185,113.89954,879.477,150
145,696.5505,101.188545,803.45337,150
146,138.02635,-141.26332,395.1706,150
147,106.49751,-132.31743,330.06577,150
148,786.2919,116.796844,904.80817,150
149,416.01044,17.040508,521.98236,150
150,208.59013,-207.56194,599.1995,150
151,251.71236,-239.77165,708.74414,150
152,114.38153,-75.99259,265.40494,150
153,122.22369,-156.83452,389.9566,150
154,147.73468,-168.05836,450.92862,150
155,247.80455,-10.473215,333.7148,150
156,274.9836,-265.8625,780.5098,150
157,112.02468,-142.59416,353.63397,150
158,786.1732,117.33443,904.20935,150
159,185.22156,-192.81018,543.887,150
160,133.3628,-166.26584,422.33282,150
161,491.08234,64.04641,572.92084,150
162,119.94127,-31.848537,206.72772,150
163,149.50053,-168.16745,453.73044,150
164,249.56595,-237.67407,702.5696,150
165,223.03305,-219.93977,638.2576,150
166,303.83698,-282.15738,846.02826,150
167,123.23499,-90.17695,300.83133,150
168,130.85036,-143.53438,386.6894,150
169,696.20166,101.891846,802.41864,150
170,123.75745,-159.76639,396.79388,150
171,751.5072,110.73375,865.52515,150
172,144.24696,-166.42067,442.28937,150
173,207.65823,-208.20605,598.8694,150
174,309.9586,-292.45303,869.9753,150
175,205.51749,-208.84721,596.68463,150
176,127.93042,-155.6088,399.112,150
177,723.8602,106.38772,833.915,150
178,126.59402,-150.07727,387.0058,150
179,133.83421,-26.762949,211.89279,150
180,373.1346,-334.37057,1022.5907,150
181,123.580635,-148.65857,379.5428,150
182,104.5806,-129.44453,324.90662,150
183,143.30792,-166.22964,442.73154,150
184,762.4325,113.50441,877.1458,150
185,151.23572,-157.15967,439.4612,150
186,565.6596,75.91049,657.98065,150
187,239.64821,-234.45695,683.51764,150
188,182.36044,-187.22261,531.5197,150
189,135.99252,-164.89081,423.7068,150
190,428.73062,14.313883,541.3073,150
191,206.66954,3.2119663,265.4687,150
192,320.01697,-7.527562,424.14758,150
193,125.205154,-143.84296,375.7767,150
194,126.6626,-161.10625,404.22495,150
195,466.39288,44.775116,559.40424,150
196,515.7404,66.34162,602.5214,150
197,229.90695,-224.5134,654.8953,150
198,184.82437,-182.33064,528.0191,150
199,148.34627,-163.8023,444.8888,150
200,115.712746,-140.42084,358.65594,150
201,139.4738,-166.79486,434.48666,150
202,170.08868,-175.37907,496.44067,150
203,408.94928,-374.85422,1133.5599,150
204,362.91812,-5.7224054,477.78595,150
205,297.07544,-274.302,824.8301,150
206,214.94698,-7.7828455,289.36627,150
207,733.0195,107.19176,844.9149,150
208,271.93765,-13.0957365,367.9007,150
209,580.09186,66.11684,685.68567,150
210,354.68585,1.0635419,459.7727,150
211,129.41129,-161.82361,411.3238,150
212,109.103294,-62.262356,236.72954,150
213,605.2794,85.43823,700.26733,150
214,595.1854,84.115555,688.47974,150
215,176.43382,-174.20158,503.9651,150
216,765.5963,113.70806,881.0063,150
217,449.54834,34.790985,547.1607,150
218,131.37273,-24.345808,214.73227,150
219,138.7119,-164.09679,428.21878,150
220,189.05449,-196.48087,554.74207,150
221,150.2173,-168.65979,454.94305,150
222,359.3152,-322.69028,985.50977,150
223,154.83736,-171.53151,467.30353,150
224,140.7984,-164.55724,432.52008,150
225,123.46322,-158.32141,396.5256,150
226,151.03055,-158.63472,440.97534,150
227,124.540535,-0.32376963,170.16313,150
228,170.19785,-173.22998,493.32397,150
229,335.06903,-316.41418,941.2811,150
230,158.77638,-171.23239,472.80283,150
231,156.71677,-170.1806,468.66885,150
232,655.31006,95.5219,755.6069,150
233,433.5943,40.35977,521.37616,150
234,123.04297,-19.257263,196.19301,150
235,274.50742,-266.6681,780.94293,150
236,288.14594,-14.552806,390.4534,150
237,219.93648,-205.38857,612.7149,150
238,228.6587,-17.3307,316.9795,150
239,129.19788,-160.34912,405.39243,150
240,331.9938,-304.69254,919.7178,150
241,154.57199,-163.98878,455.2824,150
242,102.02258,-128.05107,317.75043,150
243,134.91516,-162.63634,420.1938,150
244,183.36742,-189.18007,535.866,150
245,205.81824,-210.31105,599.2955,150
246,519.17236,-463.48145,1422.3303,150
247,284.66324,-9.893271,380.99008,150
248,144.89287,-143.80977,410.03162,150
249,209.79025,-212.26842,607.8633,150
250,160.31316,-169.23172,472.33713,150
251,536.9412,73.70476,623.06793,150
252,115.02944,-142.68942,359.19214,150
253,113.031654,-29.414804,193.77477,150
254,448.14612,-395.56085,1220.3903,150
255,508.2051,63.781013,595.251,150
256,189.91817,-10.233844,260.22513,150
257,396.62628,10.10202,504.15735,150
258,223.80711,-212.20874,628.12244,150
259,277.95587,-268.3904,788.6052,150
260,290.21024,-274.89435,815.69556,150
261,131.48366,-149.01314,394.0543,150
262,208.81795,-209.57611,602.51636,150
263,206.21245,-198.72658,583.0868,150
264,186.54944,-6.1412907,250.002,150
265,180.24396,-191.04678,533.9968,150
266,485.9533,-433.56775,1330.6176,150
267,487.20602,-425.05438,1320.0177,150
268,245.23192,-9.990328,329.99432,150
269,721.9142,106.27987,831.52484,150
270,220.51175,-222.18309,637.8903,150
271,188.04553,-8.619342,256.34784,150
272,152.56474,-166.79816,457.9615,150
273,237.20961,-232.82896,677.564,150
274,113.0281,-56.39136,235.2798,150
275,293.25592,-275.69046,821.3437,150
276,205.858,-200.80649,585.504,150
277,185.2429,-193.0549,544.22345,150
278,777.96234,116.36058,894.559,150
279,356.0383,-332.25986,994.7988,150
280,280.5517,-18.463959,384.8789,150
281,122.91207,-156.84125,390.12637,150
282,238.81596,-232.32654,679.164,150
283,460.4921,50.086662,546.7684,150
284,300.79474,-281.3793,840.5687,150
285,472.67514,51.100594,561.48096,150
286,147.89336,-162.00348,441.50272,150
287,156.64104,-162.8006,456.69788,150
288,148.97124,-164.47644,446.95343,150
289,188.08466,-3.41866,249.08653,150
290,262.3669,-251.43283,741.2003,150
291,459.28366,50.167717,545.13574,150
292,169.30412,-180.76381,503.07874,150
293,499.72385,65.62625,582.6017,150
294,653.679,94.4315,754.4401,150
295,337.05527,-13.122227,452.3797,150
296,364.7588,6.5331945,466.61395,150
297,159.50656,-171.95435,475.35736,150
298,193.26413,-27.458046,286.7793,150
299,684.12714,100.07754,788.5459,150
300,719.9755,106.07114,829.2297,150
301,587.7686,75.96803,686.31866,150
302,508.2179,69.741875,589.77155,150
303,544.88727,72.77419,634.10925,150
304,333.14548,-309.51624,928.42523,150
305,494.58096,64.77295,576.7569,150
306,362.4373,-1.6989381,472.8421,150
307,121.70649,-43.48011,223.10175,150
308,232.48926,-226.89944,662.1416,150
309,250.73271,-247.41693,718.50714,150
310,200.1407,-196.36902,570.7265,150
311,689.7781,100.64984,795.2664,150
312,272.4726,-262.72742,772.2973,150
313,258.94156,-249.48509,733.3778,150
314,145.04791,-159.02406,432.34915,150
315,96.26216,-77.041115,239.56378,150
316,82.77152,-81.258514,227.86824,150
317,544.8025,74.48873,632.4614,150
318,381.5907,24.815075,469.45065,150
319,174.69911,-177.51843,506.2211,150
320,157.08629,-15.020244,226.49834,150
321,336.67606,2.5618198,434.6942,150
322,130.91304,-15.39109,194.42326,150
323,496.48798,63.41718,580.50916,150
324,525.1074,-453.81577,1416.7635,150
325,201.12962,-189.10971,561.8164,150
326,305.33948,-286.9382,855.2248,150
327,782.9462,116.586235,900.72064,150
328,496.2068,46.09979,596.3111,150
329,255.22655,-250.76236,729.9468,150
330,772.4716,115.6309,888.1698,150
331,163.0054,-169.33067,476.65314,150
332,128.54169,-140.90727,378.94424,150
333,195.16335,-31.624624,297.99808,150
334,776.9687,116.07172,893.53143,150
335,116.0062,-44.462505,222.18372,150
336,496.10587,66.24979,577.36584,150
337,158.53802,-21.560047,243.42204,150
338,144.7585,-166.67732,445.44836,150
339,321.8711,-298.8362,896.53564,150
340,234.23502,-224.74731,661.4548,150
341,108.92775,-115.11972,311.32327,150
342,303.5897,-17.922285,414.35162,150
343,423.0049,47.034027,501.42987,150
344,460.75922,47.770824,549.2774,150
345,844.3046,125.1379,971.7826,150
346,119.3094,-124.55239,340.8738,150
347,279.07425,-8.815908,372.33472,150
348,93.36786,-50.492336,198.4786,150
349,311.08215,-292.00784,870.9032,150
350,187.17233,-191.46088,544.6814,150
351,116.77573,-107.40707,313.4761,150
352,318.75394,-290.0368,879.1901,150
353,142.9896,-164.15707,436.53638,150
354,214.79688,-210.4706,612.52295,150
355,457.92963,-409.4728,1254.9161,150
356,574.2811,77.21925,667.8877,150
357,145.45482,-166.96664,446.64636,150
358,140.27354,-164.81522,432.67365,150
359,333.14124,-7.3756084,441.0572,150
360,748.0126,110.581955,861.20544,150
361,745.6746,110.01371,858.7048,150
362,146.22899,-163.02017,439.9579,150
363,260.34726,-250.60078,737.038,150
364,650.8731,92.98365,752.0564,150
365,777.77856,115.31928,895.19135,150
366,192.33646,-191.29816,551.9766,150
367,163.22588,-152.60606,453.43304,150
368,219.01678,-218.14459,629.7918,150
369,300.9577,-285.39883,846.63074,150
370,244.9442,-236.2509,693.80145,150
371,762.9527,112.99607,878.2291,150
372,387.86517,-350.55142,1067.5326,150
373,756.8358,111.63921,871.56635,150
374,118.46761,-133.89615,352.70038,150
375,148.9375,-159.91324,439.61172,150
376,456.321,55.617016,536.12915,150
377,198.84573,-197.27745,570.15186,150
378,701.50586,102.35712,808.79333,150
379,161.50513,-166.20824,469.78372,150
380,416.03976,-362.33246,1125.4255,150
381,221.08739,-217.01001,631.12244,150
382,134.68259,-159.75224,414.8449,150
383,594.0863,83.8705,687.3005,150
384,780.34796,115.55022,898.2695,150
385,82.156845,-69.29659,209.76149,150
386,170.61649,-8.618629,232.99132,150
387,336.99933,-312.2813,938.0295,150
388,467.16907,44.402493,560.73254,150
389,157.19052,-166.72462,464.18274,150
390,349.35205,-321.73834,969.7371,150
391,388.27206,3.884475,500.23337,150
392,209.07942,-209.15878,602.3331,150
393,155.44846,-169.86163,466.62088,150
394,150.76633,-3.93217,206.05061,150
395,362.06747,-322.23853,988.93286,150
396,238.19446,-231.00305,676.3533,150
397,175.98477,-186.08578,520.6485,150
398,770.5257,115.24127,886.0141,150
399,183.1887,-10.531068,267.98712,150
400,618.22003,88.63629,714.11005,150
401,179.52927,-182.38672,520.313,150
402,439.04306,48.142895,521.0044,150
403,478.2846,63.170345,557.2372,150
404,478.45737,60.112564,560.3786,150
405,153.15753,-10.644781,220.47214,150
406,317.89676,-300.3882,893.0542,150
407,258.10254,-244.07086,724.19257,150
408,350.19562,-0.12378576,455.28915,150
409,499.86584,68.807274,579.8707,150
410,787.55035,117.43862,905.87695,150
411,609.5008,87.38878,704.0127,150
412,145.44841,-165.59468,443.56104,150
413,213.5351,-219.51654,623.9116,150
414,111.11305,-138.27657,346.6993,150
415,149.1733,-161.56787,442.77966,150
416,270.48862,-258.947,763.90295,150
417,326.57516,-302.5025,908.6901,150
418,147.73059,-165.78621,446.29626,150
419,317.39,-300.8195,892.91986,150
420,391.0557,24.49107,482.051,150
421,257.21564,-249.76,731.3151,150
422,162.55531,-2.6360202,217.73042,150
423,143.1994,-160.04295,430.1913,150
424,180.73138,-186.64275,528.4079,150
425,91.94925,-87.47201,247.38353,150
426,149.65158,-165.954,452.54144,150
427,303.2975,-282.4858,845.81476,150
428,322.65204,-299.4395,898.59174,150
429,289.9565,-268.21393,805.5985,150
430,651.3641,-562.7442,1758.2721,150
431,314.3621,-9.319846,418.65244,150
432,318.83502,-295.24673,886.8635,150
433,441.0433,25.36921,545.7699,150
434,319.66046,-299.96738,894.98315,150
435,438.88855,52.18537,516.9815,150
436,710.10205,104.61135,817.8616,150
437,138.88391,-159.66974,422.56665,150
438,645.7394,93.66642,744.9579,150
439,127.27274,-150.09952,388.7629,150
440,509.07895,67.57467,592.8288,150
441,587.52496,83.5781,679.1873,150
442,258.00534,-247.87941,729.6484,150
443,347.49908,-327.34488,975.2386,150
444,364.8342,-339.49377,1018.10706,150
445,146.90422,-165.60158,445.29828,150
446,222.78824,-221.54153,640.2609,150
447,212.73064,-214.6,615.557,150
448,150.44888,-34.387367,243.61107,150
449,116.77022,-150.44571,371.20587,150
450,425.65256,-379.28833,1164.1196,150
451,126.024796,-50.460915,245.46356,150
452,288.9742,-3.2004242,378.99817,150
453,770.5171,114.90451,886.2822,150
454,178.57281,-178.24814,512.9345,150
455,204.31918,-204.6007,588.7846,150
456,132.39423,-165.20752,419.9577,150
457,110.60015,-105.768845,302.23438,150
458,180.5239,-161.94379,492.51477,150
459,783.6461,116.240906,901.8982,150
460,127.46726,-126.00052,356.7013,150
461,786.40076,115.58139,905.95374,150
462,364.19727,-333.71063,1008.67865,150
463,279.2828,-262.1572,781.30005,150
464,104.89735,-35.249912,193.20113,150
465,217.46828,-212.9448,619.95557,150
466,296.8947,-280.02237,832.928,150
467,161.63226,-171.79085,478.37027,150
468,130.69887,-165.79135,417.0489,150
469,142.49295,-41.72539,247.73619,150
470,621.5198,84.54858,721.9761,150
471,93.25474,-19.158386,152.52263,150
472,742.3795,109.28481,855.0996,150
473,139.43347,-162.3581,426.45462,150
474,117.172516,-142.3869,361.64725,150
475,159.7008,-162.38678,461.81506,150
476,221.04916,-215.12497,628.3189,150
477,773.2796,115.34034,889.4412,150
478,155.15335,-170.97745,467.6469,150
479,195.0794,-193.64143,559.3704,150
480,678.1018,98.23761,782.395,150
481,521.04126,67.44858,608.3021,150
482,205.3008,-202.1768,586.6146,150
483,643.48804,93.00807,742.6549,150
484,190.54733,-195.41351,555.3707,150
485,205.34624,-197.78311,580.4959,150
486,435.95663,33.38618,531.03394,150
487,347.00623,-9.813579,461.64505,150
488,169.45828,-171.86235,490.1011,150
489,694.2373,101.73602,800.0456,150
490,231.6071,-224.71945,657.6315,150
491,134.99982,-150.16185,402.20264,150
492,109.128075,-99.02026,288.88336,150
493,157.19058,-171.8999,471.88577,150
494,301.3022,-284.521,845.89813,150
495,757.5523,111.82328,872.3212,150
496,293.45657,-267.44736,809.58307,150
497,451.66885,44.272522,540.94055,150
0,717.6312,159.20633,810.8662,200
1,194.04073,-237.81314,661.5137,200
2,717.6151,159.54831,810.6208,200
3,127.85464,-180.38211,467.6425,200
4,229.6612,-279.4539,781.08374,200
5,110.19608,-174.18321,416.11334,200
6,679.5808,149.94475,768.4422,200
7,109.28829,-182.34619,409.1136,200
8,236.31827,27.935534,287.52408,200
9,108.1863,-181.08415,404.72787,200
10,222.55127,-12.075573,309.9939,200
11,653.9519,143.63455,739.9174,200
12,112.40315,-186.93147,421.6531,200
13,115.14447,-171.52612,427.94904,200
14,86.75284,-146.95593,322.84888,200
15,540.4481,114.62969,614.56946,200
16,584.46,126.424904,662.6816,200
17,95.69776,-161.87862,356.59357,200
18,117.2446,-191.44914,440.92264,200
19,106.99662,-179.5819,399.76694,200
20,457.74075,88.647125,527.40314,200
21,660.3444,145.20341,747.0377,200
22,61.054783,-95.346596,213.68398,200
23,111.72816,-168.33101,419.6116,200
24,113.03242,-187.78009,424.03357,200
25,682.20886,150.49443,771.43,200
26,113.160194,-185.69826,426.57468,200
27,498.0226,100.89119,570.13654,200
28,566.7231,122.13819,642.9076,200
29,676.7808,148.35454,765.92694,200
30,154.70049,-204.82063,548.83136,200
31,101.40246,-170.80412,378.45935,200
32,109.37145,-176.13058,414.43686,200
33,139.73842,-188.16231,498.27496,200
34,168.50426,-217.70644,590.36194,200
35,175.21593,-223.77226,610.20807,200
36,357.563,-399.7773,1166.6157,200
37,331.87485,-8.736678,452.5722,200
38,212.13017,-257.76367,720.4687,200
39,592.4295,128.5776,671.3969,200
40,99.66982,-167.74983,372.005,200
41,124.997856,-178.19278,452.9526,200
42,154.08812,-203.09538,544.99585,200
43,246.43904,-294.6264,830.76483,200
44,712.66113,158.4121,805.05206,200
45,142.86255,-192.02162,509.77478,200
46,700.86084,155.38245,791.9999,200
47,80.98548,-136.74887,299.59616,200
48,264.4065,-305.22144,875.4448,200
49,418.27982,61.217495,498.57248,200
50,136.88988,-183.40875,486.05478,200
51,693.34094,153.1571,783.8765,200
52,111.89596,-185.84169,419.5395,200
53,111.4941,-182.71268,420.7644,200
54,714.5694,158.86711,807.1858,200
55,112.628586,-181.52823,426.00058,200
56,493.3784,101.23601,563.7749,200
57,268.42346,-22.091288,381.53033,200
58,214.49182,-258.89514,725.9016,200
59,580.0316,125.18631,657.872,200
60,646.0436,141.73679,731.0941,200
61,607.3344,132.30635,687.9278,200
62,546.0937,116.02635,620.82574,200
63,372.7234,-413.1232,1210.9985,200
64,143.92094,-189.95337,507.6506,200
65,357.21994,10.676034,466.48926,200
66,114.50965,-182.05092,431.15955,200
67,718.05145,159.6311,811.12305,200
68,389.01083,36.245014,482.6126,200
69,134.46329,-185.4064,486.0389,200
70,228.8046,-266.9892,760.946,200
71,115.002815,-177.35428,430.7741,200
72,572.8731,123.70452,649.70667,200
73,141.64601,-187.991,500.43735,200
74,583.77374,125.33039,662.6224,200
75,247.39905,-294.1889,831.59894,200
76,112.67581,-184.70123,424.81677,200
77,191.05746,-7.01027,262.63876,200
78,588.7739,127.724655,667.305,200
79,111.971634,-185.91763,420.10013,200
80,111.52372,-182.19507,421.25137,200
81,130.46199,-47.95065,229.38165,200
82,227.76392,-272.19656,767.1875,200
83,117.42907,-171.42175,435.26483,200
84,109.913315,-180.67984,414.35245,200
85,543.98615,116.46476,617.7152,200
86,130.29234,-180.20798,470.0663,200
87,163.70966,-213.02,575.67175,200
88,181.13124,-227.06863,624.6268,200
89,288.58963,-335.737,960.0043,200
90,469.19788,91.28079,540.20056,200
91,113.31076,-181.37804,427.47183,200
92,112.96913,-176.3191,425.29684,200
93,337.56982,-372.71466,1093.979,200
94,128.04991,-181.44775,454.9084,200
95,116.865295,-172.54764,433.07507,200
96,262.34045,-307.47467,875.4531,200
97,248.84464,-289.60217,827.048,200
98,211.98706,-252.48859,712.2337,200
99,450.67407,87.125885,519.42535,200
100,105.86677,-177.52467,395.58224,200
101,533.48883,112.69622,607.0315,200
102,109.859856,-174.5944,416.34573,200
103,111.58499,-183.12871,420.76974,200
104,626.85626,137.10773,709.6701,200
105,291.41626,-17.938608,407.9522,200
106,199.21123,-247.34157,684.0671,200
107,115.51394,-170.09857,429.51816,200
108,111.39368,-181.98024,420.70755,200
109,571.7403,123.38469,648.47736,200
110,155.49007,-204.38596,549.1535,200
111,132.88359,-184.00536,480.8851,200
112,108.5528,-181.4413,406.55023,200
113,97.30916,-164.48622,362.79324,200
114,414.03656,57.05794,496.64774,200
115,485.2553,98.194244,555.5972,200
116,145.6771,-194.328,517.8997,200
117,139.7756,-40.656746,232.66,200
118,118.46707,-171.61629,437.41574,200
119,113.144394,-177.43376,426.30194,200
120,640.2313,140.6817,724.3568,200
121,110.355446,-171.64436,416.79025,200
122,88.46817,-148.1711,328.7713,200
123,112.64473,-178.22202,425.20978,200
124,183.08069,-228.07135,629.23444,200
125,121.577385,-173.58093,445.36172,200
126,160.7325,-206.06825,560.138,200
127,157.04736,-36.512215,249.47461,200
128,134.48462,-184.23108,484.5044,200
129,111.83854,-182.61575,422.49695,200
130,110.44328,-175.25485,418.84033,200
131,637.7065,139.73293,721.76843,200
132,113.96807,-175.03299,427.4609,200
133,337.13422,-379.20496,1103.0973,200
134,133.84256,-184.44649,483.75885,200
135,148.39612,-195.903,524.5266,200
136,114.749054,-169.86205,427.27783,200
137,223.13776,-263.32108,746.28796,200
138,153.02711,-199.1789,536.9635,200
139,711.1626,158.07814,803.361,200
140,464.92313,90.08783,535.62836,200
141,132.6981,-181.82236,476.7244,200
142,231.42561,-277.29007,780.6408,200
143,137.048,-186.69215,491.65344,200
144,701.6315,155.56386,792.8606,200
145,530.25586,111.36174,603.878,200
146,123.88083,-173.58311,448.90594,200
147,113.89955,-187.79158,428.57584,200
148,701.84344,155.35188,793.27435,200
149,112.85645,-180.59839,426.2117,200
150,147.08202,-194.10696,518.9349,200
151,178.55626,-225.88887,618.7559,200
152,112.80142,-187.197,423.23843,200
153,110.84711,-177.76381,420.05096,200
154,115.085686,-171.83786,428.10205,200
155,59.344177,-99.68763,213.01459,200
156,187.96852,-239.22261,653.85205,200
157,111.26888,-177.06549,421.2137,200
158,722.92114,160.7006,816.6281,200
159,126.32112,-177.64937,460.13657,200
160,110.903275,-177.91913,420.16412,200
161,336.63638,-5.233893,455.38934,200
162,108.674774,-181.76112,406.65485,200
163,121.08516,-173.5065,444.84723,200
164,218.32164,-261.1492,735.4343,200
165,159.6432,-207.91953,561.33606,200
166,305.029,-342.6914,996.74207,200
167,156.87483,-204.52419,551.7856,200
168,115.47833,-181.86174,433.3931,200
169,597.6184,129.83308,677.1853,200
170,111.69507,-183.95087,420.65506,200
171,590.3487,127.90661,669.20355,200
172,115.76331,-169.89914,430.0218,200
173,202.14244,-249.21747,691.5958,200
174,217.753,-266.9578,743.2137,200
175,168.07278,-217.40675,589.22406,200
176,107.57432,-170.01189,408.15842,200
177,643.37036,141.11328,728.0794,200
178,124.88752,-176.71509,456.31528,200
179,71.3904,-122.72565,263.1789,200
180,336.73807,-370.6016,1089.4602,200
181,111.92383,-178.47887,423.15753,200
182,109.43602,-179.91147,412.5126,200
183,109.24252,-176.49348,414.3092,200
184,695.5966,154.07587,786.147,200
185,120.67196,-171.51706,439.70844,200
186,395.13113,40.764427,486.28745,200
187,158.37224,-206.48978,557.0948,200
188,121.58885,-173.57303,443.63742,200
189,112.826546,-181.27661,426.4707,200
190,114.92455,-187.07927,433.32327,200
191,66.83959,-53.014793,162.12506,200
192,69.703545,-116.9102,255.91112,200
193,114.66983,-187.40123,432.3097,200
194,109.74034,-177.69829,415.89343,200
195,306.9601,6.980258,402.96124,200
196,236.59569,-32.124172,349.5815,200
197,200.855,-244.75626,682.83344,200
198,175.38402,-217.82765,601.29376,200
199,116.738304,-169.85138,430.02036,200
200,107.98453,-168.16158,409.35468,200
201,112.00747,-173.7361,422.05414,200
202,147.07,-196.25987,523.313,200
203,229.39436,-279.73938,781.14703,200
204,108.27889,-180.39265,405.56323,200
205,229.91423,-268.7429,765.39435,200
206,113.5345,-188.1926,426.18912,200
207,541.0991,114.57569,615.4688,200
208,78.2788,-133.69112,290.48245,200
209,116.32371,-183.67566,433.91193,200
210,231.17645,-19.663439,329.3265,200
211,110.28461,-181.41095,415.64456,200
212,111.11947,-186.0319,415.409,200
213,442.289,78.6644,515.41675,200
214,440.63797,79.651665,512.44763,200
215,159.33052,-202.89088,552.657,200
216,690.99243,152.8335,781.09216,200
217,351.26608,5.003732,464.3068,200
218,70.82745,-43.448074,161.26247,200
219,116.578606,-170.3959,432.5332,200
220,119.541214,-172.92163,440.05133,200
221,143.82231,-193.07852,512.77185,200
222,273.30527,-315.53958,905.163,200
223,114.66374,-178.92859,431.02725,200
224,110.06848,-170.83006,415.43106,200
225,108.86074,-176.51627,412.59464,200
226,151.65976,-198.20715,533.21606,200
227,82.86134,-140.24623,307.6252,200
228,125.522,-175.96504,455.06012,200
229,196.84541,-248.87463,682.54346,200
230,116.915596,-174.77156,433.7539,200
231,113.067924,-178.5569,426.31033,200
232,584.5261,126.71234,662.5546,200
233,339.1688,-3.8454409,457.3353,200
234,113.16741,-182.92726,427.46716,200
235,156.29814,-204.94997,551.22076,200
236,112.34384,-183.55272,424.1555,200
237,188.03989,-227.43837,636.1821,200
238,101.990456,-171.98935,380.1588,200
239,114.540764,-189.0547,430.5966,200
240,301.36484,-341.18637,988.6185,200
241,128.45125,-178.21089,463.72778,200
242,112.8602,-186.81116,424.1455,200
243,147.20563,-199.48836,528.6905,200
244,160.13942,-207.104,560.7282,200
245,142.358,-193.40776,511.41656,200
246,313.29846,-355.7886,1029.6523,200
247,370.69995,26.310997,468.45932,200
248,117.53367,-185.13489,438.27335,200
249,155.27843,-204.85136,549.6376,200
250,128.6914,-178.64432,465.6733,200
251,423.64523,69.200714,498.97128,200
252,96.30672,-162.50584,359.14053,200
253,109.27163,-182.51012,409.16107,200
254,341.0388,-384.58716,1117.3114,200
255,412.4004,57.65743,493.95685,200
256,100.44366,-169.39111,374.5785,200
257,109.113075,-181.81473,408.6993,200
258,194.67007,-238.73544,663.80865,200
259,185.33856,-237.96373,647.82275,200
260,232.83398,-278.39374,784.55035,200
261,132.50278,-182.32036,477.49695,200
262,161.81766,-208.87318,566.04675,200
263,261.86322,-303.46274,868.7784,200
264,94.01027,-159.06444,350.20392,200
265,122.295906,-175.93237,450.9508,200
266,366.2403,-409.00626,1194.3944,200
267,357.1918,-393.65945,1156.915,200
268,111.298874,-185.88496,416.55774,200
269,616.66534,134.6304,698.29486,200
270,160.51512,-211.21965,567.8267,200
271,94.11932,-158.8267,350.8811,200
272,131.14648,-183.46504,478.1221,200
273,173.06729,-221.61722,603.5066,200
274,85.72356,-144.81937,318.87595,200
275,256.5902,-300.91644,856.4858,200
276,197.52934,-244.06549,676.4282,200
277,124.78525,-176.75174,455.89114,200
278,716.878,159.36674,809.80115,200
279,162.07828,-211.60039,570.9112,200
280,61.86066,-94.371414,210.83374,200
281,113.13736,-184.5869,427.27777,200
282,205.75354,-252.28612,701.939,200
283,260.81778,-23.405539,372.80045,200
284,229.76172,-276.08078,776.1839,200
285,126.3652,-39.425163,214.31744,200
286,116.494865,-170.59918,429.88803,200
287,143.89658,-192.5282,512.20215,200
288,134.6981,-183.13445,482.00943,200
289,106.615166,-178.7777,398.588,200
290,216.69925,-262.0452,734.15894,200
291,328.212,-13.213487,452.3028,200
292,134.88382,-185.76698,486.9324,200
293,369.5112,22.211279,471.02237,200
294,447.10104,83.32391,517.8764,200
295,64.00469,-97.98034,221.99767,200
296,111.68976,-183.21776,420.3209,200
297,137.49559,-187.32089,493.53787,200
298,97.45082,-165.05128,362.72916,200
299,558.8197,120.03413,634.2535,200
300,602.9386,131.27208,683.0063,200
301,347.54697,13.385253,450.74307,200
302,421.59705,71.292625,494.54404,200
303,350.11032,2.3284774,465.543,200
304,237.81664,-285.75977,803.60114,200
305,353.27362,7.365219,464.60794,200
306,80.53475,-137.05312,298.94745,200
307,111.91912,-187.06807,418.79718,200
308,144.29704,-192.16852,512.22876,200
309,191.64984,-244.32367,667.4359,200
310,116.70589,-181.58093,434.47858,200
311,475.5159,94.97716,545.4693,200
312,165.84142,-215.33813,582.53094,200
313,167.90027,-217.86607,589.6303,200
314,130.77505,-179.40971,469.17813,200
315,113.068146,-186.12723,425.77002,200
316,110.249954,-178.60397,417.60495,200
317,367.93588,21.543444,469.65033,200
318,55.147488,-75.95963,169.11508,200
319,177.33485,-221.13048,609.68036,200
320,111.0399,-185.41579,415.79102,200
321,111.29467,-180.64117,421.15695,200
322,79.85796,-136.15721,296.64142,200
323,420.78903,66.3806,497.52774,200
324,431.60547,-456.3397,1370.0096,200
325,236.58203,-277.07394,788.6272,200
326,211.201,-259.01562,720.7921,200
327,717.81665,159.36754,810.99756,200
328,110.33702,-180.07724,412.59412,200
329,191.60603,-244.40706,667.5248,200
330,712.7387,158.43617,805.135,200
331,119.62195,-176.49985,440.0333,200
332,115.47449,-184.26132,434.2772,200
333,112.37808,-187.19055,420.729,200
334,715.99677,159.10791,808.84674,200
335,113.08967,-186.16939,425.57077,200
336,453.34192,87.11814,522.9049,200
337,115.67731,-185.91844,435.66425,200
338,108.14275,-168.52362,410.4916,200
339,188.47919,-234.72487,647.92444,200
340,228.6126,-271.7442,767.76337,200
341,114.47483,-188.61282,430.68182,200
342,354.50095,7.197985,466.44113,200
343,378.69742,37.49599,467.79922,200
344,282.0012,-16.52818,393.9152,200
345,725.34973,160.66515,819.75275,200
346,114.74476,-186.53656,432.79144,200
347,65.24239,-88.2219,212.20883,200
348,107.60647,-179.78712,402.98483,200
349,208.69495,-257.02795,713.7916,200
350,156.63583,-205.30347,552.4756,200
351,116.168396,-190.2232,437.25803,200
352,227.63913,-270.97748,765.12396,200
353,115.93011,-169.22575,429.13446,200
354,138.23225,-187.0237,494.6297,200
355,195.05742,-243.22755,671.23364,200
356,69.40269,-116.104744,253.22221,200
357,118.42938,-172.58223,439.8794,200
358,117.833694,-171.08098,434.9023,200
359,75.186134,-57.07494,172.92213,200
360,640.11237,140.3725,724.41986,200
361,581.2209,125.58944,659.11597,200
362,111.63796,-171.35977,419.10168,200
363,184.66402,-231.05615,636.3175,200
364,419.82828,66.43266,496.24738,200
365,674.3601,148.62108,762.6615,200
366,149.48004,-195.24767,525.0184,200
367,146.20897,-192.90508,515.61566,200
368,141.08731,-191.39249,506.2098,200
369,205.90222,-253.22588,703.6182,200
370,204.62376,-250.48909,697.4465,200
371,689.0516,152.2482,779.0023,200
372,243.53786,-287.82138,815.8895,200
373,644.15076,141.18588,729.0316,200
374,87.144005,-146.5733,324.42468,200
375,114.778114,-175.5789,427.7317,200
376,379.38327,38.00995,468.23,200
377,172.53934,-219.87643,600.06665,200
378,599.55304,130.11137,679.48267,200
379,153.6469,-199.40286,538.5347,200
380,317.42093,-357.45624,1038.8003,200
381,148.03561,-196.74312,525.53436,200
382,118.39756,-172.59506,436.44193,200
383,442.35074,80.27448,514.18616,200
384,670.18414,147.52072,758.05853,200
385,110.024315,-182.58102,413.1921,200
386,108.8429,-181.84969,407.59756,200
387,210.07512,-254.12746,711.67145,200
388,206.28806,-22.32549,298.93393,200
389,139.58403,-189.40955,500.72403,200
390,174.1929,-222.20107,606.2402,200
391,158.11974,-28.924957,242.767,200
392,148.18353,-196.92442,526.07,200
393,132.35085,-184.02727,480.62216,200
394,109.61529,-182.3109,411.07095,200
395,286.5169,-323.48776,938.412,200
396,178.45387,-223.2481,614.6175,200
397,123.71328,-176.21178,453.7841,200
398,709.63965,157.64827,801.70154,200
399,116.156334,-173.21573,427.6862,200
400,501.3089,102.919075,572.81323,200
401,172.95471,-218.68976,598.93036,200
402,303.32452,-22.880095,429.04742,200
403,447.57196,84.54272,517.50385,200
404,302.56827,-22.358227,427.47333,200
405,92.198204,-154.36952,343.26245,200
406,216.36798,-266.54068,740.4118,200
407,199.3163,-240.42245,673.7703,200
408,110.30205,-37.515812,191.1413,200
409,451.91507,87.49132,520.7247,200
410,715.79346,158.90065,808.72534,200
411,458.02753,88.80659,527.648,200
412,119.31714,-171.98886,440.2737,200
413,132.01886,-184.66486,481.26175,200
414,75.44408,-127.50849,279.02216,200
415,162.9197,-209.02733,568.0765,200
416,225.27905,-273.3165,764.8038,200
417,170.57216,-215.13905,589.8261,200
418,119.97619,-172.82063,440.3174,200
419,194.31511,-242.35709,668.71893,200
420,239.81367,-30.074717,351.6887,200
421,183.03174,-231.45142,634.28766,200
422,60.247883,-97.34562,214.98897,200
423,116.91716,-173.32748,432.63452,200
424,131.05914,-182.90683,477.22177,200
425,95.63123,-162.32132,355.84982,200
426,108.366066,-171.46005,410.97964,200
427,173.84573,-220.13269,602.599,200
428,226.06873,-273.45224,766.35425,200
429,219.673,-258.179,733.09314,200
430,431.3697,-466.3996,1384.784,200
431,70.57793,-72.69861,200.83295,200
432,234.04396,-278.77536,787.05066,200
433,268.87994,-4.937155,364.35318,200
434,188.5157,-235.27318,648.8169,200
435,356.983,16.10004,460.65793,200
436,580.5106,125.803406,658.0361,200
437,110.07004,-179.46501,415.23047,200
438,554.92755,119.018524,629.96967,200
439,114.119804,-181.9071,430.12427,200
440,395.81036,47.27835,481.02786,200
441,470.18338,92.90799,540.1682,200
442,159.58559,-208.10492,561.46564,200
443,259.65976,-309.49368,874.23804,200
444,186.36507,-235.3336,645.49445,200
445,114.20641,-187.03638,430.4633,200
446,167.739,-216.67499,587.59906,200
447,146.22604,-196.47562,522.33746,200
448,113.14932,-188.49835,424.05347,200
449,113.579384,-185.54752,428.8023,200
450,296.01273,-336.80844,973.4847,200
451,114.497215,-187.75311,430.8916,200
452,107.227356,-178.98811,401.17593,200
453,709.8449,157.5686,802.0153,200
454,171.2605,-217.08131,593.80585,200
455,134.22833,-183.9321,483.3337,200
456,112.62009,-186.09697,423.4637,200
457,114.68144,-179.16614,430.69736,200
458,194.03223,-234.49306,656.50903,200
459,667.42633,146.89803,754.9524,200
460,116.98028,-178.41551,434.55502,200
461,611.94604,132.88394,693.45764,200
462,261.16788,-303.8883,868.2374,200
463,207.71364,-252.82172,705.88446,200
464,108.555115,-180.64127,407.1045,200
465,196.36174,-241.28957,670.3622,200
466,230.72682,-277.0877,779.25195,200
467,126.58977,-176.71477,458.69785,200
468,112.26122,-184.72008,422.8537,200
469,113.147446,-184.69676,427.18613,200
470,133.4291,12.589681,166.93375,200
471,71.883415,-124.60921,266.52106,200
472,646.3699,141.7602,731.477,200
473,121.57839,-173.8923,446.33096,200
474,114.010895,-185.8001,430.36722,200
475,120.47083,-172.32674,440.0641,200
476,178.52516,-224.05107,615.91235,200
477,713.04816,158.34364,805.5908,200
478,117.23596,-171.14406,434.72214,200
479,179.46526,-225.27017,619.23724,200
480,520.78674,108.62537,593.689,200
481,201.37442,-33.13782,303.71075,200
482,128.60216,-177.93478,462.4283,200
483,516.0871,107.71226,588.28217,200
484,134.63217,-184.40343,484.2859,200
485,163.19138,-206.10687,564.2884,200
486,396.74185,43.53625,485.777,200
487,155.27202,-24.31406,234.0982,200
488,126.11433,-176.31694,457.0223,200
489,549.36273,117.47576,623.9371,200
490,195.8948,-239.45236,666.9057,200
491,139.00621,-187.21944,495.75537,200
492,114.57773,-178.93048,430.29187,200
493,116.58076,-179.9108,435.82144,200
494,185.20099,-235.72797,644.1992,200
495,641.38367,140.5409,725.9262,200
496,214.53323,-256.99014,723.1078,200
497,371.3731,21.752602,473.98862,200
0,608.5752,183.19583,669.17487,250
1,173.83838,-167.80923,532.9355,250
2,573.37787,170.59099,631.53546,250
3,124.58228,-178.80836,440.60638,250
4,183.06863,-170.98845,557.2669,250
5,99.119125,-118.051476,270.88025,250
6,604.6841,181.74864,665.04083,250
7,244.17204,-43.32104,375.0403,250
8,342.13647,20.165297,447.3318,250
9,80.595055,-139.8359,279.4487,250
10,475.5171,132.50809,529.05505,250
11,595.47943,178.42564,655.208,250
12,96.40441,-142.3156,290.67194,250
13,116.20321,-182.67496,410.01157,250
14,175.62114,-76.85342,316.49973,250
15,527.925,153.81538,583.1741,250
16,588.5519,176.02573,647.75757,250
17,191.51944,-76.597305,336.4829,250
18,136.34993,-182.02824,465.95877,250
19,114.76445,-179.58598,405.4162,250
20,535.78973,156.69525,591.545,250
21,596.7901,178.96594,656.5756,250
22,220.62114,-62.620136,361.4699,250
23,123.44847,-185.20918,437.93488,250
24,93.2644,-132.66318,277.3807,250
25,611.2022,184.15024,671.9761,250
26,92.976776,-160.30295,326.7735,250
27,444.66525,117.24776,499.41208,250
28,574.6608,171.07367,632.8891,250
29,682.15186,208.84746,748.23083,250
30,124.841545,-181.98108,441.9708,250
31,121.83165,-106.62952,278.61603,250
32,127.03228,-180.65573,446.56888,250
33,151.98068,-165.53784,487.53055,250
34,137.12108,-168.26425,460.21066,250
35,129.7317,-183.53088,453.05408,250
36,256.20462,-185.69223,708.2922,250
37,376.66663,61.260487,454.95178,250
38,121.45455,-182.62384,430.58243,250
39,617.5746,186.36586,678.8214,250
40,353.59933,40.10941,444.08044,250
41,133.60887,-188.64658,463.8459,250
42,124.40947,-192.08656,439.73813,250
43,174.94629,-168.54756,537.99896,250
44,564.906,167.5166,622.4962,250
45,124.83512,-187.01515,441.868,250
46,575.66437,171.3372,634.0189,250
47,102.44677,-138.65315,293.61243,250
48,198.81827,-172.89221,588.20575,250
49,535.4264,154.85164,592.1685,250
50,124.00408,-191.76521,437.43622,250
51,619.1543,186.91658,680.52216,250
52,356.25208,33.65,453.76758,250
53,119.54836,-184.15135,423.14044,250
54,567.08636,168.31293,624.81976,250
55,162.55608,-83.70456,306.5146,250
56,510.66953,147.18674,565.08234,250
57,160.80508,-83.98171,303.21396,250
58,165.14737,-165.29565,512.7467,250
59,523.76953,151.78452,579.08344,250
60,588.3168,175.8497,647.5627,250
61,598.81104,179.74596,658.7051,250
62,567.14215,168.04796,625.019,250
63,284.765,-199.8706,780.5402,250
64,130.24857,-188.3351,455.65903,250
65,499.62216,142.32678,553.8852,250
66,107.2841,-177.3384,378.4064,250
67,576.50836,171.7229,634.878,250
68,439.25638,113.02112,495.35156,250
69,134.5916,-170.47504,456.45224,250
70,136.94957,-187.81516,469.53552,250
71,91.80324,-157.85124,322.61246,250
72,541.5781,159.12341,597.5521,250
73,141.4564,-175.9009,472.24,250
74,472.00604,130.65854,525.7155,250
75,200.42474,-173.75049,591.5268,250
76,119.27862,-183.04529,421.87326,250
77,387.0721,68.811264,461.85046,250
78,565.6295,167.6701,623.3232,250
79,319.17682,-2.5373504,437.97256,250
80,108.41775,-170.35515,382.7632,250
81,332.19785,7.9685497,445.58194,250
82,295.9715,-201.62164,802.57263,250
83,97.04863,-161.81659,342.5647,250
84,105.01985,-167.86465,370.47183,250
85,584.0889,174.5972,642.8937,250
86,125.738594,-113.70766,293.20752,250
87,141.5512,-162.79727,466.10095,250
88,128.7314,-183.88988,451.2682,250
89,228.41737,-183.04004,656.8032,250
90,507.94763,146.04039,562.2908,250
91,136.86662,-170.87366,461.0965,250
92,102.52993,-156.85252,326.4042,250
93,326.57358,-206.95366,863.05774,250
94,117.16075,-175.59193,390.3817,250
95,122.81675,-185.66272,433.93945,250
96,173.43057,-167.7232,531.20154,250
97,179.75716,-168.77675,545.7423,250
98,171.9733,-167.34082,529.2631,250
99,370.45413,57.30428,450.3395,250
100,333.0668,10.553401,444.3037,250
101,542.1406,158.65053,598.50903,250
102,87.468056,-146.4154,308.5503,250
103,88.94942,-125.68816,260.87134,250
104,587.63776,175.65253,646.8103,250
105,429.07147,107.34787,486.11133,250
106,183.42744,-170.06218,553.46967,250
107,129.53653,-184.84763,453.45593,250
108,168.48126,-98.58276,330.9325,250
109,566.8137,168.05936,624.60693,250
110,133.13947,-175.24672,456.43182,250
111,138.53682,-175.01396,466.6671,250
112,79.497765,-135.34837,263.39108,250
113,116.70786,-90.18795,254.16713,250
114,558.435,164.90294,615.7155,250
115,555.34753,163.8234,612.40515,250
116,115.54825,-185.4116,407.0053,250
117,389.0589,75.55568,458.26883,250
118,112.000786,-185.93887,394.9882,250
119,112.98796,-189.62045,398.64856,250
120,581.0573,173.45009,639.68677,250
121,99.386765,-161.87483,350.66473,250
122,520.3603,150.43436,575.5428,250
123,96.1422,-162.1024,339.33273,250
124,133.89426,-188.09511,463.71683,250
125,123.58601,-188.27602,437.32166,250
126,180.60007,-169.27345,549.245,250
127,92.44247,-126.637985,265.24643,250
128,129.86028,-178.07451,450.171,250
129,97.659386,-162.72066,344.7267,250
130,123.429825,-185.75215,437.87143,250
131,595.03735,178.31335,654.71387,250
132,126.2079,-188.78429,446.5978,250
133,197.67906,-172.32106,586.85406,250
134,130.24794,-176.89021,451.12057,250
135,143.08638,-169.2087,471.8612,250
136,95.19401,-161.44469,321.79718,250
137,178.75595,-167.92662,541.9094,250
138,130.666,-192.11823,458.4033,250
139,560.6073,165.96619,617.90497,250
140,482.16077,135.83893,535.5033,250
141,127.23092,-180.22601,446.34778,250
142,129.35565,-192.5542,455.08463,250
143,126.22498,-191.61086,446.41528,250
144,587.53424,175.71422,646.6458,250
145,561.8833,165.84344,619.57135,250
146,114.03294,-181.28934,401.7789,250
147,124.27356,-123.62479,301.5754,250
148,598.2461,179.52356,658.11646,250
149,101.43241,-141.36829,299.564,250
150,129.84071,-189.92407,454.13007,250
151,99.77749,-162.98749,343.98096,250
152,128.3553,-180.76031,449.35678,250
153,116.82265,-181.69276,412.91544,250
154,102.19637,-169.1019,360.67465,250
155,299.9948,-11.473451,420.41107,250
156,144.2821,-164.06152,472.80984,250
157,98.835594,-162.49823,348.8267,250
158,589.9823,176.5953,649.26306,250
159,128.18887,-177.82765,447.69577,250
160,98.39777,-164.47377,347.45682,250
161,369.32547,53.217964,452.70477,250
162,427.24454,108.485695,482.94638,250
163,120.61241,-187.337,426.16187,250
164,166.24615,-166.39005,516.8417,250
165,135.5673,-171.68102,458.61737,250
166,267.91254,-188.74583,733.005,250
167,248.67023,-19.299637,358.1392,250
168,121.78219,-116.481346,291.95517,250
169,545.01776,159.99962,601.4188,250
170,175.9873,-76.70789,316.59775,250
171,598.7587,179.70848,658.65814,250
172,114.88362,-183.88339,404.87228,250
173,138.2385,-167.6678,461.9315,250
174,188.3218,-172.60136,570.7722,250
175,147.67943,-165.85265,479.41412,250
176,73.58233,-113.462006,233.428,250
177,615.327,185.60454,676.39764,250
178,125.20511,-184.11288,443.40616,250
179,240.61682,-49.164974,375.79004,250
180,230.22534,-178.39435,651.2497,250
181,186.14316,-72.69944,328.18942,250
182,175.62337,-47.31503,287.3397,250
183,118.858376,-182.10172,421.06454,250
184,564.2851,167.15619,621.9045,250
185,122.62686,-191.99135,431.58176,250
186,530.78076,154.22807,586.58844,250
187,134.251,-179.64499,460.68906,250
188,126.41599,-188.62175,443.44516,250
189,149.7213,-110.118225,321.24142,250
190,97.20717,-151.8542,312.24487,250
191,137.12445,-89.59496,277.89166,250
192,204.68593,-65.68516,343.0518,250
193,101.64825,-166.38643,356.8968,250
194,122.16523,-184.48582,433.58673,250
195,628.2672,189.95169,690.3929,250
196,481.91214,135.6959,535.26935,250
197,178.79012,-168.83476,543.28455,250
198,156.4801,-173.36768,497.75394,250
199,141.46556,-167.6584,467.6494,250
200,168.1799,-57.69198,288.36774,250
201,106.99339,-169.5336,377.46808,250
202,109.165344,-174.73946,384.27457,250
203,211.60092,-179.5346,622.60693,250
204,91.97488,-139.48795,287.80997,250
205,324.92596,-207.63194,861.2711,250
206,144.1994,-118.610725,321.5699,250
207,633.8331,192.12035,696.2437,250
208,306.16003,-13.934622,431.1238,250
209,176.74846,-81.40887,329.39447,250
210,350.25647,30.688225,448.32294,250
211,79.18039,-138.95503,279.3196,250
212,224.67044,-56.602417,361.3922,250
213,488.89966,138.37157,542.5723,250
214,456.39426,124.12257,509.8731,250
215,164.093,-166.67964,511.2073,250
216,599.385,179.90771,659.3458,250
217,567.781,168.488,625.5805,250
218,293.90176,-26.822363,426.77667,250
219,125.24475,-193.16325,442.85593,250
220,107.82222,-172.98553,380.15424,250
221,139.23979,-169.41153,464.84354,250
222,270.58563,-190.94633,741.61017,250
223,118.55061,-181.18372,417.88083,250
224,156.40195,-83.58094,300.68677,250
225,95.8426,-158.92067,338.3642,250
226,118.68177,-190.95459,417.6662,250
227,356.19662,41.604187,446.16843,250
228,117.978386,-184.30664,416.25803,250
229,141.0029,-164.28221,466.05453,250
230,109.91214,-180.43686,387.42706,250
231,103.5729,-168.86722,365.076,250
232,574.5951,170.89032,632.9016,250
233,437.99237,112.493,494.07996,250
234,109.13514,-172.9679,384.83145,250
235,165.19078,-167.44868,514.1113,250
236,84.35788,-137.0619,274.9985,250
237,142.58742,-184.81499,479.05234,250
238,266.04114,-47.33215,408.4943,250
239,243.00038,-55.002365,384.7495,250
240,201.38948,-172.89392,591.62616,250
241,125.89004,-189.76982,444.04645,250
242,89.9316,-157.25958,316.2299,250
243,132.50244,-168.4623,451.7108,250
244,138.49818,-170.40927,463.6835,250
245,153.1518,-165.34006,490.8185,250
246,252.44994,-185.88329,701.70294,250
247,318.24466,0.86680675,433.40054,250
248,129.07312,-123.39632,322.2167,250
249,137.51382,-174.26498,464.2121,250
250,121.91651,-188.97008,430.5438,250
251,489.2484,139.18623,542.5132,250
252,290.63376,-12.642733,408.89554,250
253,221.25764,-58.788315,358.72647,250
254,203.31248,-170.5386,591.882,250
255,445.99448,117.90136,500.69128,250
256,164.79402,-97.76593,323.4022,250
257,269.95645,-36.48756,403.50766,250
258,184.76335,-168.78996,553.6269,250
259,144.35678,-162.47638,472.15488,250
260,174.1266,-168.84686,536.89923,250
261,95.42568,-162.43147,330.51727,250
262,140.93016,-174.86926,471.1767,250
263,192.28369,-171.25182,573.9135,250
264,183.38019,-71.93765,320.9362,250
265,126.70597,-187.40302,447.7523,250
266,282.2186,-198.98627,774.6248,250
267,240.28555,-182.38402,676.4075,250
268,116.14712,-136.09189,306.81595,250
269,570.5423,169.77419,628.3926,250
270,130.5822,-173.56485,450.51614,250
271,107.02011,-120.36167,278.63553,250
272,126.56462,-181.53151,445.77756,250
273,135.52795,-168.14487,457.26816,250
274,250.63838,-52.890095,392.90442,250
275,227.33571,-182.82086,654.6185,250
276,158.29109,-163.82893,500.46744,250
277,126.0197,-190.77834,445.88467,250
278,569.50543,169.15773,627.4182,250
279,128.53883,-175.7619,447.06064,250
280,149.80476,-100.137276,307.59518,250
281,94.47725,-139.06662,288.21124,250
282,138.7136,-170.87459,464.16367,250
283,364.4216,46.671207,452.29196,250
284,196.92555,-172.99748,585.1478,250
285,247.42528,-50.937473,386.56375,250
286,116.58689,-182.30661,411.68256,250
287,123.7393,-196.20253,435.78195,250
288,138.96844,-174.77626,466.85654,250
289,356.40897,37.742363,450.075,250
290,142.24881,-166.3296,468.28116,250
291,383.51154,64.37741,461.27682,250
292,123.169685,-186.57588,436.05002,250
293,416.64822,99.22359,475.9502,250
294,567.89435,168.66992,625.6392,250
295,98.67397,-135.36966,289.71283,250
296,394.8949,73.79716,467.8379,250
297,123.75496,-186.10353,438.27975,250
298,304.5184,-22.087666,436.63058,250
299,559.7548,165.15768,617.2568,250
300,587.5972,175.7291,646.71405,250
301,553.48895,163.21841,610.3712,250
302,493.75244,140.75934,547.31683,250
303,446.80814,119.03154,500.96826,250
304,135.55661,-176.27078,460.84116,250
305,326.71283,4.7590723,441.11844,250
306,300.95435,-17.777077,427.748,250
307,316.4644,-11.3005705,442.54163,250
308,132.64398,-170.88203,452.36215,250
309,128.27417,-170.90137,444.26617,250
310,125.96237,-194.20532,444.45172,250
311,464.8229,128.2051,518.0297,250
312,127.68322,-186.4108,449.7681,250
313,142.71843,-163.64449,467.82327,250
314,161.16045,-167.18616,504.31772,250
315,88.21759,-148.4307,292.83447,250
316,95.41806,-158.77608,337.02768,250
317,506.6992,145.62947,560.9414,250
318,349.63324,39.14638,439.55893,250
319,160.84253,-165.55418,503.8709,250
320,90.90589,-160.44095,319.54144,250
321,114.24676,-112.275276,276.4416,250
322,91.02753,-122.457214,259.1512,250
323,396.87994,83.20912,462.37775,250
324,271.88434,-188.54605,739.40857,250
325,176.00378,-167.07768,535.137,250
326,126.15755,-188.92726,445.7428,250
327,584.7222,174.59715,643.69714,250
328,124.380196,-193.94841,438.66467,250
329,139.33095,-162.51776,462.26944,250
330,564.5139,167.37798,622.07605,250
331,130.43105,-188.734,456.4352,250
332,201.67479,-58.958244,332.73813,250
333,470.1471,128.72435,524.6215,250
334,581.0225,173.35901,639.6949,250
335,121.30892,-112.26114,285.95844,250
336,394.9979,79.499214,462.7483,250
337,109.97326,-173.61299,387.93112,250
338,97.51308,-159.1545,343.85965,250
339,145.65773,-165.31119,473.44498,250
340,169.02036,-167.55515,523.1163,250
341,135.86314,-111.597694,303.28964,250
342,406.6355,87.6641,471.82318,250
343,426.20477,108.516785,481.5228,250
344,288.4359,-30.550236,422.8293,250
345,569.91187,169.03694,627.9933,250
346,138.81642,-104.558235,298.74942,250
347,374.47873,54.72135,458.289,250
348,235.12709,-51.563553,370.65643,250
349,191.17351,-172.28464,573.466,250
350,125.88806,-188.60979,445.6134,250
351,284.05154,-31.25419,417.5507,250
352,176.47072,-166.66464,537.73425,250
353,98.8725,-167.74072,348.81165,250
354,124.90235,-189.80637,441.81677,250
355,161.33237,-163.59836,504.62234,250
356,105.51032,-133.75087,290.04102,250
357,121.7316,-184.67241,431.89288,250
358,115.58793,-180.07062,408.39523,250
359,398.65042,84.69393,463.56607,250
360,575.5571,171.15433,633.9794,250
361,511.2121,146.86465,565.9812,250
362,107.20989,-173.21071,378.0328,250
363,126.24066,-184.30832,445.35425,250
364,361.9809,48.11731,447.70117,250
365,595.89813,178.5809,655.6582,250
366,137.2875,-178.92986,465.6744,250
367,139.02147,-183.9572,472.04678,250
368,125.31102,-193.9246,442.592,250
369,136.08261,-170.73358,459.47162,250
370,164.88715,-166.40121,513.88306,250
371,610.1693,183.74908,670.8879,250
372,128.2035,-187.93163,450.3394,250
373,586.78735,175.29723,645.9229,250
374,330.2867,23.371508,428.41434,250
375,96.03779,-150.87993,313.6295,250
376,488.93826,138.94394,542.26935,250
377,152.77612,-164.70245,488.57306,250
378,553.04877,162.89168,610.0071,250
379,124.05245,-189.92065,437.54318,250
380,276.01132,-194.66339,757.7886,250
381,128.86531,-182.7291,450.8758,250
382,118.96269,-183.53517,420.19373,250
383,443.1983,117.78268,497.1303,250
384,616.0965,185.82083,677.25226,250
385,74.63024,-120.94047,241.85365,250
386,101.83324,-133.965,285.25946,250
387,205.16913,-173.27626,598.3702,250
388,372.77618,51.574715,458.95792,250
389,124.831894,-192.15366,441.47568,250
390,128.13205,-180.12062,447.06448,250
391,221.68918,-62.908894,363.28802,250
392,138.33455,-172.84598,464.6417,250
393,126.357254,-179.28285,444.59808,250
394,344.95526,27.030369,444.73453,250
395,312.30508,-203.16408,832.99585,250
396,147.64838,-165.63225,478.65787,250
397,123.446014,-187.2068,437.2419,250
398,568.77496,168.9161,626.62616,250
399,310.18613,8.04606,415.60733,250
400,609.90216,183.62216,670.6206,250
401,137.12103,-173.01608,462.42215,250
402,434.09357,111.05683,490.00385,250
403,334.5218,21.921509,435.4093,250
404,395.29724,81.813065,461.3521,250
405,100.44474,-136.3959,295.99258,250
406,161.3607,-165.82388,509.50272,250
407,136.17339,-197.5688,471.7014,250
408,205.54784,-61.916946,340.37067,250
409,521.9925,151.68324,576.8639,250
410,594.83575,178.31439,654.4626,250
411,475.97577,133.52567,528.9943,250
412,121.6252,-185.71797,431.0089,250
413,121.83577,-182.61475,433.02158,250
414,104.79954,-130.66487,290.90967,250
415,120.41501,-186.02505,425.75812,250
416,193.89395,-172.64276,578.9683,250
417,212.15126,-174.81204,614.25464,250
418,127.67353,-186.96341,449.87268,250
419,175.88696,-168.83902,538.5818,250
420,306.00314,-11.989131,428.96503,250
421,147.33737,-164.17621,478.0971,250
422,368.2211,50.14127,454.08804,250
423,124.93024,-189.91977,441.53928,250
424,124.038734,-191.05573,438.6601,250
425,295.27905,-22.695766,424.75156,250
426,97.316086,-160.12285,343.2419,250
427,128.36577,-181.45561,447.3753,250
428,128.00998,-165.94273,438.5608,250
429,211.99255,-174.22086,612.08374,250
430,311.821,-206.71133,837.7968,250
431,324.96268,-5.3521757,448.36807,250
432,179.2796,-169.02202,546.3804,250
433,332.12814,9.40218,444.0716,250
434,179.88846,-169.6581,549.2336,250
435,403.65674,92.26686,464.3151,250
436,574.02936,170.94693,632.16315,250
437,110.0629,-161.27469,341.26065,250
438,553.68,163.13927,610.66815,250
439,137.60144,-175.53407,465.18738,250
440,428.4207,108.00544,484.781,250
441,499.12888,142.4934,553.1472,250
442,147.21292,-164.66568,477.63535,250
443,135.0462,-163.15883,453.68463,250
444,187.02773,-171.17249,564.32935,250
445,376.00482,54.619854,460.32312,250
446,123.511986,-188.98453,437.16888,250
447,127.47304,-186.08157,449.28647,250
448,188.75793,-77.25678,334.8187,250
449,120.35888,-183.99547,425.79068,250
450,174.85135,-167.05817,535.1192,250
451,152.85971,-93.71188,304.26334,250
452,436.80835,111.79464,493.08524,250
453,585.3604,174.89989,644.34045,250
454,124.84046,-196.70631,440.03006,250
455,128.14961,-189.20154,451.61276,250
456,115.90007,-180.84871,409.5495,250
457,98.019905,-155.92229,344.93408,250
458,126.12333,-188.55779,443.24057,250
459,595.8532,178.55466,655.6138,250
460,115.591484,-136.60666,314.3213,250
461,592.8783,177.54005,652.40314,250
462,168.06479,-166.81369,521.12744,250
463,131.18846,-190.79669,458.60068,250
464,96.84986,-122.48378,265.14578,250
465,143.87192,-169.26617,472.97287,250
466,187.3883,-170.61359,563.4995,250
467,129.91737,-189.34372,455.27325,250
468,84.780014,-149.0287,293.62216,250
469,247.07278,-47.701508,383.19693,250
470,422.26874,100.51676,482.356,250
471,304.5399,-11.474315,426.55518,250
472,600.51245,180.48537,660.4563,250
473,123.95079,-192.03763,437.83774,250
474,123.55597,-185.9958,436.00406,250
475,128.33446,-186.20297,450.14688,250
476,119.97829,-186.34935,423.42993,250
477,582.40497,173.83731,641.18274,250
478,124.28871,-186.61282,440.59116,250
479,139.50381,-167.69934,464.03308,250
480,521.2866,150.91638,576.42773,250
481,389.05133,74.85278,458.89774,250
482,143.24858,-173.70567,474.39896,250
483,498.30817,142.2582,552.2447,250
484,127.788025,-184.44423,448.75128,250
485,133.15012,-174.68927,453.8206,250
486,339.66516,14.400863,449.46573,250
487,345.71603,22.906174,449.65375,250
488,124.05087,-194.01479,437.56458,250
489,515.6193,148.77104,570.46936,250
490,144.14035,-172.97809,475.28247,250
491,102.90063,-168.68578,362.63513,250
492,219.23273,-68.75953,366.35828,250
493,114.028114,-176.54893,401.05185,250
494,180.09541,-169.84305,550.95905,250
495,612.4372,184.60431,673.2891,250
496,129.43245,-187.28528,449.49072,250
497,305.6887,-13.287388,429.83228,250
0,511.06854,127.40332,599.6636,300
1,136.51126,-171.81949,492.45093,300
2,500.5293,122.445015,588.82587,300
3,129.06003,-175.37389,468.1084,300
4,135.5546,-168.43892,488.7805,300
5,188.93703,-64.2093,322.7204,300
6,512.2219,127.76746,600.96124,300
7,285.34717,-41.51152,433.09015,300
8,408.492,49.788208,518.3696,300
9,60.558483,-120.408806,225.05026,300
10,455.35596,93.4989,548.6111,300
11,506.84647,125.38889,595.3337,300
12,124.462006,-110.24828,282.5123,300
13,77.68284,-138.9775,292.3097,300
14,69.281815,-136.05338,263.1046,300
15,489.18875,116.14398,577.935,300
16,489.34213,116.33722,578.0073,300
17,326.77045,-24.679071,473.8563,300
18,135.02917,-180.89421,489.00204,300
19,80.91664,-127.198395,245.90244,300
20,444.1757,85.46034,539.5342,300
21,508.56512,126.14208,597.13824,300
22,213.98853,-71.65155,363.98245,300
23,133.47179,-170.54906,481.92792,300
24,63.28802,-126.683525,237.45815,300
25,483.9458,113.507744,572.7755,300
26,68.73571,-134.62619,257.8545,300
27,415.0998,55.066418,523.3801,300
28,502.3803,123.51502,590.5933,300
29,518.2026,130.22412,607.34,300
30,118.9693,-181.1349,436.28952,300
31,140.10387,-88.436226,280.33084,300
32,167.51717,-72.623604,301.59732,300
33,129.22604,-178.1337,469.29276,300
34,115.31359,-176.6097,423.06088,300
35,129.219,-181.83067,470.1436,300
36,189.79117,-214.90869,685.05927,300
37,442.9715,84.60174,538.55695,300
38,134.8435,-169.05629,486.3699,300
39,516.44366,129.50417,605.463,300
40,391.5033,44.21247,499.7116,300
41,104.83209,-164.28711,385.76666,300
42,128.12347,-184.28886,467.15207,300
43,143.01093,-168.72728,515.2685,300
44,489.70175,116.61746,578.2978,300
45,95.12373,-156.52443,352.945,300
46,506.9338,125.39041,595.45496,300
47,301.4249,-44.24967,457.81165,300
48,138.06775,-169.36009,497.66522,300
49,350.73917,0.23713204,482.6323,300
50,125.76878,-182.14052,458.91385,300
51,518.0278,130.12083,607.1778,300
52,68.29196,-118.112854,255.47653,300
53,127.280045,-187.05644,465.06265,300
54,495.89673,120.04717,584.20605,300
55,214.10178,-63.360237,356.16248,300
56,478.06693,109.66257,567.6126,300
57,350.61215,-8.185336,490.65668,300
58,119.35066,-182.75508,437.92624,300
59,493.5529,118.26209,582.29553,300
60,501.60565,122.52639,590.2,300
61,511.0095,127.40725,599.5803,300
62,502.11148,123.218834,590.41656,300
63,200.1676,-225.5267,722.5927,300
64,69.74362,-133.4623,259.90723,300
65,411.22086,56.591187,517.02765,300
66,98.424385,-161.55276,365.00186,300
67,506.61298,125.357925,595.0512,300
68,421.40363,63.25208,525.7731,300
69,130.71272,-172.53368,472.96436,300
70,131.35075,-185.5463,477.99014,300
71,361.11508,5.7967257,491.7194,300
72,495.14066,120.49299,582.90753,300
73,124.98522,-183.74869,456.56406,300
74,423.44028,67.75562,525.12463,300
75,140.52907,-171.56136,506.46796,300
76,83.8465,-145.30156,313.85617,300
77,363.8133,3.12619,497.85593,300
78,508.84998,126.29913,597.4174,300
79,283.51712,-51.11268,439.83148,300
80,115.52774,-180.93773,425.17032,300
81,431.71307,73.93846,531.4853,300
82,132.04024,-165.0084,476.23575,300
83,116.91308,-181.95923,429.8656,300
84,91.583244,-113.26324,242.76685,300
85,497.12524,121.080574,585.16327,300
86,170.33908,-76.31143,308.91394,300
87,127.20184,-177.56752,462.54816,300
88,138.93465,-172.6807,500.9066,300
89,160.04417,-183.90865,577.5363,300
90,471.37445,105.407166,561.6553,300
91,105.05082,-97.763245,243.85164,300
92,62.389168,-115.11309,212.06378,300
93,229.75029,-256.2182,827.17725,300
94,90.880005,-142.48854,334.3889,300
95,112.81932,-177.59477,415.49753,300
96,131.08371,-170.2174,473.75513,300
97,145.856,-172.87636,525.4483,300
98,140.39514,-172.61836,506.02448,300
99,472.8709,105.00395,563.9591,300
100,400.45953,49.24951,507.98627,300
101,502.10483,122.8344,590.65094,300
102,102.264404,-164.16258,377.91284,300
103,207.09392,-73.540596,356.42737,300
104,500.2594,122.264656,588.5777,300
105,371.03333,10.272333,500.8843,300
106,140.68242,-173.11371,507.07663,300
107,117.25518,-181.41498,430.80267,300
108,196.79253,-84.50636,353.05814,300
109,502.7703,123.596176,591.0578,300
110,131.91118,-173.31157,477.13406,300
111,138.70375,-172.68927,500.12488,300
112,161.55872,-87.79487,308.54205,300
113,211.0956,-69.37176,358.043,300
114,485.2107,115.39386,573.1258,300
115,457.27902,95.12189,550.0478,300
116,109.14536,-172.59337,402.27618,300
117,422.02365,69.679565,521.72565,300
118,71.723976,-127.41272,238.20094,300
119,73.969765,-145.37712,265.9488,300
120,505.92435,125.04209,594.3328,300
121,307.01526,-30.365211,452.21817,300
122,215.66772,-54.577324,349.81195,300
123,94.62561,-155.69688,351.04395,300
124,130.0957,-185.19969,473.7989,300
125,128.2351,-179.5019,466.38834,300
126,132.40672,-172.88115,478.70828,300
127,364.79236,19.41354,483.83066,300
128,128.96686,-183.86478,469.80237,300
129,63.663757,-127.91555,234.75285,300
130,131.28021,-175.86388,475.5456,300
131,510.8684,127.12947,599.5687,300
132,127.02532,-188.24684,464.47635,300
133,150.88226,-174.26242,544.18506,300
134,124.63696,-184.50584,455.7176,300
135,66.18055,-122.018394,250.22617,300
136,102.7926,-168.69435,381.18802,300
137,145.63402,-172.47498,524.64307,300
138,127.04907,-186.48073,464.09628,300
139,480.69138,111.25477,570.0194,300
140,490.06924,117.36799,578.2493,300
141,114.69471,-179.36247,422.00705,300
142,141.74802,-172.01161,510.8015,300
143,89.460846,-147.58458,331.98184,300
144,509.29712,126.593765,597.82654,300
145,502.6387,123.20498,591.12665,300
146,86.481094,-152.89326,324.8828,300
147,74.276276,-144.84984,280.28387,300
148,486.1995,114.40449,575.1658,300
149,65.15007,-132.0386,242.6495,300
150,114.81411,-174.33354,420.76715,300
151,330.95773,-20.475515,475.54306,300
152,132.19647,-179.58923,479.38263,300
153,78.42895,-150.79968,297.9354,300
154,79.06375,-147.09363,298.88544,300
155,287.324,-41.03877,435.43497,300
156,134.27669,-168.31778,484.33542,300
157,103.56212,-114.53233,259.813,300
158,511.0969,127.40397,599.7031,300
159,135.47223,-169.4744,488.59665,300
160,102.268,-168.63391,379.58633,300
161,325.13947,-26.38046,473.2104,300
162,370.16644,23.535465,487.5628,300
163,74.876854,-139.57845,283.24698,300
164,121.507065,-184.8187,445.46988,300
165,132.99084,-173.00774,480.7021,300
166,218.3749,-244.70486,786.4152,300
167,236.99849,-49.4335,374.4363,300
168,71.99729,-129.402,270.99966,300
169,454.81583,92.66476,548.486,300
170,95.1349,-116.33621,250.87236,300
171,480.8294,111.144875,570.27216,300
172,132.16612,-93.04013,274.4891,300
173,127.5104,-181.32777,464.44696,300
174,158.45148,-182.30742,571.7008,300
175,141.60202,-171.32333,510.2725,300
176,108.37702,-175.17198,401.01337,300
177,504.73434,125.01064,592.77136,300
178,127.76999,-181.67337,465.3795,300
179,312.3454,-32.862823,461.86896,300
180,196.49574,-222.00008,709.0277,300
181,230.07878,-65.24799,380.02277,300
182,79.27998,-130.96599,246.13637,300
183,115.740135,-178.41667,425.06033,300
184,489.88916,116.4397,578.6707,300
185,129.45634,-182.0304,470.966,300
186,417.89603,59.89456,523.5604,300
187,134.81299,-76.306114,260.85065,300
188,120.01732,-178.15346,438.79846,300
189,159.1165,-79.51857,296.78198,300
190,191.12758,-68.91655,329.98923,300
191,239.04926,-62.980785,390.05914,300
192,163.99419,-79.31028,303.29315,300
193,100.93182,-163.09297,373.2914,300
194,117.94914,-182.27089,433.3048,300
195,263.5404,-51.9768,413.05264,300
196,373.61844,18.51022,496.73303,300
197,136.6561,-172.27235,492.9985,300
198,148.4278,-178.88269,534.71906,300
199,118.4673,-180.97374,434.58282,300
200,99.89298,-164.78206,370.8216,300
201,77.74994,-140.18472,292.91727,300
202,123.81452,-184.11177,452.89023,300
203,133.91084,-166.10669,482.84668,300
204,309.05768,-32.9509,457.28268,300
205,159.62114,-184.36589,575.6499,300
206,68.524734,-116.08147,223.99742,300
207,422.66504,67.185745,524.5116,300
208,267.27362,-58.211906,424.30832,300
209,203.19562,-70.83337,348.4965,300
210,267.8185,-51.918716,418.93054,300
211,75.54638,-145.52844,287.3401,300
212,127.38916,-90.841286,266.01892,300
213,465.2274,101.87688,555.91925,300
214,494.02722,118.97149,582.4223,300
215,141.02,-174.64156,508.33472,300
216,513.859,128.48514,602.6829,300
217,461.13876,98.19076,553.04346,300
218,81.00455,-136.05046,301.4775,300
219,116.5648,-181.46233,428.65054,300
220,121.65836,-186.98691,446.5797,300
221,134.04436,-178.61684,485.26962,300
222,161.96048,-185.96039,584.48334,300
223,129.01132,-186.97627,470.62012,300
224,120.66955,-185.06068,442.87265,300
225,102.59682,-169.25592,380.8547,300
226,107.98407,-170.45007,397.847,300
227,84.33519,-149.71869,316.9738,300
228,94.24279,-153.08379,348.8137,300
229,129.68597,-173.34067,469.70508,300
230,60.12999,-117.78259,223.11447,300
231,89.56229,-147.1148,332.1811,300
232,493.9053,118.68839,582.45996,300
233,462.50336,98.02747,554.97845,300
234,184.82408,-65.204216,317.97748,300
235,150.73154,-176.99411,543.0591,300
236,66.75655,-129.19708,253.52249,300
237,128.04758,-186.3462,467.28595,300
238,339.72763,-15.323344,482.55377,300
239,363.4737,2.5843194,497.96213,300
240,162.19257,-187.04248,585.0021,300
241,99.91801,-161.43849,369.54486,300
242,103.09412,-170.10233,382.68478,300
243,132.79436,-169.88164,479.51932,300
244,139.87215,-173.27043,504.22314,300
245,136.21104,-172.28423,491.4862,300
246,213.29778,-239.31961,768.9838,300
247,368.0773,15.210668,492.2911,300
248,155.12929,-55.449863,267.4179,300
249,147.06151,-172.5522,529.8698,300
250,127.21522,-185.70198,464.5041,300
251,404.91873,54.62581,510.00983,300
252,191.77986,-81.05803,342.95062,300
253,116.10606,-98.033875,258.74796,300
254,155.67198,-179.69144,561.43475,300
255,412.3334,57.923355,517.53156,300
256,204.31093,-78.315285,357.19266,300
257,198.4235,-63.29501,334.64423,300
258,125.4457,-181.97585,457.78055,300
259,156.5983,-180.37366,564.954,300
260,147.30763,-172.74168,530.7642,300
261,266.1404,-50.363064,415.20132,300
262,130.78734,-188.15544,476.77167,300
263,140.4924,-167.39383,506.21533,300
264,150.11041,-79.4518,284.62314,300
265,143.36366,-100.80937,297.45773,300
266,302.8893,-332.6901,1087.0814,300
267,149.46164,-173.74841,538.75665,300
268,222.04218,-75.68547,378.93518,300
269,510.81396,127.32323,599.3751,300
270,129.26314,-171.20685,467.8762,300
271,185.01874,-74.77691,327.26877,300
272,127.49122,-183.24687,464.83023,300
273,131.15672,-177.05624,475.38147,300
274,121.030815,-95.493065,262.6162,300
275,164.77571,-188.84554,594.8025,300
276,145.48193,-170.19452,524.24255,300
277,124.59364,-186.13467,455.8942,300
278,496.48566,120.336845,584.7997,300
279,80.49543,-145.63382,303.5509,300
280,363.52185,5.504272,495.25937,300
281,77.192986,-141.21678,291.38855,300
282,130.60066,-178.66345,473.9115,300
283,275.5504,-55.839836,433.4037,300
284,138.8649,-170.00041,500.49573,300
285,269.2934,-56.31708,425.2284,300
286,59.63984,-119.08725,221.1801,300
287,112.501144,-178.46005,414.88635,300
288,131.70482,-184.57654,478.94113,300
289,341.12756,-4.978041,474.76483,300
290,146.4559,-175.59721,527.62415,300
291,413.41028,56.110397,520.33514,300
292,121.8935,-186.21283,447.10577,300
293,436.62302,76.860886,535.86145,300
294,486.24258,115.04407,574.76263,300
295,71.56299,-106.425316,212.81255,300
296,328.6272,-17.400015,469.39453,300
297,127.950294,-185.89354,466.96857,300
298,332.66837,-17.282114,474.82666,300
299,514.3022,128.58157,603.20807,300
300,502.69458,123.63897,590.9343,300
301,417.14484,66.06926,517.91364,300
302,449.15607,90.522575,542.4412,300
303,442.22455,85.48282,536.8872,300
304,140.24916,-169.25398,505.38507,300
305,367.4285,7.898653,498.34158,300
306,311.86926,-36.27825,464.49783,300
307,172.32683,-75.172806,310.36407,300
308,130.66553,-172.30545,472.76804,300
309,130.76926,-166.57329,472.1182,300
310,249.14331,-47.770744,389.15982,300
311,474.451,106.5644,564.97,300
312,119.635376,-184.6762,439.40146,300
313,131.37535,-170.50662,474.8123,300
314,141.12093,-176.7354,508.89844,300
315,68.00052,-135.59329,252.22192,300
316,128.51276,-186.36005,468.93704,300
317,436.0621,80.83661,532.07825,300
318,412.57074,68.17457,510.1124,300
319,132.70865,-174.87111,480.0873,300
320,75.81146,-151.80457,285.85803,300
321,81.81868,-152.49695,309.6483,300
322,95.75404,-103.833824,238.24997,300
323,454.95636,92.82081,548.5591,300
324,142.87918,-174.59624,514.8763,300
325,144.09265,-170.2602,519.1219,300
326,122.81181,-185.52768,449.94733,300
327,506.13116,125.093124,594.5766,300
328,99.498764,-71.225555,208.48572,300
329,132.7311,-168.68454,479.10806,300
330,484.9109,113.74071,573.9119,300
331,132.38695,-183.55765,480.92807,300
332,312.92502,-28.73519,458.69482,300
333,302.62173,-40.418465,455.71164,300
334,506.63617,125.37901,595.0675,300
335,233.26552,-62.902206,382.02655,300
336,496.24435,120.34535,584.45184,300
337,124.812126,-185.87578,456.54935,300
338,100.69095,-166.90015,374.09262,300
339,140.50273,-170.60918,506.32632,300
340,142.08533,-172.48022,512.00146,300
341,372.1657,15.091501,497.88446,300
342,433.30368,74.31154,533.3565,300
343,443.63037,86.123146,538.3093,300
344,409.24545,51.371944,518.2318,300
345,166.35675,-98.60953,325.88083,300
346,276.7929,-46.781807,426.38745,300
347,234.66408,-53.469505,374.65558,300
348,215.59567,-78.80956,373.26202,300
349,133.00229,-173.07741,480.72913,300
350,128.71584,-175.73889,467.06097,300
351,58.082336,-109.30384,217.61269,300
352,99.539825,-161.64943,368.5782,300
353,126.79476,-186.08267,463.22775,300
354,113.26711,-178.51956,417.33383,300
355,141.26154,-168.34859,508.9529,300
356,80.14588,-127.617195,245.64464,300
357,126.24656,-184.708,461.10626,300
358,127.0979,-184.74959,463.91397,300
359,219.85007,-63.655384,364.43127,300
360,498.96655,121.350136,587.43524,300
361,498.49988,120.98322,587.05536,300
362,102.71504,-167.39516,380.5159,300
363,119.208305,-183.63564,437.72763,300
364,419.98904,68.32679,520.02625,300
365,507.63306,125.663864,596.20557,300
366,129.5283,-186.10721,472.15057,300
367,143.50403,-178.11766,517.2899,300
368,129.59036,-181.611,471.29996,300
369,95.956436,-161.03151,357.1843,300
370,139.01154,-171.74385,501.09042,300
371,516.90826,129.7309,605.9397,300
372,96.04694,-157.75108,356.28864,300
373,484.19614,113.16711,573.3536,300
374,115.28898,-180.79456,424.43237,300
375,125.564415,-185.76898,459.08868,300
376,421.7037,70.57889,520.59644,300
377,128.08229,-175.20357,464.84573,300
378,498.8609,121.3463,587.2959,300
379,86.07311,-142.12154,319.5461,300
380,144.89484,-168.66515,522.2579,300
381,126.57175,-185.32251,462.30197,300
382,58.300728,-115.46995,213.33635,300
383,446.29773,89.74784,539.1758,300
384,517.4028,129.91121,606.48114,300
385,90.134476,-87.76248,213.5062,300
386,166.83789,-88.961914,316.76904,300
387,139.82568,-171.94429,503.98935,300
388,439.9952,79.04136,538.7239,300
389,63.764748,-123.6368,242.2555,300
390,127.75699,-170.80362,462.78152,300
391,351.2957,-8.273673,491.6862,300
392,131.07063,-176.71326,475.01105,300
393,128.10136,-184.733,467.1782,300
394,74.209045,-111.6746,220.47633,300
395,150.40065,-173.8961,542.36487,300
396,130.13159,-179.81026,472.65585,300
397,60.83273,-112.83577,228.73976,300
398,496.96832,120.57687,585.2869,300
399,272.5404,-36.558517,410.91296,300
400,495.9129,119.698906,584.4548,300
401,134.27608,-172.36145,484.94418,300
402,467.66907,100.38207,560.24963,300
403,508.61533,126.28593,597.1113,300
404,415.36847,63.68956,517.3323,300
405,297.90726,-37.470325,446.3029,300
406,133.30083,-163.68658,480.57904,300
407,134.14284,-180.11685,485.87744,300
408,237.61328,-68.678246,393.58344,300
409,455.055,94.819305,547.27527,300
410,509.3032,126.588264,597.8386,300
411,460.32605,97.71028,552.3003,300
412,119.01983,-182.0834,436.69955,300
413,128.36229,-170.0131,464.64502,300
414,185.27682,-71.99087,324.9362,300
415,137.42499,-171.09496,495.5223,300
416,156.7202,-180.74673,565.3001,300
417,138.95255,-169.85246,500.8108,300
418,129.31387,-187.8491,471.88202,300
419,131.09766,-187.48694,477.64035,300
420,398.50256,42.6779,510.33563,300
421,140.19957,-168.27074,505.18848,300
422,496.71768,120.756744,584.82715,300
423,99.541405,-158.40012,367.20554,300
424,124.47812,-185.93642,455.54788,300
425,210.07845,-76.08002,363.00443,300
426,129.24481,-176.0943,468.8694,300
427,151.22899,-176.65523,544.96576,300
428,125.4107,-176.77283,456.46814,300
429,158.73134,-184.658,572.158,300
430,270.90488,-299.3155,973.33704,300
431,377.7985,17.229404,503.54578,300
432,129.3462,-167.599,467.4673,300
433,380.49338,22.202793,502.60706,300
434,154.99763,-178.99417,559.0204,300
435,438.27408,81.21912,534.7697,300
436,494.86905,120.250015,582.7044,300
437,129.52608,-93.61619,271.49878,300
438,489.98993,116.66766,578.6377,300
439,128.20255,-188.26353,468.34296,300
440,468.15817,101.65061,560.00275,300
441,480.3818,110.50915,570.1206,300
442,121.33576,-185.31055,445.04385,300
443,136.89494,-165.56564,493.36362,300
444,125.915665,-183.40059,459.7154,300
445,412.1035,52.01817,521.58014,300
446,133.59103,-169.59619,482.17795,300
447,125.86793,-187.37497,460.4681,300
448,228.94441,-68.85185,381.89072,300
449,124.60174,-185.2084,455.73508,300
450,131.06078,-169.39644,473.55844,300
451,74.52313,-106.66681,215.32024,300
452,77.73824,-129.87437,289.07535,300
453,509.97906,126.90979,598.5321,300
454,128.54114,-185.11092,468.70023,300
455,131.33353,-173.39192,475.19644,300
456,135.13612,-169.68948,487.47836,300
457,59.867573,-114.217,223.24649,300
458,50.59976,-94.01786,171.08708,300
459,508.70526,126.21874,597.27496,300
460,172.9172,-64.353386,300.53546,300
461,502.00858,123.27941,590.2457,300
462,137.83667,-172.0856,497.03723,300
463,126.27549,-188.02997,461.92752,300
464,66.34276,-133.37285,244.4261,300
465,128.73529,-186.24937,469.60626,300
466,143.49359,-171.2942,516.98975,300
467,104.35574,-163.55391,384.02005,300
468,199.90865,-73.59559,346.66873,300
469,307.452,-38.360977,460.4179,300
470,289.80338,-38.976032,436.50754,300
471,285.7988,-47.072693,439.08344,300
472,449.826,93.137825,541.4704,300
473,94.88147,-159.36778,353.2973,300
474,119.03414,-179.52917,435.91818,300
475,122.495514,-186.17844,449.0589,300
476,123.31697,-182.1235,450.79953,300
477,505.80502,124.94326,594.2409,300
478,93.85753,-117.43666,250.38814,300
479,132.22685,-172.42903,478.01364,300
480,465.75397,99.896835,558.02356,300
481,396.5154,45.86751,505.20718,300
482,138.31525,-174.08694,498.9139,300
483,494.49866,119.72429,582.5472,300
484,127.001175,-187.08777,464.11658,300
485,75.0585,-122.03576,278.02563,300
486,410.60345,54.12255,518.02246,300
487,413.67456,61.910316,516.37573,300
488,75.129425,-128.79807,244.80435,300
489,473.95703,104.73961,565.6056,300
490,131.35062,-180.32098,476.76074,300
491,87.03498,-66.18926,186.93143,300
492,204.91983,-67.7574,347.67334,300
493,106.9493,-165.13582,392.7515,300
494,54.952454,-94.11135,205.13359,300
495,510.42288,127.18892,598.93976,300
496,123.606544,-183.01373,451.97473,300
497,405.4516,53.097668,511.86514,300
0,593.2267,194.5196,676.93353,350
1,147.5624,-219.1779,577.6721,350
2,588.42505,192.13467,671.82495,350
3,141.96172,-219.64139,554.83405,350
4,133.32346,-222.29306,520.5472,350
5,464.32657,127.23881,544.52155,350
6,589.57526,192.72105,673.0437,350
7,222.49632,-8.126225,319.81448,350
8,434.89655,103.05666,521.048,350
9,109.10043,-108.31785,268.00836,350
10,482.20084,136.33493,562.5739,350
11,589.59705,192.76082,673.0524,350
12,177.65672,-75.57322,322.7784,350
13,114.84799,-200.41013,448.92188,350
14,105.09787,-187.87187,411.40405,350
15,579.69434,188.16869,662.3791,350
16,583.1609,189.81248,666.09973,350
17,252.31267,-26.302189,378.48083,350
18,83.77037,-153.07933,328.3641,350
19,89.32052,-175.23967,352.85196,350
20,548.1818,173.66588,628.37714,350
21,592.9173,194.3989,676.58984,350
22,320.79712,5.894399,444.51416,350
23,137.21916,-223.94836,535.6599,350
24,211.58592,-28.696085,323.71573,350
25,594.7037,195.21518,678.5254,350
26,134.0041,-82.52351,271.34073,350
27,570.3451,183.74095,652.3462,350
28,590.11316,193.05737,673.58435,350
29,613.7626,204.65186,698.8527,350
30,134.66138,-220.54875,525.838,350
31,305.34448,8.633253,420.5409,350
32,74.95671,-139.79222,294.54733,350
33,146.83415,-220.34619,574.46906,350
34,110.41233,-193.332,431.56363,350
35,137.29721,-224.17789,535.917,350
36,205.73718,-266.98007,817.9249,350
37,464.40945,122.59511,547.62866,350
38,118.85531,-200.1887,464.12012,350
39,591.10614,193.48915,674.66785,350
40,338.842,24.550352,452.85028,350
41,122.5799,-210.63004,478.66147,350
42,399.08868,67.961105,497.61658,350
43,158.98251,-225.47896,625.6458,350
44,582.36,189.31021,665.2907,350
45,149.83878,-19.732101,230.02054,350
46,591.64624,193.80107,675.22144,350
47,325.30612,3.8267543,452.81586,350
48,95.69539,16.916815,125.175354,350
49,574.4322,185.24959,656.9319,350
50,123.409225,23.867573,153.18008,350
51,591.24927,193.53697,674.8308,350
52,428.5987,97.30425,516.8211,350
53,137.13931,-222.79758,535.4932,350
54,588.0118,191.93987,671.3802,350
55,441.42886,101.740295,531.07245,350
56,541.69055,170.10414,621.64813,350
57,466.25443,124.64799,548.77673,350
58,58.208607,-104.27192,224.75974,350
59,572.8369,184.70787,655.1107,350
60,595.0252,195.49062,678.81555,350
61,590.82245,193.37701,674.3526,350
62,536.8761,167.47765,616.671,350
63,157.5477,-223.97823,619.8844,350
64,100.65229,-73.83003,225.32231,350
65,556.28766,176.7874,637.3995,350
66,140.20532,-219.49063,547.7733,350
67,591.511,193.69221,675.0957,350
68,521.47516,159.21,600.8946,350
69,140.62804,-221.70937,549.2376,350
70,417.5906,99.06207,500.39395,350
71,501.37302,147.68323,581.04395,350
72,584.6133,190.70511,667.564,350
73,323.65894,52.423973,405.68127,350
74,472.9153,129.28593,554.68884,350
75,155.2467,-224.13124,609.36633,350
76,80.25265,-125.63382,254.10992,350
77,430.87213,91.42697,524.1222,350
78,581.67926,188.97035,664.5719,350
79,483.90802,139.88504,562.58905,350
80,107.11505,-192.04425,419.268,350
81,572.99744,184.81885,655.27216,350
82,169.46025,-231.43553,670.0801,350
83,175.07416,-48.67191,292.72443,350
84,110.81716,-200.29951,434.20944,350
85,575.41974,186.4172,657.6648,350
86,394.84543,72.884384,488.29538,350
87,144.14206,-218.68495,563.80304,350
88,386.62335,74.860115,475.4732,350
89,160.5249,-226.32147,632.2379,350
90,549.57355,174.40288,629.8335,350
91,137.37772,-223.81615,536.30164,350
92,85.6831,-160.2464,336.74796,350
93,175.58247,-237.59537,694.7713,350
94,67.52205,-112.95071,257.53934,350
95,99.27083,-180.22473,388.9472,350
96,109.71381,-190.62907,428.85553,350
97,170.86955,-234.73468,674.92365,350
98,134.73833,-221.17813,525.8652,350
99,588.0355,191.95355,671.40826,350
100,481.30118,138.51779,559.9768,350
101,575.548,186.02217,658.00916,350
102,348.09793,46.530437,445.68927,350
103,198.89485,-46.04885,322.75116,350
104,590.9266,193.40797,674.47345,350
105,485.78726,138.3685,566.0498,350
106,139.0567,-223.58615,542.79376,350
107,65.88357,-127.252235,252.46603,350
108,269.75504,-25.489265,402.08264,350
109,570.3498,183.71507,652.3585,350
110,145.06427,-219.08278,567.48553,350
111,132.0908,-221.55843,515.66364,350
112,400.15598,64.45165,502.16992,350
113,85.72695,-139.0012,272.4841,350
114,592.20746,194.28938,675.7336,350
115,565.2588,181.39691,646.8515,350
116,176.88998,-16.15167,263.68277,350
117,536.97455,167.83566,616.6205,350
118,73.51623,-136.04271,263.10492,350
119,85.31725,-149.02953,292.83084,350
120,588.909,192.42647,672.3171,350
121,164.72665,-35.807213,266.17395,350
122,566.66394,183.01607,647.9424,350
123,102.841286,-86.26754,236.26729,350
124,138.65047,-225.40367,541.1347,350
125,120.85029,-208.79697,472.17853,350
126,91.449326,-162.11249,357.87015,350
127,561.7199,180.25945,642.8136,350
128,149.53517,-220.58368,585.52264,350
129,124.95668,-93.66601,271.1874,350
130,88.906845,-171.6804,350.531,350
131,592.36597,194.12054,676.00525,350
132,132.72116,-224.38591,518.38434,350
133,193.44232,-252.44862,768.6243,350
134,139.91064,-221.40265,546.3573,350
135,365.34286,67.77162,451.5325,350
136,540.1616,168.61122,620.38715,350
137,163.56357,-229.69313,644.39307,350
138,118.18109,-16.120687,184.88736,350
139,576.126,186.46048,658.54987,350
140,582.8615,189.84915,665.7011,350
141,90.590675,-163.02278,354.67096,350
142,83.83547,-150.0664,328.0044,350
143,398.34186,68.92662,495.9962,350
144,591.60065,193.69905,675.2086,350
145,590.7911,193.25497,674.37286,350
146,121.176796,-206.74203,473.6431,350
147,124.19778,-115.53358,292.85965,350
148,594.6153,195.31345,678.3665,350
149,92.465614,-169.45996,362.53873,350
150,100.50984,-63.89271,215.67044,350
151,95.47254,-169.17056,373.56665,350
152,146.85886,-50.29651,256.14374,350
153,106.631546,-193.53064,417.9441,350
154,335.91336,27.337416,445.98822,350
155,308.41245,3.767824,429.2671,350
156,128.97388,-217.75476,503.81824,350
157,180.94858,-53.1647,304.95624,350
158,596.80457,196.26169,680.7599,350
159,141.32321,-219.86122,552.2181,350
160,126.374084,-88.73267,267.40933,350
161,445.45682,105.832275,533.58075,350
162,569.9401,183.9834,651.7148,350
163,87.48353,-102.925835,239.5125,350
164,146.72415,-220.17128,574.0641,350
165,153.18079,-221.51686,601.27124,350
166,163.50336,-229.88675,643.9851,350
167,465.48096,127.903175,545.6266,350
168,165.79976,-19.361532,251.51967,350
169,566.373,181.95692,648.0348,350
170,178.15817,-62.447647,310.39804,350
171,572.61127,185.07095,654.659,350
172,105.48912,-190.08124,413.02875,350
173,137.3094,-221.64,536.1642,350
174,139.21446,-222.45029,543.61725,350
175,130.36926,-219.51076,508.88907,350
176,102.416336,-182.83989,401.17053,350
177,591.12103,193.59624,674.63983,350
178,136.71248,-222.82234,533.8189,350
179,122.51571,-120.12213,295.44562,350
180,180.80022,-241.48088,716.4801,350
181,449.79016,112.37075,534.8978,350
182,270.4265,-17.021275,395.37033,350
183,105.78261,-189.88351,414.30682,350
184,582.6051,189.41624,665.5596,350
185,69.533104,-124.59166,272.01627,350
186,588.2512,192.02994,671.6596,350
187,401.38895,81.08543,491.27206,350
188,65.06286,-117.280624,251.99483,350
189,218.90332,-46.701576,351.01822,350
190,143.31573,-50.353012,251.43423,350
191,259.04938,-28.92759,390.19196,350
192,81.560814,-159.14256,321.59457,350
193,396.98883,66.60109,495.75146,350
194,116.838264,-205.94046,457.1882,350
195,581.8467,189.2632,664.66766,350
196,544.3149,170.93465,624.6615,350
197,144.15611,-218.98987,563.734,350
198,143.0645,-223.93837,558.5202,350
199,95.11876,-166.71178,371.99432,350
200,65.06699,-131.04468,257.41507,350
201,92.36603,-169.85536,362.37012,350
202,79.480995,-142.91718,311.35367,350
203,151.25946,-219.12329,593.7213,350
204,234.71883,-14.530091,342.59946,350
205,153.92703,-222.42848,604.1991,350
206,76.43422,-115.56624,240.30153,350
207,591.0851,193.50047,674.6369,350
208,279.05225,-21.996899,411.77594,350
209,180.00436,-16.888466,268.7896,350
210,490.56934,141.75441,570.3256,350
211,116.589554,-206.84972,456.3013,350
212,467.80624,123.39574,551.6624,350
213,506.97568,151.9479,585.91,350
214,574.882,185.81323,657.25244,350
215,136.68456,-220.86438,533.4727,350
216,593.07086,194.40727,676.78284,350
217,592.97766,194.52562,676.61475,350
218,535.10333,166.76949,614.7329,350
219,114.268295,-202.98215,447.1042,350
220,189.6816,-47.1588,311.13132,350
221,110.65623,-195.93404,432.71344,350
222,158.32317,-225.0145,622.84064,350
223,90.28546,-164.73683,353.58377,350
224,219.40175,-15.437964,322.6108,350
225,136.04784,-110.8751,302.65527,350
226,134.26562,-223.39557,524.0531,350
227,91.943596,-111.88773,253.42235,350
228,126.37363,-52.78998,231.26768,350
229,471.76227,130.83908,552.1475,350
230,68.697174,-136.63855,268.4,350
231,294.21307,27.229748,387.6424,350
232,581.64545,188.84242,664.58746,350
233,508.43658,153.43213,586.95355,350
234,59.30673,-113.27931,223.85283,350
235,143.39368,-221.6239,560.2994,350
236,76.791115,-150.40382,303.27347,350
237,136.23586,-221.55748,531.6472,350
238,478.094,133.25513,559.0635,350
239,451.46423,109.6921,538.9718,350
240,164.52481,-230.08888,648.5208,350
241,74.21784,-104.10399,231.78793,350
242,78.55148,-164.73027,306.76727,350
243,149.9999,-219.34592,587.96454,350
244,140.23204,-221.9411,547.5659,350
245,150.97853,-219.8734,592.11383,350
246,136.37094,-223.83998,532.21063,350
247,440.46603,105.47035,527.09406,350
248,550.4018,174.57565,630.84357,350
249,138.81549,-222.046,541.9851,350
250,125.37136,-212.20961,489.47757,350
251,568.12286,182.57918,650.0077,350
252,511.596,156.757,589.2262,350
253,427.55667,90.33297,520.4512,350
254,144.22711,-217.34346,564.32404,350
255,577.7867,187.3327,660.30304,350
256,237.95251,-36.314037,367.55185,350
257,384.02838,73.15686,473.33365,350
258,132.88939,-216.37924,518.84174,350
259,140.39456,-217.26186,548.8544,350
260,123.482285,-212.10274,482.39227,350
261,243.56529,10.6034155,332.02527,350
262,93.1242,-165.303,363.8551,350
263,155.86389,-222.87152,612.7226,350
264,221.7115,-29.035372,338.1004,350
265,152.15123,-94.59113,307.57532,350
266,186.08557,-245.6596,738.2426,350
267,51.862892,-76.76981,189.19635,350
268,101.91367,-105.80978,257.05707,350
269,592.0209,193.92609,675.6484,350
270,138.19627,-219.81688,539.82935,350
271,217.57538,-43.683666,346.20074,350
272,137.74635,-221.82378,537.8656,350
273,141.8426,-221.23154,554.14264,350
274,342.6805,22.362383,460.0458,350
275,144.30301,-219.3992,564.3197,350
276,153.21107,-221.36745,601.5267,350
277,117.5516,-207.48665,459.6952,350
278,588.5945,192.21016,672.00916,350
279,92.080956,-165.27913,360.50555,350
280,292.0828,-1.374534,411.0225,350
281,153.2123,-54.08438,268.45154,350
282,141.23456,-222.17615,551.5508,350
283,440.15863,103.63147,527.9997,350
284,155.14513,-223.19374,609.33527,350
285,341.7473,11.934482,468.32974,350
286,132.46017,-16.3825,203.32494,350
287,117.83833,-207.09445,460.7946,350
288,144.92783,-221.56802,566.50824,350
289,442.7622,102.68914,532.22906,350
290,83.52572,-146.34712,326.41776,350
291,537.27576,167.19312,617.3605,350
292,125.32217,-87.18272,266.8209,350
293,497.0292,145.50766,576.57764,350
294,576.97345,187.14516,659.3385,350
295,135.396,-84.35649,275.40457,350
296,108.591934,-43.576893,198.89813,350
297,356.53717,47.472668,456.4106,350
298,470.06653,127.0855,552.29956,350
299,587.65466,191.68098,671.0423,350
300,580.8874,188.7866,663.6359,350
301,525.01306,163.14925,603.41187,350
302,520.84595,160.69806,599.2513,350
303,487.2773,141.71251,565.9361,350
304,144.40924,-219.00049,564.7876,350
305,430.09784,89.39182,524.5152,350
306,240.96616,-36.8323,372.2764,350
307,494.594,143.84819,574.37366,350
308,144.64853,-219.31696,565.7798,350
309,136.38112,-221.27182,532.6538,350
310,398.969,85.41141,484.7825,350
311,518.1866,158.21066,597.1098,350
312,97.235886,-174.46848,380.73938,350
313,136.65726,-220.99461,533.6611,350
314,134.80386,-217.47826,525.93536,350
315,80.33334,-164.46028,305.65155,350
316,87.870735,-172.71556,347.1864,350
317,562.5289,179.91443,644.01404,350
318,503.69882,152.81894,581.009,350
319,149.9275,-219.57973,587.5261,350
320,116.135025,-105.056786,271.57532,350
321,267.13147,-16.797558,390.24594,350
322,250.48477,-34.49145,383.3373,350
323,469.4907,129.36186,550.0508,350
324,67.96337,-115.553604,264.05603,350
325,144.34229,-220.70667,564.30774,350
326,139.66225,-220.77603,545.5048,350
327,589.84467,192.8796,673.3175,350
328,113.23342,-193.91614,442.3873,350
329,141.35841,-218.50299,552.4968,350
330,584.5062,190.2932,667.6106,350
331,102.0453,-178.0524,398.47595,350
332,432.36734,98.186035,521.3575,350
333,577.1982,186.9467,659.7251,350
334,590.99915,193.44984,674.54596,350
335,500.13528,147.33217,579.60284,350
336,506.15427,150.99173,585.39264,350
337,79.268364,-148.46573,311.2812,350
338,115.90497,-208.0172,453.99634,350
339,110.3087,-190.36337,431.2841,350
340,151.01527,-221.8594,591.4749,350
341,287.83786,2.7991338,401.05994,350
342,535.2726,166.13126,615.29645,350
343,498.59152,149.32198,576.3187,350
344,485.37628,138.03287,565.7218,350
345,120.059425,-215.72691,469.86288,350
346,550.6727,174.88913,631.0407,350
347,556.92255,176.90244,638.1774,350
348,335.00742,4.9751205,465.35065,350
349,75.85314,-139.57344,297.77237,350
350,140.59352,-220.98332,549.184,350
351,465.82605,122.801155,549.4,350
352,113.96858,-193.15866,445.24106,350
353,407.99173,80.42944,500.68887,350
354,118.71242,-205.22711,463.90057,350
355,84.97463,-148.34145,332.41806,350
356,116.73943,-210.85193,457.2929,350
357,132.2307,-223.03114,516.3533,350
358,84.3781,-153.79478,330.73438,350
359,497.4924,146.36118,576.67993,350
360,592.66266,194.29736,676.308,350
361,587.57605,191.6724,670.9447,350
362,103.62732,-182.88472,405.59625,350
363,139.91667,-221.40219,546.43933,350
364,243.029,-46.81848,384.61316,350
365,591.1507,193.49115,674.7248,350
366,142.68744,-221.67505,557.4122,350
367,137.59314,-224.75299,536.9841,350
368,132.92516,-221.04903,518.92786,350
369,130.36678,-220.83339,508.87003,350
370,148.85146,-221.37395,582.5215,350
371,591.3157,193.61665,674.8795,350
372,94.57141,-163.74724,369.2619,350
373,580.2917,188.38394,663.05383,350
374,468.94473,130.05959,548.89166,350
375,436.3948,103.88564,522.61346,350
376,536.0544,168.48952,615.1174,350
377,152.2244,-221.16766,597.1234,350
378,575.2298,185.89465,657.66064,350
379,100.1865,-172.81052,391.6585,350
380,207.42609,-268.8745,824.85297,350
381,491.61633,143.35512,570.6893,350
382,108.94139,-67.4203,223.83142,350
383,504.20212,152.21567,582.04395,350
384,592.1405,194.08461,675.73065,350
385,81.80286,-158.36247,322.60065,350
386,409.9614,68.44598,512.31506,350
387,152.4686,-222.47147,597.56934,350
388,466.40665,122.34378,550.4752,350
389,124.22852,-211.28114,485.2934,350
390,592.8637,194.95699,676.2889,350
391,541.0876,169.21161,621.2953,350
392,136.73026,-223.69418,533.73065,350
393,146.37584,-219.14334,572.8157,350
394,526.54,164.11871,604.897,350
395,164.14102,-228.07304,647.6594,350
396,68.364204,-123.182915,267.74435,350
397,68.68943,-135.01385,263.1843,350
398,587.77167,191.83308,671.1193,350
399,544.7548,173.4548,624.0604,350
400,593.56195,194.80734,677.23834,350
401,135.381,-223.47475,528.31744,350
402,515.1296,155.77313,594.4703,350
403,589.73376,192.8733,673.1798,350
404,507.8321,152.96092,586.4392,350
405,313.87463,17.361666,424.16837,350
406,147.2401,-216.63394,576.91833,350
407,520.97125,158.52744,600.6155,350
408,315.36725,-1.1387306,443.35974,350
409,546.8583,172.87839,627.0329,350
410,594.0104,194.93712,677.75507,350
411,502.449,150.22397,580.9148,350
412,136.85345,-222.21327,534.34375,350
413,137.18504,-220.97427,535.7423,350
414,329.90112,10.115635,453.33453,350
415,116.999825,-199.76003,457.2461,350
416,177.54874,-238.73302,703.1281,350
417,142.00685,-219.84102,554.9492,350
418,97.69638,-82.04693,229.83406,350
419,67.39152,-125.6385,261.0543,350
420,418.03482,76.858925,516.9884,350
421,147.7069,-218.67393,578.3731,350
422,566.726,182.08922,648.43054,350
423,101.18418,-178.0719,395.37433,350
424,163.94102,-24.244965,253.674,350
425,370.71252,36.416092,486.45224,350
426,137.41075,-222.56992,536.48303,350
427,144.59499,-219.36284,565.48364,350
428,122.89638,-203.76219,480.08755,350
429,148.73584,-221.99136,581.94995,350
430,154.70906,-222.90364,607.4677,350
431,455.7719,113.76008,541.94965,350
432,157.16881,-223.90135,618.1806,350
433,422.18655,83.57376,517.85516,350
434,149.66425,-219.59286,586.39056,350
435,585.924,190.98143,669.1295,350
436,588.062,192.15652,671.34985,350
437,249.99059,1.1392214,349.88092,350
438,573.6618,185.31029,655.9018,350
439,139.56767,-223.16087,544.866,350
440,557.38416,177.30022,638.57697,350
441,551.14,174.5489,631.7906,350
442,114.42482,-76.602066,242.27821,350
443,139.77559,-219.07893,546.1896,350
444,141.5914,-218.66808,553.49774,350
445,474.0822,129.10919,556.3332,350
446,136.17526,-222.61636,531.6111,350
447,130.68575,-222.01941,510.27158,350
448,199.17201,-58.546024,335.16776,350
449,86.1632,-162.8891,338.92865,350
450,140.99,-219.80199,550.8348,350
451,207.19238,-13.939327,303.70197,350
452,426.44815,96.07567,514.79736,350
453,591.9633,193.94725,675.5634,350
454,91.5901,-165.28079,358.76324,350
455,215.8716,9.151941,294.74005,350
456,123.04564,-213.10663,480.61322,350
457,66.75549,-130.08656,259.24783,350
458,111.38876,-185.56131,434.97754,350
459,579.8739,188.19153,662.5988,350
460,61.07605,-85.64766,198.49765,350
461,592.2316,194.07594,675.855,350
462,149.50586,-221.19427,585.24255,350
463,118.688965,-205.08829,463.693,350
464,367.965,40.848526,478.63477,350
465,99.47314,-173.67162,388.3597,350
466,150.07521,-220.74774,587.7477,350
467,83.04059,-149.60915,324.76093,350
468,354.55118,24.263685,474.9594,350
469,344.69196,20.900448,464.3077,350
470,229.74141,-15.302603,336.02142,350
471,384.66806,39.880806,502.70413,350
472,538.50586,169.44455,617.84076,350
473,116.68066,-206.12077,456.48987,350
474,92.237656,-168.88931,361.32867,350
475,118.124825,-200.35155,460.903,350
476,224.56314,28.23309,289.66437,350
477,592.0715,193.94142,675.70575,350
478,105.432556,-191.23526,413.0569,350
479,139.55536,-222.15147,544.9774,350
480,574.2291,185.50085,656.54877,350
481,473.5946,131.91054,553.9078,350
482,389.982,71.15057,482.58075,350
483,568.6016,183.31725,650.2875,350
484,157.64641,-13.272051,234.48315,350
485,145.42267,-218.41776,568.998,350
486,486.4331,139.12753,566.4447,350
487,430.69235,95.568985,520.9868,350
488,361.08743,37.628216,471.73117,350
489,581.39545,188.57254,664.3879,350
490,144.3725,-221.66103,564.23193,350
491,138.08778,-223.45142,539.0044,350
492,90.152954,-122.47426,265.2785,350
493,79.03232,-147.1867,309.9862,350
494,111.97296,-190.31902,437.18658,350
495,590.3866,193.1825,673.88007,350
496,106.00802,-180.08395,414.0339,350
497,486.88367,139.17918,567.0272,350
0,634.0076,165.83778,712.89514,400
1,129.7623,-187.90884,493.13828,400
2,613.40027,156.07547,692.35175,400
3,116.82195,-217.22064,454.6153,400
4,118.33448,-210.49043,457.717,400
5,462.93207,51.81524,569.25104,400
6,618.349,158.3529,697.31775,400
7,330.042,-73.91402,502.4253,400
8,566.48615,129.49445,648.811,400
9,159.0674,-194.72388,392.9468,400
10,567.4163,130.81702,649.1259,400
11,631.16766,164.42444,710.0969,400
12,290.61765,-111.97964,484.10812,400
13,97.73181,-237.31279,389.9155,400
14,118.25573,-237.23215,396.68097,400
15,603.60406,152.11743,682.2144,400
16,589.60754,144.154,669.1998,400
17,322.5696,-84.62703,501.99234,400
18,99.119865,-241.17265,399.22183,400
19,117.510506,-257.005,419.34232,400
20,597.57477,148.6972,676.5902,400
21,634.19916,166.08052,712.997,400
22,458.44327,31.65362,580.1975,400
23,118.76284,-213.53282,459.91235,400
24,235.90408,-150.12671,447.06012,400
25,586.36426,141.64348,666.6037,400
26,152.63268,-217.53694,408.0367,400
27,568.97314,131.0472,650.9786,400
28,636.0596,166.87352,714.9079,400
29,665.68823,181.55952,744.1669,400
30,110.480316,-211.86966,432.07004,400
31,303.73962,-97.42357,488.41742,400
32,119.97833,-208.12206,361.57114,400
33,126.141106,-189.56801,479.66293,400
34,92.396164,-220.77313,373.56213,400
35,118.42838,-216.93063,459.81018,400
36,198.36217,-235.05267,753.2556,400
37,544.1754,114.361145,630.1828,400
38,125.85875,-188.96797,478.61234,400
39,626.64813,162.09634,705.70135,400
40,554.0161,123.744125,636.5636,400
41,118.73819,-257.86258,426.84033,400
42,112.88962,-262.7673,425.5264,400
43,120.67725,-202.42632,463.06552,400
44,518.5476,94.13192,611.0876,400
45,91.74114,-225.17429,373.13132,400
46,591.58575,144.04843,671.7955,400
47,445.83456,18.41605,575.0827,400
48,90.01606,-213.29536,366.4994,400
49,500.7327,77.27896,599.4892,400
50,207.58444,-89.42897,355.32578,400
51,639.7734,168.77232,718.5357,400
52,563.52313,129.48474,644.99994,400
53,119.03992,-207.418,459.10144,400
54,567.7457,129.22444,650.61,400
55,422.69073,-11.6007,570.5718,400
56,585.6834,141.48668,665.8254,400
57,582.70166,139.7245,663.10834,400
58,122.85903,-254.57916,418.8815,400
59,614.9526,156.82388,693.8883,400
60,613.7783,156.1658,692.7832,400
61,632.7633,165.28964,711.62775,400
62,628.7924,163.35216,707.6955,400
63,132.10878,-184.07709,502.0922,400
64,204.93634,-187.5026,442.5569,400
65,583.56995,140.177,663.9364,400
66,102.433136,-236.95593,415.47498,400
67,631.2299,164.38239,710.2014,400
68,565.6951,129.35399,647.8809,400
69,118.92997,-210.80304,459.707,400
70,343.67352,-47.795086,497.69614,400
71,556.7044,123.400345,640.2673,400
72,597.2694,148.6097,676.2592,400
73,232.40993,-124.969734,419.52127,400
74,509.6217,88.5836,603.38904,400
75,121.76647,-207.20685,467.9036,400
76,182.27751,-173.25749,401.03406,400
77,231.1252,-155.98177,446.39926,400
78,628.5951,163.32004,707.46326,400
79,500.20435,83.800095,594.4513,400
80,106.84175,-225.85838,426.0371,400
81,584.5105,140.87871,664.7028,400
82,124.550354,-185.85045,473.65744,400
83,223.92126,-143.10834,425.42722,400
84,99.883865,-243.14651,391.7489,400
85,618.4144,158.73657,697.1719,400
86,522.57605,102.83653,610.2692,400
87,120.00866,-203.73839,461.25565,400
88,190.19243,-140.88123,380.62814,400
89,122.24499,-190.6443,465.84164,400
90,610.1869,155.26805,688.72656,400
91,108.29169,-231.85149,433.0459,400
92,166.66121,-192.07988,399.4007,400
93,133.19176,-187.9776,506.0271,400
94,227.17723,-120.56191,408.5384,400
95,111.94605,-252.34453,414.61932,400
96,219.59714,-141.59306,418.3408,400
97,130.62144,-190.22888,496.30185,400
98,120.77578,-209.10573,465.3294,400
99,632.00867,165.11795,710.76465,400
100,563.1918,128.45845,645.25116,400
101,608.8149,154.0332,687.7153,400
102,170.29306,-144.61064,358.66354,400
103,208.31757,-161.14362,422.3073,400
104,625.78503,161.96744,704.6733,400
105,538.7455,109.986855,626.19476,400
106,116.547325,-218.44763,453.91638,400
107,114.69558,-218.5068,447.86505,400
108,369.8211,-53.728752,537.45624,400
109,620.1232,159.32053,699.0088,400
110,126.67592,-188.78723,481.55396,400
111,123.996666,-193.53029,472.37,400
112,442.40735,17.728716,571.1872,400
113,333.39532,-78.56466,510.9292,400
114,611.3654,156.19858,689.67426,400
115,578.8114,137.68126,659.4006,400
116,377.97488,-39.095947,535.4919,400
117,533.84735,108.91694,620.61176,400
118,137.95276,-257.9407,434.44507,400
119,473.66446,52.542088,582.672,400
120,625.9097,161.79768,704.93445,400
121,337.53693,-51.403854,492.80185,400
122,557.74365,125.632996,640.11414,400
123,110.07598,-235.07983,387.42294,400
124,132.71822,-266.0416,442.2079,400
125,103.37972,-240.84906,418.94733,400
126,111.843315,-222.3332,440.43744,400
127,464.45242,44.704018,576.86975,400
128,120.53237,-204.68028,463.1796,400
129,108.00681,-248.87068,405.26297,400
130,113.88849,-215.89743,444.4234,400
131,636.83044,167.28629,715.6495,400
132,326.04138,-83.796074,505.81042,400
133,134.1382,-182.7726,509.73953,400
134,116.25428,-214.02104,451.70682,400
135,186.10506,-133.79366,368.60315,400
136,551.3352,120.32609,635.3849,400
137,124.41471,-190.36401,473.552,400
138,227.64423,-125.60283,413.88358,400
139,511.62,87.94429,606.4088,400
140,619.86993,159.33954,698.67523,400
141,324.92932,-79.44173,500.46432,400
142,118.963524,-215.85193,461.26636,400
143,231.12541,-153.6801,444.3302,400
144,633.4177,165.46732,712.3588,400
145,634.8895,166.7108,713.50946,400
146,114.518105,-219.48492,447.87344,400
147,150.92479,-232.36383,420.7159,400
148,626.0051,162.01659,704.92505,400
149,154.50174,-216.8768,409.27774,400
150,119.24921,-216.93446,462.3854,400
151,128.33827,-223.0643,385.104,400
152,483.98492,65.0474,586.30426,400
153,241.4811,-138.45607,443.61533,400
154,433.4964,1.8480657,573.19275,400
155,396.91788,-26.89717,549.89667,400
156,108.51646,-214.31062,426.89603,400
157,275.84714,-124.52715,475.92334,400
158,638.0719,167.85371,716.90155,400
159,120.17255,-202.93382,461.53702,400
160,384.83356,-45.22803,549.8601,400
161,447.5588,15.01293,580.29175,400
162,597.11945,148.99072,675.83044,400
163,126.085205,-240.8184,405.1329,400
164,118.739914,-216.20877,460.6929,400
165,126.74644,-188.28867,481.77087,400
166,126.97207,-189.2342,482.71484,400
167,511.58334,95.12842,601.38184,400
168,113.262665,-241.01373,401.5919,400
169,593.6356,145.99973,673.21216,400
170,329.4574,-74.974434,502.6408,400
171,597.0644,148.1584,676.2737,400
172,171.86653,-216.32288,429.3415,400
173,119.32011,-208.19144,460.32584,400
174,125.16235,-187.35887,475.96417,400
175,107.94153,-229.64632,431.0304,400
176,112.570305,-215.84712,440.31982,400
177,627.7012,162.9175,706.5588,400
178,116.35501,-218.14474,453.34018,400
179,288.9179,-113.65383,483.36346,400
180,142.98949,-187.22427,542.90967,400
181,486.22443,69.70952,585.8626,400
182,152.36594,-220.215,409.7901,400
183,85.02649,-208.13956,347.06815,400
184,552.2772,118.78199,637.6303,400
185,128.11694,-241.89734,409.0729,400
186,591.63513,144.56073,671.54553,400
187,230.97842,-136.72017,428.33005,400
188,103.65388,-223.12717,379.97488,400
189,247.73009,-146.94998,459.443,400
190,125.17165,-230.37085,393.3741,400
191,323.357,-86.7583,504.80127,400
192,118.878105,-246.37877,408.63882,400
193,412.6204,-18.99983,563.7175,400
194,105.26802,-220.62573,419.1916,400
195,632.08496,166.03038,710.32764,400
196,549.1385,118.91954,633.4968,400
197,129.51736,-189.56772,492.16406,400
198,113.59085,-213.93939,442.50967,400
199,120.43753,-201.51611,462.02133,400
200,95.666695,-226.24843,389.43478,400
201,99.63115,-239.00063,404.70944,400
202,263.3113,-89.93701,428.6568,400
203,122.62565,-190.4895,467.13913,400
204,224.76236,-147.33772,430.22122,400
205,138.39781,-187.0804,525.62665,400
206,123.50626,-254.75269,421.53256,400
207,599.106,149.08641,678.31525,400
208,515.0062,94.44804,606.2875,400
209,495.7334,79.36667,591.6438,400
210,447.9236,16.700201,579.31146,400
211,105.488365,-226.59888,422.1455,400
212,424.50803,-8.894253,570.6281,400
213,488.12222,69.25486,588.6432,400
214,612.8504,156.21681,691.56464,400
215,121.26841,-209.42365,467.0423,400
216,634.93994,166.36455,713.7764,400
217,598.953,149.56325,677.8261,400
218,358.5911,-58.10153,526.35956,400
219,136.07332,-245.3664,418.5418,400
220,360.62027,-67.37576,537.1263,400
221,109.0855,-229.38199,434.60275,400
222,125.27278,-189.56708,476.53586,400
223,99.079544,-234.82603,398.66614,400
224,280.52722,-96.260056,457.04575,400
225,343.44843,-68.891174,515.7963,400
226,104.38572,-254.12718,422.3619,400
227,121.139565,-253.49017,418.9307,400
228,262.6745,-134.5415,467.6906,400
229,335.54596,-62.320343,499.64764,400
230,359.9073,-56.77155,526.97546,400
231,393.87775,-39.228535,556.52765,400
232,619.9274,159.14236,698.8646,400
233,557.02057,124.290985,640.0624,400
234,100.10935,-229.18742,405.21362,400
235,122.56759,-199.24484,468.55408,400
236,187.18115,-175.55179,409.08203,400
237,112.93178,-221.49663,443.40402,400
238,533.3321,108.59669,620.16125,400
239,412.75357,-23.648949,567.9375,400
240,130.13434,-187.66103,494.53735,400
241,123.104126,-234.75977,398.4088,400
242,182.39827,-189.23102,415.8872,400
243,122.426216,-190.57387,466.43042,400
244,119.19228,-211.25847,460.68033,400
245,145.36247,-183.98485,552.04,400
246,119.55924,-217.92456,463.69138,400
247,499.84717,80.53125,596.18726,400
248,520.14984,101.913246,607.76,400
249,123.49028,-191.11453,470.27982,400
250,113.19316,-218.71431,443.1322,400
251,521.3033,99.41861,611.00616,400
252,538.5402,113.66533,623.38184,400
253,196.7534,-168.39067,414.59622,400
254,113.31144,-216.29416,442.73862,400
255,585.5493,141.32964,665.74854,400
256,294.83755,-109.81331,487.71207,400
257,156.93222,-180.42757,376.40497,400
258,117.8167,-209.90475,455.8324,400
259,115.78365,-213.35832,450.0473,400
260,129.02205,-228.06793,394.19556,400
261,304.23706,-86.64508,479.585,400
262,121.268906,-207.10269,466.32727,400
263,142.9243,-185.71509,542.77106,400
264,260.6838,-128.46866,459.61774,400
265,326.4642,-91.44826,513.0477,400
266,182.72673,-218.39798,695.01843,400
267,130.90569,-187.9008,497.4682,400
268,174.56198,-209.28242,425.82526,400
269,626.02386,162.22682,704.8256,400
270,114.50924,-215.61691,446.45517,400
271,350.9629,-73.6633,529.8064,400
272,119.52653,-203.17854,459.5069,400
273,118.7321,-213.08418,459.7726,400
274,371.27914,-59.87904,544.6494,400
275,120.54583,-203.37709,462.9396,400
276,131.69487,-186.09587,500.43982,400
277,102.97731,-240.77997,417.1914,400
278,572.3381,132.11942,654.60156,400
279,104.37926,-230.47937,419.93597,400
280,475.01367,51.627956,585.18195,400
281,182.17418,-183.70479,410.72003,400
282,120.40629,-210.80476,464.55707,400
283,451.6698,22.138258,579.5364,400
284,135.63168,-184.44414,515.2402,400
285,333.0316,-85.91254,516.82,400
286,143.76028,-188.89807,369.04578,400
287,187.22702,-195.79007,428.16544,400
288,122.80346,-197.71909,469.0595,400
289,430.65182,1.2203627,569.99945,400
290,121.36558,-207.78807,466.8074,400
291,573.01733,133.30302,654.69275,400
292,134.58327,-234.9447,407.91806,400
293,532.1388,104.9814,621.14716,400
294,618.8211,158.96483,697.5568,400
295,197.71219,-183.54482,429.81274,400
296,254.22632,-114.65708,438.86038,400
297,397.79126,-20.495958,545.48956,400
298,514.172,92.332214,606.6696,400
299,632.05524,165.22343,710.7624,400
300,626.3093,162.1418,705.241,400
301,587.654,144.41934,666.5297,400
302,582.3367,140.0251,662.45197,400
303,552.24976,122.20068,635.31964,400
304,106.75493,-214.3179,421.3067,400
305,449.85214,18.64526,580.16113,400
306,419.3011,-14.35448,568.5344,400
307,391.11252,-39.23354,552.92334,400
308,121.95422,-190.70021,464.79135,400
309,116.408676,-212.83086,452.05078,400
310,499.54062,82.631195,594.36633,400
311,574.2753,133.84694,655.95233,400
312,118.96951,-214.20888,460.83765,400
313,115.63249,-216.15022,450.2914,400
314,122.66991,-207.4525,470.8933,400
315,162.61923,-211.48405,413.47284,400
316,102.347496,-249.89238,409.30893,400
317,570.40295,131.8489,652.2877,400
318,537.4082,112.6843,622.5974,400
319,121.47442,-199.25496,464.87793,400
320,203.71384,-185.40097,439.54956,400
321,217.95146,-168.11789,441.0569,400
322,389.62927,-42.941208,554.1692,400
323,546.5884,116.8537,631.58716,400
324,233.22086,-128.5216,423.72943,400
325,127.89596,-187.92891,486.16125,400
326,104.255104,-258.05743,420.46848,400
327,606.6423,152.68404,685.7565,400
328,94.041466,-224.45769,382.76675,400
329,121.81002,-193.69182,464.82248,400
330,530.7697,103.884895,620.14545,400
331,274.7408,-117.00241,467.621,400
332,411.10397,-11.163756,554.9519,400
333,598.45795,149.34616,677.32117,400
334,627.4006,162.48404,706.43243,400
335,546.0945,117.09177,630.7892,400
336,559.465,123.41262,643.8061,400
337,107.93613,-219.14023,426.83243,400
338,125.40442,-235.8557,396.74503,400
339,101.71605,-225.0972,409.40433,400
340,129.05339,-188.79541,490.4592,400
341,485.33624,66.499756,586.9819,400
342,533.0422,105.66594,621.82587,400
343,564.73895,129.50629,646.5518,400
344,520.609,96.301125,612.23303,400
345,117.12933,-222.36423,457.08743,400
346,363.36865,-50.537766,526.12756,400
347,511.4302,88.79263,605.58527,400
348,295.20084,-111.58035,489.77896,400
349,109.491325,-212.74907,429.22293,400
350,115.7593,-220.60904,452.15472,400
351,444.08148,17.93574,573.15985,400
352,102.72369,-208.1331,406.4281,400
353,295.75037,-98.23599,478.5613,400
354,188.90207,-192.28352,426.8596,400
355,302.81113,-61.078243,455.3613,400
356,108.18641,-249.68431,438.50818,400
357,106.94384,-220.54051,424.4604,400
358,101.87306,-229.7067,411.16208,400
359,454.54526,26.82395,579.2631,400
360,625.2095,161.6793,704.10913,400
361,620.55304,159.2582,699.599,400
362,98.91744,-230.45116,401.87714,400
363,123.2465,-192.67274,469.65823,400
364,415.33008,-13.623227,562.6862,400
365,633.97644,165.85655,712.84424,400
366,118.73006,-216.56166,460.60934,400
367,100.948395,-229.00859,407.12668,400
368,102.30416,-217.03748,408.21347,400
369,108.868065,-249.35829,440.4124,400
370,131.57292,-188.4627,499.8837,400
371,632.43365,165.08615,711.3259,400
372,97.99232,-239.05254,396.91977,400
373,565.06104,128.21921,647.825,400
374,143.74721,-189.29135,369.49548,400
375,245.43044,-123.97333,435.54385,400
376,511.44827,92.71919,602.8874,400
377,120.862595,-200.19844,463.03247,400
378,604.3213,151.62231,683.4348,400
379,122.43924,-195.73827,467.43768,400
380,136.30615,-183.19472,517.8957,400
381,302.88187,-73.960304,466.6769,400
382,342.45407,-64.413666,510.5807,400
383,592.1321,145.98555,671.297,400
384,633.17053,165.40103,712.08246,400
385,127.06346,-215.16423,377.14087,400
386,273.8752,-122.935295,471.94464,400
387,129.38196,-190.55513,491.62308,400
388,575.06177,134.43832,656.58575,400
389,102.82208,-225.56271,367.1032,400
390,623.25854,162.93974,700.87134,400
391,464.21024,39.06188,581.3828,400
392,120.52658,-207.04974,463.81726,400
393,119.524864,-206.12245,460.32834,400
394,322.5604,-78.21207,496.3832,400
395,128.28795,-185.89293,487.66058,400
396,111.064705,-217.49721,436.0263,400
397,100.289185,-234.31361,405.7033,400
398,570.4329,130.74094,653.0628,400
399,476.30396,68.18132,574.0812,400
400,630.28876,164.48149,708.94226,400
401,115.12462,-220.88408,450.08362,400
402,581.01355,137.94122,662.05725,400
403,604.196,151.63068,683.2724,400
404,532.029,107.45381,619.2802,400
405,294.55545,-108.98445,486.46875,400
406,120.76137,-192.01064,460.973,400
407,527.09674,104.857635,614.6838,400
408,353.71176,-73.2251,533.0517,400
409,525.8756,102.3268,614.90027,400
410,636.5754,167.18288,715.38434,400
411,564.62964,129.00497,646.7417,400
412,100.12576,-226.4742,404.52264,400
413,118.82053,-209.4234,458.983,400
414,310.9941,-92.9246,493.8923,400
415,121.74048,-193.46904,464.58163,400
416,136.88792,-183.83856,519.99384,400
417,122.37763,-196.68097,467.40884,400
418,102.93131,-242.28777,404.08917,400
419,149.95059,-197.85356,386.43524,400
420,391.83493,-44.13523,558.11993,400
421,117.80715,-214.54594,457.0882,400
422,624.9085,161.57463,703.7873,400
423,125.355095,-215.91707,378.44287,400
424,218.56863,-158.21478,432.42554,400
425,426.20917,-7.261897,571.4805,400
426,142.01982,-166.10175,344.3681,400
427,114.41908,-215.74306,446.14352,400
428,96.35066,-203.35083,384.38046,400
429,126.92788,-192.1811,482.73596,400
430,126.66069,-189.83545,481.5944,400
431,549.55695,117.86425,634.7324,400
432,129.8337,-184.07285,493.47174,400
433,468.00323,44.16883,581.9556,400
434,130.43158,-186.96452,495.6418,400
435,625.62616,161.72685,704.61475,400
436,639.455,168.73138,718.1538,400
437,251.49074,-148.6841,465.7394,400
438,615.80115,157.34814,694.65826,400
439,120.38868,-208.65572,463.87634,400
440,610.143,154.52728,689.11694,400
441,612.4747,156.03809,691.19,400
442,107.97909,-261.134,428.7174,400
443,108.17931,-249.70525,401.7464,400
444,117.77355,-213.0787,456.6291,400
445,421.43933,-12.885675,569.9905,400
446,107.89658,-229.00653,379.90417,400
447,373.62296,-45.640358,535.3916,400
448,405.25293,-24.377197,558.71387,400
449,111.91869,-221.02019,372.67783,400
450,104.613075,-208.03673,412.11493,400
451,133.4786,-220.8378,392.19385,400
452,248.24556,-119.42119,435.195,400
453,633.133,165.47115,711.9926,400
454,130.70279,-254.13007,424.83408,400
455,109.238304,-205.15369,348.42545,400
456,118.37635,-258.85464,430.70807,400
457,105.75903,-241.59064,400.4869,400
458,120.62353,-201.33916,462.7159,400
459,539.0926,110.74268,626.1292,400
460,223.5127,-131.72716,414.2856,400
461,629.7999,164.0074,708.5962,400
462,133.90808,-188.94081,508.67535,400
463,117.45751,-272.9362,442.4687,400
464,147.53975,-210.74872,395.07574,400
465,130.47974,-253.1848,424.77594,400
466,123.79426,-193.02069,471.612,400
467,136.82146,-230.7194,406.21756,400
468,503.56284,83.125404,599.24396,400
469,294.03445,-110.14778,486.95538,400
470,266.25027,-117.43483,456.7085,400
471,476.6911,48.32556,589.9813,400
472,386.8504,-44.74192,552.13306,400
473,109.08633,-259.76758,420.1015,400
474,124.57162,-228.85753,394.37326,400
475,101.6744,-234.15422,410.91928,400
476,103.69563,-163.96884,298.5598,400
477,629.91095,163.8981,708.80164,400
478,145.90848,-230.84467,413.71005,400
479,112.8975,-223.61964,444.37387,400
480,567.0236,129.62512,649.41345,400
481,461.8246,34.72715,582.0014,400
482,142.44598,-213.89635,392.77057,400
483,562.47455,126.73567,645.4808,400
484,144.31384,-178.56999,359.60022,400
485,111.90283,-208.96962,435.6133,400
486,514.78455,93.97507,606.31836,400
487,494.69955,77.08053,591.8604,400
488,463.94006,42.269966,578.22766,400
489,617.3806,157.70576,696.4685,400
490,126.583084,-192.8616,481.5253,400
491,114.9395,-217.30505,448.26807,400
492,103.96163,-245.67082,420.5514,400
493,172.2921,-176.1324,391.0312,400
494,108.910706,-209.74567,426.0872,400
495,633.6147,165.72139,712.4615,400
496,126.336685,-179.00195,337.92245,400
497,534.428,108.99557,621.3122,400
0,598.7936,185.54631,663.1278,450
1,133.27249,-170.36086,460.3902,450
2,547.9269,140.83662,627.6155,450
3,108.81242,-218.91353,401.30396,450
4,137.424,-153.34569,474.57535,450
5,215.69646,-148.1987,427.62775,450
6,573.8099,164.44844,644.9327,450
7,253.4928,-137.69836,467.4041,450
8,546.10077,159.17198,611.9536,450
9,119.52734,-213.92305,371.54703,450
10,566.2156,164.31122,634.9444,450
11,590.20605,177.7507,657.0683,450
12,115.62578,-241.73244,427.1257,450
13,99.05956,-198.98763,365.11087,450
14,101.785385,-210.9436,373.0007,450
15,554.7316,150.12622,629.9153,450
16,525.72833,124.85392,609.8206,450
17,298.76978,-133.87541,524.278,450
18,121.31901,-194.21812,426.8265,450
19,115.5477,-240.36917,410.01074,450
20,558.8511,154.02675,632.6156,450
21,603.1616,191.64842,664.8445,450
22,369.1424,-74.24197,565.9022,450
23,137.53696,-152.5603,475.06946,450
24,176.46649,-201.8824,427.00455,450
25,563.35736,153.36009,639.0462,450
26,113.91822,-231.29172,393.14343,450
27,469.3998,62.597893,581.74457,450
28,600.57886,189.17178,663.0854,450
29,621.26465,213.09271,675.89636,450
30,119.47359,-186.45056,419.17395,450
31,282.47488,-127.256805,496.44318,450
32,196.93726,-137.7548,393.1786,450
33,146.56314,-145.64186,508.71735,450
34,131.4549,-191.32565,457.88052,450
35,137.99142,-153.00407,476.63168,450
36,244.25092,-216.87242,855.2235,450
37,529.872,129.75275,611.73987,450
38,138.2835,-149.6701,478.1372,450
39,579.8093,168.64668,649.8581,450
40,510.37692,125.7017,588.7831,450
41,115.31173,-210.06082,415.88663,450
42,134.35152,-175.22232,464.6675,450
43,133.22905,-193.1724,464.0226,450
44,483.02463,79.24339,585.97174,450
45,132.90286,-191.55167,462.6614,450
46,573.9369,161.17706,647.48193,450
47,333.7334,-113.892044,553.2934,450
48,109.243385,-184.25433,388.13635,450
49,450.9535,37.52965,578.699,450
50,225.01515,-71.8727,369.6497,450
51,607.31055,196.44559,667.1397,450
52,514.1607,123.149216,595.7092,450
53,134.70547,-157.34995,464.67767,450
54,528.75305,125.815155,613.1392,450
55,323.97827,-98.94807,526.83215,450
56,551.5766,145.86414,628.7853,450
57,511.75162,114.853745,598.36536,450
58,119.998924,-237.26451,403.737,450
59,582.60486,174.7103,649.1752,450
60,598.3949,185.86617,662.39923,450
61,601.14905,189.28883,663.7563,450
62,605.95764,195.80447,665.7882,450
63,149.09058,-143.2329,518.68994,450
64,490.18134,114.69247,569.89606,450
65,379.68878,-62.600616,569.96954,450
66,108.67686,-224.79951,382.8998,450
67,594.1425,177.47086,662.5097,450
68,582.5646,177.1315,647.4167,450
69,136.36076,-157.27666,470.47736,450
70,135.99141,-188.12991,471.985,450
71,353.2669,-75.46568,545.5154,450
72,530.5891,131.61873,611.3189,450
73,113.15065,-203.87541,357.29596,450
74,495.12192,97.56568,588.3475,450
75,143.9042,-149.55386,498.36264,450
76,117.1854,-218.3301,375.25064,450
77,302.74402,-125.96349,522.34546,450
78,600.12555,188.56702,662.8916,450
79,457.49905,48.81967,577.76294,450
80,119.686066,-200.09636,424.433,450
81,512.0809,111.51216,601.0957,450
82,138.75285,-144.00911,480.7334,450
83,284.1266,-122.27963,494.26935,450
84,133.20436,-190.31393,463.55508,450
85,582.1696,171.97423,650.5805,450
86,416.2201,-4.30256,568.43097,450
87,108.42722,-224.13362,400.09818,450
88,124.91907,-193.44815,437.70734,450
89,133.7315,-166.49985,461.3028,450
90,600.45154,193.17949,660.3007,450
91,113.95145,-234.4742,399.93887,450
92,103.09693,-217.81389,377.14426,450
93,158.92918,-149.74796,553.95306,450
94,117.78276,-207.69926,421.49103,450
95,107.02728,-221.49525,389.7837,450
96,116.58234,-192.26035,412.17255,450
97,139.5445,-152.91797,482.1801,450
98,136.28839,-168.59143,469.89026,450
99,573.0714,162.28278,645.53357,450
100,561.03955,162.2127,629.587,450
101,572.4558,167.14116,641.1768,450
102,222.61588,-108.44792,399.8238,450
103,182.19789,-201.9538,434.3437,450
104,590.4585,176.52954,658.29565,450
105,408.05197,-26.586039,576.7541,450
106,125.339294,-197.02861,439.88455,450
107,130.16971,-198.11682,455.28973,450
108,217.49545,-211.29509,488.78207,450
109,589.99146,179.89641,655.31396,450
110,136.80219,-155.58588,472.15488,450
111,136.76761,-159.82138,471.69205,450
112,193.66994,-196.63538,444.12418,450
113,323.91318,-103.55173,530.9667,450
114,612.035,207.20801,667.2541,450
115,506.55328,106.50176,597.279,450
116,277.12305,-132.80948,494.35294,450
117,320.65347,-131.88326,551.8322,450
118,134.71973,-261.78592,439.86673,450
119,479.0882,73.86483,585.0997,450
120,590.302,176.62564,658.017,450
121,231.73193,-133.93407,435.36768,450
122,479.76083,81.07121,580.17816,450
123,101.84266,-210.5166,372.98917,450
124,225.06291,-218.77258,505.08392,450
125,134.94202,-181.24301,467.53033,450
126,130.36507,-196.64233,455.5681,450
127,504.29672,106.21899,594.5076,450
128,133.74188,-192.438,465.52066,450
129,103.623245,-218.44688,377.2702,450
130,134.33928,-164.06712,463.18292,450
131,603.57983,191.43044,665.53217,450
132,112.88717,-241.0236,412.34137,450
133,139.5724,-140.84392,484.2417,450
134,133.714,-174.73904,462.49323,450
135,115.59296,-185.73431,406.9387,450
136,323.4472,-119.581505,544.562,450
137,146.30754,-146.12595,507.73776,450
138,117.55946,-190.95723,414.98193,450
139,481.691,77.835045,585.3127,450
140,564.03754,160.19572,635.0446,450
141,368.8082,-64.85566,557.211,450
142,148.12404,-143.68059,514.88904,450
143,117.21432,-216.8772,424.33774,450
144,598.5023,183.66603,663.9789,450
145,609.47565,201.18768,667.13605,450
146,134.4015,-187.79387,466.9586,450
147,116.078156,-246.56725,425.6202,450
148,536.9489,133.03891,618.73535,450
149,151.9573,-242.46083,435.46063,450
150,129.13605,-194.13689,451.01678,450
151,115.741905,-212.90329,418.77524,450
152,157.3192,-238.17694,438.01617,450
153,129.80432,-225.45276,392.4403,450
154,203.76083,-191.98521,452.64523,450
155,329.78204,-92.66144,529.0939,450
156,134.66698,-157.03227,464.5597,450
157,130.57243,-238.3332,408.1852,450
158,600.6175,186.5937,664.8264,450
159,128.81,-195.50677,450.44244,450
160,175.22652,-212.60443,435.6933,450
161,420.39584,-6.518236,575.9826,450
162,538.0358,138.34267,616.3058,450
163,231.26093,-171.33401,469.24768,450
164,136.40742,-158.2688,470.53912,450
165,136.67029,-152.51526,471.97003,450
166,166.95921,-155.38963,582.7659,450
167,137.95898,-153.72911,332.0764,450
168,134.0901,-200.38672,373.46494,450
169,539.84393,137.7299,619.1416,450
170,166.43364,-211.82642,424.22278,450
171,505.94977,105.80981,596.96234,450
172,205.91373,-202.82248,465.48364,450
173,130.47513,-190.63486,454.70917,450
174,148.86896,-143.37079,517.8322,450
175,139.88695,-151.87534,483.59235,450
176,131.98424,-168.64626,456.0722,450
177,563.2495,160.64857,633.66943,450
178,134.42102,-198.49406,468.87173,450
179,349.2286,-94.262794,556.69617,450
180,161.9994,-151.57214,565.1024,450
181,393.9973,-40.79029,570.27094,450
182,138.79546,-237.74481,414.53964,450
183,115.11589,-179.65855,403.84122,450
184,500.4075,98.28325,594.84045,450
185,114.45516,-202.60294,410.31775,450
186,505.19025,105.82995,595.9207,450
187,107.96756,-213.06625,369.1891,450
188,111.71509,-186.6568,395.82025,450
189,127.36832,-259.4419,435.33978,450
190,105.95393,-219.97978,384.173,450
191,283.46915,-129.29376,499.57074,450
192,133.73833,-229.1586,401.1643,450
193,219.97517,-156.04567,440.00848,450
194,121.08339,-191.73045,425.677,450
195,597.9951,191.89256,657.93176,450
196,464.49017,60.917324,576.6529,450
197,139.20615,-153.45433,480.86194,450
198,137.49167,-188.72156,476.87897,450
199,176.45703,-161.45943,388.60156,450
200,115.91206,-193.08627,411.08572,450
201,113.41705,-212.2749,365.89258,450
202,101.003494,-168.44612,358.25568,450
203,135.88809,-149.1037,469.64783,450
204,249.68956,-151.10081,474.42563,450
205,144.30028,-146.60976,500.31207,450
206,202.08716,-203.91824,461.6216,450
207,476.6718,73.86159,581.84906,450
208,483.50305,83.924385,582.89075,450
209,450.98926,39.877914,576.7624,450
210,390.2464,-46.963184,570.5492,450
211,133.56197,-183.3614,463.51172,450
212,349.9228,-88.64497,552.5675,450
213,502.7794,103.973076,594.04333,450
214,573.1701,167.7403,641.7,450
215,141.26868,-151.27556,488.60928,450
216,582.1496,173.7556,649.2699,450
217,489.31262,93.5607,583.4722,450
218,181.26486,-174.17657,406.7601,450
219,110.397736,-229.39824,389.66705,450
220,125.0814,-257.68582,436.66653,450
221,135.12422,-199.97682,471.35678,450
222,135.28365,-155.98425,466.76376,450
223,104.96888,-209.21777,385.45975,450
224,132.10602,-199.55284,461.8433,450
225,114.61607,-231.67305,390.52396,450
226,134.9569,-187.61423,468.688,450
227,214.08583,-180.81587,455.68494,450
228,117.40985,-218.63701,425.5488,450
229,119.0076,-196.87805,421.20792,450
230,221.34825,-182.05934,466.2921,450
231,312.3065,-104.67229,516.15924,450
232,579.4233,169.16098,648.97437,450
233,484.39307,81.798294,585.7702,450
234,125.34778,-203.73592,366.0816,450
235,120.775764,-194.4739,425.45795,450
236,272.30045,-137.56259,492.17313,450
237,136.4904,-160.07172,470.72653,450
238,420.86108,-7.0016756,577.0167,450
239,411.1958,-23.629908,578.4647,450
240,139.50046,-152.94878,482.02527,450
241,136.5444,-215.20589,390.60394,450
242,111.33053,-231.7353,411.81937,450
243,153.61252,-145.90042,535.0527,450
244,132.70044,-187.85066,461.32956,450
245,156.01392,-147.47108,543.6658,450
246,158.50403,-149.8776,552.2954,450
247,431.6711,12.248248,574.8366,450
248,453.09674,53.47962,567.7005,450
249,142.80476,-144.53923,495.30115,450
250,128.60262,-197.7691,450.32324,450
251,467.18637,60.828472,580.3643,450
252,409.72946,-9.7448225,564.4322,450
253,106.17497,-220.92421,388.60645,450
254,140.93187,-145.58324,488.3245,450
255,512.80975,125.05569,592.4682,450
256,148.26762,-254.11102,442.83554,450
257,148.2864,-188.02174,378.35706,450
258,150.19261,-161.26054,354.9428,450
259,142.96495,-143.78555,496.01117,450
260,136.12463,-174.75912,470.22858,450
261,101.66221,-210.2222,369.20416,450
262,137.24835,-162.64328,473.21393,450
263,135.00336,-152.26302,466.07846,450
264,269.63254,-137.51082,488.51468,450
265,134.2985,-208.43439,470.68726,450
266,250.30388,-221.86296,876.4068,450
267,155.66826,-147.0742,542.4502,450
268,212.5125,-204.82683,476.0375,450
269,551.78455,148.34102,627.2735,450
270,133.08717,-184.91557,462.2505,450
271,153.92372,-227.29752,423.03506,450
272,133.12685,-164.18457,459.12918,450
273,136.47115,-196.1802,474.95645,450
274,437.461,17.105661,578.3832,450
275,142.04784,-146.4172,492.22485,450
276,141.89119,-147.4392,491.47824,450
277,123.22521,-203.5789,435.89847,450
278,516.13824,113.42895,605.14,450
279,104.30676,-205.0944,354.75064,450
280,460.6207,49.55204,581.3137,450
281,118.58062,-231.16002,393.68848,450
282,136.07631,-165.95277,469.08252,450
283,453.77475,43.509296,577.35956,450
284,134.60243,-155.6932,464.42047,450
285,330.5315,-111.74668,547.06586,450
286,96.156075,-196.11246,353.59137,450
287,114.50298,-237.6961,423.97128,450
288,136.08093,-188.35165,472.3373,450
289,352.67776,-80.94932,549.6502,450
290,162.00714,-151.44473,565.20544,450
291,525.89624,125.739944,609.40356,450
292,108.99931,-221.92397,400.64557,450
293,505.57916,104.36027,597.47235,450
294,584.36584,177.14296,649.7666,450
295,225.35442,-182.76945,471.8305,450
296,301.63025,-114.2438,510.45392,450
297,124.70716,-215.57907,377.66852,450
298,423.99344,-6.5392375,580.8332,450
299,594.0892,182.74557,658.81256,450
300,569.47327,160.95357,641.7161,450
301,586.31165,188.32973,644.97546,450
302,573.4786,164.86285,644.1991,450
303,476.04767,77.50312,578.05,450
304,133.57324,-174.3194,461.9692,450
305,447.4508,29.174656,581.32196,450
306,366.12146,-76.0377,563.407,450
307,310.98776,-120.618004,528.71277,450
308,144.03197,-143.52783,499.95206,450
309,134.83492,-152.25305,465.5435,450
310,325.528,-103.003944,532.43054,450
311,481.3093,80.839424,582.4136,450
312,138.0557,-154.70912,476.64957,450
313,134.27121,-187.23262,466.40503,450
314,128.88007,-189.04947,449.0939,450
315,122.39239,-241.98582,408.66324,450
316,134.13245,-199.86482,468.2002,450
317,495.86115,96.240204,590.25867,450
318,407.46973,-8.90539,560.6525,450
319,138.84406,-152.11684,479.77136,450
320,177.12407,-243.04811,467.80133,450
321,123.55662,-242.0729,409.88544,450
322,364.96634,-74.08934,560.11,450
323,439.6031,22.700563,576.42145,450
324,142.11125,-158.61824,490.543,450
325,140.3161,-147.33871,485.8125,450
326,118.53251,-217.79756,428.71912,450
327,559.64545,150.69357,636.0025,450
328,132.36668,-192.95885,461.15173,450
329,133.15768,-160.29794,459.10144,450
330,500.10165,98.53852,594.26636,450
331,380.7005,-60.178772,569.1737,450
332,395.49704,-31.73481,564.36646,450
333,541.20404,150.79193,611.50757,450
334,591.8302,175.87164,660.59656,450
335,263.93646,-133.0633,476.88058,450
336,537.46954,137.92746,615.821,450
337,134.14378,-200.32509,468.26755,450
338,118.86569,-233.89148,394.53442,450
339,125.7059,-191.38681,439.7595,450
340,136.84683,-168.76093,471.77527,450
341,555.48035,162.6656,621.87146,450
342,412.82816,-25.258308,582.10016,450
343,512.71484,114.481964,599.9109,450
344,466.47797,60.76337,579.39746,450
345,133.98071,-225.40079,475.49954,450
346,95.35815,-192.86597,346.89368,450
347,441.59625,18.167742,583.0092,450
348,141.26347,-249.42354,430.018,450
349,123.50067,-190.7683,432.69833,450
350,134.55087,-192.06372,468.16998,450
351,345.39453,-72.06995,531.8123,450
352,153.7039,-212.18289,408.22388,450
353,107.76523,-183.98123,383.64218,450
354,113.0098,-239.36168,413.92722,450
355,101.75265,-195.86034,335.47107,450
356,133.48636,-206.9803,467.86307,450
357,128.20772,-194.91547,448.47025,450
358,121.45719,-193.10028,427.09805,450
359,371.4677,-53.282177,550.7076,450
360,579.00775,168.2344,649.0956,450
361,560.3125,150.99281,636.67413,450
362,158.32144,-200.3362,402.92404,450
363,137.94081,-155.95439,476.12503,450
364,415.8415,-12.966941,575.4593,450
365,599.15173,186.05827,663.2587,450
366,121.72011,-188.30478,426.3495,450
367,213.89453,-173.87444,448.77637,450
368,128.71913,-187.08267,448.36398,450
369,131.37604,-211.66624,462.81674,450
370,146.24583,-146.5409,507.3869,450
371,593.6853,180.41518,659.8094,450
372,134.06432,-169.96379,462.88336,450
373,529.69196,128.47594,612.4778,450
374,118.28002,-207.01813,362.87326,450
375,100.91866,-187.33853,365.51096,450
376,443.55844,35.19363,570.87714,450
377,134.04846,-163.4521,462.18643,450
378,599.7825,188.8761,662.23865,450
379,122.18903,-182.01808,426.43948,450
380,137.79666,-147.16034,476.7956,450
381,134.0909,-195.7117,467.21414,450
382,198.17198,-165.51761,420.72314,450
383,570.1348,167.11719,638.1184,450
384,601.7033,189.4953,664.3462,450
385,126.29795,-199.9724,362.35715,450
386,308.3442,-129.38873,533.0261,450
387,142.53648,-149.53725,493.42026,450
388,477.8636,71.99539,585.0275,450
389,120.283005,-218.22469,375.08347,450
390,458.3968,76.95828,554.86005,450
391,374.0294,-67.31581,566.4413,450
392,134.99925,-172.4018,466.2385,450
393,133.79643,-180.77414,463.81232,450
394,122.66577,-226.33853,389.44748,450
395,135.84718,-148.38445,469.55026,450
396,132.21965,-193.21532,460.75244,450
397,125.61054,-198.30138,441.10867,450
398,530.2097,126.48429,614.58716,450
399,395.8242,0.08700274,537.0597,450
400,591.6234,182.28601,655.892,450
401,135.02176,-179.54843,467.51373,450
402,478.56732,72.75772,585.3373,450
403,352.42535,-88.69196,556.14355,450
404,488.98447,92.17228,583.9866,450
405,308.39383,-123.79548,528.02576,450
406,132.11826,-179.65625,458.22787,450
407,121.57649,-244.77686,417.23026,450
408,232.1269,-175.33011,474.01587,450
409,450.6384,36.552444,579.2358,450
410,598.83875,184.72557,663.7247,450
411,565.37134,158.47137,638.0683,450
412,112.80945,-183.64601,398.3869,450
413,130.04498,-194.06837,454.01047,450
414,248.09906,-161.48666,481.84262,450
415,136.18825,-151.96548,470.31604,450
416,167.86716,-155.424,586.4005,450
417,136.73651,-154.40382,471.9992,450
418,108.33747,-204.00546,393.48935,450
419,144.83812,-147.6501,502.08917,450
420,391.13403,-47.984264,572.64905,450
421,135.54347,-157.40082,467.58475,450
422,580.5554,172.9991,647.69824,450
423,98.15549,-198.00061,359.71088,450
424,133.92183,-182.08888,464.4332,450
425,380.7957,-59.153484,568.44684,450
426,131.57205,-188.06172,457.75342,450
427,133.65045,-159.08093,460.88895,450
428,118.156906,-181.65169,334.58853,450
429,135.91513,-168.87306,468.64432,450
430,180.62276,-165.96526,631.45746,450
431,515.8972,135.79776,588.6651,450
432,139.48488,-144.42525,483.305,450
433,286.03018,-125.68971,499.75766,450
434,134.57542,-187.46077,467.43628,450
435,584.77765,172.78212,653.4628,450
436,563.1682,161.882,632.668,450
437,136.20029,-263.0277,443.63385,450
438,586.3993,175.88205,653.3663,450
439,136.01395,-177.93297,470.37735,450
440,579.0362,172.42424,646.09076,450
441,577.5113,169.64812,646.0775,450
442,134.75858,-171.90239,465.43985,450
443,126.145744,-204.68683,445.47424,450
444,136.0786,-156.59189,469.5038,450
445,349.04443,-79.92613,543.61597,450
446,125.023506,-197.05219,438.91864,450
447,383.2195,-46.161396,560.36566,450
448,359.03098,-81.81689,558.94336,450
449,116.28523,-189.09637,410.42603,450
450,105.400345,-180.88168,375.77414,450
451,105.84157,-201.24435,385.35114,450
452,151.76894,-182.0389,377.0089,450
453,597.1751,182.26555,663.16254,450
454,119.37208,-214.36557,429.36652,450
455,134.039,-169.16928,462.67572,450
456,137.48325,-160.76707,474.14868,450
457,109.98677,-209.96475,365.53345,450
458,136.56714,-152.62866,471.5889,450
459,448.00906,33.407513,578.40344,450
460,143.93042,-211.44452,395.77408,450
461,584.03204,174.04306,651.5559,450
462,140.36429,-152.44017,485.19833,450
463,133.98463,-197.36246,467.27393,450
464,111.85287,-233.29607,398.7842,450
465,135.57312,-202.70346,473.32773,450
466,146.46944,-144.54132,508.57962,450
467,109.18643,-224.84618,391.73663,450
468,392.555,-43.14549,570.3761,450
469,325.3314,-119.33484,546.8634,450
470,355.14993,-77.947136,550.14264,450
471,393.31097,-46.320812,574.1352,450
472,376.96634,-59.529846,563.6472,450
473,126.1751,-210.96295,447.4196,450
474,233.90532,-147.49988,450.40436,450
475,304.78647,-123.39593,522.8195,450
476,491.6282,104.00956,579.32227,450
477,589.8982,176.78,657.36884,450
478,120.296455,-247.63455,418.78824,450
479,134.71788,-186.82878,467.81155,450
480,562.42566,157.95573,634.51953,450
481,417.52768,-10.274849,575.39386,450
482,132.3611,-201.43033,462.9217,450
483,510.77808,110.67454,599.9822,450
484,99.12431,-191.21361,335.92505,450
485,85.44851,-133.98547,299.99274,450
486,459.8408,46.839264,582.62646,450
487,500.72052,108.535225,588.1761,450
488,488.2629,104.525246,574.4423,450
489,527.222,124.17979,612.2834,450
490,135.21324,-162.16393,466.13922,450
491,134.75337,-162.01115,464.5637,450
492,128.96834,-247.9963,421.14304,450
493,115.67426,-213.55618,370.05524,450
494,158.56139,-148.31323,553.20764,450
495,603.7104,193.31424,664.47235,450
496,113.64581,-203.54185,351.9857,450
497,587.8272,185.83115,648.59906,450
0,535.76715,198.39275,597.3828,500
1,138.45123,-141.57018,528.63617,500
2,528.85626,191.1069,592.6139,500
3,129.0564,-215.82526,498.94815,500
4,135.62544,-146.92828,516.9215,500
5,105.88639,-222.66133,395.0346,500
6,478.65015,152.00174,552.0208,500
7,111.65738,-222.25153,446.8449,500
8,197.48413,-114.24919,393.16696,500
9,127.03515,-224.62477,411.15033,500
10,363.7759,5.163002,517.0035,500
11,527.2588,190.86565,590.6062,500
12,128.52689,-285.89764,484.25076,500
13,130.98662,-163.48927,498.1649,500
14,123.162926,-211.5713,477.55328,500
15,442.73813,126.90756,521.33154,500
16,428.24863,108.47173,514.94293,500
17,124.0374,-272.9603,466.27075,500
18,127.10653,-211.08334,490.95947,500
19,115.54187,-248.44795,471.5862,500
20,454.7974,135.4154,531.6106,500
21,540.21936,202.26953,600.7744,500
22,266.89545,-115.967606,490.963,500
23,130.29657,-178.83766,496.63843,500
24,129.4726,-208.07918,499.01434,500
25,485.6769,158.46457,556.8008,500
26,115.29563,-262.1108,451.36813,500
27,371.62006,3.2434368,529.93896,500
28,540.60034,202.41174,601.19824,500
29,540.4259,204.33249,599.62054,500
30,128.41858,-170.66168,488.79605,500
31,108.89532,-233.22224,443.62637,500
32,129.4428,-195.02722,496.49197,500
33,143.98312,-142.89438,550.5895,500
34,130.10469,-178.85378,495.88245,500
35,141.97334,-141.79808,542.6707,500
36,268.89874,-219.28647,983.0236,500
37,495.56036,165.69276,564.9613,500
38,143.79814,-141.86778,550.11145,500
39,526.41705,191.48691,589.0642,500
40,318.03192,-33.09605,486.84244,500
41,130.21725,-174.78976,495.75348,500
42,134.33673,-154.56216,511.32397,500
43,130.91939,-164.5886,497.8831,500
44,468.47406,145.84892,542.61426,500
45,123.321556,-206.07724,476.73886,500
46,536.7316,197.74571,599.10956,500
47,119.45596,-282.6684,492.028,500
48,133.42216,-149.85614,508.02954,500
49,334.9612,-38.57826,515.9528,500
50,129.72299,-168.72345,493.28262,500
51,547.3136,207.44768,606.90485,500
52,96.29657,-201.89288,371.0146,500
53,129.67285,-217.09401,501.4177,500
54,499.92792,169.5777,568.0313,500
55,102.5376,-232.39168,416.6058,500
56,438.275,119.379036,520.82886,500
57,445.37738,127.44897,524.59784,500
58,132.33205,-155.37311,503.57904,500
59,459.68405,137.73798,536.6188,500
60,543.2936,203.83096,603.9034,500
61,536.73145,199.67126,597.8059,500
62,490.65103,162.67183,560.46106,500
63,186.99979,-172.61317,710.2091,500
64,131.52957,-299.38522,504.78223,500
65,417.2599,85.51735,519.502,500
66,117.58528,-220.40788,463.81546,500
67,542.8882,202.38145,604.3651,500
68,451.5588,134.546,527.7785,500
69,140.20369,-141.06914,535.7776,500
70,130.29028,-175.32776,495.98233,500
71,172.27066,-153.4145,396.9084,500
72,327.8376,-35.80076,503.3581,500
73,130.20262,-204.55243,500.78918,500
74,281.7345,-82.19402,480.36526,500
75,135.92953,-151.92146,517.5548,500
76,114.19777,-218.72379,452.63544,500
77,114.7229,-263.94412,464.1176,500
78,527.988,191.82643,590.9707,500
79,127.209656,-282.3212,479.097,500
80,130.40048,-180.71802,497.331,500
81,360.4163,-13.597296,529.4352,500
82,180.07785,-167.95728,686.1831,500
83,140.95029,-234.65042,437.77206,500
84,128.39503,-186.43011,491.40573,500
85,520.0081,186.229,583.8056,500
86,153.38472,-215.89865,434.88583,500
87,128.00853,-212.91069,494.6503,500
88,117.17771,-204.78873,455.9011,500
89,136.02057,-142.49153,519.0367,500
90,479.1601,155.38557,550.10077,500
91,131.39194,-168.4566,499.60333,500
92,128.98451,-172.28297,491.04565,500
93,154.84286,-150.98676,592.94946,500
94,143.76216,-145.62024,549.0231,500
95,112.74109,-239.03804,458.29623,500
96,104.33429,-236.29529,419.89096,500
97,178.50143,-166.8723,679.3567,500
98,155.6616,-151.85756,596.14307,500
99,506.37302,176.22295,572.1231,500
100,303.71222,-45.760906,477.9767,500
101,462.21838,139.097,539.10455,500
102,94.95226,-179.7645,375.68408,500
103,123.13062,-260.87283,449.00488,500
104,511.81393,178.28447,578.122,500
105,404.77533,55.724316,529.01886,500
106,130.70299,-196.00458,501.04272,500
107,130.4233,-197.86354,500.44675,500
108,123.03483,-243.38098,491.6577,500
109,491.33047,162.60225,561.4647,500
110,138.77502,-143.1841,529.7839,500
111,131.74771,-164.8029,501.00864,500
112,121.16926,-266.58685,454.6685,500
113,136.48637,-226.42276,422.93335,500
114,495.6377,168.71822,562.7086,500
115,436.2886,116.277084,520.3787,500
116,107.49357,-248.58372,436.79874,500
117,328.81525,-40.813118,509.3576,500
118,120.171364,-246.83571,484.58322,500
119,292.78345,-71.91905,486.65686,500
120,536.76495,198.98172,598.3395,500
121,389.83752,63.43643,500.70166,500
122,345.84244,14.688903,482.55872,500
123,129.23463,-205.81845,497.7268,500
124,121.78521,-288.95428,499.12918,500
125,130.56532,-180.12233,497.77124,500
126,146.15193,-144.1431,559.1874,500
127,98.7643,-218.85329,404.18463,500
128,128.78603,-195.722,494.33936,500
129,122.0806,-220.61568,477.78143,500
130,129.2418,-193.61072,495.5899,500
131,527.3342,191.95094,590.0174,500
132,121.70318,-236.45432,484.41318,500
133,184.76257,-170.61592,702.1624,500
134,132.5352,-155.51854,504.3152,500
135,133.15446,-163.16425,506.35236,500
136,272.20917,-103.824905,487.07208,500
137,141.00333,-142.41925,538.7209,500
138,129.51385,-180.34467,494.17816,500
139,449.79773,130.66377,528.2801,500
140,456.16736,137.24986,532.1185,500
141,130.13106,-211.91049,501.91467,500
142,135.70464,-151.03758,516.77,500
143,120.956924,-244.12607,485.93375,500
144,544.9589,204.53929,605.69525,500
145,505.52518,174.87827,571.906,500
146,180.80922,-169.01645,688.5615,500
147,129.66437,-203.02493,498.79987,500
148,533.2435,193.47966,597.01025,500
149,129.51912,-192.93454,496.50354,500
150,130.19572,-204.13107,500.71198,500
151,128.78629,-206.72937,496.34946,500
152,239.01471,-136.59848,471.85153,500
153,115.72879,-224.01628,459.71692,500
154,116.52727,-246.06702,430.93457,500
155,116.48947,-236.07747,415.9219,500
156,135.26546,-143.84299,515.9098,500
157,111.19431,-244.7796,456.01437,500
158,546.65674,206.04564,606.9777,500
159,130.28755,-182.43283,497.213,500
160,220.55815,-142.46321,451.97266,500
161,274.5593,-89.09349,476.65973,500
162,403.60263,75.426926,509.31293,500
163,119.15608,-231.53053,473.71747,500
164,138.36911,-144.52971,527.9501,500
165,135.41762,-147.07552,516.02374,500
166,136.8778,-146.62527,521.8082,500
167,87.785034,-182.14584,352.40134,500
168,115.60937,-216.20613,455.22983,500
169,449.38937,129.71964,528.4425,500
170,109.26935,-242.97478,449.55392,500
171,459.56424,140.59218,534.2765,500
172,129.87605,-193.70213,497.83832,500
173,131.60188,-157.74603,500.64706,500
174,157.37122,-152.44197,603.2273,500
175,132.41054,-162.09457,503.61087,500
176,128.86687,-165.75732,490.17105,500
177,505.28473,175.95827,570.8084,500
178,130.8784,-165.40953,497.74506,500
179,119.85436,-231.48103,476.01978,500
180,191.6413,-174.38287,723.7559,500
181,146.022,-239.6305,448.72015,500
182,121.6872,-217.45033,475.4369,500
183,119.95001,-199.08446,463.44427,500
184,484.57938,157.17746,556.2648,500
185,133.87856,-157.99216,509.3197,500
186,422.84726,88.97641,524.28107,500
187,129.37514,-207.06996,498.3192,500
188,130.9632,-196.74403,502.04776,500
189,123.1944,-237.02081,488.8868,500
190,131.08958,-174.86374,498.86295,500
191,135.23965,-243.09225,439.5648,500
192,126.05642,-217.02548,488.9504,500
193,115.484245,-212.74037,453.3296,500
194,128.79234,-195.39848,494.3249,500
195,1056.534,465.38986,1243.7222,500
196,377.14645,27.320908,515.7445,500
197,156.29942,-151.83206,598.4319,500
198,133.04921,-165.20007,505.91556,500
199,129.75853,-189.03476,496.45676,500
200,128.14919,-203.312,493.50272,500
201,129.61269,-201.9699,498.3735,500
202,89.365654,-166.90729,352.57056,500
203,137.8796,-139.95297,526.66,500
204,108.9358,-230.71512,442.25833,500
205,163.8899,-157.14078,626.6745,500
206,113.83215,-241.2977,462.79153,500
207,451.90082,130.72813,531.1467,500
208,354.37,-7.3588014,515.0931,500
209,143.1551,-270.2674,476.8079,500
210,237.63095,-105.28382,439.75983,500
211,129.06671,-197.43796,495.66757,500
212,262.3686,-99.21209,468.783,500
213,280.7896,-81.3062,478.27252,500
214,496.41455,166.26326,565.7191,500
215,137.57315,-147.76266,524.3638,500
216,529.2027,195.49495,590.3806,500
217,168.00749,-228.9991,466.84018,500
218,105.065636,-234.70944,425.0319,500
219,128.3662,-215.1285,496.3788,500
220,122.48204,-286.7797,504.0369,500
221,134.73502,-151.66498,513.0078,500
222,158.54407,-153.10037,607.2036,500
223,124.44897,-215.71367,483.07162,500
224,129.35223,-203.70209,497.8056,500
225,112.86263,-263.49957,449.67355,500
226,132.90453,-157.10794,505.691,500
227,140.31172,-242.79514,445.22626,500
228,130.59372,-190.79315,499.8095,500
229,129.7022,-198.10599,497.98553,500
230,129.77551,-190.08617,496.8402,500
231,105.88528,-236.49982,420.2887,500
232,516.7767,182.7925,581.7526,500
233,328.63516,-34.226463,503.02628,500
234,127.11899,-214.82663,491.88782,500
235,132.10335,-156.92728,502.5958,500
236,105.94411,-230.89967,432.9898,500
237,141.48007,-141.66965,540.64233,500
238,139.64162,-259.4114,460.44583,500
239,129.4353,-291.9837,495.7131,500
240,136.34914,-146.18745,519.80035,500
241,125.51915,-220.06244,488.16116,500
242,120.33909,-222.54901,472.90936,500
243,144.52539,-142.64742,552.9979,500
244,135.66034,-148.31282,516.82446,500
245,159.77344,-154.37096,611.8307,500
246,131.73656,-177.32288,501.41486,500
247,279.83875,-85.41016,480.7728,500
248,145.2961,-145.742,355.602,500
249,137.14825,-142.5471,523.4504,500
250,131.11787,-168.9177,498.56158,500
251,396.12494,54.84034,517.54004,500
252,137.37944,-196.49034,395.98257,500
253,114.0347,-222.21025,453.6221,500
254,136.80504,-140.8031,522.31445,500
255,400.2795,50.663223,527.21436,500
256,123.20782,-236.67883,488.3605,500
257,129.9231,-202.98988,499.57632,500
258,112.11856,-196.62521,436.41254,500
259,129.82101,-163.33896,493.76074,500
260,118.66744,-240.1205,476.12097,500
261,119.70913,-213.39853,467.0207,500
262,134.19553,-156.29787,510.6628,500
263,232.7461,-198.18272,862.3378,500
264,108.86577,-251.38184,439.98746,500
265,128.31654,-273.58536,467.93683,500
266,218.86238,-191.92795,818.4432,500
267,200.1272,-179.66035,753.36224,500
268,115.99636,-239.97731,468.75735,500
269,520.0622,187.78726,582.8675,500
270,130.19681,-161.80351,495.21402,500
271,113.70061,-232.9162,457.7027,500
272,130.12872,-162.68657,494.95435,500
273,132.427,-161.71687,503.71048,500
274,242.68143,-120.578575,461.52502,500
275,141.77509,-142.87575,541.6164,500
276,155.70338,-151.72168,596.4717,500
277,128.57542,-217.53279,497.59167,500
278,504.27182,172.17288,572.10443,500
279,131.3526,-164.54417,499.51816,500
280,389.26608,32.95287,527.8193,500
281,129.8763,-208.8608,500.52017,500
282,138.80183,-145.55461,529.5371,500
283,252.79214,-96.975876,453.1945,500
284,135.18199,-143.85097,515.5375,500
285,171.6879,-214.6957,456.8208,500
286,130.39046,-169.63434,495.83704,500
287,128.8399,-206.75052,496.55542,500
288,132.25182,-164.85971,502.89438,500
289,105.39355,-235.49968,432.96136,500
290,138.98338,-141.17079,530.7777,500
291,370.35843,5.5422096,526.0466,500
292,130.46613,-207.35783,502.3091,500
293,404.33545,58.15713,526.1776,500
294,511.0134,181.92165,574.45386,500
295,118.53893,-223.4626,467.4547,500
296,105.225235,-216.00694,424.11963,500
297,249.2922,-95.536354,446.86502,500
298,169.97902,-192.4741,432.40057,500
299,532.8624,196.5454,594.65094,500
300,506.9222,174.92267,573.79614,500
301,347.26678,-15.559808,512.46594,500
302,370.0302,19.729359,512.5785,500
303,189.8291,-208.28528,475.2877,500
304,132.40343,-152.42831,503.98126,500
305,333.7418,-45.582943,520.747,500
306,148.38472,-262.05222,474.02438,500
307,162.73251,-225.50415,456.01694,500
308,166.4797,-159.20609,637.0219,500
309,134.73337,-143.74643,513.85626,500
310,102.50464,-218.39949,413.8453,500
311,390.4609,40.83117,522.3138,500
312,134.36047,-155.80704,511.3289,500
313,132.34877,-154.866,503.6639,500
314,136.00458,-157.47795,517.4418,500
315,128.19006,-217.47346,496.3434,500
316,130.24348,-212.0497,502.36664,500
317,355.22952,-8.818871,517.6601,500
318,210.89854,-83.38837,381.79498,500
319,141.69597,-142.3138,541.356,500
320,126.45713,-244.3043,501.97357,500
321,212.42682,-154.32959,452.48026,500
322,213.00966,-154.48875,453.1688,500
323,362.93344,6.8436766,514.28375,500
324,133.27748,-165.56299,506.7029,500
325,171.95714,-162.62854,656.64954,500
326,128.95439,-171.02185,490.78976,500
327,500.5244,169.36974,569.01654,500
328,130.60817,-163.71494,496.6899,500
329,127.52824,-163.40073,485.0893,500
330,468.92957,146.35196,542.8606,500
331,110.44201,-248.94435,451.3613,500
332,110.84195,-212.00577,388.4297,500
333,344.98877,-23.086868,516.14435,500
334,542.84894,202.51543,604.21674,500
335,106.71913,-234.70906,435.08774,500
336,317.4141,-69.09262,519.1542,500
337,131.48749,-169.49149,499.9605,500
338,107.54698,-242.71068,443.64444,500
339,128.43341,-186.01543,491.3522,500
340,139.89012,-144.17198,533.99866,500
341,270.01318,-66.01998,448.67725,500
342,340.97174,-43.224056,528.9087,500
343,437.30414,120.0795,518.9602,500
344,366.33936,-5.6320744,530.5516,500
345,129.49683,-241.19542,509.24368,500
346,130.2748,-200.9718,500.45248,500
347,460.20166,135.97603,538.6961,500
348,116.0292,-274.43826,478.55408,500
349,129.91873,-168.20512,494.07217,500
350,129.82204,-195.21577,497.9447,500
351,114.73965,-226.44945,407.5234,500
352,135.27519,-142.03978,516.13654,500
353,127.17774,-202.71286,489.753,500
354,129.43259,-189.05022,495.45944,500
355,127.070366,-191.05098,487.43213,500
356,129.94946,-213.5492,501.68323,500
357,129.13275,-194.07083,495.28955,500
358,130.7233,-173.85027,497.37372,500
359,110.49915,-228.04413,405.6263,500
360,529.10785,192.86319,591.84686,500
361,503.25113,170.73582,571.76605,500
362,127.111404,-207.41798,490.4928,500
363,138.61334,-145.93073,528.7278,500
364,318.8047,-53.252155,506.48654,500
365,526.8244,190.30673,590.38324,500
366,134.42632,-158.88573,511.3397,500
367,287.06918,-62.446907,469.6352,500
368,129.91681,-159.85019,494.1838,500
369,130.57138,-190.92676,499.78006,500
370,137.82187,-145.22447,525.7118,500
371,526.07666,190.97475,588.9361,500
372,156.19177,-151.75783,598.37445,500
373,456.86432,136.85886,533.38495,500
374,124.78614,-206.60333,481.93503,500
375,124.59759,-199.91234,480.01865,500
376,361.8432,10.715532,509.17972,500
377,137.91394,-143.34654,526.3302,500
378,448.44742,127.42917,528.8648,500
379,157.89227,-152.65556,604.61926,500
380,194.42575,-177.04517,735.7383,500
381,125.91398,-210.80615,486.8877,500
382,116.372986,-217.32045,458.57834,500
383,441.5368,126.381454,520.07104,500
384,529.0566,193.72029,591.2883,500
385,119.30733,-207.03877,463.44653,500
386,118.90758,-273.93164,465.76758,500
387,163.67543,-157.04172,625.52344,500
388,293.34018,-82.75067,497.50864,500
389,128.82977,-184.17323,492.44702,500
390,446.39682,126.57351,526.67426,500
391,121.25628,-250.84277,489.94254,500
392,131.7005,-163.0495,500.8879,500
393,129.96223,-164.48116,494.28186,500
394,123.47272,-256.25497,446.1829,500
395,204.46748,-181.6874,767.606,500
396,135.04079,-149.70456,514.3063,500
397,125.04798,-215.29074,484.98285,500
398,514.3909,179.97038,580.4763,500
399,115.32516,-208.0508,451.7944,500
400,537.7453,200.90865,598.3318,500
401,134.00821,-154.26422,510.07327,500
402,477.412,151.0918,551.0066,500
403,451.58463,131.43007,530.19,500
404,372.08884,18.3479,516.7697,500
405,113.817825,-260.0944,456.84067,500
406,135.83383,-142.36359,518.27295,500
407,232.5594,-165.40625,490.60178,500
408,136.74905,-231.64839,428.80606,500
409,387.0265,42.377377,516.0298,500
410,541.78235,202.05855,603.07086,500
411,429.5832,110.420906,515.3874,500
412,129.38744,-170.14215,492.17587,500
413,130.06659,-179.45547,495.93887,500
414,122.50206,-266.71127,459.42722,500
415,133.47656,-147.57303,508.42545,500
416,176.53177,-165.83234,673.3491,500
417,146.65546,-144.42465,561.10785,500
418,114.25585,-231.89363,459.11768,500
419,120.73932,-216.38037,471.2552,500
420,261.7924,-100.390335,469.11368,500
421,133.60387,-150.6423,508.7246,500
422,519.8322,187.19794,582.9416,500
423,129.71344,-184.66475,495.60107,500
424,128.99669,-193.48647,494.6769,500
425,188.86339,-195.72112,460.6151,500
426,126.896706,-203.15784,488.85,500
427,136.1449,-146.42345,518.9844,500
428,120.02525,-195.6028,463.1371,500
429,135.42468,-150.54083,515.7016,500
430,161.93271,-155.71977,619.79736,500
431,257.3933,-129.3243,490.2036,500
432,148.02258,-145.22508,566.6835,500
433,106.28316,-234.6853,433.4578,500
434,131.6104,-160.60048,500.5998,500
435,542.32904,204.20773,602.31824,500
436,548.07184,209.24515,606.6966,500
437,129.44337,-202.07057,497.77936,500
438,486.9843,159.76309,557.614,500
439,132.96828,-160.68912,505.75156,500
440,467.7063,143.55705,543.321,500
441,492.4043,163.90297,561.95197,500
442,129.89438,-170.501,494.10757,500
443,128.62543,-213.23116,496.9798,500
444,133.24767,-154.25227,507.12787,500
445,270.68848,-98.67616,480.0019,500
446,129.50346,-204.34586,498.27985,500
447,107.70288,-227.03334,436.92606,500
448,138.55803,-270.4789,471.08673,500
449,108.85656,-210.15068,432.20755,500
450,130.96289,-159.21594,498.12714,500
451,124.46548,-217.64607,483.72156,500
452,127.17837,-210.0822,490.96063,500
453,544.3031,203.92378,605.2255,500
454,139.50467,-261.29065,462.27103,500
455,129.94783,-171.42949,494.3061,500
456,128.42311,-225.45265,499.2649,500
457,128.35744,-215.97087,496.4284,500
458,197.93825,-178.94336,747.0677,500
459,389.76877,43.46223,518.90894,500
460,130.56564,-180.13025,497.75943,500
461,492.96625,162.92252,563.5006,500
462,139.35442,-144.59708,531.80597,500
463,131.0421,-158.98213,498.5084,500
464,129.81683,-207.46709,500.09488,500
465,130.83533,-213.28758,504.63187,500
466,155.53812,-151.42369,595.6766,500
467,129.45522,-213.99841,499.85748,500
468,111.73149,-263.0232,450.50232,500
469,118.37899,-280.09473,481.7435,500
470,339.73083,-37.457565,521.72577,500
471,296.6531,-68.6672,489.08774,500
472,146.95563,-294.59332,506.1099,500
473,127.99531,-219.26567,496.1451,500
474,108.24258,-237.88036,419.42505,500
475,111.66098,-218.29079,444.28842,500
476,424.71127,92.46505,523.76416,500
477,543.7323,204.09038,604.3247,500
478,128.23589,-222.59221,498.15668,500
479,133.81323,-149.59106,509.6299,500
480,479.35675,153.2208,552.05853,500
481,321.59012,-44.931503,502.7843,500
482,133.90732,-153.73695,509.69437,500
483,355.57043,-7.114884,516.5857,500
484,102.43129,-195.41457,405.53674,500
485,135.52098,-147.17036,516.3165,500
486,332.43893,-44.40277,517.805,500
487,176.82268,-198.7138,448.3,500
488,126.199066,-279.87558,519.114,500
489,469.20593,146.54749,543.09534,500
490,139.13509,-143.06906,531.1127,500
491,131.89284,-159.76144,501.6787,500
492,120.16188,-277.28552,474.4865,500
493,123.123985,-217.57553,479.47733,500
494,133.4936,-151.69038,508.1653,500
495,496.70694,168.13261,564.66595,500
496,135.55498,-139.34224,517.5799,500
497,369.11124,12.463117,517.9187,500
0,543.27075,211.71478,584.3829,550
1,158.49475,-98.19621,516.0255,550
2,555.1799,221.57193,593.2398,550
3,128.96457,-175.0583,444.716,550
4,133.96233,-171.76807,457.56903,550
5,150.93233,-212.47298,455.87024,550
6,527.71436,199.58153,571.83734,550
7,373.3522,4.386334,524.7663,550
8,437.36185,96.097534,528.74554,550
9,132.82658,-215.80894,429.50824,550
10,497.96603,170.77827,552.7071,550
11,562.2589,230.1106,596.68634,550
12,192.40831,-205.83913,482.36414,550
13,138.66061,-170.28563,470.73267,550
14,124.296616,-183.00659,434.93726,550
15,487.7316,165.74413,542.5929,550
16,479.60822,158.6786,536.9409,550
17,154.59586,-256.13898,491.33325,550
18,123.62013,-172.9661,426.8987,550
19,139.37598,-240.99481,467.97476,550
20,515.15894,186.76031,564.0921,550
21,562.3878,230.91899,596.3004,550
22,293.8571,-117.84149,529.17914,550
23,154.77754,-104.56187,504.92758,550
24,125.02097,-188.79388,441.41913,550
25,536.5994,205.86406,579.5106,550
26,449.10608,116.11109,527.82263,550
27,453.71173,125.10469,527.3796,550
28,563.4439,231.67064,597.19934,550
29,570.7604,241.49606,600.2845,550
30,128.59026,-163.07254,438.47607,550
31,281.348,-99.60854,494.74692,550
32,128.27794,-164.97719,438.0283,550
33,161.03995,-98.288055,524.2533,550
34,140.07974,-156.4473,470.1094,550
35,150.292,-115.97227,492.21625,550
36,239.06335,-119.46744,757.7848,550
37,417.57437,74.73949,520.8974,550
38,139.554,-158.97835,469.68704,550
39,551.8405,220.86215,589.20386,550
40,467.30017,145.04826,530.7248,550
41,130.06218,-194.55685,456.93018,550
42,144.8908,-139.42828,479.2939,550
43,148.44193,-124.012245,487.63782,550
44,535.8515,205.0962,579.0165,550
45,144.13638,-151.62173,480.6445,550
46,555.76056,223.02245,592.9426,550
47,442.96176,115.29089,520.0796,550
48,148.74852,-123.612656,488.51865,550
49,370.52045,1.9524902,522.9245,550
50,218.69498,-127.91477,446.9403,550
51,565.40424,233.47801,598.5893,550
52,485.0232,158.91731,544.21295,550
53,143.15137,-163.294,481.69827,550
54,552.73773,218.44926,592.25494,550
55,349.20108,-28.280264,521.64813,550
56,510.00034,183.03117,559.79504,550
57,491.7055,167.70372,546.52185,550
58,143.93369,-156.46968,481.69653,550
59,530.7903,202.06964,574.2501,550
60,561.31256,229.98824,595.49884,550
61,561.5999,229.91142,595.9382,550
62,549.1794,217.68903,587.95044,550
63,192.6734,-105.09271,620.6627,550
64,292.65033,-106.324936,516.2501,550
65,476.77396,154.3042,536.44446,550
66,123.43002,-203.63962,438.563,550
67,560.17,227.67244,595.5744,550
68,538.47626,208.90697,579.9439,550
69,144.63692,-139.06555,478.38556,550
70,146.96518,-135.5872,484.90793,550
71,288.94543,-89.31824,495.42377,550
72,514.5301,190.84973,560.2932,550
73,131.32104,-170.99202,449.3617,550
74,323.80707,-62.111046,517.87805,550
75,154.84969,-107.45215,505.31003,550
76,124.766014,-202.55093,444.5163,550
77,185.0859,-204.5945,469.9407,550
78,551.2843,219.406,589.5429,550
79,415.5286,73.86281,518.9085,550
80,136.75105,-169.25183,464.67175,550
81,456.25827,129.04012,527.94745,550
82,176.94843,-99.623665,572.8254,550
83,378.3803,12.113545,524.5741,550
84,142.02928,-159.26118,477.06403,550
85,546.7092,215.46266,586.2581,550
86,489.04315,168.71521,542.06067,550
87,142.48508,-168.36324,481.52805,550
88,133.89566,-206.79121,445.42935,550
89,144.59679,-137.35887,477.9378,550
90,548.0446,219.96265,584.69244,550
91,147.80795,-129.02507,486.47638,550
92,124.256966,-172.70872,429.96982,550
93,194.2122,-105.34684,624.64246,550
94,139.9623,-190.38605,482.52502,550
95,138.05139,-170.38922,468.8698,550
96,114.857765,-170.79416,398.18842,550
97,160.10269,-98.07441,521.0546,550
98,149.48962,-122.676796,490.67233,550
99,551.1054,220.64165,588.3683,550
100,468.3853,144.39912,532.7154,550
101,518.0292,190.74266,565.0896,550
102,211.68108,-110.97605,412.85147,550
103,419.03262,70.55868,526.9012,550
104,550.8385,216.94656,590.78754,550
105,447.32385,118.84038,523.3168,550
106,119.88443,-196.52292,426.46823,550
107,146.17935,-133.21329,482.09494,550
108,199.29404,-217.19818,502.913,550
109,532.9177,202.56152,576.7609,550
110,153.13977,-111.47364,500.532,550
111,152.88716,-110.80823,499.6135,550
112,166.96272,-224.81099,470.05548,550
113,330.41885,-40.38812,506.73618,550
114,541.0889,212.96411,580.445,550
115,476.52472,154.7634,535.74164,550
116,324.26874,-46.359783,503.65714,550
117,387.69934,30.725086,520.12305,550
118,123.77433,-203.04321,445.4169,550
119,477.87634,154.94707,537.47064,550
120,559.7275,227.8562,594.85077,550
121,352.73364,-10.2135,509.677,550
122,493.55252,165.94739,550.4602,550
123,122.42388,-187.15788,430.74686,550
124,143.39618,-261.6546,491.42905,550
125,146.2619,-130.94333,482.00015,550
126,142.86139,-159.89009,479.7768,550
127,473.48508,148.99022,536.11926,550
128,135.46341,-171.0005,461.61957,550
129,232.26128,-150.62517,479.41504,550
130,143.77826,-154.53943,480.52725,550
131,561.82587,229.7355,596.3637,550
132,335.75214,-45.86339,519.3894,550
133,157.21103,-97.72086,511.87845,550
134,144.52951,-139.34596,478.1279,550
135,150.07567,-119.90138,492.07358,550
136,433.94955,97.1786,522.92377,550
137,155.53444,-106.52072,507.48727,550
138,381.5384,29.95024,512.16455,550
139,533.4297,203.2723,576.97424,550
140,494.46194,170.64856,548.0055,550
141,204.86923,-184.58026,479.31995,550
142,149.82764,-121.327934,491.5009,550
143,177.29834,-242.76476,501.48587,550
144,561.61285,229.3182,596.36957,550
145,554.6402,226.10753,589.22,550
146,149.66498,-119.46627,490.78745,550
147,139.42088,-251.48741,467.14526,550
148,542.4308,208.76079,585.3625,550
149,132.64009,-240.51445,474.8995,550
150,134.11577,-163.3533,454.69748,550
151,144.20499,-158.12938,483.10394,550
152,138.56853,-172.32056,471.057,550
153,150.21863,-248.64247,475.82214,550
154,442.44122,112.86711,521.19147,550
155,259.29642,-114.755905,479.55518,550
156,141.99893,-161.37695,477.66672,550
157,131.66801,-247.30647,464.01273,550
158,562.6647,230.77144,596.7743,550
159,145.9441,-134.01157,481.50153,550
160,139.8499,-239.28131,457.12912,550
161,428.2957,90.78313,520.99036,550
162,473.75943,152.62146,533.6443,550
163,199.83723,-194.50563,479.3757,550
164,165.55945,-97.516945,537.9536,550
165,148.34958,-121.847275,486.97388,550
166,167.06297,-98.07695,542.2127,550
167,134.83469,-161.83331,456.32166,550
168,129.614,-219.83131,460.9881,550
169,496.5526,170.61581,550.90686,550
170,299.13486,-75.94746,496.7487,550
171,536.0179,207.51064,577.62854,550
172,140.18782,-254.79092,476.96588,550
173,144.27902,-149.67847,480.4712,550
174,143.90443,-142.06688,476.97992,550
175,151.20834,-114.66656,494.90567,550
176,138.40659,-170.43732,470.15903,550
177,516.36554,191.22589,562.5058,550
178,144.00777,-149.80655,479.65,550
179,163.3574,-250.51387,490.61188,550
180,189.03659,-103.64648,608.7626,550
181,447.062,117.371124,524.13245,550
182,164.04163,-233.90251,474.47543,550
183,113.342285,-149.62088,386.96735,550
184,525.339,196.72295,570.673,550
185,144.04004,-161.65234,483.68155,550
186,523.72876,194.76678,569.8972,550
187,137.23051,-169.19081,466.0975,550
188,144.9212,-145.56615,480.8361,550
189,294.4934,-92.61401,506.06802,550
190,127.8713,-226.16734,455.9024,550
191,181.22322,-208.77596,471.08517,550
192,122.1727,-217.43652,440.84204,550
193,394.85184,36.636806,524.6471,550
194,134.33185,-163.41872,455.5208,550
195,530.51215,201.85191,574.019,550
196,506.2351,180.22383,556.7234,550
197,148.53357,-123.246994,487.75592,550
198,145.05045,-144.19049,480.82208,550
199,141.4182,-158.10637,474.72427,550
200,126.0826,-214.24146,443.65207,550
201,128.2312,-172.14655,441.22653,550
202,119.04167,-149.31181,402.658,550
203,159.98944,-96.48839,520.4803,550
204,163.82422,-223.82661,463.62808,550
205,160.57413,-97.167404,522.0905,550
206,166.01862,-244.13182,486.7282,550
207,498.5918,173.22337,551.6315,550
208,509.32776,181.75844,559.8041,550
209,516.2742,193.34343,560.8224,550
210,477.54813,153.5792,538.09125,550
211,143.20776,-150.04626,477.35474,550
212,330.81525,-62.588444,528.24896,550
213,460.8986,140.00621,525.86505,550
214,512.7168,184.69368,562.2827,550
215,152.79012,-112.130264,499.47763,550
216,560.4909,229.16481,594.9675,550
217,454.75293,133.67044,522.37506,550
218,140.45343,-226.63704,455.78586,550
219,124.834015,-199.0482,444.88828,550
220,215.03854,-207.55882,512.40533,550
221,140.23978,-172.53143,476.17374,550
222,159.647,-97.43117,519.4337,550
223,131.81898,-169.07967,450.1368,550
224,131.41803,-177.81847,452.98035,550
225,135.30484,-230.34677,444.66565,550
226,151.62735,-114.108315,496.15366,550
227,460.91898,136.53288,528.6223,550
228,130.12935,-235.21037,469.96933,550
229,146.70644,-130.68713,483.33044,550
230,190.81577,-214.7884,490.33124,550
231,212.85286,-165.73965,466.51337,550
232,554.8374,224.78831,590.4131,550
233,481.9475,156.81685,541.5853,550
234,128.33292,-222.60672,456.54556,550
235,146.21335,-129.99046,481.6688,550
236,278.95178,-103.40893,495.23444,550
237,152.14853,-117.079094,498.176,550
238,316.4651,-70.83849,515.85126,550
239,237.47159,-160.98344,495.031,550
240,151.39597,-115.58013,495.6,550
241,152.25244,-242.36473,479.57364,550
242,127.147644,-236.6364,444.13947,550
243,154.99986,-104.42876,505.6397,550
244,141.18541,-156.19815,473.3897,550
245,169.11586,-98.13405,549.1041,550
246,169.3846,-98.64855,550.3223,550
247,388.14676,29.180864,522.2045,550
248,356.82733,0.10385996,505.4394,550
249,154.04156,-104.52049,502.5456,550
250,135.63808,-169.96033,461.63583,550
251,437.00012,109.82362,516.02106,550
252,354.87845,-19.637028,521.5719,550
253,162.2248,-223.37546,463.34814,550
254,145.05658,-134.99051,478.86942,550
255,477.08862,155.08672,536.2109,550
256,127.798515,-232.22871,465.9889,550
257,123.864555,-183.89166,431.81995,550
258,436.17328,95.41342,527.783,550
259,154.59407,-103.10073,504.2086,550
260,145.25684,-160.56308,486.89847,550
261,124.16835,-173.68852,429.6623,550
262,130.3462,-177.5896,449.58994,550
263,150.78712,-114.65008,493.5293,550
264,164.63704,-224.02681,464.81464,550
265,127.31146,-178.78275,441.80582,550
266,307.6347,-140.3218,957.5957,550
267,171.25438,-98.267006,554.6177,550
268,137.76666,-256.62875,485.0343,550
269,537.83026,208.42403,579.4322,550
270,143.24939,-156.82921,479.88953,550
271,118.87523,-184.14868,421.38837,550
272,128.52235,-167.69386,440.01788,550
273,145.76381,-137.0753,481.4677,550
274,213.66872,-164.27493,465.7312,550
275,161.73212,-97.31879,526.1544,550
276,153.65515,-107.98285,501.70285,550
277,120.31043,-178.32819,421.5876,550
278,545.03015,211.9081,586.65125,550
279,143.94467,-156.80197,481.87445,550
280,228.39049,-163.7631,486.08536,550
281,138.02126,-241.03963,461.45044,550
282,144.57884,-152.47516,482.17758,550
283,378.56503,11.021532,525.8027,550
284,153.45692,-105.48058,500.718,550
285,257.21606,-123.39795,484.26553,550
286,137.02516,-211.99078,450.94083,550
287,134.6383,-175.20142,460.8177,550
288,149.56541,-121.60879,490.72153,550
289,388.1177,30.314178,521.15564,550
290,148.02544,-123.65278,486.25598,550
291,479.7824,155.23662,539.8566,550
292,124.27641,-211.53427,447.1719,550
293,478.50455,153.14148,539.7298,550
294,548.6549,219.27628,586.04364,550
295,141.4042,-246.0503,463.10803,550
296,125.65844,-215.01656,430.6455,550
297,337.33334,-51.02577,526.5379,550
298,472.1163,147.96378,535.02124,550
299,550.7386,220.10245,588.2739,550
300,538.768,209.31071,580.0454,550
301,495.39847,171.95572,548.24725,550
302,494.4617,169.88849,548.59845,550
303,389.337,36.964676,516.6332,550
304,132.31075,-162.41383,449.12317,550
305,430.13486,96.45717,518.23175,550
306,253.04784,-150.2091,506.04706,550
307,422.33478,79.40926,523.2352,550
308,152.24632,-110.45752,497.62582,550
309,143.44612,-142.68626,475.76456,550
310,129.59558,-195.95822,448.81985,550
311,376.61447,15.938631,518.4112,550
312,126.543625,-178.97054,439.667,550
313,143.78131,-145.82034,477.61905,550
314,149.02623,-123.89736,489.36902,550
315,119.45877,-210.42029,432.573,550
316,122.792595,-203.50925,440.83487,550
317,503.5007,176.91109,555.4952,550
318,307.5384,-57.369118,490.66025,550
319,152.379,-113.25495,498.32318,550
320,134.73045,-258.49707,486.69073,550
321,130.80447,-246.68483,474.99164,550
322,371.5184,-0.7200157,526.91174,550
323,480.16315,156.11063,539.7153,550
324,156.71272,-106.232994,511.04666,550
325,157.39545,-99.65577,512.82025,550
326,142.32675,-172.42589,482.38528,550
327,546.5118,213.9307,587.1487,550
328,145.36137,-136.71973,480.13934,550
329,116.816345,-146.55544,394.7838,550
330,546.51935,213.1164,587.7773,550
331,240.45123,-150.11935,488.29236,550
332,253.75902,-122.34246,480.02798,550
333,528.874,204.11858,570.36096,550
334,559.8977,227.55292,595.291,550
335,209.10658,-183.16159,480.18222,550
336,399.4875,43.02559,525.16895,550
337,139.18803,-167.36366,471.2253,550
338,155.66464,-219.90016,452.26782,550
339,125.10698,-186.40587,428.74365,550
340,145.2307,-155.20268,484.9537,550
341,481.48892,164.124,535.2709,550
342,491.04675,164.69826,547.936,550
343,492.95444,168.725,547.4466,550
344,391.97168,33.24975,523.74207,550
345,421.29532,82.99357,518.3657,550
346,142.15768,-164.81865,479.22446,550
347,450.44998,114.66926,530.7471,550
348,236.28252,-165.04848,498.57733,550
349,145.12662,-139.1043,479.92578,550
350,143.68687,-170.41794,485.73553,550
351,435.64542,96.61495,525.8861,550
352,145.24693,-134.06723,479.36398,550
353,136.27612,-164.80275,461.8365,550
354,127.32124,-210.09433,455.03195,550
355,339.21753,-32.262283,511.47696,550
356,126.85391,-218.29097,460.16312,550
357,127.85707,-166.81064,437.79596,550
358,142.68877,-161.23457,479.54248,550
359,278.26538,-82.36685,473.6144,550
360,555.97363,223.9521,592.53406,550
361,505.81003,177.42732,558.2568,550
362,129.57816,-179.9118,447.10345,550
363,152.07948,-114.97306,497.6586,550
364,453.29398,132.51694,521.2642,550
365,546.984,215.25267,586.78973,550
366,147.17354,-131.99371,484.93958,550
367,190.86612,-201.33046,476.26328,550
368,116.56238,-162.65147,401.69455,550
369,143.46588,-168.16124,484.16513,550
370,146.01912,-137.72708,482.31833,550
371,536.4256,206.33412,578.9841,550
372,144.81404,-143.86227,480.17346,550
373,476.97495,154.32166,536.70886,550
374,186.9972,-215.32382,492.4764,550
375,123.84817,-186.44041,427.99014,550
376,475.47925,153.20023,535.5398,550
377,156.91801,-101.026596,511.4858,550
378,504.62827,176.58829,557.29346,550
379,163.52533,-97.70239,531.16235,550
380,166.47879,-96.94534,540.1762,550
381,131.90028,-173.22462,449.42548,550
382,334.97098,-46.563377,519.0079,550
383,515.52246,189.74756,562.427,550
384,557.9392,226.87422,593.1288,550
385,117.70703,-207.38354,418.82935,550
386,429.05588,92.958336,520.0379,550
387,158.51152,-98.717636,516.11975,550
388,456.47397,127.88113,529.0866,550
389,126.64892,-201.8055,440.27512,550
390,285.4809,-98.45272,500.87405,550
391,407.85825,62.052017,519.1522,550
392,145.958,-134.2465,481.56854,550
393,117.850105,-171.8527,409.52765,550
394,339.41776,-40.206875,519.2896,550
395,143.93808,-137.88847,476.08813,550
396,145.82204,-134.98238,481.2807,550
397,121.28783,-200.18324,423.42957,550
398,554.6488,220.92365,593.00244,550
399,119.25381,-173.23685,409.7841,550
400,556.11127,226.45186,590.9599,550
401,145.49884,-138.17459,480.84628,550
402,487.31204,160.83401,545.82477,550
403,427.43982,93.059944,517.6937,550
404,460.53574,138.56693,526.49005,550
405,328.80557,-56.56806,519.6439,550
406,144.5767,-136.33543,477.66708,550
407,134.99475,-187.04712,467.11664,550
408,271.04456,-127.67078,507.78146,550
409,461.75183,137.92497,528.67194,550
410,556.21155,223.1905,593.4288,550
411,521.46674,193.49316,567.7733,550
412,137.76378,-161.01266,464.91336,550
413,143.70232,-153.02592,479.82886,550
414,123.083466,-225.90524,437.49216,550
415,141.52374,-158.23688,475.28885,550
416,156.87703,-99.04407,511.14835,550
417,155.06181,-103.250305,505.64575,550
418,132.13991,-225.91336,447.95438,550
419,145.98828,-138.02873,482.2958,550
420,442.77274,114.46885,520.4246,550
421,155.78731,-101.26163,507.93134,550
422,536.2318,206.61835,578.5186,550
423,141.17926,-162.85355,475.6287,550
424,134.39645,-166.95496,457.03854,550
425,321.38666,-65.305954,517.5308,550
426,141.7194,-202.53188,429.39438,550
427,152.04897,-108.91584,496.74817,550
428,124.5882,-156.09808,419.51755,550
429,146.57448,-134.08598,483.4448,550
430,220.14183,-113.73791,701.92255,550
431,423.9945,83.86381,521.3608,550
432,150.80505,-114.54464,493.6233,550
433,376.87686,3.4061954,530.6395,550
434,139.48557,-172.61247,474.12244,550
435,554.4618,224.11682,590.3782,550
436,566.5908,236.7953,597.90564,550
437,128.38327,-222.69197,461.3468,550
438,518.3912,189.8921,566.20685,550
439,144.83138,-142.15701,479.71872,550
440,508.10327,181.86649,558.0525,550
441,545.1784,216.14732,583.64716,550
442,143.81168,-163.42136,483.6939,550
443,129.96951,-235.4088,471.653,550
444,156.8197,-100.54796,511.1462,550
445,465.53857,139.21523,532.7986,550
446,131.81372,-165.05836,448.5399,550
447,154.25912,-226.79381,462.9468,550
448,279.1104,-104.329765,496.28845,550
449,114.163925,-170.1263,398.51733,550
450,139.94124,-164.0504,472.44577,550
451,129.58145,-173.62418,445.52032,550
452,138.96303,-217.61621,438.9332,550
453,559.9166,227.39885,595.4249,550
454,147.2203,-251.49873,487.40274,550
455,123.43135,-165.28564,424.12912,550
456,144.43906,-157.26039,483.29495,550
457,125.37081,-174.55363,433.9758,550
458,209.4934,-110.636765,671.24036,550
459,367.19122,3.6316683,516.7133,550
460,130.56955,-195.1284,454.38943,550
461,532.15094,201.21521,576.652,550
462,146.66937,-135.18112,483.9134,550
463,144.32082,-157.27002,483.14926,550
464,126.542496,-232.43568,453.94083,550
465,146.69858,-132.72449,483.654,550
466,159.21884,-98.692276,518.3531,550
467,154.01302,-236.38637,471.90567,550
468,279.79218,-107.034035,499.73584,550
469,308.7238,-81.52276,515.19476,550
470,155.57889,-217.89879,445.3714,550
471,339.78934,-41.783924,521.133,550
472,396.58667,47.63746,516.80493,550
473,132.21857,-246.77328,463.41522,550
474,262.07803,-98.644066,467.28964,550
475,162.07204,-235.16049,482.75238,550
476,444.56458,109.34108,526.81287,550
477,561.5539,229.43843,596.20605,550
478,126.68878,-192.16968,446.96738,550
479,144.27812,-158.89284,483.5888,550
480,524.1815,194.87723,570.441,550
481,453.6966,128.82402,524.6207,550
482,357.0884,-22.93179,527.6607,550
483,516.0166,187.75885,564.5403,550
484,147.73956,-217.77243,455.62506,550
485,12895.547,5901.8374,15301.289,550
486,410.45132,64.88945,520.13403,550
487,383.03513,26.94926,517.15106,550
488,455.54236,127.90136,527.78894,550
489,532.9618,201.82162,577.3356,550
490,150.84677,-115.64718,493.86774,550
491,148.5936,-123.58441,488.0407,550
492,398.46658,40.328068,526.28467,550
493,255.70401,-95.643715,454.84155,550
494,145.67673,-128.79442,479.79517,550
495,560.2168,229.02704,594.69135,550
496,123.63913,-156.95796,413.95218,550
497,519.53906,193.28333,565.3062,550
0,459.96298,127.806465,525.1996,600
1,145.3859,-176.15378,482.0184,600
2,352.0925,-36.07784,513.808,600
3,125.71492,-279.20126,463.57126,600
4,143.64276,-173.87045,476.29144,600
5,122.66513,-197.54668,395.5019,600
6,381.01773,11.985593,511.29172,600
7,329.2261,-29.565985,477.19904,600
8,431.04077,91.746574,512.02075,600
9,216.34769,-168.56078,449.93204,600
10,462.42807,128.77933,527.8439,600
11,511.27243,173.60315,561.063,600
12,179.84352,-267.2293,493.09146,600
13,123.50132,-225.54259,436.75977,600
14,122.76081,-241.58907,433.1618,600
15,475.57437,143.32028,534.9119,600
16,486.77017,153.43689,542.6784,600
17,407.87894,55.417454,510.20273,600
18,184.14082,-162.98752,410.5625,600
19,251.0206,-165.06082,491.3989,600
20,499.7123,163.16304,552.9954,600
21,543.24774,199.15543,585.42426,600
22,368.19424,-14.205369,516.69604,600
23,147.19614,-140.54732,483.91052,600
24,130.05673,-208.48308,447.22406,600
25,478.98203,144.31793,538.7961,600
26,358.65027,-30.321445,517.7859,600
27,422.14267,77.46067,510.30402,600
28,541.9314,197.30629,584.94995,600
29,520.8108,178.90889,569.9514,600
30,141.17415,-197.65277,474.56143,600
31,208.89497,-201.84523,470.82907,600
32,259.52905,-12.25601,367.21674,600
33,150.01674,-133.69798,489.24307,600
34,151.20395,-227.47421,443.39526,600
35,146.71425,-148.61012,483.5557,600
36,214.85501,-123.295204,641.84534,600
37,428.37088,87.60818,511.19223,600
38,143.01814,-184.24734,476.09964,600
39,494.92868,160.07231,548.8177,600
40,439.21494,101.27819,516.31616,600
41,133.10803,-260.56802,482.57498,600
42,143.80684,-174.98582,476.9381,600
43,138.78465,-209.53258,471.8551,600
44,238.48132,-233.22949,534.9029,600
45,137.88959,-203.45044,409.50604,600
46,530.16003,187.69081,575.9343,600
47,362.93823,-16.842102,511.91174,600
48,156.64522,-127.77337,505.50073,600
49,283.88202,-120.01705,494.3876,600
50,241.37082,36.96266,312.09656,600
51,542.54895,198.07442,585.2426,600
52,471.7509,136.82845,534.54816,600
53,141.91017,-197.68802,476.47098,600
54,323.21494,-84.14651,516.4203,600
55,452.77417,116.2903,523.94073,600
56,489.88837,154.63809,545.99945,600
57,525.0897,186.10347,570.2791,600
58,191.40947,-169.16592,422.68552,600
59,518.1484,179.19965,566.1128,600
60,538.15405,194.36247,581.9545,600
61,536.74603,193.51753,580.66327,600
62,528.5191,186.56845,574.5306,600
63,161.55533,-123.48801,517.0158,600
64,316.86646,-95.968124,518.1822,600
65,321.1907,-85.17692,514.59625,600
66,320.6017,-47.50966,481.08676,600
67,525.1719,184.87769,571.2561,600
68,472.61377,139.3656,533.80896,600
69,143.64124,-166.18843,475.5668,600
70,145.33322,-194.9248,485.85443,600
71,475.88177,140.64088,537.3209,600
72,449.275,116.84723,518.7635,600
73,145.19882,-203.38858,417.45584,600
74,411.3867,61.109623,509.98035,600
75,142.18109,-207.3816,480.5319,600
76,322.0719,-57.53909,491.78345,600
77,254.25137,-178.33543,507.409,600
78,536.8048,193.3156,580.87994,600
79,407.82812,53.074566,512.1395,600
80,135.0994,-214.30898,463.4763,600
81,437.6239,97.8179,516.5438,600
82,156.43895,-124.97066,504.66385,600
83,360.70474,-21.1759,512.696,600
84,138.23799,-205.87239,468.79037,600
85,512.04846,174.70116,561.28595,600
86,479.7968,145.12357,539.3327,600
87,147.81537,-236.80327,437.60907,600
88,206.95815,-113.194176,398.04996,600
89,146.08167,-156.45972,482.31305,600
90,509.06775,171.98097,559.23663,600
91,131.5729,-228.50894,462.16608,600
92,142.8957,-187.03143,476.2951,600
93,146.98453,-161.55586,485.57715,600
94,148.01585,-217.38393,500.91232,600
95,164.4178,-268.17987,478.31842,600
96,149.7028,-274.92245,480.87048,600
97,150.35654,-138.90984,492.35287,600
98,146.75565,-162.1915,484.9456,600
99,518.7407,180.56012,565.8215,600
100,476.86438,141.80338,537.7851,600
101,506.528,170.50032,556.8614,600
102,128.17055,-179.80177,380.27353,600
103,264.53497,-140.0892,486.38608,600
104,523.961,183.03201,570.99786,600
105,442.92276,109.85547,515.2437,600
106,311.77765,-79.191605,496.66833,600
107,126.47298,-244.48393,456.88016,600
108,207.15167,-230.21742,494.07962,600
109,517.97095,177.75262,566.9934,600
110,146.56175,-152.03651,483.4134,600
111,142.59393,-194.6285,477.5739,600
112,202.07268,-216.07967,474.38303,600
113,282.87323,-79.77324,457.9044,600
114,526.298,186.84093,571.3746,600
115,473.71106,141.29292,533.85675,600
116,302.45508,-44.51147,453.7372,600
117,143.77596,-337.0036,523.1097,600
118,127.015526,-234.96365,454.4258,600
119,486.2637,151.80536,543.2081,600
120,517.3832,179.14569,565.10315,600
121,327.0413,-20.7053,466.52646,600
122,481.24744,143.8912,542.21747,600
123,123.9941,-240.69518,447.50153,600
124,317.0818,-88.344826,511.8245,600
125,142.40314,-185.2336,474.25604,600
126,148.12619,-142.907,487.26364,600
127,164.85338,-245.28703,456.45398,600
128,140.50244,-196.4804,472.1138,600
129,136.89172,-274.44638,461.67422,600
130,140.56953,-197.79094,472.74243,600
131,542.19055,197.67088,585.04333,600
132,150.64563,-261.05206,461.2726,600
133,193.94916,-121.39616,592.9177,600
134,146.18796,-151.61644,482.13757,600
135,123.50475,-210.61089,419.90613,600
136,339.54416,-53.84025,512.3031,600
137,146.73894,-168.11597,485.53616,600
138,115.95299,-164.70045,373.08752,600
139,206.84085,-283.27347,539.29553,600
140,504.76886,167.07837,556.9166,600
141,406.0947,58.456913,505.1739,600
142,145.10197,-169.54187,480.43082,600
143,131.4879,-298.70117,484.60968,600
144,534.6426,191.6888,579.12695,600
145,512.386,174.38208,561.97815,600
146,145.36002,-172.71526,481.5909,600
147,124.566635,-288.92307,473.14145,600
148,495.75232,158.23927,551.2806,600
149,153.11955,-269.03604,472.20557,600
150,249.46565,-118.2269,447.75308,600
151,364.11008,3.451823,495.92325,600
152,137.12502,-317.98676,518.8309,600
153,357.48355,-25.54591,512.05676,600
154,198.54147,-238.86049,490.8865,600
155,249.78758,-125.24577,453.9343,600
156,142.94797,-176.28113,474.3476,600
157,239.20976,-152.90216,464.58484,600
158,541.15424,195.71667,585.0123,600
159,122.48378,-217.75206,431.95132,600
160,240.36798,-139.72737,454.21753,600
161,432.30566,91.50892,513.7898,600
162,460.48187,127.47992,526.2114,600
163,225.36296,-161.7288,455.14673,600
164,141.48952,-204.36531,477.69135,600
165,142.57236,-195.72932,477.9719,600
166,147.25027,-162.93893,486.5697,600
167,370.08005,15.974091,493.25385,600
168,295.33203,-60.325287,457.85657,600
169,489.62537,154.22372,545.95105,600
170,189.4674,-199.10486,444.6353,600
171,494.0023,158.24867,548.91705,600
172,156.08498,-268.4121,469.07208,600
173,142.88298,-193.70345,478.3492,600
174,145.95508,-155.62679,481.88004,600
175,143.77675,-169.54984,476.30438,600
176,142.4635,-184.59694,474.30048,600
177,446.02075,111.72606,518.1026,600
178,141.63368,-207.36241,479.01727,600
179,279.0135,-136.12903,502.054,600
180,146.5567,-160.49068,484.11786,600
181,338.548,-39.64121,498.66016,600
182,225.54312,-153.02959,447.37234,600
183,161.94052,-162.09479,388.72076,600
184,400.49646,46.257057,507.9837,600
185,144.27495,-179.94522,478.9242,600
186,502.10516,164.40988,555.2922,600
187,210.19499,-171.79784,445.1658,600
188,148.89279,-254.43854,462.48053,600
189,192.60045,-258.81488,502.36447,600
190,125.39472,-254.10695,453.37552,600
191,393.08966,29.310534,512.7607,600
192,126.33904,-274.5576,462.72598,600
193,274.5067,-77.82551,444.89984,600
194,122.019714,-195.70662,419.7967,600
195,524.49634,185.45253,569.9442,600
196,393.10504,32.18134,510.25815,600
197,146.43259,-161.9713,483.88135,600
198,129.02356,-209.93665,444.7214,600
199,127.5859,-198.27882,435.32248,600
200,142.74806,-188.22957,476.16544,600
201,143.94852,-244.63304,440.1991,600
202,332.97186,40.997864,420.90393,600
203,131.77533,-195.07147,446.65976,600
204,186.16658,-224.084,463.5715,600
205,150.2782,-141.34,493.12915,600
206,264.18475,-118.651695,466.9154,600
207,470.46536,137.90993,531.92255,600
208,458.129,124.75522,524.9821,600
209,407.70163,57.251442,508.29102,600
210,466.9247,131.88585,531.6523,600
211,139.71379,-195.8594,469.6084,600
212,295.9389,-101.424835,494.48154,600
213,478.81976,145.4801,537.7444,600
214,489.29453,152.80779,546.5575,600
215,147.55756,-161.32253,487.40295,600
216,510.48624,176.39091,557.8865,600
217,467.1165,135.09457,529.5206,600
218,309.48544,-51.213634,469.15125,600
219,138.88799,-270.34012,459.82568,600
220,325.13736,-83.23819,518.27783,600
221,143.39377,-179.19566,476.08685,600
222,144.95699,-179.31094,480.9853,600
223,139.98988,-262.608,454.86298,600
224,126.92592,-228.94217,451.04395,600
225,131.79364,-296.6553,474.19846,600
226,144.46065,-195.10413,483.24728,600
227,397.66602,37.387108,511.98022,600
228,160.94649,-284.80753,487.41547,600
229,142.80486,-183.10895,474.93356,600
230,246.79164,-132.87083,457.35065,600
231,202.40953,-193.62093,454.94702,600
232,517.0744,179.57246,564.326,600
233,428.3305,85.79224,512.4531,600
234,141.277,-212.56673,479.90872,600
235,157.74654,-233.35835,443.61194,600
236,230.84119,-153.81642,455.1667,600
237,146.42079,-189.71965,487.57166,600
238,327.14883,-74.69126,513.5759,600
239,450.04544,115.44063,520.84485,600
240,144.67426,-183.94171,480.8286,600
241,263.81235,-90.56111,441.90988,600
242,123.40011,-284.9299,463.1153,600
243,171.85701,-120.4149,541.20386,600
244,144.14746,-171.50604,477.62097,600
245,151.78433,-128.71542,492.50735,600
246,151.36383,-130.70995,492.0275,600
247,463.08218,129.55382,528.1502,600
248,363.10098,26.53739,474.54605,600
249,156.75896,-123.16419,503.95544,600
250,134.84721,-205.95581,459.32275,600
251,394.89474,35.860794,509.47098,600
252,405.9876,52.445297,510.30505,600
253,207.25998,-232.51208,496.46796,600
254,146.1014,-159.27235,482.58554,600
255,444.207,116.811455,511.91183,600
256,139.55733,-308.98492,493.0718,600
257,119.67565,-223.73239,425.15845,600
258,150.78276,-135.92561,379.42807,600
259,145.91489,-144.70299,480.63446,600
260,131.63419,-244.0953,469.8889,600
261,352.04584,-3.3198981,485.41794,600
262,138.49088,-214.98563,472.99423,600
263,157.84987,-128.84074,507.90417,600
264,229.39847,-180.49161,476.7845,600
265,288.78207,-123.4126,504.10944,600
266,253.23875,-128.10632,733.31287,600
267,159.64438,-126.04018,511.9569,600
268,149.15883,-285.53778,479.84555,600
269,443.57462,109.78635,516.1832,600
270,132.10703,-199.99391,449.36212,600
271,171.16339,-285.93625,499.9125,600
272,148.83736,-136.11679,487.4395,600
273,142.0861,-215.70613,483.255,600
274,449.05188,112.70521,521.4825,600
275,158.84589,-123.53597,509.2561,600
276,148.15228,-150.50323,488.2773,600
277,154.4999,-286.67007,485.14777,600
278,372.48257,-1.0439836,511.01938,600
279,221.01869,-139.02249,430.01004,600
280,449.9192,115.62478,520.5728,600
281,139.05086,-288.3857,479.8673,600
282,143.88803,-191.45526,480.43066,600
283,379.76593,5.2987227,515.5219,600
284,145.52129,-160.50876,480.91827,600
285,184.98769,-293.29965,522.7976,600
286,206.44435,-109.22447,387.5762,600
287,118.90414,-244.23483,435.92496,600
288,143.9486,-178.61249,477.69916,600
289,219.99634,-159.38847,446.56354,600
290,131.41196,-180.28273,440.5496,600
291,495.36066,158.52267,550.5423,600
292,141.46393,-295.82,486.40018,600
293,460.38632,126.28242,526.8653,600
294,524.648,185.67337,569.9973,600
295,165.04333,-275.12134,483.45123,600
296,222.8728,-142.16675,435.01556,600
297,404.49124,46.888462,513.0568,600
298,430.17966,88.98713,512.7145,600
299,538.9254,195.65913,582.08405,600
300,516.6161,178.90851,564.24426,600
301,426.77075,86.816536,509.6579,600
302,493.7022,158.56047,548.2789,600
303,269.1727,-136.6016,489.68857,600
304,125.49927,-225.60513,424.29196,600
305,468.92783,136.0991,531.1819,600
306,317.5746,-84.22618,508.90295,600
307,282.66537,-116.06022,489.34317,600
308,146.08708,-151.93758,481.94556,600
309,146.47653,-144.32953,482.4639,600
310,128.8144,-184.29271,431.67874,600
311,426.1018,82.014725,512.1285,600
312,142.81956,-176.94763,473.99023,600
313,142.79726,-200.69284,480.11212,600
314,141.0073,-198.02728,474.0611,600
315,132.1009,-278.4383,457.8547,600
316,128.95183,-245.82478,465.71036,600
317,474.58167,140.14218,535.88574,600
318,413.31412,65.12357,509.25723,600
319,145.1396,-171.33562,480.67896,600
320,148.96536,-336.16245,524.16254,600
321,129.7292,-243.35931,466.5178,600
322,374.23193,-1.1926433,513.5909,600
323,501.8509,165.53368,554.1334,600
324,140.0879,-217.63094,478.1223,600
325,153.01552,-132.77518,497.59918,600
326,191.57918,-224.69487,471.3404,600
327,426.47955,87.36867,508.81918,600
328,145.23318,-173.71593,481.28,600
329,141.38051,-180.9616,470.32602,600
330,253.6631,-200.20372,525.0891,600
331,313.84216,-73.28265,494.29535,600
332,375.1917,15.795962,500.26068,600
333,505.99304,171.24857,555.6518,600
334,521.937,181.93517,569.1007,600
335,160.65932,-245.23978,454.2674,600
336,431.5931,91.24543,512.97577,600
337,143.35844,-200.23691,481.5701,600
338,146.71129,-273.10745,463.68732,600
339,138.68921,-188.63847,405.16,600
340,145.51862,-171.51875,481.94855,600
341,521.3247,186.15547,565.2264,600
342,361.0183,-24.668432,515.9798,600
343,491.52444,156.4783,546.8783,600
344,487.65518,151.11108,545.5602,600
345,142.01575,-210.98535,481.06027,600
346,219.48581,-134.09544,423.62653,600
347,402.2741,41.932957,514.3763,600
348,153.89743,-295.78503,487.59293,600
349,148.0738,-143.94023,487.2548,600
350,136.43123,-234.2706,477.58563,600
351,464.54477,129.06577,530.5344,600
352,124.89284,-143.0738,362.13422,600
353,123.873695,-173.25551,416.533,600
354,186.29668,-202.98259,444.72665,600
355,146.5578,-179.68575,400.38702,600
356,142.51195,-200.33931,479.0523,600
357,123.05838,-206.66945,428.36932,600
358,122.67722,-200.80379,423.40402,600
359,218.24634,-176.75313,459.76575,600
360,521.2027,181.65285,568.32324,600
361,508.6555,171.05626,559.3099,600
362,143.56879,-193.8832,480.35175,600
363,151.6738,-134.63144,494.00455,600
364,448.49124,114.85449,519.20355,600
365,513.90967,174.94872,563.61487,600
366,127.759705,-222.13289,440.95697,600
367,388.77402,26.472794,509.41788,600
368,135.57382,-197.26826,458.23135,600
369,131.89403,-286.19556,492.30063,600
370,152.06241,-131.2604,493.86118,600
371,511.00568,173.22035,560.9714,600
372,283.54962,9.221048,381.27,600
373,439.46295,103.8281,514.81244,600
374,167.20296,-181.78784,421.03244,600
375,199.8753,-86.13065,364.59875,600
376,154.90968,-326.12164,515.958,600
377,144.73904,-170.62094,479.43,600
378,515.0936,175.79448,564.5768,600
379,132.44814,-177.69994,404.96274,600
380,150.04486,-150.0872,494.17316,600
381,239.67627,-41.817295,368.20038,600
382,289.10458,-59.750473,448.85275,600
383,486.95596,151.85835,544.09406,600
384,521.28674,182.17294,568.02985,600
385,116.03441,-237.08002,422.8761,600
386,129.98653,-289.77905,466.5787,600
387,143.43385,-181.57286,476.59988,600
388,427.77258,86.40159,511.25293,600
389,130.44337,-195.31264,401.24924,600
390,430.13156,89.927185,512.10486,600
391,221.31718,-204.74445,488.42987,600
392,144.131,-167.78807,477.23047,600
393,117.9496,-216.76955,419.55045,600
394,366.6062,-4.660931,506.34085,600
395,219.10414,-123.42851,651.18677,600
396,141.57152,-194.76509,474.85004,600
397,171.59778,-232.40611,459.5655,600
398,360.5253,-21.89051,512.8947,600
399,142.90778,-180.94632,474.9732,600
400,540.7139,197.41174,583.2552,600
401,146.84412,-150.99075,484.1946,600
402,512.5564,173.86253,562.5837,600
403,497.7546,161.04465,551.92114,600
404,456.3413,122.989426,523.82745,600
405,316.05783,-85.739975,508.16547,600
406,142.71295,-181.7798,474.5595,600
407,144.42458,-177.44133,479.0733,600
408,318.0634,-88.01912,512.8907,600
409,168.4661,-336.25238,539.6114,600
410,468.74246,136.49902,530.6142,600
411,500.48785,164.0639,553.38116,600
412,113.58449,-196.4266,394.10873,600
413,123.468285,-206.65244,429.3114,600
414,136.30809,-299.34827,485.9018,600
415,143.61519,-178.52386,476.7299,600
416,149.91441,-134.70255,489.9539,600
417,119.93921,-169.63101,399.95166,600
418,138.63387,-292.51068,493.7799,600
419,189.86913,-236.68266,479.922,600
420,409.4245,56.544743,511.3051,600
421,144.93954,-166.04279,479.657,600
422,527.99335,187.30956,573.3083,600
423,126.58648,-204.1087,435.96716,600
424,142.36464,-189.34558,475.37808,600
425,281.69724,-135.0889,504.72495,600
426,132.97299,-190.71873,390.7826,600
427,142.7658,-180.09395,474.23248,600
428,361.6662,36.684525,463.7555,600
429,145.5815,-174.24846,482.3972,600
430,168.37984,-120.51277,531.47,600
431,417.4781,69.89442,510.4801,600
432,148.05255,-145.09558,487.36652,600
433,291.85406,-92.97988,481.63605,600
434,123.376205,-226.22794,436.03223,600
435,527.7784,186.54398,573.5615,600
436,555.3953,211.80951,593.1058,600
437,135.06712,-217.45139,464.9392,600
438,494.37378,159.29573,548.63367,600
439,142.871,-207.71481,482.60507,600
440,513.7776,175.89473,562.7175,600
441,489.07907,154.6694,544.88446,600
442,142.78186,-205.44835,481.62064,600
443,305.08975,-96.47635,502.6183,600
444,131.53638,-192.56316,444.99173,600
445,414.56778,62.589382,513.01715,600
446,132.34819,-276.9078,469.31107,600
447,473.8607,138.6375,536.0303,600
448,295.18158,-98.1741,490.58975,600
449,116.861496,-227.63481,415.61865,600
450,148.74335,-151.75839,490.20465,600
451,188.16904,-203.92479,451.383,600
452,267.55594,-132.2818,483.9429,600
453,535.35657,191.36263,580.302,600
454,202.99535,-177.84525,442.80447,600
455,136.43225,-206.37778,463.89886,600
456,137.75851,-212.43182,469.76212,600
457,171.40968,-245.92793,467.82516,600
458,189.25368,-121.650826,582.0185,600
459,315.8981,-97.40672,518.0416,600
460,133.19865,-213.19955,422.3622,600
461,495.636,158.32854,551.06134,600
462,150.44543,-135.20503,491.1515,600
463,145.12598,-258.82614,463.68494,600
464,121.77561,-253.09753,448.198,600
465,140.01044,-213.95348,476.83063,600
466,159.36589,-123.177284,510.62897,600
467,141.8861,-287.13702,482.0038,600
468,368.80023,-9.000154,513.072,600
469,323.1542,-74.35002,507.9122,600
470,304.06628,-112.25718,514.9237,600
471,283.9867,-124.74759,498.68845,600
472,134.46445,-277.27585,497.9629,600
473,125.02276,-277.1293,468.94366,600
474,337.0843,-32.197235,490.1522,600
475,463.02835,127.854225,529.3598,600
476,454.42053,117.426,525.44147,600
477,518.69946,181.65038,564.91406,600
478,200.58951,-236.22244,491.4095,600
479,143.77684,-186.87245,478.7896,600
480,524.4332,184.08821,570.8189,600
481,402.9819,44.40774,513.0985,600
482,143.88612,-176.47974,477.30072,600
483,410.46463,57.989803,511.4563,600
484,276.88974,-72.13064,443.36826,600
485,234.87485,23.703054,320.6105,600
486,458.48926,125.24422,525.07367,600
487,459.12305,125.62255,525.6974,600
488,365.23273,-16.7124,514.81854,600
489,424.77734,83.82988,509.0279,600
490,144.39517,-194.42401,482.85132,600
491,146.36017,-156.93077,483.23767,600
492,135.70897,-301.81592,503.56757,600
493,212.212,-195.8889,470.00708,600
494,135.08449,-194.39629,455.85135,600
495,512.20264,173.61076,562.29407,600
496,244.76704,33.717262,314.21176,600
497,514.0014,178.41747,561.0454,600
0,547.2477,217.96205,551.9168,650
1,188.12946,-106.7474,493.9822,650
2,461.6879,145.06703,492.61185,650
3,146.45792,-287.53998,480.7711,650
4,171.40099,-168.89642,476.10474,650
5,162.71043,-191.97363,465.63617,650
6,525.43176,202.04669,534.7975,650
7,367.55383,16.192726,474.92767,650
8,519.2686,196.58519,530.7485,650
9,141.88603,-238.44746,443.66876,650
10,509.3355,187.92387,523.94226,650
11,557.6201,225.85054,559.87463,650
12,415.13626,76.36315,486.4954,650
13,157.10669,-211.41588,462.54636,650
14,165.59952,-198.2632,474.85922,650
15,454.33295,135.5515,490.1764,650
16,490.5406,170.48004,511.6882,650
17,224.14035,-203.32187,475.6329,650
18,170.92744,-181.75337,480.18646,650
19,354.8564,-19.561035,488.1934,650
20,497.94824,176.8149,516.81775,650
21,559.8244,227.51251,561.576,650
22,289.99115,-116.70655,484.56818,650
23,170.37134,-171.50621,474.6568,650
24,155.39854,-293.60724,481.08875,650
25,418.53903,78.21147,489.44724,650
26,209.60349,-195.90974,448.83844,650
27,454.0231,136.97418,488.66373,650
28,562.4689,229.41199,563.6786,650
29,529.86487,202.68112,540.1649,650
30,173.02507,-212.06541,458.9973,650
31,302.47302,-72.09275,463.5115,650
32,157.77814,-188.20238,433.86356,650
33,182.42009,-107.305244,480.68945,650
34,171.14505,-181.88942,480.7202,650
35,173.56317,-148.08194,473.32593,650
36,261.54752,-75.690315,638.43195,650
37,429.22754,103.34223,481.8074,650
38,177.31401,-149.39566,482.98892,650
39,512.71405,191.33807,525.8312,650
40,464.69785,142.11996,499.0184,650
41,272.40588,-83.43038,432.88956,650
42,171.9447,-167.23119,476.7808,650
43,174.23042,-153.44878,476.94565,650
44,314.9852,-81.42099,487.5542,650
45,166.05156,-187.57013,471.42633,650
46,551.245,221.24251,554.8197,650
47,331.17743,-36.051186,470.9084,650
48,210.58173,-81.78163,532.66327,650
49,138.38188,-271.88965,456.09286,650
50,199.30098,-129.87242,431.90137,650
51,562.3235,229.35329,563.531,650
52,466.87738,140.55739,503.22775,650
53,145.9988,-271.17606,472.8006,650
54,404.82474,67.123604,480.39563,650
55,162.4057,-254.15979,451.58124,650
56,468.91925,149.52287,498.85632,650
57,494.3782,170.3924,516.8156,650
58,169.90002,-196.08684,484.01602,650
59,537.1465,210.9887,543.6713,650
60,560.41595,227.4381,562.3922,650
61,544.5928,216.22862,549.6818,650
62,530.6247,205.18411,539.3189,650
63,201.37318,-89.97627,516.8271,650
64,204.40472,-229.84517,471.02524,650
65,307.49332,-93.00295,487.6086,650
66,157.81023,-262.50555,468.47244,650
67,562.3993,229.39189,563.6021,650
68,503.08148,180.5788,520.91724,650
69,150.8527,-237.65193,463.95547,650
70,179.26498,-130.28752,480.9903,650
71,276.3493,-82.27211,438.7962,650
72,465.01077,143.50214,498.30783,650
73,173.19711,-182.99063,486.1823,650
74,383.38116,30.511246,483.2304,650
75,177.49673,-119.03618,472.7886,650
76,161.36609,-263.8276,460.15598,650
77,439.6716,114.560844,486.49667,650
78,550.1129,220.28168,554.02545,650
79,236.66867,-178.04958,469.05292,650
80,158.7057,-205.9779,462.93604,650
81,369.49423,4.7106614,486.99902,650
82,196.0565,-96.94951,507.5611,650
83,374.374,13.460905,486.08286,650
84,152.60739,-228.94577,463.1972,650
85,523.30945,199.47438,533.8683,650
86,279.08905,-110.59453,466.08466,650
87,154.9742,-220.88637,463.388,650
88,266.3374,-87.05084,430.98984,650
89,176.35994,-139.54218,477.00586,650
90,530.7957,205.63417,539.2296,650
91,171.2622,-171.9511,476.9153,650
92,163.13089,-266.6178,465.36176,650
93,184.88963,-110.39241,487.25476,650
94,157.58252,-260.94193,473.4907,650
95,147.25876,-256.24063,466.67905,650
96,133.59174,-257.0394,435.3138,650
97,186.83395,-110.336945,492.10635,650
98,173.20752,-151.74106,473.76172,650
99,540.54126,212.9902,546.6834,650
100,475.0542,152.52423,504.78592,650
101,521.9917,199.30104,532.2787,650
102,145.04668,-173.75331,405.84308,650
103,290.29013,-85.17146,458.36676,650
104,522.0081,198.89717,532.59,650
105,448.34485,133.9521,483.43686,650
106,151.09212,-213.49942,449.9024,650
107,169.44365,-173.21716,473.0847,650
108,212.65599,-244.42934,496.384,650
109,520.5768,196.65158,532.3399,650
110,171.75717,-168.37773,476.69415,650
111,170.09149,-173.15135,474.66092,650
112,165.28583,-285.9391,475.78677,650
113,280.02054,-110.17402,467.1268,650
114,535.61194,207.6345,544.0957,650
115,407.05984,70.1766,480.832,650
116,438.51218,114.99742,484.72342,650
117,341.51074,-26.865307,476.53625,650
118,144.02837,-312.26495,489.04175,650
119,467.6141,148.44655,498.01736,650
120,552.4934,222.2143,555.76385,650
121,286.9326,-77.96011,449.62213,650
122,445.14233,112.00793,496.0337,650
123,149.30946,-227.8942,454.8291,650
124,178.90683,-278.1449,481.49835,650
125,173.8417,-135.56,469.6555,650
126,171.38097,-184.55016,482.38663,650
127,488.20703,165.2987,512.5346,650
128,148.64803,-217.00655,446.9024,650
129,271.4282,-103.86979,450.5258,650
130,168.62604,-188.84929,477.7478,650
131,557.0687,225.33968,559.5172,650
132,445.2225,124.1731,486.80972,650
133,188.29144,-125.55281,500.03848,650
134,173.51942,-151.82277,474.71402,650
135,178.3131,-132.24484,479.4252,650
136,182.71875,-267.908,478.49026,650
137,180.46104,-129.27472,483.54755,650
138,292.0036,-9.643271,398.57233,650
139,291.37134,-127.76542,495.80063,650
140,500.25613,176.80637,519.8808,650
141,158.60289,-266.19492,464.33105,650
142,174.93929,-139.23222,473.321,650
143,150.90015,-296.20016,496.70862,650
144,558.4379,226.42914,560.5349,650
145,537.0777,209.91814,544.33795,650
146,173.63771,-169.37682,481.61612,650
147,153.0779,-330.01483,498.21603,650
148,482.26883,157.4997,510.55954,650
149,160.2045,-247.10065,489.64792,650
150,307.03903,-34.319786,437.5124,650
151,152.75699,-242.16211,469.24356,650
152,143.44844,-325.61542,494.3666,650
153,174.86063,-263.13617,466.70245,650
154,266.9414,-135.46695,472.04254,650
155,252.25851,-129.19884,447.3049,650
156,169.76125,-182.35439,477.59207,650
157,149.86086,-296.74515,472.29462,650
158,563.4362,230.12758,564.4317,650
159,163.24556,-194.14995,467.6566,650
160,234.54962,-161.15384,452.3121,650
161,380.96744,23.140282,486.40265,650
162,371.05182,10.874508,484.35925,650
163,280.36682,-86.888794,446.65024,650
164,181.00278,-122.7562,482.82748,650
165,171.75455,-158.62639,472.94144,650
166,183.91528,-117.29657,487.69266,650
167,257.05008,-114.88806,441.67844,650
168,232.80801,-161.28004,454.6783,650
169,472.4291,151.3447,502.09586,650
170,246.59105,-160.18338,467.94208,650
171,529.0299,202.75111,539.0084,650
172,145.13301,-309.41962,479.1417,650
173,175.52724,-173.76036,488.10345,650
174,172.49754,-181.41524,483.8181,650
175,171.07907,-159.57431,471.72195,650
176,172.13531,-155.16513,472.6027,650
177,532.7898,206.79602,540.995,650
178,170.91046,-171.3151,475.85516,650
179,205.92639,-263.63748,504.1352,650
180,186.8537,-105.21451,489.6137,650
181,339.53906,-24.579206,472.32397,650
182,149.81924,-318.05008,492.03012,650
183,168.52332,-198.5884,425.68332,650
184,463.0224,147.47742,492.56342,650
185,172.8364,-165.85573,478.2864,650
186,478.22348,156.1745,506.2647,650
187,160.50914,-198.47708,463.38943,650
188,169.02795,-184.39758,476.68457,650
189,315.78174,-67.03419,476.5433,650
190,154.16978,-268.3246,471.02164,650
191,157.93077,-287.7351,467.95398,650
192,145.58955,-263.41147,466.72653,650
193,309.3666,-27.95903,435.27557,650
194,159.05681,-198.06984,460.01544,650
195,469.85913,142.76717,505.51105,650
196,319.49075,-68.766624,483.09744,650
197,179.63728,-128.65486,481.53583,650
198,147.95074,-209.38513,440.7153,650
199,142.42726,-229.9374,439.3842,650
200,227.97421,-187.03221,467.12134,650
201,148.36447,-226.57411,451.15973,650
202,258.5816,-46.548885,394.09232,650
203,180.34688,-122.83532,481.52972,650
204,198.4573,-220.0392,456.6947,650
205,183.5669,-130.35785,491.27335,650
206,140.58765,-315.34152,481.37976,650
207,492.42953,173.73601,511.7833,650
208,503.08063,180.11815,521.2318,650
209,379.88715,32.655754,476.68607,650
210,321.4866,-59.605404,478.09848,650
211,160.1999,-200.27168,463.62833,650
212,231.0996,-179.79181,463.99603,650
213,478.7515,158.04225,505.51746,650
214,442.1763,107.632675,495.74442,650
215,180.15392,-129.81941,483.16913,650
216,551.64935,221.19612,555.37946,650
217,230.64929,-211.3526,491.19104,650
218,144.4886,-224.8511,437.91174,650
219,152.69589,-238.04709,468.29327,650
220,198.68423,-269.5973,499.52008,650
221,166.3578,-203.14552,478.92917,650
222,174.4017,-162.4038,480.7664,650
223,142.31194,-251.11581,452.29315,650
224,146.6401,-259.0744,466.17477,650
225,154.29385,-311.07022,490.49277,650
226,175.17702,-152.53539,478.9238,650
227,293.71744,-65.82594,446.61356,650
228,156.24867,-221.74693,465.7451,650
229,174.53296,-134.68863,470.99152,650
230,174.87517,-270.28055,473.87402,650
231,227.24294,-168.35262,447.93085,650
232,544.0481,215.49779,549.4836,650
233,462.97372,142.9127,496.05466,650
234,151.76442,-247.59903,458.08548,650
235,139.07962,-227.06575,430.81345,650
236,209.6459,-206.5268,459.554,650
237,175.19968,-177.04497,488.40125,650
238,424.12726,94.874565,482.4672,650
239,242.02249,-166.60538,465.16693,650
240,178.20448,-135.65623,480.17853,650
241,230.954,-158.95692,446.545,650
242,147.21799,-325.1786,489.29996,650
243,173.87242,-137.49126,470.2411,650
244,171.91908,-171.19176,478.2601,650
245,187.95297,-99.93934,490.9858,650
246,176.35233,-134.51813,475.3997,650
247,333.33124,-45.85188,481.8105,650
248,239.36905,-77.98674,391.54666,650
249,186.44278,-100.84012,487.77655,650
250,150.61934,-211.43669,448.09366,650
251,240.08003,-216.73479,506.4414,650
252,165.20374,-243.89651,456.20157,650
253,165.75294,-275.98117,469.52026,650
254,172.62527,-156.98659,474.32477,650
255,347.16888,-2.6521153,463.089,650
256,153.49162,-276.58994,491.78574,650
257,147.3801,-213.20888,439.8161,650
258,377.244,27.179518,478.7184,650
259,174.6454,-127.730125,469.05234,650
260,149.12485,-262.6438,473.09323,650
261,142.30048,-255.61888,454.12692,650
262,171.35608,-183.45425,481.82422,650
263,189.80827,-139.13243,473.25168,650
264,201.6329,-222.83546,463.6685,650
265,143.51552,-304.3453,483.37692,650
266,249.50102,-76.61411,614.33813,650
267,212.9173,-81.89333,536.50256,650
268,145.47627,-297.90326,480.47278,650
269,512.9992,189.81967,527.3356,650
270,167.04533,-195.9446,477.55084,650
271,140.87549,-308.22647,479.04282,650
272,160.8499,-222.10919,440.9911,650
273,170.23788,-189.08038,481.56296,650
274,321.88083,-45.38144,466.1252,650
275,187.19467,-104.65006,490.9491,650
276,180.10722,-121.767555,480.37112,650
277,147.17468,-255.50484,466.3442,650
278,432.5373,109.94904,480.5846,650
279,165.8711,-195.50641,474.6052,650
280,262.93878,-120.56593,453.44653,650
281,142.92046,-274.60864,467.03818,650
282,173.89851,-154.48483,476.5211,650
283,241.26016,-172.54004,469.87122,650
284,172.74577,-166.05313,478.18634,650
285,367.4428,8.754526,480.52707,650
286,159.21815,-217.5948,454.36688,650
287,146.29523,-307.15332,490.67276,650
288,175.3137,-138.91043,474.22382,650
289,363.89917,-3.5528126,486.9603,650
290,182.55385,-122.10773,486.39752,650
291,447.75635,127.62059,487.4963,650
292,149.17467,-238.59729,460.916,650
293,483.8144,162.90672,508.49323,650
294,543.5489,215.33365,548.95404,650
295,143.19301,-309.66336,474.41553,650
296,141.16234,-284.24155,451.27835,650
297,270.98972,-119.427536,463.0002,650
298,405.7664,62.454636,485.83875,650
299,555.3418,224.18323,558.0873,650
300,541.35535,213.9321,547.08215,650
301,413.8621,80.03922,481.5235,650
302,446.44687,126.21903,486.86923,650
303,313.3057,-77.99124,482.85388,650
304,152.0119,-203.15257,446.7993,650
305,439.5182,119.10417,482.9633,650
306,270.5401,-126.55636,467.9745,650
307,421.4695,96.57313,477.37683,650
308,171.93384,-164.46106,475.59012,650
309,174.99376,-136.29233,472.6914,650
310,151.82837,-211.83055,450.72873,650
311,335.74017,-56.725933,494.48267,650
312,170.15746,-169.58147,473.29688,650
313,170.53853,-166.37227,472.941,650
314,171.2706,-156.97102,471.0954,650
315,142.7817,-279.57983,464.91898,650
316,144.53897,-286.26468,476.74765,650
317,359.9441,-14.800583,490.90082,650
318,315.29007,-44.64738,458.16098,650
319,174.48778,-154.49226,478.0092,650
320,152.5264,-345.30374,520.2682,650
321,147.326,-291.42722,485.45258,650
322,428.71866,103.26705,481.22397,650
323,433.93314,101.76817,489.6294,650
324,179.87039,-125.39153,480.21765,650
325,197.68013,-93.6086,509.9216,650
326,157.00673,-272.15945,497.59592,650
327,475.46988,159.37425,500.07983,650
328,173.21605,-184.03221,486.76413,650
329,177.04353,-135.42178,477.5361,650
330,346.71585,-28.485062,484.68402,650
331,421.676,87.02325,486.03824,650
332,366.89587,20.762291,470.35284,650
333,461.70038,139.9967,496.54453,650
334,559.3136,227.19856,561.13446,650
335,189.24158,-241.47064,467.31146,650
336,353.0126,-19.766489,485.67203,650
337,169.92233,-188.35222,480.54736,650
338,144.7729,-294.1846,477.44455,650
339,174.09236,-171.15257,483.58994,650
340,172.35434,-169.50616,478.48322,650
341,478.56064,156.89409,506.19894,650
342,436.23746,121.63113,476.743,650
343,499.93005,176.83125,519.4078,650
344,419.20383,84.61059,484.73138,650
345,153.88708,-275.19287,492.47546,650
346,171.35684,-169.90213,476.36862,650
347,204.8465,-202.62587,452.51605,650
348,260.43936,-151.01306,476.51935,650
349,183.4217,-111.9726,484.9944,650
350,169.63756,-200.63759,485.35507,650
351,259.91498,-85.13332,420.87952,650
352,172.64491,-194.3886,489.78677,650
353,172.31108,-177.95097,482.09763,650
354,147.80226,-292.03726,480.90247,650
355,149.83325,-210.87865,444.904,650
356,153.53134,-261.62473,484.11026,650
357,166.77834,-197.41437,477.39984,650
358,166.18524,-187.76784,471.67282,650
359,280.7109,-61.628445,425.98468,650
360,544.4967,215.33607,550.1737,650
361,459.29587,144.20374,490.1397,650
362,149.83641,-234.54454,454.7071,650
363,179.76675,-123.44861,479.9651,650
364,438.30447,108.17767,489.95267,650
365,499.7185,176.67216,519.2289,650
366,170.10478,-185.70987,479.83942,650
367,436.61536,109.022285,486.93008,650
368,174.35826,-209.6229,433.86844,650
369,152.30363,-258.94183,479.47815,650
370,172.99829,-145.24875,470.7139,650
371,501.16605,180.70303,518.30646,650
372,178.99495,-150.1789,487.2263,650
373,371.59488,12.1268215,483.15744,650
374,169.13898,-192.77,480.8838,650
375,174.41016,-141.61906,473.012,650
376,498.6698,178.53862,516.5835,650
377,178.5322,-126.59894,478.2196,650
378,529.7416,204.60555,538.591,650
379,177.43285,-136.26295,478.41193,650
380,212.7394,-83.320114,536.99286,650
381,216.99667,-180.34818,456.44928,650
382,158.4984,-262.40887,454.09384,650
383,510.45175,186.26701,526.5437,650
384,537.85547,211.16692,544.4607,650
385,151.38202,-273.56155,456.49448,650
386,320.30353,-55.432663,472.8307,650
387,178.89438,-124.76962,478.53015,650
388,466.9177,150.6393,495.37296,650
389,163.51088,-230.75156,457.09058,650
390,265.42096,-80.59528,423.888,650
391,335.90747,-41.633488,481.7505,650
392,175.72562,-128.89842,472.0217,650
393,167.93112,-196.20616,479.6101,650
394,386.07083,31.89334,486.0897,650
395,207.36414,-99.022255,527.6901,650
396,168.20877,-191.99464,478.47086,650
397,154.79124,-213.93637,434.7507,650
398,425.95224,100.846176,479.55417,650
399,186.35988,-113.45679,492.66272,650
400,556.76166,224.68504,559.5806,650
401,172.49326,-155.33234,473.4101,650
402,496.53677,176.61984,515.1384,650
403,407.3072,55.79464,493.6575,650
404,457.27438,136.98235,493.00787,650
405,268.061,-102.6649,443.77997,650
406,174.23102,-181.46185,487.96402,650
407,197.16197,-218.47568,453.43387,650
408,206.64714,-236.72198,481.38986,650
409,407.038,68.342186,482.31235,650
410,527.7355,203.85074,536.5063,650
411,508.1511,184.97969,524.4505,650
412,150.67345,-196.2151,439.731,650
413,158.91655,-200.22237,460.66257,650
414,140.52115,-287.59036,467.9888,650
415,169.80988,-181.65334,474.1176,650
416,187.06664,-105.33126,490.99777,650
417,176.36314,-147.7543,480.11328,650
418,139.55537,-275.59952,453.98892,650
419,170.31206,-189.75899,482.07687,650
420,330.8482,-52.657192,484.34787,650
421,174.00267,-173.96793,484.47525,650
422,538.1846,210.75136,545.2025,650
423,171.61713,-178.17279,480.39325,650
424,170.45583,-180.7237,478.6544,650
425,333.35855,-36.7858,474.02792,650
426,146.64757,-194.50928,430.13422,650
427,172.97176,-150.06804,472.6327,650
428,177.31645,-175.24168,492.76453,650
429,175.67912,-154.65494,480.9511,650
430,192.33818,-95.347626,498.26416,650
431,451.75476,136.08925,486.29785,650
432,184.45992,-110.71122,486.75507,650
433,140.34045,-248.85574,432.8594,650
434,148.09428,-233.36552,451.39987,650
435,545.8121,216.95953,550.75385,650
436,562.77386,229.11482,564.2812,650
437,152.75085,-254.11754,477.62305,650
438,486.62256,168.24399,508.15024,650
439,171.81253,-153.21677,470.9771,650
440,514.9962,193.74617,527.0884,650
441,526.256,202.15225,535.8052,650
442,174.98746,-141.59819,474.29343,650
443,149.09428,-292.54205,488.76215,650
444,175.68713,-138.94112,475.3041,650
445,463.88098,144.7667,495.8924,650
446,137.38039,-273.39713,453.06036,650
447,369.00665,13.169699,479.1395,650
448,285.3518,-104.95749,468.61557,650
449,138.30502,-246.84576,438.30072,650
450,178.7215,-194.07124,463.08737,650
451,143.97845,-262.41174,445.14212,650
452,402.8553,70.59865,474.99893,650
453,561.5687,228.81717,562.9273,650
454,164.51195,-265.723,465.56784,650
455,139.10545,-192.24318,410.7175,650
456,150.41522,-230.43134,458.4144,650
457,139.73965,-261.05334,451.16248,650
458,203.51207,-97.32803,522.0633,650
459,203.25363,-306.1856,535.79266,650
460,152.00131,-223.22928,455.80942,650
461,528.62836,202.08585,538.9502,650
462,153.54524,-226.75456,429.77576,650
463,168.99129,-218.37383,492.57178,650
464,145.15176,-285.15375,473.48682,650
465,175.33006,-143.07114,475.6917,650
466,179.21516,-125.77129,479.5839,650
467,143.90535,-261.98923,462.33206,650
468,445.5924,120.22399,490.1561,650
469,356.46988,-7.6347523,479.97675,650
470,142.61392,-321.0676,481.38892,650
471,320.25092,-53.66019,471.09445,650
472,157.87712,-299.94498,515.80865,650
473,145.5158,-325.3511,491.66354,650
474,321.58914,-22.385166,446.76306,650
475,282.69836,-81.77355,446.61768,650
476,436.81897,98.02675,497.60846,650
477,559.28845,227.16876,561.12445,650
478,149.03459,-279.411,482.1713,650
479,168.82832,-216.9146,491.49997,650
480,529.7253,203.91899,539.07654,650
481,410.71115,65.57641,489.80133,650
482,172.38379,-167.22261,477.8321,650
483,413.3053,68.19407,491.04144,650
484,161.41685,-189.51367,461.44437,650
485,284.566,2.29654,397.01044,650
486,430.4228,104.933075,482.06696,650
487,438.719,108.00202,490.65027,650
488,413.45215,82.6888,478.61047,650
489,487.58755,167.86584,509.73764,650
490,179.84828,-124.45441,480.63287,650
491,174.07527,-163.35529,480.41742,650
492,488.89978,169.4219,510.31378,650
493,287.27057,-48.495323,422.97464,650
494,181.0526,-120.42918,482.30765,650
495,554.07275,222.90474,557.3295,650
496,172.555,-180.48433,477.16403,650
497,500.2366,176.75044,519.85846,650
0,479.50607,157.26382,548.7665,700
1,154.10242,-151.63162,510.54636,700
2,409.19446,89.283264,503.38196,700
3,112.059326,-380.6867,512.2556,700
4,140.85567,-175.55035,490.5875,700
5,118.7025,-232.57855,447.16342,700
6,438.29556,120.37515,519.4938,700
7,224.46158,-189.40344,492.06937,700
8,436.57156,115.399796,521.39276,700
9,118.62635,-309.17285,477.30392,700
10,450.55612,129.92615,529.375,700
11,501.29703,176.26218,564.6324,700
12,402.59317,74.972176,507.31995,700
13,118.53985,-283.39713,498.5172,700
14,133.76671,-221.65671,496.46396,700
15,418.36212,100.90703,506.8759,700
16,457.74747,138.18568,533.0553,700
17,357.16168,5.09829,505.50183,700
18,116.68176,-235.17462,448.08826,700
19,213.48381,-249.32695,529.6484,700
20,450.90964,130.23703,529.6123,700
21,513.39075,186.67076,573.0008,700
22,291.4542,-113.34736,517.5638,700
23,140.13005,-183.74336,492.89877,700
24,134.56955,-278.064,474.75394,700
25,368.00287,21.16203,506.62814,700
26,297.87305,-102.40735,517.08484,700
27,376.00113,32.14206,507.7754,700
28,522.6192,193.86215,579.8415,700
29,489.84552,165.72716,556.95557,700
30,137.78648,-291.17697,490.81293,700
31,142.25508,-345.66403,519.6898,700
32,211.99658,-116.88544,426.76398,700
33,158.35353,-127.96389,522.15955,700
34,117.16236,-257.2545,476.1053,700
35,138.67424,-203.12683,499.25928,700
36,172.74983,-121.03654,556.44147,700
37,199.21515,-286.84946,542.6872,700
38,145.0131,-190.35246,507.0353,700
39,468.76236,147.86478,540.93,700
40,382.57022,44.210323,506.69727,700
41,117.252335,-395.97223,529.7675,700
42,106.16015,-344.85483,505.19458,700
43,111.7511,-392.23645,537.6945,700
44,310.79913,-67.50906,504.05713,700
45,210.8087,-149.76892,440.82562,700
46,508.39413,182.2493,569.8033,700
47,330.5492,-38.061947,506.37766,700
48,176.45206,-119.83006,566.45935,700
49,100.75811,-388.7742,525.1984,700
50,196.08182,-141.67659,449.87778,700
51,519.4619,191.47043,577.39307,700
52,417.102,94.49232,510.95444,700
53,100.77314,-379.80908,505.4661,700
54,374.89767,36.512268,502.102,700
55,196.69527,-225.36707,486.27307,700
56,440.2888,121.092445,521.8797,700
57,407.49863,81.88725,507.87943,700
58,146.76556,-293.03772,480.21713,700
59,493.13385,168.85463,558.93427,700
60,519.9971,191.65343,578.02905,700
61,504.03857,178.8963,566.3963,700
62,453.29324,132.73988,531.04065,700
63,161.78636,-126.99285,530.13007,700
64,106.94696,-444.2379,557.44635,700
65,259.97437,-163.39539,517.60034,700
66,113.48209,-333.53683,495.43805,700
67,519.9599,191.83061,577.7923,700
68,460.52914,139.94176,535.6533,700
69,100.10767,-384.21304,508.88416,700
70,144.70686,-176.55917,501.73657,700
71,319.9916,-55.259445,507.6688,700
72,415.7796,97.682655,505.9718,700
73,141.87111,-176.7329,494.06873,700
74,343.89383,-18.509232,507.73364,700
75,145.61499,-159.91275,496.26987,700
76,164.20483,-267.4818,482.08997,700
77,291.28183,-110.42255,515.3268,700
78,504.19617,178.72893,566.82227,700
79,245.95045,-193.36136,524.5994,700
80,115.93194,-273.6279,484.9466,700
81,355.6997,-4.9988523,512.5495,700
82,159.91934,-135.33076,521.7561,700
83,349.90366,-8.4345045,507.34747,700
84,100.94057,-354.31366,498.77155,700
85,489.5883,165.81291,556.2668,700
86,264.42886,-151.37125,513.6307,700
87,111.741455,-329.0076,492.09988,700
88,126.47661,-310.72592,498.70602,700
89,145.85995,-154.91864,493.82556,700
90,480.15012,157.79471,549.2547,700
91,127.26919,-241.98116,491.32657,700
92,103.53241,-334.6926,493.89725,700
93,150.2117,-149.03381,504.68384,700
94,116.48511,-336.8474,530.54974,700
95,106.37325,-388.3887,522.45325,700
96,107.11186,-388.5435,516.8548,700
97,167.10654,-126.94858,543.3849,700
98,140.61394,-197.01875,501.32782,700
99,479.54944,156.80173,549.2823,700
100,401.97406,72.27667,508.96564,700
101,474.3134,152.11084,545.4232,700
102,132.99464,-257.0387,456.77774,700
103,255.71712,-170.2658,517.9757,700
104,499.80032,174.71259,563.7261,700
105,380.9729,40.54842,507.15543,700
106,123.35661,-362.7558,514.34485,700
107,118.48192,-306.74933,514.3561,700
108,217.37451,-246.03816,531.6919,700
109,478.05914,154.65375,548.8617,700
110,141.15524,-181.63582,494.7417,700
111,132.58139,-205.54027,482.90158,700
112,172.14072,-273.1528,495.01904,700
113,233.60603,-184.60555,499.93216,700
114,497.28864,172.61832,561.90137,700
115,416.25772,97.208725,506.7719,700
116,317.09323,-62.11311,508.89713,700
117,309.06564,-75.33382,508.92136,700
118,107.491905,-368.92203,498.3018,700
119,449.1029,129.33171,527.95337,700
120,508.01074,182.27837,569.2319,700
121,282.73602,-86.65348,483.22006,700
122,334.05078,-39.444065,513.38025,700
123,110.263535,-311.47446,484.26678,700
124,112.060394,-423.43082,545.96216,700
125,150.87987,-138.67453,502.5061,700
126,147.6309,-168.38364,502.31693,700
127,425.898,103.690994,515.78094,700
128,120.2781,-233.3015,467.44022,700
129,195.36504,-241.88951,498.71362,700
130,135.04263,-214.3833,495.74936,700
131,514.117,187.21207,573.5904,700
132,222.44598,-219.57768,515.4742,700
133,181.97089,-120.829506,570.3923,700
134,144.98228,-172.47769,499.22726,700
135,141.94786,-198.73668,503.6408,700
136,281.51596,-130.0923,518.56805,700
137,147.05276,-154.89513,498.2294,700
138,222.70477,-106.93706,424.6096,700
139,250.1741,-179.81503,518.1555,700
140,457.7248,136.94724,534.25726,700
141,275.84415,-119.816475,502.24002,700
142,145.23659,-161.469,495.92377,700
143,116.678635,-304.32675,508.80148,700
144,516.00385,188.74841,574.90784,700
145,486.43118,162.75032,554.25244,700
146,135.4395,-226.38785,503.85175,700
147,109.12609,-409.97906,530.9914,700
148,496.10208,169.69633,562.77106,700
149,106.07165,-379.27747,532.62244,700
150,344.48138,-19.683372,509.8323,700
151,249.60297,-173.3907,512.35034,700
152,110.35114,-353.34012,527.0149,700
153,121.08552,-342.7858,489.6665,700
154,148.59795,-329.11328,515.08954,700
155,229.02216,-166.98126,478.41022,700
156,127.33893,-239.47122,489.99597,700
157,145.45099,-301.43784,485.2704,700
158,522.79913,193.99197,579.98145,700
159,112.500984,-250.83067,455.10526,700
160,222.9799,-168.99422,471.55673,700
161,314.57483,-68.400085,510.7203,700
162,331.42496,-35.213516,505.7276,700
163,237.36407,-188.64948,508.3779,700
164,141.86024,-191.23004,501.664,700
165,139.47758,-194.0744,496.5467,700
166,149.94072,-153.24818,505.28775,700
167,156.45654,-331.83795,527.21106,700
168,122.74152,-285.26065,482.59955,700
169,432.25568,113.20313,516.75836,700
170,135.51941,-308.25723,485.7622,700
171,473.8555,151.65288,545.3111,700
172,102.538185,-389.3982,511.89902,700
173,130.56451,-200.57039,453.50943,700
174,130.90707,-226.45833,491.64282,700
175,141.47258,-176.63503,492.717,700
176,139.3737,-179.35449,488.45242,700
177,466.08163,145.29411,539.2045,700
178,135.30568,-212.82938,495.58057,700
179,174.62529,-306.69208,527.7324,700
180,142.08153,-194.11075,503.92242,700
181,324.32462,-48.572124,507.0977,700
182,163.93172,-308.42053,514.7434,700
183,120.91984,-277.8078,463.19476,700
184,397.28375,71.42739,502.52463,700
185,138.4446,-216.47386,506.2454,700
186,452.50714,130.793,531.6146,700
187,111.810776,-245.781,453.24652,700
188,106.940865,-325.1034,495.26123,700
189,244.68144,-194.43234,523.7613,700
190,140.54832,-319.76715,497.4345,700
191,229.30397,-188.02585,497.55884,700
192,101.51682,-370.63147,510.18967,700
193,229.71626,-162.58582,475.79956,700
194,113.34829,-254.28479,465.14908,700
195,453.8859,132.16925,532.8252,700
196,314.01715,-64.51956,506.30075,700
197,157.6683,-144.3929,517.62415,700
198,139.27527,-212.7813,506.2675,700
199,106.36354,-361.12634,514.16754,700
200,106.80368,-369.03293,512.8511,700
201,112.46664,-277.67596,467.21707,700
202,222.91145,-135.09813,443.7637,700
203,146.71988,-166.19986,499.54535,700
204,228.40599,-208.45288,513.69714,700
205,158.9163,-135.06467,523.1467,700
206,96.81882,-404.25284,520.7593,700
207,482.33322,159.01628,551.4198,700
208,444.52386,124.64053,525.24854,700
209,230.53857,-210.49658,518.0246,700
210,303.4085,-88.55115,513.5939,700
211,107.468636,-269.97385,461.21695,700
212,123.255325,-372.04425,518.78357,700
213,471.40207,149.69708,543.33075,700
214,424.25168,102.317696,514.7463,700
215,175.87566,-121.58318,561.5974,700
216,487.88583,164.78369,554.82227,700
217,203.43413,-254.04103,520.13184,700
218,141.28822,-281.8393,483.8606,700
219,100.70178,-391.25397,523.6603,700
220,231.13586,-219.04977,526.28,700
221,114.29216,-268.64664,477.404,700
222,151.8531,-143.32524,507.86496,700
223,100.536964,-370.67972,506.92117,700
224,141.17143,-310.973,489.42792,700
225,114.43085,-386.6104,519.5278,700
226,127.81212,-262.9398,507.0144,700
227,286.37708,-120.68156,517.28424,700
228,101.834724,-401.55972,529.17773,700
229,133.87318,-221.92323,496.91364,700
230,152.98851,-336.5172,525.3728,700
231,285.0319,-116.39455,511.678,700
232,496.78003,172.34477,561.3798,700
233,364.09238,14.852054,506.27545,700
234,109.72663,-365.286,519.52985,700
235,110.69235,-294.3101,475.04678,700
236,136.571,-360.3179,523.16,700
237,128.301,-247.01851,497.36658,700
238,395.71045,62.637405,508.61053,700
239,234.2962,-205.07587,518.405,700
240,132.27063,-231.66483,498.3482,700
241,127.94629,-349.17072,509.557,700
242,102.870865,-407.77347,524.2535,700
243,140.04488,-181.92216,491.8945,700
244,142.827,-187.8657,501.39743,700
245,158.75606,-129.94218,521.5179,700
246,146.74565,-152.12369,495.31625,700
247,350.27368,-7.3069444,506.6693,700
248,287.8187,-104.74573,505.93292,700
249,150.48679,-142.206,503.25464,700
250,121.64566,-239.32405,475.0035,700
251,183.75429,-296.9095,531.10144,700
252,309.97083,-73.1588,509.67316,700
253,106.34653,-398.78015,528.4767,700
254,129.16896,-248.29404,500.24707,700
255,313.2186,-73.172165,512.6501,700
256,105.56084,-346.5671,509.21875,700
257,135.36102,-293.09845,480.9167,700
258,278.23254,-115.4119,501.65503,700
259,142.42485,-165.83708,490.04663,700
260,122.01184,-370.61832,517.6885,700
261,125.58872,-352.6021,505.81918,700
262,138.60268,-205.63594,500.48773,700
263,154.98781,-163.99268,495.3952,700
264,191.243,-251.88757,501.58023,700
265,108.96509,-410.1022,532.94214,700
266,191.42326,-111.541466,602.5061,700
267,188.7059,-115.40691,592.3428,700
268,104.78979,-392.51846,523.4144,700
269,453.0685,133.16226,530.46295,700
270,131.72032,-215.10742,486.62378,700
271,101.054054,-401.21115,526.5961,700
272,113.471504,-249.74516,461.06213,700
273,119.01363,-295.9565,508.33862,700
274,317.28146,-69.99823,515.99255,700
275,147.58917,-152.51678,498.34314,700
276,142.5406,-172.40776,493.71716,700
277,102.646126,-404.75946,530.9093,700
278,354.998,4.3367424,502.6112,700
279,231.58928,-156.62633,473.68472,700
280,194.89491,-227.84172,486.6714,700
281,147.19746,-354.08228,533.08655,700
282,131.07028,-233.26744,496.1576,700
283,287.0095,-122.27696,519.9221,700
284,127.18486,-262.16608,504.48816,700
285,187.36537,-303.28265,541.41455,700
286,129.08525,-252.32535,465.1077,700
287,101.991425,-409.59494,526.9239,700
288,146.82889,-162.39778,499.50165,700
289,297.8373,-90.19879,506.84335,700
290,144.09842,-191.87025,501.51505,700
291,444.4343,124.02515,525.4554,700
292,101.34204,-354.0409,500.6683,700
293,424.37888,104.25534,512.85913,700
294,500.62415,175.96487,563.9246,700
295,100.51341,-398.935,516.73193,700
296,100.45557,-381.66827,505.61343,700
297,226.72595,-226.65482,527.735,700
298,353.47958,-5.3793297,509.70782,700
299,515.3593,188.07268,574.6099,700
300,487.85895,164.49852,554.8758,700
301,274.20282,-141.51001,518.3122,700
302,414.42032,94.41504,506.47723,700
303,235.26103,-198.59668,514.4277,700
304,106.3352,-367.0292,508.70563,700
305,422.75717,103.12175,511.36606,700
306,235.78065,-195.932,512.59705,700
307,271.22595,-143.45274,515.925,700
308,136.9973,-201.11414,493.57538,700
309,142.12733,-162.01071,487.08707,700
310,128.90616,-248.45615,499.62796,700
311,297.8276,-94.83036,511.01355,700
312,124.76696,-227.58008,475.60968,700
313,133.81425,-228.35706,500.50677,700
314,141.84084,-189.34189,500.6445,700
315,103.861435,-374.5704,501.52197,700
316,103.245224,-347.52344,503.75977,700
317,370.45404,23.546478,507.9923,700
318,210.51491,-148.97314,440.8935,700
319,133.12166,-222.0345,493.18008,700
320,107.47909,-445.7312,565.273,700
321,105.141556,-412.72397,540.5238,700
322,308.45538,-80.20708,512.3151,700
323,422.99045,101.4558,513.2697,700
324,143.4706,-197.57903,509.73685,700
325,189.29276,-112.71206,595.1743,700
326,120.80788,-387.00787,529.05176,700
327,414.30246,95.85379,504.8572,700
328,150.23772,-160.05858,504.6491,700
329,143.62161,-175.08759,496.439,700
330,329.58112,-35.55128,502.19565,700
331,248.6117,-180.34128,516.8644,700
332,247.9851,-144.94077,485.49765,700
333,340.57687,-24.961111,508.75668,700
334,516.6302,189.11926,575.4645,700
335,233.46423,-169.13612,486.4142,700
336,376.35788,32.554256,507.96774,700
337,132.8008,-226.28305,496.48486,700
338,105.351494,-398.56592,529.1951,700
339,136.94298,-206.45786,492.39926,700
340,117.20225,-331.1593,528.47577,700
341,454.87927,135.40273,531.3391,700
342,345.81503,-10.987376,503.10733,700
343,475.02856,152.88725,546.04675,700
344,363.6004,9.1621,511.09363,700
345,109.54458,-350.21555,522.97046,700
346,113.90997,-267.274,471.94254,700
347,114.88773,-326.69562,497.61377,700
348,286.64038,-114.68608,512.4031,700
349,157.42259,-127.14355,518.3684,700
350,130.53151,-240.84508,499.3546,700
351,310.488,-75.43712,512.1672,700
352,127.37339,-276.85178,478.85834,700
353,151.2939,-150.66087,503.0154,700
354,102.87715,-352.5766,505.56372,700
355,113.358986,-342.08936,515.0427,700
356,118.54529,-292.59174,504.99942,700
357,106.83052,-294.85962,477.03033,700
358,120.02419,-218.60153,456.2339,700
359,250.46028,-145.20865,488.73636,700
360,494.8134,170.42819,560.1304,700
361,452.69687,132.40973,530.3322,700
362,133.69333,-224.99516,498.2922,700
363,147.40312,-158.234,500.49414,700
364,375.5583,33.656612,506.10074,700
365,483.29013,159.95592,552.17346,700
366,137.73778,-220.84843,506.85272,700
367,332.33612,-42.97701,513.39966,700
368,112.8901,-298.18097,474.07007,700
369,105.23116,-387.74017,536.1577,700
370,137.04219,-215.65515,501.89365,700
371,451.93088,132.96593,528.78265,700
372,128.88289,-250.66782,471.27054,700
373,363.874,17.675253,503.4329,700
374,124.46358,-255.20366,485.9722,700
375,151.0653,-154.48013,504.7014,700
376,438.53976,120.65592,519.8059,700
377,148.07756,-148.7081,497.97104,700
378,492.51358,168.20146,558.56396,700
379,147.11244,-188.5873,510.89175,700
380,161.63211,-132.21582,530.45526,700
381,161.96455,-269.83,486.99484,700
382,172.7923,-265.2738,489.49698,700
383,451.54202,131.20004,529.94324,700
384,514.1568,187.2993,573.54083,700
385,110.362404,-341.9384,486.28864,700
386,331.0203,-39.901543,508.67508,700
387,151.83713,-147.64989,505.6042,700
388,377.192,33.721195,508.073,700
389,152.62665,-265.91968,469.74747,700
390,258.5093,-152.78102,506.84894,700
391,332.82965,-34.46635,506.2938,700
392,147.14767,-150.10216,496.2691,700
393,105.80232,-298.29105,476.026,700
394,338.26877,-23.470308,504.47745,700
395,224.89673,-108.55696,668.7531,700
396,133.56287,-192.71959,465.89,700
397,121.599106,-317.95938,488.68634,700
398,401.33667,77.06497,503.16312,700
399,145.04579,-151.73251,489.77545,700
400,512.52997,185.45856,572.98474,700
401,145.57643,-157.35995,494.89444,700
402,478.7618,154.99661,549.5435,700
403,439.1362,118.41242,522.4926,700
404,438.18445,119.059364,520.66565,700
405,177.62265,-310.97342,535.4465,700
406,141.10089,-188.99434,491.12735,700
407,244.38168,-186.84016,516.7266,700
408,271.7824,-148.6233,521.87494,700
409,337.17538,-24.366337,502.79248,700
410,443.70868,124.87159,523.5156,700
411,455.70996,135.41342,532.3935,700
412,128.36876,-213.80853,476.674,700
413,111.066895,-298.24326,474.79868,700
414,109.6222,-315.31537,498.15863,700
415,139.14673,-179.50749,464.83286,700
416,151.89156,-141.04715,505.93536,700
417,163.33603,-134.37088,528.24255,700
418,106.4884,-410.27438,532.52295,700
419,123.252045,-315.64767,488.03677,700
420,226.25264,-227.5134,527.5405,700
421,131.46219,-213.05185,484.22083,700
422,494.22964,169.8066,559.7616,700
423,136.24669,-207.54796,494.83746,700
424,142.33426,-166.66194,490.11337,700
425,273.82733,-143.22855,519.31696,700
426,117.03438,-223.85506,452.601,700
427,116.98997,-262.32095,479.2039,700
428,139.87166,-175.05545,460.28067,700
429,145.19922,-180.2506,504.09662,700
430,157.90465,-131.44183,521.4444,700
431,314.28476,-69.322296,510.62915,700
432,148.60521,-146.17546,499.20026,700
433,168.89053,-297.19547,512.4064,700
434,120.52821,-308.90378,490.4643,700
435,507.48462,181.72409,568.9355,700
436,522.71063,194.98676,578.982,700
437,119.4754,-304.7283,515.44977,700
438,453.72702,134.09657,530.4072,700
439,139.71194,-189.63179,494.87195,700
440,479.3327,156.46492,549.1581,700
441,476.2279,154.33861,546.445,700
442,134.29982,-228.70717,502.05515,700
443,363.1291,10.921559,508.45944,700
444,147.72134,-163.42151,499.64777,700
445,376.4002,28.737574,511.7178,700
446,120.10975,-256.41046,482.4313,700
447,441.98874,121.443634,524.0979,700
448,326.94257,-44.20034,506.5873,700
449,116.31931,-248.92432,468.70743,700
450,133.94972,-225.02713,497.91913,700
451,172.05489,-260.5244,484.5458,700
452,317.7088,-65.43544,512.6589,700
453,520.8127,192.40245,578.50336,700
454,138.01509,-338.1831,508.83755,700
455,184.85373,-225.91783,470.79697,700
456,101.667,-404.17313,521.8985,700
457,109.01592,-375.83734,508.29822,700
458,180.11188,-124.3866,568.4313,700
459,215.94942,-249.31287,532.0171,700
460,119.40956,-254.94434,479.92386,700
461,454.60544,132.31445,533.25867,700
462,118.67132,-252.95555,476.9445,700
463,120.96594,-292.08862,510.7423,700
464,106.29573,-361.42697,506.36667,700
465,122.94682,-269.23465,498.9722,700
466,157.98343,-136.5912,520.13934,700
467,104.02008,-358.32504,513.4114,700
468,308.3384,-78.81109,511.2354,700
469,273.39847,-143.45749,518.96185,700
470,100.92726,-401.91397,529.5534,700
471,199.92404,-239.40492,501.9607,700
472,108.442055,-364.28955,530.36163,700
473,101.31675,-402.16272,522.2039,700
474,303.7512,-86.53443,511.96432,700
475,122.75433,-238.25362,454.14856,700
476,405.64606,75.11826,512.2256,700
477,513.62695,186.7898,573.2734,700
478,106.55037,-385.51407,521.31067,700
479,131.70242,-240.87535,502.6354,700
480,495.087,170.65312,560.3146,700
481,257.7473,-161.5666,513.241,700
482,142.93547,-167.99866,492.46237,700
483,427.4343,107.91241,514.309,700
484,131.89285,-266.64645,481.27896,700
485,245.04639,-69.8234,420.7785,700
486,374.35678,30.948666,506.6494,700
487,370.30573,25.211515,506.10324,700
488,263.7958,-163.37033,522.96375,700
489,420.14236,101.847015,508.66138,700
490,139.91072,-210.31023,506.6971,700
491,140.7781,-189.68102,497.87698,700
492,389.11905,52.42128,508.42017,700
493,147.789,-341.4711,522.19696,700
494,144.84012,-180.24529,503.09924,700
495,507.2755,181.57114,568.79987,700
496,129.31322,-213.50154,449.3487,700
497,465.1586,143.76338,539.1902,700
0,515.21533,189.26003,569.8723,750
1,155.01617,-111.44219,491.82755,750
2,518.4761,191.74893,572.496,750
3,108.76008,-380.955,495.12515,750
4,151.87346,-119.45322,484.17426,750
5,148.06111,-143.48259,479.7437,750
6,500.0079,175.86922,558.7869,750
7,378.93796,54.729935,490.49295,750
8,490.77417,168.55742,551.9987,750
9,114.68912,-329.913,479.16956,750
10,485.7522,163.17648,548.6687,750
11,522.44354,194.7832,575.70465,750
12,415.5202,101.872505,500.4575,750
13,121.21079,-333.6941,511.30652,750
14,145.6841,-238.92508,515.34106,750
15,446.93143,130.33453,520.19946,750
16,452.91385,135.9606,524.34375,750
17,298.8697,-63.29607,482.12088,750
18,147.91283,-178.67493,494.05966,750
19,234.79602,-147.07495,465.32666,750
20,457.01984,137.22218,529.1675,750
21,520.4449,193.36873,573.9835,750
22,230.90611,-193.6381,500.40457,750
23,150.73378,-130.34454,483.18558,750
24,138.3893,-203.43135,476.4164,750
25,421.14432,106.617134,503.73416,750
26,349.51193,2.2535443,494.51645,750
27,467.29956,147.25479,535.49335,750
28,525.39233,197.11763,578.0886,750
29,493.83273,170.6547,554.2499,750
30,118.46307,-284.47507,439.503,750
31,176.28784,-263.2881,487.13165,750
32,140.24152,-168.67516,457.5854,750
33,159.7698,-95.763435,499.02518,750
34,148.48558,-187.68275,499.49643,750
35,154.71533,-108.97361,490.4372,750
36,253.26247,-77.877556,740.97894,750
37,440.683,121.80041,518.5359,750
38,151.43748,-164.48824,497.28342,750
39,479.20242,157.52014,543.6555,750
40,427.10718,112.953674,507.30722,750
41,119.25267,-397.88608,521.0028,750
42,147.7234,-178.82356,493.58398,750
43,132.32368,-324.01053,482.8669,750
44,503.013,178.7978,560.71423,750
45,140.15746,-194.33987,475.57275,750
46,524.4937,196.3778,577.3927,750
47,305.71,-51.477142,481.23196,750
48,150.18172,-157.415,491.36667,750
49,129.385,-346.63727,540.2029,750
50,167.4567,-122.66062,395.5075,750
51,525.34485,197.11005,578.0264,750
52,391.25128,76.13435,488.7447,750
53,134.74615,-261.23996,500.54944,750
54,519.83276,192.7834,573.58923,750
55,387.21484,63.369534,493.96024,750
56,473.7187,152.36375,540.18335,750
57,372.15744,43.217983,489.80487,750
58,148.71376,-148.00285,483.3591,750
59,509.3328,184.17151,565.62335,750
60,524.1743,196.16704,577.09985,750
61,516.3491,190.06514,570.82587,750
62,486.76877,164.22562,549.2679,750
63,151.5976,-132.6631,486.30283,750
64,114.105576,-414.67987,544.81915,750
65,302.6753,-61.966972,485.44592,750
66,149.44574,-296.75983,479.56686,750
67,525.3195,197.05486,578.0321,750
68,450.8783,133.80885,523.4487,750
69,111.29282,-381.73056,512.1157,750
70,134.68488,-278.89227,510.84232,750
71,257.19427,-83.54065,443.59482,750
72,477.17,156.4987,541.7887,750
73,152.00304,-122.95262,485.19083,750
74,243.3644,-163.43996,491.21906,750
75,167.65916,-84.41653,514.69037,750
76,191.66766,-202.19933,454.41287,750
77,376.9237,48.66514,492.48096,750
78,518.4025,191.63513,572.5218,750
79,245.22758,-159.31525,490.3019,750
80,144.79108,-223.29712,505.44482,750
81,114.145035,-370.47137,492.2026,750
82,137.53082,-180.29303,459.2388,750
83,354.6085,18.751616,487.6849,750
84,143.69998,-215.87923,498.94873,750
85,487.59048,164.72456,549.83905,750
86,309.05453,-52.443615,486.93066,750
87,127.52335,-302.81018,508.33383,750
88,231.28975,-112.50041,432.66617,750
89,148.59393,-138.8123,479.4971,750
90,494.87012,171.90898,554.62726,750
91,144.86679,-235.94588,511.69138,750
92,127.0424,-288.89603,498.94867,750
93,155.69463,-109.745834,493.41937,750
94,108.68083,-390.2792,507.11353,750
95,111.22828,-400.406,524.1554,750
96,142.76474,-241.70642,508.78464,750
97,157.99405,-109.13332,499.47723,750
98,151.97437,-148.04623,492.71753,750
99,492.55365,170.19753,552.9306,750
100,458.36734,138.64275,530.338,750
101,498.0114,173.79437,557.56433,750
102,185.73854,-117.386734,380.7464,750
103,220.14348,-189.32193,481.70453,750
104,465.26007,143.76233,535.2218,750
105,441.9444,123.37634,519.01013,750
106,115.78793,-375.25278,512.9394,750
107,147.13556,-235.19998,517.4619,750
108,120.23071,-398.03036,523.1888,750
109,493.39798,169.92986,554.1973,750
110,154.8472,-122.31752,493.53207,750
111,146.57274,-193.00655,496.44537,750
112,107.380264,-371.13583,489.80685,750
113,195.06989,-189.04286,448.29114,750
114,508.29138,183.54784,564.73004,750
115,422.33295,107.68648,504.03958,750
116,405.59436,90.49305,495.2842,750
117,365.4252,32.83938,489.4535,750
118,134.21635,-229.616,479.9772,750
119,454.72214,137.16235,526.42456,750
120,523.22943,195.66779,576.1657,750
121,278.30096,-35.96334,434.0794,750
122,372.00998,44.50626,489.9341,750
123,119.36167,-282.67862,463.2649,750
124,206.77333,-227.55458,495.73895,750
125,153.69539,-109.61531,487.5643,750
126,157.77606,-88.276085,493.6382,750
127,418.7887,102.92344,504.24405,750
128,215.76329,-136.54286,431.0034,750
129,133.58244,-315.42926,474.41547,750
130,147.19684,-194.42613,498.78534,750
131,520.5034,193.40227,574.06836,750
132,417.80878,104.12835,501.091,750
133,162.3473,-90.72555,507.94266,750
134,149.90704,-145.70921,485.85126,750
135,158.08592,-103.77871,498.16483,750
136,325.39386,-33.98995,492.59625,750
137,149.83286,-183.46825,501.49564,750
138,252.84286,-45.239826,408.75537,750
139,495.13718,171.98125,554.8226,750
140,464.3776,145.11198,533.5571,750
141,249.89731,-111.15742,456.3165,750
142,148.56644,-206.29608,507.65344,750
143,141.7509,-251.57831,511.95987,750
144,523.95764,196.07388,576.8686,750
145,513.38696,187.56013,568.6702,750
146,148.4299,-154.53705,485.2528,750
147,108.33895,-415.3989,525.30853,750
148,499.00317,174.52902,558.6824,750
149,115.51141,-400.66434,538.4809,750
150,410.38312,93.166534,500.62103,750
151,181.35245,-238.71379,471.61588,750
152,122.564705,-375.35278,542.3164,750
153,109.028786,-386.14636,497.1669,750
154,286.79446,-59.97464,464.15298,750
155,270.62747,-100.69891,476.10788,750
156,147.69696,-178.57376,493.39383,750
157,106.294754,-350.7994,470.3998,750
158,525.3449,197.08235,578.04584,750
159,139.66219,-213.35329,486.21436,750
160,239.0717,-124.61082,452.6488,750
161,391.4972,71.84994,491.27057,750
162,447.24594,129.86702,522.2824,750
163,281.82285,-96.8387,487.86572,750
164,160.93016,-93.18189,501.95245,750
165,147.00008,-198.24194,499.87622,750
166,167.68225,-85.08699,515.6112,750
167,260.54272,-116.86035,475.65628,750
168,159.54594,-226.03677,435.0131,750
169,428.2015,112.21976,508.8148,750
170,154.72096,-245.37254,444.55984,750
171,505.1543,181.31483,562.04913,750
172,121.33285,-339.4016,515.0333,750
173,150.03569,-186.36452,501.34152,750
174,151.57675,-114.40657,482.24677,750
175,148.86232,-171.23517,493.61664,750
176,149.93811,-124.03541,479.29,750
177,446.83554,129.50316,520.89374,750
178,149.70969,-142.835,484.17062,750
179,248.38284,-154.0034,489.99973,750
180,151.19414,-211.65953,517.4288,750
181,218.51692,-144.4103,440.91125,750
182,112.07702,-360.155,480.08563,750
183,122.47991,-280.57422,449.87466,750
184,510.1573,184.95264,566.1298,750
185,147.5038,-241.0668,521.2408,750
186,473.17673,151.23544,540.906,750
187,143.66481,-243.93474,512.51605,750
188,138.62238,-241.45352,497.77222,750
189,209.09467,-212.79378,486.31134,750
190,111.450066,-356.67773,491.8103,750
191,179.12941,-239.52837,469.55957,750
192,132.01398,-285.39648,509.16156,750
193,133.36913,-306.6656,468.49045,750
194,129.72765,-264.3806,490.0187,750
195,450.06094,131.47679,525.08325,750
196,357.70007,24.005896,486.40033,750
197,154.38048,-113.83694,490.4134,750
198,152.29408,-144.55986,492.25897,750
199,122.81787,-307.83698,498.8139,750
200,110.56432,-428.95035,538.43396,750
201,140.29497,-209.34514,485.54797,750
202,339.679,19.67263,470.29718,750
203,153.57759,-113.47292,488.03455,750
204,125.04859,-355.99457,495.24658,750
205,153.20166,-136.54137,491.92108,750
206,106.4213,-426.00305,525.6608,750
207,455.36404,136.61932,527.20917,750
208,476.15338,155.66843,541.43604,750
209,336.5868,-11.17213,487.47513,750
210,400.53543,85.05978,493.55136,750
211,144.81895,-209.40799,498.9904,750
212,120.518135,-374.80542,505.1712,750
213,474.512,153.79793,540.48065,750
214,476.75223,155.9071,542.77155,750
215,160.82812,-92.77941,501.96024,750
216,511.9159,187.19177,567.0297,750
217,318.22052,-35.350334,484.05865,750
218,116.685524,-338.64578,471.10587,750
219,135.0132,-287.99915,518.2583,750
220,118.98117,-399.9667,522.3894,750
221,148.3688,-170.57437,491.8528,750
222,165.2386,-81.8223,509.4139,750
223,116.998474,-358.11456,515.54193,750
224,107.52614,-378.51312,498.5271,750
225,110.86105,-409.3579,522.9669,750
226,128.1927,-300.56192,509.26276,750
227,175.77896,-276.51938,496.69492,750
228,114.58325,-393.79416,511.48227,750
229,165.66061,-81.90696,509.33475,750
230,116.06274,-383.17596,506.4861,750
231,274.94507,-100.837875,481.59027,750
232,512.84393,187.27693,568.17255,750
233,393.1186,78.64199,488.04517,750
234,123.74763,-304.39243,499.16064,750
235,121.57499,-323.35776,504.88916,750
236,157.16408,-308.58566,499.6129,750
237,148.58533,-190.777,501.0908,750
238,429.66748,112.35204,510.7118,750
239,298.5988,-75.186905,491.4211,750
240,146.84618,-218.227,508.6574,750
241,140.7876,-322.87177,489.53146,750
242,110.67149,-417.1974,535.44904,750
243,152.79758,-124.725945,488.0758,750
244,149.09105,-176.23764,496.3038,750
245,164.75388,-84.88676,508.4309,750
246,157.84215,-94.777824,494.6068,750
247,427.843,111.92669,508.9417,750
248,185.99312,-162.22765,417.43655,750
249,154.73586,-108.6789,490.27927,750
250,121.16243,-304.80728,491.66296,750
251,113.32513,-388.92484,505.08817,750
252,293.96732,-50.38264,466.29874,750
253,110.35112,-398.9314,518.4596,750
254,115.4539,-352.02493,508.3674,750
255,352.9472,3.3951821,498.16556,750
256,129.03015,-302.19644,512.522,750
257,222.82321,-109.93551,417.56134,750
258,217.87016,-104.7052,410.06497,750
259,150.9675,-132.22504,484.50424,750
260,116.54738,-391.68643,512.28876,750
261,109.647865,-384.74466,512.27637,750
262,147.99466,-223.82654,514.3333,750
263,155.63676,-137.46101,484.34506,750
264,168.70758,-271.5418,483.00687,750
265,113.257256,-411.4525,537.04474,750
266,187.61925,-72.68329,564.93854,750
267,157.02399,-113.82943,498.37164,750
268,108.69995,-395.1876,507.90173,750
269,480.1378,159.21118,544.23303,750
270,149.4258,-182.92375,499.58484,750
271,116.74477,-388.8805,535.08093,750
272,129.98015,-235.28484,469.9993,750
273,147.21187,-208.38826,504.84628,750
274,418.40393,100.548325,504.99564,750
275,151.28516,-136.85838,486.64468,750
276,162.52759,-88.451584,503.60162,750
277,114.10026,-389.63382,528.02454,750
278,514.7666,188.71864,569.6867,750
279,146.52379,-210.75009,504.27502,750
280,197.31702,-209.92564,469.77914,750
281,109.20486,-421.87042,529.743,750
282,155.01572,-110.920555,491.64938,750
283,280.1158,-101.518875,489.59048,750
284,148.01912,-193.99977,500.87738,750
285,139.83794,-363.43988,521.9781,750
286,172.54335,-187.4347,419.86218,750
287,109.610176,-410.64725,529.31177,750
288,150.85927,-153.12085,491.49664,750
289,198.34053,-158.1228,425.12436,750
290,154.66464,-145.52655,497.18353,750
291,461.09827,140.83847,532.1521,750
292,155.70497,-294.99274,486.93802,750
293,464.882,144.19225,535.0199,750
294,517.33484,190.98703,571.4857,750
295,107.30166,-415.34177,525.0502,750
296,129.78304,-356.30896,501.95242,750
297,242.23395,-144.92892,474.4064,750
298,447.6685,129.44849,522.8178,750
299,521.4793,193.99338,575.0006,750
300,493.58344,170.44785,553.9379,750
301,182.27747,-247.155,479.38098,750
302,471.076,150.56789,537.8865,750
303,285.98462,-81.895836,479.53662,750
304,130.82312,-234.84833,473.08432,750
305,452.94354,133.67094,526.239,750
306,241.8258,-150.36842,477.67368,750
307,215.35045,-193.66698,478.07718,750
308,149.0057,-174.14143,495.21414,750
309,147.3309,-161.89357,485.28806,750
310,114.31271,-372.72302,517.8309,750
311,181.04684,-219.82672,454.5333,750
312,149.05922,-148.69116,484.6688,750
313,145.67867,-219.06152,505.8534,750
314,151.8571,-166.54024,500.02283,750
315,110.35175,-354.81003,491.87122,750
316,113.12382,-415.45465,540.89386,750
317,445.87363,128.43152,521.09576,750
318,182.8587,-129.26047,386.12167,750
319,152.0015,-185.88564,507.27957,750
320,113.18895,-448.4387,561.40515,750
321,114.439964,-420.80887,546.3997,750
322,363.8985,28.481066,491.12015,750
323,447.23285,128.37187,522.8938,750
324,153.50636,-183.20464,511.6471,750
325,189.26074,-73.36005,570.3506,750
326,128.71501,-347.8918,494.27414,750
327,478.32236,156.19936,543.36584,750
328,149.29514,-161.51384,490.41708,750
329,153.00777,-117.18631,486.45276,750
330,511.6148,186.21912,567.201,750
331,197.21838,-231.871,486.8587,750
332,348.93182,12.514085,486.60245,750
333,420.56436,104.713295,504.14084,750
334,525.58563,197.26433,578.2477,750
335,110.88666,-373.24512,503.74448,750
336,419.82895,104.2514,503.62946,750
337,147.53017,-203.85788,503.74545,750
338,110.39958,-356.3737,488.33325,750
339,134.53474,-219.19537,468.7824,750
340,149.2876,-218.22885,515.1242,750
341,458.70047,142.1112,528.2124,750
342,395.69293,77.51359,491.25223,750
343,488.82773,167.30876,550.0332,750
344,382.5965,57.45961,491.7567,750
345,318.99707,-41.02507,489.28513,750
346,147.05908,-216.11664,508.2252,750
347,373.34323,39.636932,495.90714,750
348,215.26593,-154.2987,444.1727,750
349,192.54529,-72.84199,578.8041,750
350,148.85704,-184.87192,499.36334,750
351,332.57513,-9.608565,483.58234,750
352,150.1222,-175.06793,497.4219,750
353,138.3595,-196.31929,472.65356,750
354,107.13728,-405.2801,515.3045,750
355,148.51648,-204.46921,506.1036,750
356,132.43784,-339.28262,544.4949,750
357,130.04459,-270.80582,495.02124,750
358,143.52925,-210.12524,495.62338,750
359,384.00067,61.46596,491.3957,750
360,510.16238,185.32837,565.999,750
361,433.35733,115.679924,513.19696,750
362,116.24998,-341.01337,493.6673,750
363,158.62071,-119.9077,503.0275,750
364,470.58337,150.62415,537.6219,750
365,452.22156,134.2804,525.23737,750
366,116.45462,-374.11548,523.5466,750
367,450.51822,130.91307,525.4016,750
368,136.97961,-196.30586,467.10544,750
369,144.19098,-268.29312,527.52094,750
370,150.2732,-172.7887,498.20773,750
371,494.86136,171.67468,554.7673,750
372,130.6077,-224.42444,463.30267,750
373,396.8283,82.3916,488.68008,750
374,134.66882,-242.44592,487.41104,750
375,140.56725,-198.53345,478.54837,750
376,399.07617,86.4876,488.18536,750
377,152.07103,-119.10048,484.62567,750
378,515.9722,189.55814,570.73236,750
379,109.047165,-299.70438,434.68314,750
380,160.77336,-97.17027,502.68994,750
381,132.75708,-231.82588,475.99344,750
382,157.34366,-294.89392,488.26044,750
383,452.59616,134.68823,525.49896,750
384,521.0412,193.89806,574.4087,750
385,110.563126,-358.51935,488.95096,750
386,386.37384,61.390907,493.92096,750
387,151.5284,-126.54483,484.42484,750
388,418.93097,102.52382,503.77472,750
389,147.32811,-267.22635,453.01968,750
390,364.22,33.13114,488.8009,750
391,409.87888,96.10084,496.58002,750
392,160.1258,-92.66132,499.21207,750
393,139.62234,-231.70143,495.3514,750
394,400.4968,87.935844,490.51645,750
395,219.74283,-81.27996,663.29254,750
396,134.60295,-195.67082,455.18243,750
397,123.67644,-271.189,468.63495,750
398,521.56335,194.12766,574.9733,750
399,152.14421,-116.1442,484.232,750
400,521.88306,194.19507,575.4554,750
401,152.79097,-128.75864,489.07645,750
402,489.79388,165.64644,552.4833,750
403,295.75943,-71.4331,485.10336,750
404,458.99127,139.53941,530.3026,750
405,179.69272,-272.2919,498.44476,750
406,143.81053,-193.31467,484.2243,750
407,262.13425,-125.92572,485.06927,750
408,274.03595,-115.705124,493.44733,750
409,143.16676,-351.2964,515.3967,750
410,495.09366,171.29369,555.2777,750
411,472.01257,152.2491,538.29285,750
412,144.55687,-204.33191,494.62982,750
413,109.05373,-370.19266,495.94604,750
414,113.072266,-390.89264,527.5005,750
415,145.40802,-174.37921,479.4442,750
416,161.08403,-86.467674,500.34335,750
417,152.92802,-117.76975,486.6929,750
418,115.80901,-400.76352,540.5096,750
419,146.43224,-218.51932,507.69067,750
420,289.14124,-87.060905,489.4147,750
421,147.93709,-173.78722,492.0323,750
422,509.87485,184.54684,566.1804,750
423,121.12173,-285.7166,479.03592,750
424,147.30571,-187.57088,496.18732,750
425,287.93005,-93.288445,492.49475,750
426,129.1848,-233.45496,468.83926,750
427,131.71902,-328.78275,535.119,750
428,139.35796,-166.04941,422.32422,750
429,148.54585,-199.69347,504.8156,750
430,164.37263,-86.35419,507.35883,750
431,286.35535,-102.51337,498.41388,750
432,161.60527,-89.98916,501.98068,750
433,106.87142,-367.34476,484.98557,750
434,130.67978,-236.65598,473.72794,750
435,511.3637,186.12845,566.95264,750
436,523.25464,195.58122,576.2548,750
437,135.99237,-327.92188,546.14014,750
438,492.3768,169.06238,553.17365,750
439,147.94621,-206.81325,506.23102,750
440,494.80493,170.9006,555.26416,750
441,488.2792,165.77974,550.00824,750
442,151.04411,-147.58565,489.8645,750
443,484.21573,161.9106,547.2963,750
444,150.74321,-122.487595,481.08197,750
445,391.88147,68.6354,495.37704,750
446,117.09611,-393.687,539.36096,750
447,451.3317,131.55247,525.99585,750
448,281.40842,-95.7329,485.57053,750
449,140.47636,-218.73863,490.96295,750
450,124.48592,-247.19322,458.3485,750
451,182.19925,-207.34343,446.46475,750
452,425.76447,107.87129,509.42203,750
453,525.2192,196.98766,577.9425,750
454,175.98007,-258.39078,481.86185,750
455,144.89787,-289.69824,467.3237,750
456,127.07819,-333.42078,526.71075,750
457,107.90092,-400.76355,516.79895,750
458,172.76854,-76.91944,528.5598,750
459,290.447,-83.402336,486.97977,750
460,128.99265,-300.80786,457.11105,750
461,473.39374,151.45074,540.7071,750
462,116.791885,-308.37094,481.0582,750
463,113.22525,-372.98853,512.111,750
464,118.76556,-351.12973,514.1278,750
465,151.31516,-127.848755,484.29727,750
466,153.1462,-113.47616,486.6972,750
467,112.97896,-388.17703,524.0356,750
468,398.19568,81.126114,492.2825,750
469,235.99144,-168.55418,485.31467,750
470,110.34304,-411.80774,533.1101,750
471,201.51451,-206.59552,470.3969,750
472,133.9884,-306.27176,527.36096,750
473,114.926865,-400.75397,538.41534,750
474,303.26062,-41.06921,470.5122,750
475,121.52888,-236.45834,440.54062,750
476,415.13693,100.5963,502.29193,750
477,524.669,196.61975,577.4524,750
478,110.30307,-399.9003,520.3648,750
479,147.74591,-195.4519,500.74094,750
480,502.9265,178.5466,560.9968,750
481,450.85593,132.1331,524.8582,750
482,149.91147,-135.0092,481.97598,750
483,285.4372,-86.749756,483.74014,750
484,174.70726,-205.32747,438.92737,750
485,259.39658,-8.980698,387.83554,750
486,336.58365,-11.311515,488.48105,750
487,372.3373,46.736546,487.0685,750
488,285.54114,-97.02823,492.01907,750
489,435.30258,119.36511,512.88983,750
490,151.87694,-147.08829,491.97833,750
491,149.72461,-177.40488,498.54898,750
492,430.65143,114.121445,511.07733,750
493,164.63957,-278.32294,483.33508,750
494,161.65376,-88.03832,502.48752,750
495,520.50824,193.65564,573.8857,750
496,128.99673,-206.85556,448.81488,750
497,444.17346,127.60857,519.5212,750
0,493.28085,173.53955,543.4913,800
1,163.52728,-151.5794,507.9078,800
2,499.69147,179.88145,547.573,800
3,117.4674,-405.50323,516.69867,800
4,153.81836,-159.38283,482.8051,800
5,126.29935,-259.07574,470.4662,800
6,496.8872,177.43484,545.4871,800
7,163.99292,-302.61804,500.0257,800
8,458.3437,138.28722,523.8969,800
9,185.92699,-242.46866,481.417,800
10,433.0027,111.18532,510.52133,800
11,502.60788,182.28928,549.8019,800
12,368.84967,0.019359618,519.03314,800
13,119.78084,-391.59772,532.7915,800
14,151.96504,-200.60732,499.0428,800
15,459.03223,140.6863,521.7136,800
16,442.6391,124.95688,511.8028,800
17,346.245,-38.689953,520.31573,800
18,122.79124,-320.0992,467.12244,800
19,261.54428,-192.89099,536.6317,800
20,457.86456,137.16402,523.7091,800
21,509.38562,189.39095,553.95135,800
22,367.00122,-1.4731147,516.31976,800
23,154.20424,-166.57556,487.3217,800
24,218.63048,-226.27689,509.83075,800
25,459.50244,139.83875,523.75275,800
26,207.11072,-271.68707,528.4046,800
27,478.20255,158.52107,534.20184,800
28,517.7342,197.54973,559.83966,800
29,466.08392,145.9302,527.6601,800
30,119.48409,-381.50485,515.3862,800
31,112.12329,-400.54932,505.8528,800
32,210.25815,-119.39465,435.31174,800
33,156.5264,-139.51443,484.5792,800
34,155.26439,-179.72192,497.80707,800
35,159.01723,-145.90382,493.40912,800
36,193.3971,-57.820972,557.41174,800
37,442.08423,122.565636,513.2743,800
38,158.42076,-177.50876,505.15286,800
39,483.06067,162.83609,537.48267,800
40,368.55582,-1.2889433,519.6601,800
41,126.72052,-413.98944,565.2153,800
42,151.42642,-190.0995,491.91022,800
43,120.23444,-396.5082,518.4772,800
44,440.96997,123.36044,510.54916,800
45,133.5912,-296.19098,472.48288,800
46,518.1567,197.92029,560.15466,800
47,403.61282,66.16746,508.75702,800
48,140.29962,-290.96744,489.6192,800
49,138.0657,-335.57294,544.67004,800
50,293.84583,-120.86547,523.3304,800
51,518.2423,198.02351,560.1978,800
52,394.97037,50.014584,511.73526,800
53,119.87668,-345.43784,506.6002,800
54,488.37582,169.36017,539.7349,800
55,375.66666,12.768901,517.25305,800
56,479.38235,159.26122,535.3218,800
57,438.1921,118.25863,511.41656,800
58,111.61301,-358.2128,485.19278,800
59,492.07175,172.76715,542.4547,800
60,516.61523,196.26703,559.266,800
61,498.62915,178.76848,546.9582,800
62,455.58173,135.79048,521.4701,800
63,144.30087,-335.7737,561.3477,800
64,120.22268,-444.10132,549.44415,800
65,281.38055,-163.58598,537.8979,800
66,115.424774,-395.83932,508.55603,800
67,519.78284,199.30699,561.36664,800
68,419.1751,95.98456,503.56836,800
69,192.2838,-313.93393,544.62115,800
70,151.6288,-227.3638,512.39825,800
71,347.51114,-40.541103,524.6939,800
72,423.83337,104.77406,502.11032,800
73,153.61487,-195.85478,501.25455,800
74,356.26352,-19.023127,516.52216,800
75,155.90688,-156.90366,487.56448,800
76,211.20161,-235.76402,506.1602,800
77,264.85107,-179.63052,530.0319,800
78,502.73047,183.01959,549.45715,800
79,318.1495,-97.031876,532.35034,800
80,139.1855,-290.52478,520.9147,800
81,345.7946,-46.908936,528.46967,800
82,140.12666,-174.34361,456.47385,800
83,346.327,-42.92205,525.2162,800
84,123.69599,-295.45572,486.14316,800
85,482.8876,162.64424,537.4299,800
86,281.01453,-156.24422,532.6079,800
87,113.53891,-334.46298,479.1116,800
88,140.32487,-309.8397,488.98535,800
89,147.61116,-183.92316,480.2559,800
90,481.57376,161.22598,536.75696,800
91,114.00915,-414.50095,531.4419,800
92,123.53038,-355.26782,521.6555,800
93,151.13289,-223.21042,509.20657,800
94,168.20522,-363.78738,555.8409,800
95,116.63087,-412.31915,520.9166,800
96,120.03873,-376.10236,525.1361,800
97,168.0498,-125.0623,514.5591,800
98,146.09764,-255.58423,515.4364,800
99,468.08813,148.76917,528.3355,800
100,394.56958,52.052822,508.37558,800
101,486.35785,166.86992,538.90857,800
102,273.56494,-135.90115,508.4939,800
103,156.26491,-350.69244,525.59033,800
104,483.78378,164.34213,537.2895,800
105,407.58023,79.765785,500.70126,800
106,169.74902,-282.00128,493.15106,800
107,113.340775,-385.75885,513.59235,800
108,121.139755,-442.4326,551.0834,800
109,490.39285,169.70622,542.7475,800
110,158.79744,-137.43378,490.52057,800
111,144.50542,-191.90793,476.05472,800
112,153.70325,-368.58932,537.52386,800
113,191.3848,-236.65755,481.38083,800
114,493.29626,172.69238,544.4762,800
115,378.94006,27.859354,506.81387,800
116,297.0795,-135.29085,537.04254,800
117,363.5497,-5.756462,515.27,800
118,108.7129,-408.90375,507.61942,800
119,423.6361,100.07705,507.2205,800
120,513.52167,193.63506,556.8417,800
121,398.38785,55.953934,514.64386,800
122,306.1605,-105.786995,525.7128,800
123,111.70828,-396.3056,514.6033,800
124,232.39226,-239.5493,535.9146,800
125,153.53728,-173.04657,488.82968,800
126,160.5346,-143.11523,497.15588,800
127,440.6743,118.5673,515.6778,800
128,153.65244,-325.13156,502.91302,800
129,140.81944,-376.30035,527.41705,800
130,153.79494,-174.58145,490.8356,800
131,509.90607,189.92198,554.341,800
132,274.26135,-180.88426,543.61847,800
133,181.07109,-90.06839,542.3228,800
134,162.41428,-131.5052,499.52722,800
135,140.75246,-206.39868,474.30774,800
136,264.38153,-192.77136,539.9036,800
137,154.85316,-187.0962,499.06534,800
138,374.72275,8.279143,525.8975,800
139,429.57092,111.743744,504.1536,800
140,456.58377,136.3953,522.47815,800
141,363.179,-12.408854,522.497,800
142,155.35327,-174.32318,493.74292,800
143,133.43387,-324.6024,527.6248,800
144,513.0269,193.09488,556.46466,800
145,497.68057,177.64883,546.5214,800
146,145.58621,-274.3813,527.1375,800
147,111.995476,-441.03287,535.51886,800
148,475.73285,154.88478,534.2502,800
149,124.84628,-399.36218,551.6328,800
150,367.147,-3.855236,520.206,800
151,128.66716,-379.87274,512.50055,800
152,190.91403,-315.82913,543.79974,800
153,136.46068,-372.57138,515.9435,800
154,155.21783,-329.83517,509.83786,800
155,286.3881,-144.44365,530.4688,800
156,150.7294,-187.04785,488.3981,800
157,133.9013,-368.76685,510.77765,800
158,521.4488,200.7289,562.60474,800
159,123.939186,-236.12616,450.33447,800
160,302.31848,-124.21323,534.6398,800
161,381.8121,30.91572,508.65878,800
162,424.09012,99.52098,508.30594,800
163,286.74515,-145.8443,532.1692,800
164,154.79184,-185.53336,498.39783,800
165,151.24716,-214.046,504.4336,800
166,158.7289,-179.76462,505.98294,800
167,216.03052,-221.94463,499.06732,800
168,238.20825,-200.55544,511.85117,800
169,448.4727,128.01997,517.80927,800
170,184.66408,-273.59323,503.60388,800
171,495.4482,175.10678,545.5935,800
172,110.6604,-399.281,507.0468,800
173,130.93944,-298.81894,494.58267,800
174,154.6162,-177.44133,494.36456,800
175,148.76027,-198.54666,489.95673,800
176,142.63867,-254.30495,507.41782,800
177,444.32834,124.73357,514.531,800
178,154.8875,-154.08322,483.87094,800
179,200.94604,-323.25192,564.5901,800
180,146.85275,-269.70963,525.4822,800
181,162.41922,-327.33716,517.38635,800
182,173.56857,-304.51785,513.0752,800
183,140.93207,-251.15564,452.8052,800
184,487.2286,168.45068,538.8123,800
185,130.43875,-349.8014,534.9919,800
186,456.52957,135.88434,523.027,800
187,112.30634,-334.9524,480.5353,800
188,117.57183,-314.0936,480.94485,800
189,193.9416,-322.3045,554.9339,800
190,114.96586,-398.92917,523.5357,800
191,246.72757,-181.74866,507.5449,800
192,126.26077,-332.8281,514.8765,800
193,293.2624,-119.80553,521.22144,800
194,118.45877,-314.985,483.86777,800
195,452.8532,132.44817,520.7768,800
196,386.09637,36.59563,510.04587,800
197,163.59392,-145.44212,506.47696,800
198,155.94986,-203.63567,511.47778,800
199,109.49895,-362.65903,486.58643,800
200,128.13718,-346.71924,527.9066,800
201,124.27,-301.2205,490.46664,800
202,194.14629,-185.90341,461.06833,800
203,155.01521,-178.91318,496.90854,800
204,153.84932,-348.074,519.6486,800
205,149.12863,-233.42134,510.91672,800
206,144.69084,-365.37225,520.1974,800
207,361.77893,-8.415158,514.85724,800
208,427.3449,105.184616,507.90067,800
209,268.93802,-189.47826,542.94244,800
210,411.32715,81.897255,505.27414,800
211,141.40973,-195.71764,469.8814,800
212,245.68336,-204.24928,524.2579,800
213,455.62286,135.29507,521.97174,800
214,465.3709,143.66364,529.65454,800
215,164.99922,-142.00064,509.5029,800
216,501.6804,182.05385,548.8281,800
217,245.0337,-228.61388,543.82666,800
218,174.01453,-271.9831,487.55676,800
219,109.9332,-432.74646,532.1699,800
220,207.80109,-304.68015,557.72473,800
221,149.75896,-214.90031,500.8023,800
222,152.74532,-206.0305,504.11533,800
223,108.55354,-373.45145,493.3824,800
224,173.24864,-287.22775,497.47003,800
225,123.332436,-442.50156,554.02454,800
226,133.36563,-323.90024,527.50854,800
227,185.94313,-320.6427,542.66736,800
228,152.31512,-358.3777,526.2677,800
229,153.11528,-170.53233,486.0028,800
230,160.75793,-341.9649,526.1279,800
231,239.17744,-215.14053,525.13763,800
232,488.0444,169.12877,539.543,800
233,391.5601,45.40058,510.3868,800
234,125.26533,-392.48746,547.8049,800
235,110.38808,-321.53064,461.3167,800
236,146.22974,-365.05933,523.1251,800
237,150.72652,-240.74184,518.19165,800
238,410.8016,81.45733,504.36368,800
239,279.57083,-166.46677,538.44354,800
240,131.70251,-300.702,508.72012,800
241,189.22302,-315.69543,543.8871,800
242,113.81888,-417.44717,518.3105,800
243,156.17499,-140.035,483.71475,800
244,157.66693,-175.88966,501.4672,800
245,162.74771,-130.37364,500.28223,800
246,157.26746,-145.98906,488.45862,800
247,388.50995,44.601734,505.9899,800
248,257.75372,-157.70236,503.51254,800
249,165.2684,-107.19504,502.21518,800
250,116.259636,-343.5551,494.855,800
251,157.76305,-415.7156,582.6063,800
252,348.60028,-36.294735,523.23706,800
253,155.51366,-357.47983,531.0734,800
254,129.40862,-340.89362,527.4148,800
255,439.0174,120.653786,510.3851,800
256,144.64606,-371.7057,527.6409,800
257,199.76976,-265.05853,515.13684,800
258,165.86508,-274.0426,484.00165,800
259,147.15642,-218.82045,496.15945,800
260,126.14262,-421.11584,541.56396,800
261,155.20473,-338.01968,514.29553,800
262,152.34784,-219.17445,510.01706,800
263,155.74297,-161.5032,490.12903,800
264,156.68375,-310.0455,495.36432,800
265,215.59811,-258.9005,530.17346,800
266,183.59004,-65.02855,537.5451,800
267,161.6833,-190.29686,519.6424,800
268,146.635,-363.95508,523.41895,800
269,472.54846,151.76315,532.64496,800
270,156.04785,-169.8503,495.36884,800
271,112.505554,-428.87073,526.73724,800
272,128.56555,-209.39662,446.1083,800
273,138.26947,-298.16315,522.935,800
274,387.32635,39.738514,508.99014,800
275,158.23148,-148.33965,491.7865,800
276,162.76518,-118.95526,496.75723,800
277,109.40587,-427.83783,527.1202,800
278,489.21213,169.87741,540.54126,800
279,123.157684,-342.66428,495.5332,800
280,386.71738,33.955685,513.9696,800
281,150.39348,-370.62952,534.20465,800
282,153.54779,-199.36923,502.47897,800
283,360.7724,-14.109347,519.7154,800
284,128.91762,-324.6064,516.3644,800
285,190.39813,-310.59183,539.475,800
286,127.117935,-271.9941,458.38574,800
287,107.46276,-422.88464,520.042,800
288,159.6478,-159.77896,499.2334,800
289,199.79533,-277.38638,525.373,800
290,159.31021,-165.04317,501.57498,800
291,464.09665,143.32533,527.23047,800
292,118.46157,-393.7185,509.40085,800
293,417.57343,93.4315,503.39255,800
294,503.60245,183.4069,550.3712,800
295,115.92074,-419.12137,522.286,800
296,145.53156,-367.9124,525.09827,800
297,253.22375,-185.78375,519.4831,800
298,430.56323,107.31845,510.98404,800
299,512.44104,192.69342,555.9541,800
300,477.8182,158.6539,533.29254,800
301,335.86047,-61.06285,525.3449,800
302,449.55994,130.73605,516.8958,800
303,134.15924,-388.231,526.5285,800
304,112.73873,-410.43832,520.91766,800
305,457.56894,137.37943,522.9954,800
306,187.31787,-325.3467,547.8283,800
307,239.47179,-222.05347,530.52386,800
308,144.53658,-253.49532,510.05438,800
309,132.88945,-205.2846,442.28043,800
310,114.900536,-321.0673,478.07892,800
311,427.42844,105.69138,508.04105,800
312,155.5741,-161.36627,488.50034,800
313,150.51549,-207.98294,499.1506,800
314,156.05423,-188.32347,503.69672,800
315,114.113976,-389.40222,500.29886,800
316,120.42324,-341.4524,505.40405,800
317,419.84302,97.3115,503.40698,800
318,253.67706,-93.318665,450.71716,800
319,122.89769,-311.95346,493.0662,800
320,116.8659,-454.99164,564.3275,800
321,218.2113,-278.23816,549.824,800
322,352.36032,-28.220064,519.4579,800
323,458.18695,137.63701,523.7748,800
324,161.30489,-165.52092,505.58475,800
325,173.8653,-107.41712,525.55945,800
326,144.45734,-379.1195,533.6512,800
327,484.12656,164.69662,537.424,800
328,161.44682,-149.07225,501.28802,800
329,144.77519,-153.56691,458.05338,800
330,463.59518,145.26416,524.26733,800
331,136.88348,-357.5401,503.445,800
332,351.02887,-34.186966,524.5351,800
333,454.9615,132.35031,523.779,800
334,520.99524,200.3361,562.27277,800
335,253.79729,-168.46588,506.61557,800
336,446.30853,126.551125,515.7956,800
337,149.89832,-203.24886,495.58835,800
338,116.74321,-401.12445,513.8095,800
339,128.63676,-276.95926,482.79407,800
340,134.53136,-328.97873,532.18353,800
341,455.00052,134.89673,521.8635,800
342,363.68646,3.2643054,506.15637,800
343,469.89682,150.00659,529.92914,800
344,412.79095,84.2577,504.59244,800
345,109.23497,-469.52383,553.18713,800
346,126.275635,-263.3995,472.48288,800
347,347.15012,-40.132835,525.51154,800
348,238.11606,-215.42352,523.4793,800
349,152.77264,-153.03357,477.5517,800
350,129.24559,-325.02576,517.54675,800
351,327.52667,-76.36797,529.2235,800
352,131.5008,-293.3279,504.36783,800
353,139.93726,-206.63005,472.67996,800
354,131.28877,-411.83258,541.5758,800
355,118.42206,-337.3854,497.80853,800
356,121.68302,-404.43433,546.6822,800
357,122.28866,-317.3524,495.38464,800
358,113.58023,-319.5968,473.6185,800
359,296.62622,-126.37054,528.3765,800
360,500.80252,180.56932,548.83704,800
361,443.14377,125.03555,512.4396,800
362,132.23979,-321.3853,522.8891,800
363,158.55785,-165.13815,497.7888,800
364,488.87903,168.84744,541.2544,800
365,468.67197,149.48357,528.3921,800
366,113.051155,-363.37015,499.14514,800
367,361.24542,-16.240362,522.1401,800
368,142.86975,-227.55176,492.22437,800
369,107.0318,-431.01834,523.94476,800
370,148.94353,-229.99054,506.9011,800
371,469.5844,150.34889,528.6584,800
372,130.18018,-296.57214,480.1334,800
373,441.0205,122.74764,511.44485,800
374,128.09932,-295.29123,483.0921,800
375,139.34425,-184.31566,459.6004,800
376,369.1354,13.184704,505.2647,800
377,155.14032,-177.59737,495.7701,800
378,496.83905,177.09567,545.7285,800
379,187.54105,-265.9485,499.1945,800
380,145.51257,-324.5955,557.3297,800
381,138.12189,-267.286,505.27362,800
382,131.83936,-355.0745,497.15207,800
383,440.69745,119.75271,514.367,800
384,510.22302,190.28642,554.48755,800
385,127.468094,-341.96027,483.56488,800
386,435.18854,112.316895,513.3674,800
387,165.35555,-122.24297,506.16605,800
388,364.0479,-2.799446,513.2594,800
389,118.31832,-378.0709,503.2268,800
390,242.1826,-233.38016,544.38525,800
391,360.38373,-12.715193,517.37695,800
392,157.97546,-142.10915,489.41882,800
393,131.97778,-290.8729,503.65308,800
394,233.4826,-234.92812,534.2831,800
395,205.63931,-65.61375,601.5363,800
396,127.634155,-263.18677,475.52844,800
397,121.945045,-337.07828,483.33618,800
398,484.51773,165.63211,537.15784,800
399,154.07549,-161.3604,484.5268,800
400,507.50485,187.49728,552.84314,800
401,160.74292,-129.7871,494.42877,800
402,471.80664,152.06955,530.6671,800
403,421.64142,94.51192,508.72733,800
404,446.58978,126.11618,517.086,800
405,232.38982,-226.94814,524.97375,800
406,135.61296,-360.988,516.6954,800
407,121.252495,-389.28226,535.9264,800
408,420.17728,95.30683,505.9693,800
409,222.56677,-281.37634,557.4466,800
410,494.43433,174.85132,544.08167,800
411,459.67282,139.27388,524.49695,800
412,151.60454,-172.58157,484.93402,800
413,114.57243,-309.87372,469.48456,800
414,105.1744,-432.04944,518.37164,800
415,137.48856,-269.80615,504.53357,800
416,168.85202,-101.39399,510.37033,800
417,164.10281,-140.04973,506.5167,800
418,109.20239,-419.0557,521.48535,800
419,152.73697,-309.92377,491.51324,800
420,213.27539,-272.95306,538.8236,800
421,117.53033,-334.89313,491.4237,800
422,493.17905,173.30511,543.68134,800
423,126.347725,-276.69247,480.98495,800
424,145.70882,-212.85614,489.70862,800
425,316.93066,-98.79443,531.6669,800
426,114.249504,-317.5571,466.99246,800
427,140.64053,-300.49622,529.96826,800
428,159.36783,-237.40523,474.46283,800
429,135.02206,-273.08746,499.53317,800
430,165.13072,-109.99885,501.15033,800
431,276.56003,-170.91148,537.34955,800
432,153.53366,-171.88036,487.32794,800
433,153.63586,-333.18018,511.4979,800
434,122.15265,-380.10922,532.0278,800
435,507.0615,186.851,552.60974,800
436,508.54904,187.89076,553.95844,800
437,107.809395,-426.9232,522.55365,800
438,495.13156,175.60168,544.4655,800
439,140.524,-269.91467,510.80005,800
440,479.02484,159.78593,534.12646,800
441,477.97394,159.0275,533.2014,800
442,126.41801,-368.38333,536.7549,800
443,413.81146,79.45653,511.1376,800
444,151.841,-182.9075,490.5274,800
445,231.85605,-193.46368,496.07233,800
446,115.56242,-353.48154,500.26184,800
447,308.87173,-110.96783,532.61145,800
448,280.6268,-165.30902,538.3806,800
449,117.175064,-293.07602,466.1176,800
450,126.54999,-347.6398,518.83203,800
451,205.19693,-266.87933,522.99176,800
452,247.94836,-203.15839,526.6109,800
453,518.6031,198.3362,560.44794,800
454,174.49684,-307.97842,516.84576,800
455,134.78893,-363.68292,509.30276,800
456,111.187546,-446.9027,538.56744,800
457,108.360016,-424.5964,517.794,800
458,175.22203,-113.859604,532.1973,800
459,415.9409,94.396385,499.51038,800
460,125.515305,-342.98544,482.7558,800
461,471.26285,149.9664,531.897,800
462,198.36606,-243.99728,495.14398,800
463,117.11692,-385.85757,517.45557,800
464,111.64599,-384.60947,499.35492,800
465,153.76482,-187.48186,497.699,800
466,167.07112,-117.475204,510.01135,800
467,105.219696,-398.91235,499.17508,800
468,368.79675,-0.42618275,518.34845,800
469,202.58174,-290.68665,539.17633,800
470,161.6842,-356.98056,537.8669,800
471,167.52646,-314.2459,511.51215,800
472,115.062325,-449.08636,555.5037,800
473,121.73988,-418.39026,531.0017,800
474,238.17673,-187.21866,502.2718,800
475,181.24612,-246.88708,477.7862,800
476,448.11432,125.16918,521.1685,800
477,517.86523,197.7035,559.91205,800
478,113.18254,-425.6317,526.7522,800
479,152.03044,-200.00607,498.87305,800
480,495.55963,175.44183,545.3437,800
481,393.3247,52.31157,505.68442,800
482,157.8761,-150.64871,491.47757,800
483,365.18347,-1.6877115,513.7894,800
484,164.153,-241.18985,456.09445,800
485,137.05489,-306.24826,516.64246,800
486,334.5518,-61.708508,523.74884,800
487,269.21802,-183.94418,539.35706,800
488,318.13077,-95.84224,530.27,800
489,452.42712,133.53412,518.551,800
490,143.83153,-242.31699,502.8691,800
491,157.72025,-162.05235,494.5364,800
492,409.28894,76.416855,507.1873,800
493,114.59053,-397.51605,505.31973,800
494,162.9846,-147.11534,505.09015,800
495,506.32465,186.3651,551.9781,800
496,127.769485,-321.67374,505.34708,800
497,434.84558,113.82225,511.0296,800
0,494.78107,180.38882,525.4465,850
1,165.59653,-147.61694,504.48703,850
2,484.96213,170.39348,520.3076,850
3,108.09866,-370.3578,472.6146,850
4,162.16435,-166.0644,504.2744,850
5,157.38062,-178.43768,499.3789,850
6,488.37805,173.99315,521.92017,850
7,213.32852,-177.29942,454.93967,850
8,493.422,179.36954,525.80914,850
9,113.63048,-302.57034,454.62524,850
10,454.1836,140.91635,503.73953,850
11,507.3819,191.42268,533.94855,850
12,342.40756,-10.615523,486.4625,850
13,132.301,-335.35516,533.18115,850
14,155.86371,-208.82353,511.93738,850
15,414.28336,102.09229,480.7091,850
16,427.22125,117.07439,485.73676,850
17,277.4145,-120.68273,491.4426,850
18,125.464676,-195.92415,429.0668,850
19,351.80103,4.997491,483.98285,850
20,437.16104,125.45477,493.30353,850
21,512.6674,196.52322,536.8282,850
22,282.00656,-123.07264,499.36038,850
23,163.29709,-162.14757,505.08792,850
24,139.75377,-292.64832,463.9132,850
25,176.2239,-266.0952,479.20572,850
26,303.50558,-69.63424,483.52164,850
27,475.8628,163.5343,513.719,850
28,514.702,198.27473,538.3039,850
29,488.532,174.43713,521.79736,850
30,109.7719,-354.98117,490.0983,850
31,101.16984,-391.42966,478.49408,850
32,157.87837,-139.6046,475.47702,850
33,162.9025,-174.74718,510.4416,850
34,150.92197,-187.86703,488.37576,850
35,182.09048,-107.30149,535.8542,850
36,255.38503,-32.63804,681.69275,850
37,327.15115,-49.020363,496.9509,850
38,156.64218,-167.94324,492.3798,850
39,453.71277,141.92346,500.41718,850
40,356.59973,14.461564,483.42377,850
41,90.48348,-423.59656,484.35825,850
42,166.61746,-146.34413,506.1858,850
43,107.74846,-382.71414,500.69507,850
44,420.97134,107.660286,485.22034,850
45,126.10587,-202.33472,434.40457,850
46,515.95605,199.38734,539.13654,850
47,378.9834,48.557667,483.0402,850
48,124.24405,-274.008,465.56778,850
49,133.39447,-311.22772,519.56885,850
50,145.67914,-262.03073,449.8039,850
51,516.1805,199.607,539.2581,850
52,402.09793,85.31434,481.19174,850
53,140.19283,-247.29483,496.76807,850
54,464.56412,151.06482,507.9439,850
55,247.3633,-131.24706,461.4809,850
56,457.37085,144.81226,504.03265,850
57,363.49887,18.247734,487.93082,850
58,159.06288,-178.11041,503.5778,850
59,491.11636,175.96867,524.7556,850
60,515.09314,198.69145,538.5599,850
61,511.16882,195.14664,535.9395,850
62,424.42136,111.08317,488.58075,850
63,140.32307,-299.22092,530.04803,850
64,93.70979,-411.7555,479.53296,850
65,189.45947,-259.25403,489.5137,850
66,107.46823,-400.6042,512.8048,850
67,515.85126,199.30122,539.0479,850
68,287.67978,-107.85148,493.86664,850
69,121.28988,-336.27557,465.67868,850
70,158.68623,-195.41202,511.654,850
71,160.33359,-265.16754,459.55792,850
72,427.46988,116.10957,487.08197,850
73,170.64159,-131.69383,512.6353,850
74,326.33643,-51.39483,498.43082,850
75,169.94228,-138.90733,512.9602,850
76,130.42798,-286.10583,449.9907,850
77,206.82932,-215.66493,477.23734,850
78,502.65903,187.36415,531.21484,850
79,172.22629,-279.8761,483.44586,850
80,148.52512,-226.43079,504.67288,850
81,171.29713,-233.28442,447.5348,850
82,167.16685,-138.19693,505.31058,850
83,284.1003,-91.07297,475.98352,850
84,132.6502,-250.00441,480.90366,850
85,471.34048,157.77072,511.5852,850
86,266.44766,-125.62361,481.87393,850
87,118.46741,-310.51157,483.81607,850
88,131.5563,-332.68524,477.23386,850
89,150.69992,-147.69142,466.29797,850
90,495.99008,181.57516,526.4851,850
91,142.1902,-244.33455,500.39484,850
92,141.13145,-244.57654,497.34537,850
93,166.396,-146.34729,505.74503,850
94,103.078674,-384.385,476.15546,850
95,107.083725,-369.1028,491.8742,850
96,102.13276,-357.08838,472.2633,850
97,199.85233,-78.75535,574.4737,850
98,162.3511,-182.99214,514.0897,850
99,487.16403,173.55513,521.50305,850
100,438.12762,126.67874,493.76324,850
101,489.46024,174.96582,522.55945,850
102,227.8684,-83.77935,403.1928,850
103,163.62405,-284.3826,476.412,850
104,437.93906,125.286476,493.81232,850
105,327.62302,-48.00026,496.4508,850
106,128.45,-280.50067,468.56485,850
107,151.50188,-200.34517,496.6719,850
108,97.03528,-432.91223,502.70047,850
109,493.34555,178.27298,525.86804,850
110,182.69234,-110.827515,538.58984,850
111,164.04779,-146.78688,499.7616,850
112,110.33535,-365.20364,470.83334,850
113,155.44514,-276.24686,462.5366,850
114,508.59998,192.90648,534.65375,850
115,285.12643,-117.139565,498.69495,850
116,209.20665,-191.71793,459.2225,850
117,342.76306,-14.016659,487.4834,850
118,125.24402,-263.90613,471.36896,850
119,416.12222,101.611435,485.5929,850
120,513.49524,197.44768,537.37354,850
121,326.32465,0.55197287,462.45703,850
122,341.13733,-16.17183,489.1345,850
123,121.5079,-300.82465,485.36325,850
124,88.31798,-414.76904,474.84933,850
125,162.43341,-165.65443,505.0988,850
126,176.36942,-117.5058,523.6124,850
127,443.19727,131.36043,496.9577,850
128,156.3127,-297.14688,478.42035,850
129,113.65391,-364.8448,476.21707,850
130,155.93433,-194.64174,504.64874,850
131,506.34534,191.1129,532.8088,850
132,117.61481,-364.49652,515.9339,850
133,191.02309,-83.53216,552.67444,850
134,170.62077,-131.57384,512.72015,850
135,150.62976,-186.79143,487.32892,850
136,125.101364,-360.28506,485.50137,850
137,167.9484,-149.25116,510.78458,850
138,268.14694,-34.289856,421.668,850
139,410.52313,95.866066,481.01865,850
140,476.85263,163.59944,514.7606,850
141,308.17212,-67.99494,490.59006,850
142,160.63564,-177.28938,506.212,850
143,129.33153,-309.69485,509.7651,850
144,509.50827,193.88063,534.6051,850
145,493.83392,179.28,525.2371,850
146,163.14932,-163.42851,504.997,850
147,118.84029,-320.48923,491.19913,850
148,393.7283,70.4838,488.25824,850
149,121.87642,-357.6005,521.9993,850
150,313.54846,-49.058933,481.31912,850
151,107.250244,-402.28156,513.27966,850
152,113.206696,-368.82385,473.2901,850
153,99.076744,-370.29138,457.749,850
154,110.781296,-360.42447,480.5267,850
155,153.61967,-272.69485,458.04623,850
156,160.17929,-172.06572,502.1758,850
157,118.37135,-329.60162,458.1389,850
158,516.2945,199.68993,539.35046,850
159,138.22537,-177.35449,450.43198,850
160,243.22781,-141.21544,465.08167,850
161,305.2925,-81.41292,495.67682,850
162,282.28244,-92.21955,476.58017,850
163,170.10617,-258.53406,463.52798,850
164,155.49088,-205.63303,509.27505,850
165,163.67567,-153.35733,501.38522,850
166,173.40645,-134.3903,521.01135,850
167,207.75966,-201.23462,465.58655,850
168,290.80588,-85.6772,482.3691,850
169,405.7912,89.2222,481.35153,850
170,134.80446,-304.76953,461.43213,850
171,497.63586,183.5347,527.57935,850
172,118.097305,-317.64432,487.49734,850
173,128.58702,-228.90865,458.0579,850
174,162.59537,-149.87991,496.84717,850
175,169.90764,-142.70227,514.24243,850
176,162.38693,-163.18071,503.1041,850
177,444.56332,133.25589,496.1756,850
178,161.32501,-159.12479,498.61905,850
179,114.49544,-424.70517,522.40717,850
180,144.58705,-269.6604,520.8107,850
181,181.8635,-242.46193,466.82004,850
182,104.92324,-367.00333,466.4038,850
183,119.4353,-265.65158,444.65823,850
184,491.6105,177.27776,523.80536,850
185,157.70377,-207.49791,516.0967,850
186,442.60742,130.51657,497.02777,850
187,126.66996,-287.08124,488.73425,850
188,147.13486,-201.50328,486.3327,850
189,106.51625,-398.07962,489.85538,850
190,118.0501,-362.56418,515.52954,850
191,200.65552,-191.78664,452.94513,850
192,138.36891,-252.40819,496.0127,850
193,154.79308,-175.65436,491.4618,850
194,141.64203,-210.23143,478.08087,850
195,374.02145,43.201305,483.0562,850
196,216.42932,-210.4961,483.77597,850
197,160.29489,-160.02005,497.33975,850
198,158.70566,-199.22249,514.20325,850
199,119.76434,-331.5264,458.0757,850
200,131.12436,-298.13403,507.12512,850
201,132.02728,-257.7751,484.28564,850
202,141.46652,-208.46988,443.45563,850
203,163.24937,-151.64635,499.76257,850
204,123.67072,-337.1913,464.8274,850
205,103.52778,-371.22412,476.9929,850
206,87.96337,-393.22864,455.04956,850
207,232.59534,-196.35387,494.4577,850
208,426.89346,116.88139,487.16074,850
209,183.76187,-271.80246,492.44342,850
210,346.3312,-7.174141,489.50424,850
211,141.119,-208.74019,475.89783,850
212,98.82033,-390.1865,479.30405,850
213,480.62122,166.97913,517.593,850
214,441.32407,129.70152,498.84308,850
215,178.1299,-119.025604,529.02936,850
216,492.07535,178.55562,524.076,850
217,101.597565,-427.70773,515.21436,850
218,127.89205,-285.8588,440.56415,850
219,94.58458,-400.3664,480.5718,850
220,209.74232,-225.01277,486.8576,850
221,159.81854,-183.20367,507.61548,850
222,171.9059,-123.55068,513.47644,850
223,119.7312,-328.74072,498.06726,850
224,105.70034,-329.48093,462.53128,850
225,94.260445,-426.23758,495.1906,850
226,161.29402,-164.17851,501.28412,850
227,119.5572,-362.5565,479.7164,850
228,110.8631,-380.33347,482.5603,850
229,177.1793,-123.51969,527.7956,850
230,100.70252,-391.985,478.53912,850
231,193.35435,-219.16605,462.53253,850
232,509.87134,193.83951,535.44464,850
233,336.18375,-24.199177,488.91772,850
234,116.095116,-365.5093,480.8723,850
235,139.52252,-201.36732,467.4362,850
236,146.92566,-311.125,476.9511,850
237,153.41324,-208.21352,506.05374,850
238,344.88327,-11.101447,489.837,850
239,208.47386,-213.29515,475.7442,850
240,162.58507,-167.55142,506.71692,850
241,102.95912,-402.78516,489.60754,850
242,94.70704,-374.9089,464.33673,850
243,163.11415,-161.61687,503.55865,850
244,168.23808,-147.54094,511.18887,850
245,184.84369,-103.8772,542.32086,850
246,159.02296,-163.70377,495.67346,850
247,371.58392,36.726337,483.38828,850
248,121.42197,-298.5157,442.60596,850
249,184.01738,-101.859604,539.3759,850
250,132.65164,-239.07492,474.1384,850
251,96.11995,-435.32074,505.87616,850
252,247.84502,-123.886604,458.7616,850
253,118.30418,-362.7607,482.43732,850
254,139.27563,-274.43564,510.98312,850
255,325.9535,-49.09018,496.53278,850
256,130.5064,-290.94946,501.30017,850
257,102.45318,-355.17828,462.686,850
258,259.22668,-117.7091,465.7001,850
259,169.24312,-137.57877,510.6762,850
260,96.24248,-387.24078,467.0787,850
261,98.08727,-388.5248,469.4817,850
262,150.63748,-231.0122,512.0399,850
263,146.1806,-159.90224,452.1882,850
264,149.13225,-264.50735,447.8029,850
265,105.0232,-368.4245,472.9049,850
266,230.63312,-44.268185,637.55664,850
267,183.21239,-116.03361,541.63947,850
268,94.58458,-411.1611,484.4623,850
269,457.4231,145.50339,505.62085,850
270,162.41647,-148.01215,496.2825,850
271,94.64251,-405.56772,483.32242,850
272,150.55446,-173.65549,479.92163,850
273,153.98018,-204.90291,505.0817,850
274,320.0257,-57.391026,495.124,850
275,164.08875,-152.85239,502.09933,850
276,177.45981,-127.59387,529.7521,850
277,92.385704,-421.3752,488.8998,850
278,431.0945,118.47366,489.82928,850
279,121.801704,-278.64456,469.21014,850
280,210.71196,-208.36588,477.55527,850
281,91.35969,-405.7036,476.06558,850
282,172.74266,-132.99988,518.65497,850
283,227.6073,-180.16959,475.38153,850
284,132.39574,-240.18304,473.72705,850
285,127.224014,-354.13437,483.72522,850
286,123.46567,-273.89514,451.56296,850
287,109.436584,-382.76453,480.84723,850
288,173.4809,-127.68347,519.1585,850
289,124.66288,-346.851,479.71225,850
290,166.75322,-144.11082,506.2688,850
291,429.86826,117.726715,489.70886,850
292,106.0915,-357.64014,462.24652,850
293,413.0772,99.02684,483.0934,850
294,506.49515,191.21474,532.9696,850
295,91.235504,-397.0553,470.40222,850
296,102.52148,-394.3979,479.50177,850
297,277.69553,-109.512535,482.74304,850
298,302.30457,-57.32951,476.68137,850
299,510.79758,194.74785,535.9636,850
300,476.58093,163.62822,513.67584,850
301,299.0576,-85.77412,490.70615,850
302,395.31952,74.48218,480.0032,850
303,130.07454,-338.82822,477.1003,850
304,111.15347,-361.93097,497.96408,850
305,479.5021,165.58693,517.0435,850
306,115.56574,-374.07715,483.49582,850
307,129.26262,-326.1985,464.1615,850
308,167.42712,-152.85736,510.68912,850
309,166.50499,-131.23532,501.6497,850
310,166.0892,-175.81488,519.9797,850
311,289.62057,-81.92915,480.46164,850
312,176.00887,-126.91558,525.8443,850
313,163.60455,-154.6046,501.74182,850
314,166.39056,-160.9393,512.6119,850
315,106.32429,-343.78607,474.40036,850
316,120.829254,-313.75638,491.74103,850
317,349.28204,-3.758442,488.64044,850
318,192.93166,-133.34882,422.6077,850
319,130.80618,-224.747,460.41852,850
320,111.48923,-402.03424,524.1838,850
321,97.23319,-425.03598,499.05936,850
322,294.32834,-97.849815,494.89484,850
323,425.057,112.528496,488.30273,850
324,173.43126,-146.56252,524.9236,850
325,197.2057,-87.49444,570.0546,850
326,98.281,-411.6325,496.83496,850
327,443.8449,130.63608,497.09848,850
328,170.04868,-133.95575,511.9441,850
329,153.45557,-127.887695,463.92996,850
330,443.03302,130.7616,495.715,850
331,96.97609,-391.82568,469.904,850
332,198.38441,-201.3203,454.5719,850
333,327.6126,-47.40284,496.39642,850
334,516.2549,199.6548,539.3242,850
335,128.8321,-295.33542,456.14548,850
336,371.30194,34.36171,485.19556,850
337,161.41101,-168.6825,504.1354,850
338,96.984604,-369.49872,467.01517,850
339,142.99097,-199.02188,475.21805,850
340,163.0126,-191.88799,520.27356,850
341,465.1554,154.4653,507.21243,850
342,253.97287,-170.92554,500.22372,850
343,465.29907,153.32178,507.90576,850
344,311.7671,-72.3063,497.8263,850
345,97.75708,-438.17374,505.12924,850
346,127.081436,-254.4334,469.79596,850
347,199.24896,-214.80168,467.47012,850
348,215.07155,-191.08653,466.87207,850
349,174.73073,-124.441895,521.2737,850
350,157.63147,-186.679,504.1259,850
351,240.82242,-138.20639,459.33054,850
352,132.38004,-227.21979,466.05725,850
353,174.39583,-125.05842,520.7776,850
354,94.37668,-399.4612,476.90363,850
355,146.2233,-200.77011,483.77542,850
356,128.60486,-341.7601,528.4327,850
357,130.95471,-274.84494,492.40833,850
358,139.50652,-207.81252,471.14737,850
359,227.16408,-158.038,455.9184,850
360,484.24277,170.50594,520.3373,850
361,434.533,122.76918,491.11884,850
362,134.0964,-302.34503,516.7134,850
363,189.61266,-112.781525,558.0217,850
364,439.24023,128.77356,493.357,850
365,439.13452,127.64926,494.47995,850
366,136.99101,-277.11197,507.73694,850
367,208.73889,-194.71985,462.74677,850
368,139.54997,-235.7237,488.83737,850
369,123.15674,-347.36966,518.37,850
370,162.99998,-181.11414,514.6245,850
371,455.54,143.43188,501.84857,850
372,168.6824,-145.73515,511.91586,850
373,345.31454,-13.383439,490.29434,850
374,112.43128,-334.21185,475.98984,850
375,157.15096,-159.41325,489.40857,850
376,249.6279,-171.64769,494.9235,850
377,165.59442,-150.29349,505.0503,850
378,498.15594,183.16461,528.0558,850
379,107.0063,-339.8536,448.36707,850
380,168.00314,-161.5062,515.98724,850
381,134.47003,-292.93976,460.0146,850
382,199.78886,-207.47194,460.9987,850
383,413.5539,100.978,482.13782,850
384,507.04102,191.4418,533.3433,850
385,106.91386,-330.66254,459.38138,850
386,345.11707,-6.5664825,489.8878,850
387,163.50273,-153.7418,501.27936,850
388,405.31653,88.32249,481.49316,850
389,103.11107,-360.30176,461.25327,850
390,102.85328,-435.481,516.316,850
391,269.44507,-136.51135,494.06647,850
392,179.14618,-115.33152,530.4473,850
393,104.60131,-322.28958,455.96722,850
394,171.14436,-268.01297,472.91086,850
395,239.30727,-41.100082,660.38654,850
396,105.84644,-325.40512,456.5602,850
397,127.86477,-264.98007,447.57184,850
398,466.24728,152.71388,508.67316,850
399,174.914,-113.42623,518.15094,850
400,509.45947,193.13618,535.9795,850
401,175.78632,-124.31198,524.23425,850
402,464.8586,150.99991,509.7625,850
403,404.16162,84.47197,484.41666,850
404,406.23907,89.39623,482.70337,850
405,116.39153,-364.83063,476.37613,850
406,113.694565,-366.4461,500.02518,850
407,134.8304,-293.86993,512.4295,850
408,294.34317,-95.436264,495.53174,850
409,220.36156,-219.98306,496.31436,850
410,500.711,185.67668,529.51,850
411,456.4511,144.89838,503.03702,850
412,154.0705,-162.0106,482.45642,850
413,98.44677,-362.36353,460.558,850
414,92.02546,-406.12338,472.49982,850
415,116.67266,-339.97095,497.94135,850
416,180.64001,-104.9966,531.0374,850
417,180.11433,-103.77953,529.3954,850
418,94.1796,-401.50275,480.3778,850
419,115.794815,-288.6388,448.54156,850
420,391.05258,68.45169,480.35034,850
421,136.8374,-280.43875,510.22516,850
422,498.0964,183.37524,528.15594,850
423,160.96251,-170.76556,504.2594,850
424,161.41489,-172.65826,506.16003,850
425,135.91818,-342.60513,486.2669,850
426,94.507355,-335.1701,436.3593,850
427,157.1044,-199.40611,509.5406,850
428,173.66573,-118.91438,517.0958,850
429,154.79066,-196.07864,502.74905,850
430,206.8916,-74.455055,587.74866,850
431,240.47252,-172.52449,484.0441,850
432,164.10922,-166.57379,508.60385,850
433,103.92903,-343.74896,450.4646,850
434,104.12361,-411.2168,510.78622,850
435,513.7363,197.38472,537.6957,850
436,506.66006,191.12102,533.3343,850
437,131.17987,-313.66754,516.7397,850
438,490.5844,176.50714,522.8482,850
439,147.16403,-224.22565,499.75345,850
440,460.84457,147.45837,506.34714,850
441,463.60947,151.16762,506.30478,850
442,149.04193,-231.0733,508.35587,850
443,456.95285,143.44737,505.32852,850
444,159.32312,-169.9941,499.83698,850
445,230.83661,-140.84009,445.45984,850
446,116.32483,-349.90625,502.8168,850
447,332.7388,-32.81278,491.64835,850
448,176.30258,-287.5226,495.3696,850
449,119.495865,-255.02159,451.44775,850
450,110.506454,-322.79132,471.72464,850
451,243.29303,-140.6659,462.42255,850
452,364.74063,25.192394,483.79156,850
453,515.9789,199.41347,539.1308,850
454,92.72335,-404.46146,478.62183,850
455,95.54112,-349.11014,439.60895,850
456,114.18463,-363.49524,471.40005,850
457,92.42812,-412.1185,478.45203,850
458,188.11343,-101.120926,550.3074,850
459,183.30153,-277.4313,496.07904,850
460,115.68924,-294.1139,460.23126,850
461,485.3756,170.59245,521.2794,850
462,123.58829,-234.31952,448.33575,850
463,113.91525,-338.61707,490.16742,850
464,114.069885,-327.12292,483.13235,850
465,166.64954,-138.10074,503.80878,850
466,179.90521,-105.06621,529.16003,850
467,93.885994,-394.34528,475.03854,850
468,238.93878,-165.31776,476.87424,850
469,130.02333,-357.87396,490.51932,850
470,90.9637,-415.3829,477.64713,850
471,121.58999,-311.83237,449.1953,850
472,143.56866,-244.76503,503.08148,850
473,94.94044,-407.28558,486.11102,850
474,241.68707,-143.95627,464.8958,850
475,138.40353,-206.07997,450.6149,850
476,434.0575,123.03994,495.0911,850
477,514.1425,197.94267,537.799,850
478,100.813354,-392.50543,479.27386,850
479,144.544,-239.2222,502.37137,850
480,469.8894,155.68657,511.8092,850
481,377.32996,44.46112,483.3199,850
482,182.86325,-95.22581,534.1117,850
483,380.54306,51.59854,481.26508,850
484,200.688,-113.73761,417.5738,850
485,130.24359,-279.79175,474.2728,850
486,280.8635,-111.83218,488.8632,850
487,210.04245,-214.08797,479.01212,850
488,100.66591,-416.30682,493.37833,850
489,429.54608,117.76736,488.938,850
490,164.90204,-152.13617,504.0176,850
491,152.8586,-218.31316,510.18274,850
492,316.15552,-51.30096,485.0494,850
493,88.241356,-373.75494,447.87,850
494,183.99452,-94.27959,536.88257,850
495,509.57675,194.0836,534.8804,850
496,125.75535,-282.20932,484.47308,850
497,393.17264,70.973175,482.12848,850
0,507.33438,176.49768,537.4936,900
1,153.56088,-116.7728,451.11115,900
2,438.47083,116.21552,496.9577,900
3,98.9705,-351.53635,445.17798,900
4,143.04677,-126.98281,429.05307,900
5,137.72542,-161.99054,434.76624,900
6,506.64786,176.19112,537.17365,900
7,193.19241,-184.67207,454.5362,900
8,493.66177,165.81801,532.18756,900
9,151.0229,-201.98038,456.8631,900
10,461.7282,136.19702,513.0465,900
11,521.55493,188.81454,546.9649,900
12,392.18628,57.906116,495.87164,900
13,110.160904,-336.84018,466.3031,900
14,135.16109,-170.51054,431.70654,900
15,402.11948,67.26144,493.27972,900
16,438.33453,116.998886,495.70297,900
17,204.55684,-258.44318,505.38138,900
18,122.8167,-177.1543,405.32635,900
19,245.80875,-175.47133,493.74286,900
20,439.68277,116.18867,500.1424,900
21,521.99,189.41946,546.91486,900
22,287.7156,-118.01592,500.97626,900
23,140.27742,-157.13295,438.04453,900
24,145.63573,-262.15567,470.8767,900
25,139.58409,-343.52478,488.77597,900
26,141.773,-322.86987,469.97278,900
27,487.11252,160.20184,526.3194,900
28,528.7103,195.8938,550.5297,900
29,503.83002,173.712,535.05994,900
30,107.53247,-347.44424,451.501,900
31,94.99257,-391.25244,458.3751,900
32,160.74524,-122.11508,472.69434,900
33,143.62877,-97.261246,415.43997,900
34,152.44337,-121.8857,450.876,900
35,155.29466,-79.19416,437.8594,900
36,179.59758,-27.742382,482.15698,900
37,242.82428,-203.31418,509.50882,900
38,155.45667,-107.45529,451.8484,900
39,473.14832,146.22305,516.3304,900
40,261.04083,-136.27165,485.9927,900
41,93.10646,-377.52438,449.63678,900
42,128.91377,-192.16087,427.39307,900
43,100.98402,-373.52094,467.13358,900
44,333.40723,-30.952457,487.20703,900
45,142.62529,-155.56169,435.98035,900
46,522.4709,189.91696,547.32007,900
47,340.54767,-13.140143,488.4265,900
48,156.61134,-109.27229,456.26474,900
49,135.4634,-179.91039,437.13693,900
50,190.99138,-117.80263,454.5175,900
51,527.6972,194.3413,550.72314,900
52,437.318,115.32471,502.99057,900
53,85.63578,-414.19525,454.0034,900
54,428.4609,107.07577,490.6155,900
55,211.81583,-163.72519,451.3208,900
56,469.35175,143.24794,515.84576,900
57,260.19333,-170.95253,508.9857,900
58,151.7861,-121.32517,449.24353,900
59,501.65527,172.3307,534.8167,900
60,529.45374,196.12971,551.52057,900
61,516.9613,185.14795,543.79254,900
62,431.93503,108.419266,497.7574,900
63,112.176254,-342.66696,474.89944,900
64,159.51167,-319.50836,493.12234,900
65,199.21616,-268.9638,506.3385,900
66,125.61584,-381.24692,495.4866,900
67,525.52277,192.51549,549.22986,900
68,398.72592,61.52937,493.10986,900
69,103.90363,-359.11972,448.7778,900
70,121.84641,-254.1772,445.11417,900
71,200.16847,-197.1399,459.9517,900
72,477.09933,151.43233,519.67395,900
73,142.70694,-107.20118,418.03513,900
74,253.98674,-167.7821,495.87656,900
75,138.55486,-158.79442,434.0905,900
76,180.34293,-194.85767,451.0625,900
77,335.54367,-24.729599,488.58884,900
78,516.0495,184.79005,543.6532,900
79,256.23538,-176.42583,506.7064,900
80,117.92918,-282.0358,452.40543,900
81,200.22696,-207.63509,466.8253,900
82,146.00098,-143.62971,445.9963,900
83,327.34015,-10.928136,473.24097,900
84,129.13692,-189.85115,427.34512,900
85,497.4224,167.24371,531.79407,900
86,91.931465,-399.70816,460.3866,900
87,100.65138,-353.31137,454.03564,900
88,216.42729,-210.78365,487.55054,900
89,147.99313,-125.92042,441.78882,900
90,485.08286,156.29332,526.40985,900
91,114.556145,-248.68542,427.32452,900
92,106.68245,-299.43796,435.85452,900
93,135.08481,-182.4733,438.1774,900
94,104.9371,-327.5195,447.93857,900
95,96.63354,-385.15656,463.2233,900
96,110.51937,-284.17404,435.86624,900
97,162.02396,-48.26639,443.20163,900
98,131.93288,-193.87453,435.95593,900
99,491.21024,163.54527,529.6254,900
100,414.29272,85.67466,498.20895,900
101,502.0193,171.67052,534.865,900
102,232.15627,-59.634922,417.58908,900
103,147.55887,-293.70758,462.0932,900
104,488.61432,160.45656,525.9725,900
105,357.63516,4.3952503,487.11182,900
106,155.93185,-143.52696,464.60522,900
107,112.94291,-285.3895,442.8929,900
108,87.30078,-440.14835,474.09894,900
109,495.24435,165.34976,531.64905,900
110,148.18509,-91.811066,424.84976,900
111,154.48521,-118.95639,455.77948,900
112,95.26104,-349.40863,438.41663,900
113,103.42001,-367.37628,452.91125,900
114,503.69897,173.17207,537.8985,900
115,288.8604,-108.91671,494.56476,900
116,316.23486,-25.845945,466.12628,900
117,284.96384,-105.82959,485.10162,900
118,121.06825,-224.56342,426.6624,900
119,462.74466,138.07137,513.6773,900
120,520.4668,188.68948,545.9428,900
121,325.32214,-0.6613553,469.5006,900
122,346.27197,-6.6072135,489.7054,900
123,100.99246,-311.30164,429.70282,900
124,97.81817,-425.2687,481.1119,900
125,140.72626,-144.6126,432.55963,900
126,159.89653,-58.537785,441.82413,900
127,457.44022,131.74362,510.1974,900
128,196.35774,-259.39212,497.37592,900
129,123.65312,-336.47668,460.69345,900
130,124.85402,-223.0536,435.4296,900
131,514.0826,182.54475,542.4977,900
132,146.26189,-337.5599,489.9276,900
133,157.06172,-48.643547,430.1311,900
134,161.05804,-67.53286,448.7234,900
135,148.79315,-153.8784,458.61887,900
136,145.8643,-345.26526,494.935,900
137,147.74802,-65.595436,411.7118,900
138,215.81229,-61.960163,475.53708,900
139,314.35883,-62.880962,489.00427,900
140,470.28906,143.90363,517.4494,900
141,151.95395,-252.77611,456.85162,900
142,125.96757,-220.59035,435.75854,900
143,107.66345,-307.603,443.52844,900
144,517.28815,185.52335,543.83014,900
145,502.56314,171.78743,535.30774,900
146,131.02423,-194.44327,433.83542,900
147,109.82566,-282.27094,433.6058,900
148,378.75516,43.809044,501.3588,900
149,102.162125,-363.55957,463.3935,900
150,366.1178,40.027313,483.45102,900
151,112.451256,-325.9389,465.1798,900
152,85.116066,-390.92578,438.3696,900
153,124.256004,-270.44434,447.7099,900
154,121.10264,-328.9142,473.474,900
155,167.18898,-248.34004,459.4099,900
156,131.46031,-177.63182,426.21097,900
157,117.5639,-310.49817,451.1977,900
158,528.5918,195.06479,551.3193,900
159,148.80048,-125.942055,444.13864,900
160,138.8429,-275.2659,452.57388,900
161,246.87445,-176.03355,494.46625,900
162,395.12332,61.413975,496.60635,900
163,240.4837,-170.47649,483.96335,900
164,132.54605,-193.17441,437.0186,900
165,134.72385,-194.44319,443.8558,900
166,142.12988,-144.37642,435.47424,900
167,266.26852,-141.59734,492.83054,900
168,305.04,-45.768185,473.3049,900
169,394.77167,55.73994,496.33533,900
170,127.52255,-303.55695,449.6157,900
171,489.60547,161.81311,528.26324,900
172,110.51174,-289.55933,439.70065,900
173,131.22075,-169.92638,418.6241,900
174,137.0274,-126.017586,413.16245,900
175,139.01454,-167.93419,440.734,900
176,130.84831,-185.86795,429.00125,900
177,418.60873,92.64608,491.98138,900
178,141.05264,-139.33366,430.70163,900
179,134.42688,-393.42172,516.10254,900
180,109.850334,-340.0879,467.37207,900
181,108.14556,-304.63223,432.75223,900
182,110.40221,-302.77786,438.63046,900
183,105.693115,-269.45065,417.6157,900
184,464.50333,139.55803,510.89783,900
185,133.59291,-193.38399,439.7723,900
186,465.18658,139.96829,515.4656,900
187,135.7437,-183.00932,440.6751,900
188,116.354294,-229.16891,418.7828,900
189,135.03232,-355.4089,487.80414,900
190,115.9435,-287.34805,450.77216,900
191,180.34521,-218.29385,459.81277,900
192,103.304924,-334.47095,449.09558,900
193,99.055664,-338.35165,441.32407,900
194,107.93629,-316.95743,449.89133,900
195,449.42484,127.0642,509.13937,900
196,297.70956,-82.26021,483.2816,900
197,150.41853,-134.80634,452.59055,900
198,117.6442,-287.9422,454.6492,900
199,99.66121,-354.15,441.36304,900
200,101.07251,-354.08795,455.1522,900
201,116.8748,-241.15573,426.96344,900
202,227.9482,-34.26442,445.90558,900
203,155.31703,-82.99844,440.03217,900
204,110.87933,-376.35312,468.0285,900
205,125.06621,-209.25027,427.72046,900
206,135.6718,-347.52225,481.40692,900
207,296.2125,-104.26197,498.66037,900
208,435.38647,112.90175,501.49216,900
209,361.35892,6.22807,492.53494,900
210,335.69885,-15.452484,488.91052,900
211,117.855774,-236.61638,426.44177,900
212,178.00594,-267.03418,482.3242,900
213,483.71317,155.80096,524.6863,900
214,451.32135,128.2916,514.5914,900
215,156.5201,-86.65974,444.28748,900
216,502.3113,173.65807,535.4325,900
217,111.90264,-412.99603,497.42017,900
218,190.95839,-189.43448,448.40106,900
219,88.76454,-388.77286,444.9604,900
220,110.12558,-404.96436,487.74747,900
221,135.34663,-164.68008,429.1933,900
222,138.55092,-148.43518,428.5167,900
223,100.34874,-348.3115,450.02307,900
224,121.41843,-267.53412,444.44025,900
225,91.97112,-412.02863,468.19907,900
226,139.56601,-140.50165,427.22812,900
227,228.48796,-189.36507,481.8443,900
228,97.11545,-379.6114,460.85803,900
229,141.08615,-120.911446,420.65134,900
230,89.185104,-403.04218,455.6901,900
231,158.62216,-284.34714,468.94186,900
232,505.0074,174.80853,536.61487,900
233,355.15527,-2.5609105,492.43323,900
234,113.74985,-328.61026,447.6291,900
235,109.00606,-277.41547,428.7947,900
236,115.81381,-385.33722,482.64465,900
237,133.66394,-203.2368,445.94232,900
238,373.79352,28.499994,495.0844,900
239,198.5227,-203.17928,458.27142,900
240,143.10304,-167.78702,451.28674,900
241,96.56191,-387.00674,458.09534,900
242,88.10776,-406.21902,454.22333,900
243,134.71846,-145.19006,416.95038,900
244,135.66193,-188.00565,442.47147,900
245,151.51836,-74.995766,425.82166,900
246,147.14915,-122.57929,437.67435,900
247,384.7474,45.048477,490.64117,900
248,222.62076,-162.14847,454.41974,900
249,149.95116,-79.5955,423.73227,900
250,136.0253,-179.00941,439.53748,900
251,91.251434,-425.11447,473.6116,900
252,310.3828,-30.680876,474.13425,900
253,144.39824,-322.25183,479.61414,900
254,131.16002,-165.00333,418.42947,900
255,422.7971,100.43089,490.14468,900
256,99.15782,-366.9524,458.4578,900
257,135.26007,-269.43948,448.29498,900
258,249.4774,-89.22642,440.5423,900
259,138.83073,-137.94012,423.9276,900
260,100.66745,-331.44446,440.71567,900
261,94.02172,-365.501,441.87997,900
262,135.83768,-191.08835,444.34903,900
263,184.42885,-89.84521,494.35416,900
264,137.43231,-285.24664,464.38968,900
265,104.69915,-394.72504,477.22253,900
266,188.09006,-25.448402,504.3547,900
267,157.18977,-58.25231,433.80264,900
268,89.70172,-414.868,463.1686,900
269,428.1713,107.53744,496.52176,900
270,145.70004,-141.83087,444.3741,900
271,94.00847,-409.97,471.56274,900
272,149.13292,-131.29337,448.5243,900
273,116.598885,-267.95874,440.47397,900
274,393.4267,54.15943,494.73035,900
275,141.17706,-122.17507,421.6064,900
276,147.96738,-57.53107,408.98236,900
277,91.43433,-397.1562,457.5819,900
278,383.7329,44.205933,488.12125,900
279,144.5169,-307.79547,471.41833,900
280,7152.83,3291.5178,7938.242,900
281,91.0097,-420.9049,468.84637,900
282,138.37766,-137.69383,422.18958,900
283,231.78108,-195.5486,493.55826,900
284,135.0659,-180.92285,437.34293,900
285,128.35962,-357.9023,479.9283,900
286,142.50943,-217.55739,449.0797,900
287,91.72947,-369.69226,441.94476,900
288,145.42412,-134.36984,438.99493,900
289,216.75702,-193.95892,474.08765,900
290,155.4316,-107.25653,451.27145,900
291,448.36038,123.791756,506.1555,900
292,95.409996,-385.23242,460.32568,900
293,347.60886,-13.397197,496.02176,900
294,511.06265,179.65634,540.583,900
295,85.50433,-417.0416,455.02054,900
296,100.781746,-406.87173,473.53214,900
297,252.4583,-162.14644,492.60126,900
298,246.37146,-130.09438,470.13834,900
299,526.29333,193.40466,549.84,900
300,463.97232,138.99329,509.2806,900
301,233.09564,-208.18553,502.27365,900
302,418.11282,91.83582,490.96497,900
303,134.82632,-282.9845,440.4919,900
304,92.078026,-366.26923,440.80807,900
305,472.10107,145.94797,519.7237,900
306,113.48324,-370.22595,468.12485,900
307,215.65286,-191.13048,466.19708,900
308,138.68465,-134.30994,421.55457,900
309,165.58492,-68.53746,461.96225,900
310,147.56314,-152.40547,454.79602,900
311,275.9457,-97.93197,479.56607,900
312,155.86813,-81.80672,440.62823,900
313,143.57405,-114.74898,424.14377,900
314,131.80527,-208.33249,443.9495,900
315,95.352356,-337.35605,431.83218,900
316,106.28587,-333.31628,455.35477,900
317,325.6405,-47.487995,493.9831,900
318,175.51923,-161.35939,454.265,900
319,132.63309,-177.78976,430.98474,900
320,90.53237,-421.3728,470.09586,900
321,118.98259,-407.33792,504.74573,900
322,295.28876,-96.08601,491.58493,900
323,341.74854,-21.53362,497.82224,900
324,142.7321,-147.99289,438.5519,900
325,158.81721,-38.843884,430.79013,900
326,98.98065,-353.18927,449.5281,900
327,394.25787,58.17208,489.05252,900
328,169.09879,-36.639713,458.0538,900
329,150.07222,-107.60322,438.60928,900
330,395.49838,62.375416,487.2319,900
331,183.30531,-266.6035,485.79214,900
332,213.74971,-154.66258,453.54724,900
333,414.29703,78.95471,500.58157,900
334,527.6428,194.30112,550.7329,900
335,129.56096,-297.622,465.4001,900
336,342.17038,-22.869734,497.07297,900
337,133.39465,-189.90033,438.48737,900
338,89.76267,-365.19525,432.93243,900
339,131.00026,-183.16153,429.52457,900
340,121.959236,-251.71375,443.4061,900
341,448.2161,126.272934,505.89938,900
342,298.9502,-93.07465,490.58102,900
343,460.4573,137.05038,511.1442,900
344,345.689,-22.179012,499.34714,900
345,96.53045,-381.7692,460.2431,900
346,132.15182,-213.95837,448.2599,900
347,420.91815,92.190834,500.39062,900
348,194.04883,-226.77647,471.665,900
349,143.4555,-91.67049,412.36942,900
350,141.25961,-144.43256,434.09372,900
351,367.69507,36.39229,491.12045,900
352,131.78798,-158.7579,418.5019,900
353,147.29543,-117.536156,435.27002,900
354,97.87054,-362.19943,452.1513,900
355,114.879135,-269.49307,437.44617,900
356,101.74302,-375.50577,469.48135,900
357,117.108475,-258.8722,437.62048,900
358,112.993645,-230.99492,412.69928,900
359,173.1604,-235.82616,451.80023,900
360,496.5408,167.88193,533.4347,900
361,332.18674,-33.712,486.38467,900
362,108.040276,-331.865,458.18503,900
363,153.40813,-77.783875,431.55576,900
364,486.90375,159.09148,527.24585,900
365,434.96024,113.00098,497.86353,900
366,111.335434,-314.3145,455.98917,900
367,451.68893,127.27045,504.90253,900
368,129.566,-197.57707,432.32443,900
369,92.387314,-410.9923,468.18674,900
370,138.35652,-165.06012,437.11517,900
371,480.31747,152.9013,521.1927,900
372,141.36353,-171.74214,449.1424,900
373,273.1696,-135.15585,495.66547,900
374,135.17715,-308.7907,479.88882,900
375,173.58026,-115.841125,496.639,900
376,376.97192,32.20784,489.40533,900
377,149.96603,-99.63614,433.21182,900
378,505.15515,174.58154,536.6969,900
379,96.3946,-336.48026,420.73242,900
380,146.39005,-82.30205,415.2421,900
381,142.95111,-133.92564,432.56485,900
382,96.29529,-358.66995,446.44717,900
383,385.52222,41.244396,498.47787,900
384,510.8551,179.45644,539.9274,900
385,100.32248,-342.21985,445.07385,900
386,383.9088,45.00712,500.3208,900
387,154.7386,-82.538185,438.1163,900
388,297.4305,-74.6457,476.88162,900
389,99.76291,-299.56158,420.57956,900
390,90.56679,-442.1999,482.14465,900
391,365.52444,14.66084,490.39243,900
392,153.6488,-63.436623,426.79053,900
393,123.01776,-201.78784,418.76904,900
394,223.27927,-179.65004,468.53815,900
395,203.44835,-23.346746,544.9038,900
396,110.47162,-254.76558,420.08356,900
397,131.1943,-235.76495,444.61804,900
398,422.7759,100.432915,487.71664,900
399,137.54901,-109.067764,405.83682,900
400,523.9212,191.38318,549.2529,900
401,148.00072,-73.92955,415.9412,900
402,469.95892,144.0879,517.5493,900
403,274.5593,-119.165504,491.44333,900
404,396.788,59.779438,495.6164,900
405,99.365295,-394.47623,462.17657,900
406,115.49401,-250.17186,430.08224,900
407,93.31579,-376.98306,438.6514,900
408,212.84116,-224.9752,494.72095,900
409,251.81155,-183.82118,504.46667,900
410,473.665,147.53482,516.22614,900
411,459.2372,134.8542,512.44226,900
412,140.7891,-146.23813,435.08426,900
413,98.40451,-346.0555,444.71616,900
414,91.002075,-372.70804,441.7848,900
415,108.318054,-290.62454,436.15424,900
416,151.48302,-46.104782,414.0753,900
417,165.96802,-58.70046,458.88174,900
418,91.57418,-384.14108,450.03598,900
419,112.15884,-259.69812,427.5046,900
420,239.34114,-194.22377,502.2505,900
421,111.409256,-316.60947,457.5886,900
422,502.7336,172.8126,535.20703,900
423,141.31912,-156.46353,440.39322,900
424,148.69922,-97.16639,428.92743,900
425,137.54564,-355.54013,491.05984,900
426,134.83772,-184.4841,420.6258,900
427,134.46298,-162.7388,425.60635,900
428,169.78885,-111.2604,479.70905,900
429,127.80287,-218.9744,439.92093,900
430,151.34547,-56.32887,417.5161,900
431,138.23514,-369.44763,501.25513,900
432,134.30261,-134.5272,410.10022,900
433,176.8004,-169.89427,445.76285,900
434,113.42547,-316.49936,462.26697,900
435,511.0368,179.68694,540.9939,900
436,526.7131,193.59392,550.0003,900
437,124.43772,-222.35884,433.0736,900
438,479.06885,151.9067,519.5938,900
439,137.72456,-172.65746,439.72922,900
440,471.83176,145.75572,516.3273,900
441,457.73087,133.62871,506.341,900
442,144.74303,-117.693054,428.5192,900
443,271.39966,-142.40091,500.82645,900
444,156.06364,-98.17561,448.97507,900
445,237.98505,-133.90785,450.87024,900
446,99.51852,-372.55798,462.01453,900
447,388.0372,45.584435,496.20804,900
448,195.77452,-275.6712,506.0412,900
449,131.77129,-187.91269,433.41986,900
450,105.82193,-283.85425,425.95862,900
451,228.65915,-163.33307,461.06076,900
452,288.56802,-71.74168,465.0119,900
453,527.36847,194.3353,550.1528,900
454,129.91756,-336.05936,468.14252,900
455,95.376816,-334.61145,422.76404,900
456,85.15405,-396.48337,441.8533,900
457,89.3016,-426.90738,469.12027,900
458,171.81006,-33.076904,463.3858,900
459,162.87733,-339.90802,515.4189,900
460,104.97998,-308.94608,438.50955,900
461,511.76587,180.66383,540.67834,900
462,220.36313,-86.35457,441.1647,900
463,130.25175,-206.21492,438.70746,900
464,99.500984,-367.36124,457.37775,900
465,150.87428,-91.365585,431.76788,900
466,157.5775,-73.811455,441.74338,900
467,103.70839,-342.04608,454.1076,900
468,143.10237,-327.9826,476.88348,900
469,108.1917,-410.43057,488.31976,900
470,106.55194,-418.17557,491.77203,900
471,166.38335,-294.1091,487.75223,900
472,106.989494,-317.5402,447.45154,900
473,84.61568,-425.29828,458.48337,900
474,352.01712,8.1732,491.711,900
475,146.67723,-175.64507,440.2127,900
476,468.4129,144.16582,522.92865,900
477,523.6887,191.13332,548.0759,900
478,100.85177,-356.985,456.35236,900
479,132.96474,-163.05411,422.12164,900
480,482.3355,154.23576,523.7354,900
481,383.41257,39.503338,493.71118,900
482,132.60034,-185.86314,434.5277,900
483,381.70425,39.261017,494.16867,900
484,162.38878,-170.84299,462.62405,900
485,142.7875,-166.73488,448.00662,900
486,311.40872,-62.89552,486.91165,900
487,258.877,-153.87675,494.64392,900
488,168.44083,-322.77966,508.1916,900
489,397.18027,63.04449,490.95114,900
490,141.38747,-162.5422,443.68848,900
491,122.88746,-243.22443,441.02603,900
492,462.22696,136.84605,514.1138,900
493,101.911514,-341.17487,429.81058,900
494,151.18248,-65.52402,421.22,900
495,517.173,185.64384,544.309,900
496,127.18397,-193.83446,425.05304,900
497,409.58835,78.365746,496.80698,900
0,446.43375,130.2443,523.84503,950
1,162.93423,-99.88528,487.95685,950
2,439.43027,124.32845,520.38556,950
3,124.414856,-286.38123,444.9938,950
4,148.25233,-190.12354,493.7401,950
5,129.98624,-223.72469,461.62772,950
6,465.8583,149.89389,535.0265,950
7,371.27902,40.029945,518.0016,950
8,473.97458,158.31146,541.9435,950
9,128.81291,-222.13069,448.52048,950
10,439.73257,124.055695,522.9568,950
11,487.85672,170.15184,549.91254,950
12,366.3588,30.307875,516.93414,950
13,115.040886,-380.03757,505.75235,950
14,126.49899,-322.24063,504.20114,950
15,414.29416,97.37397,507.76218,950
16,416.8897,102.06549,507.219,950
17,255.48271,-147.12453,497.11304,950
18,134.57582,-166.62651,441.67236,950
19,362.074,20.615778,516.6667,950
20,436.36752,119.89946,521.79175,950
21,492.67255,174.9906,552.5746,950
22,337.06134,-21.567215,505.60083,950
23,147.0531,-199.44966,495.25247,950
24,149.67857,-217.9892,439.56335,950
25,378.2401,46.501526,507.06796,950
26,204.68182,-226.92865,491.3896,950
27,457.8992,143.65083,534.8304,950
28,495.29248,177.6528,554.05225,950
29,484.33575,167.32812,546.9068,950
30,118.55053,-386.02182,490.48975,950
31,183.7976,-247.847,486.45084,950
32,151.79825,-132.40752,480.46103,950
33,151.48943,-175.3442,494.95364,950
34,128.07217,-233.326,461.41623,950
35,159.52675,-117.48803,486.91785,950
36,174.77165,-70.139,507.13098,950
37,345.55737,2.2450352,494.17932,950
38,153.42378,-134.74626,482.59497,950
39,459.04,141.9059,531.8025,950
40,329.78604,-35.64716,512.6437,950
41,113.92943,-395.94284,490.70908,950
42,140.32985,-242.25075,497.90494,950
43,95.93855,-423.63306,480.5711,950
44,342.2154,-2.0432127,496.01443,950
45,135.0758,-158.18288,443.84506,950
46,489.77518,172.67566,550.60876,950
47,417.4514,98.84571,513.8722,950
48,142.19006,-181.4302,473.75806,950
49,116.857376,-384.0575,512.25604,950
50,273.0163,-47.626865,462.63675,950
51,495.372,177.72911,554.23224,950
52,411.27216,94.265335,512.2086,950
53,107.72962,-391.26785,493.0503,950
54,433.91705,119.73088,516.0458,950
55,268.32706,-74.48679,475.3113,950
56,462.30243,145.14058,536.06885,950
57,335.2963,-22.823553,506.54388,950
58,133.46172,-202.7972,461.67426,950
59,468.61426,153.3515,537.3892,950
60,497.2202,179.89073,554.59174,950
61,490.18112,172.5725,551.1738,950
62,408.64896,91.27232,507.64023,950
63,97.77675,-459.14813,505.2875,950
64,88.6813,-446.14966,477.34195,950
65,204.2879,-248.41599,507.03305,950
66,130.42137,-377.14267,501.65527,950
67,495.30374,177.67735,554.1256,950
68,425.93045,109.64339,512.5555,950
69,224.96452,-203.04288,502.0333,950
70,96.234436,-400.86172,468.5332,950
71,262.8113,-124.234924,493.73227,950
72,466.77203,150.71721,536.6121,950
73,146.63496,-179.93915,484.61594,950
74,269.65793,-122.24307,496.24683,950
75,145.06075,-204.6542,492.21173,950
76,205.94511,-143.0803,444.85815,950
77,351.33374,1.0822024,508.09476,950
78,490.1432,173.22691,550.8528,950
79,373.10815,36.883106,503.96497,950
80,127.669334,-315.48834,503.7822,950
81,191.01549,-249.28024,491.6983,950
82,145.10365,-118.08626,451.06583,950
83,284.21112,-80.08888,491.5092,950
84,139.02231,-219.08948,483.1319,950
85,477.50613,160.01007,543.36523,950
86,100.45424,-442.98822,501.39258,950
87,104.04337,-377.01385,476.65967,950
88,298.40128,-59.5013,498.59668,950
89,153.055,-150.53656,487.5076,950
90,478.59482,160.16342,546.54645,950
91,119.558235,-258.0455,446.4761,950
92,99.447365,-405.8011,479.54938,950
93,157.89948,-118.10446,482.94412,950
94,97.3798,-452.4145,500.8006,950
95,104.95255,-396.71616,490.48868,950
96,100.84411,-388.02094,473.14972,950
97,167.3307,-78.678696,490.82123,950
98,124.25371,-321.2622,497.5033,950
99,466.93253,151.48283,539.145,950
100,442.42896,126.44322,525.6873,950
101,493.08884,175.53903,552.6751,950
102,330.39554,4.057056,498.6939,950
103,264.79962,-110.880066,489.9679,950
104,461.07373,145.52036,532.5676,950
105,404.67615,92.13821,497.37445,950
106,147.84698,-120.23395,449.3232,950
107,113.77273,-321.7424,471.64764,950
108,145.7055,-351.51456,504.78723,950
109,478.2167,160.09012,545.5381,950
110,161.07953,-105.092575,484.4422,950
111,158.95201,-115.024796,485.232,950
112,97.810394,-419.9979,482.5027,950
113,199.01308,-209.79507,477.2245,950
114,486.4349,168.66402,550.04803,950
115,328.8268,-30.722776,504.09286,950
116,288.83014,-80.355515,492.12537,950
117,271.96814,-124.06974,500.74707,950
118,126.25273,-259.27734,470.12643,950
119,468.6672,152.38042,538.97217,950
120,493.04034,175.67929,552.73975,950
121,391.96005,89.452805,514.04083,950
122,349.09494,-10.760683,518.65265,950
123,94.895515,-396.02576,463.02075,950
124,94.04859,-443.36768,487.6955,950
125,151.89328,-163.89381,490.84543,950
126,161.08522,-110.26571,487.26004,950
127,457.6334,139.62286,534.0234,950
128,336.40207,-25.132118,508.24783,950
129,146.94868,-318.35428,486.66104,950
130,123.759285,-251.57077,459.902,950
131,490.25253,172.75081,551.32776,950
132,109.17028,-358.14792,479.0648,950
133,168.6769,-67.32915,490.61774,950
134,147.14572,-189.7558,491.12543,950
135,128.27971,-231.76134,461.23773,950
136,305.73944,-66.81697,501.09683,950
137,160.62943,-117.742966,489.4399,950
138,331.94293,57.46368,480.54562,950
139,342.30713,-1.6300564,495.69617,950
140,475.77252,157.83063,543.9736,950
141,268.63483,-97.8172,489.0929,950
142,114.04544,-373.5767,499.46707,950
143,113.10254,-290.75323,454.41312,950
144,488.952,171.79498,549.8692,950
145,481.53296,163.69716,546.26263,950
146,145.99525,-213.25131,498.81384,950
147,115.54378,-297.12085,463.23404,950
148,411.16333,93.69959,513.0645,950
149,106.45534,-375.97055,481.45956,950
150,371.29993,39.975697,515.4254,950
151,119.55901,-352.40768,502.23965,950
152,88.7968,-441.4452,474.00668,950
153,147.58075,-270.2933,460.05396,950
154,128.78055,-338.50748,480.9432,950
155,175.82639,-256.8443,484.37476,950
156,142.17152,-224.35786,494.05652,950
157,181.1476,-227.1925,467.25204,950
158,495.43826,177.78758,554.22485,950
159,147.68047,-142.53195,472.48273,950
160,179.45758,-231.92377,468.46545,950
161,291.69815,-84.56691,496.71518,950
162,346.40308,-7.908323,516.447,950
163,217.59332,-197.25252,491.36984,950
164,142.54062,-227.48787,496.6777,950
165,146.69296,-194.99138,492.27594,950
166,154.46388,-152.36134,491.386,950
167,244.35684,-178.56485,508.40872,950
168,184.24382,-145.91452,426.04565,950
169,428.1292,112.01354,516.4457,950
170,171.36908,-212.6897,448.84265,950
171,473.72217,156.87231,542.526,950
172,113.4034,-307.60135,465.98996,950
173,122.004005,-201.88081,430.81934,950
174,112.942665,-292.52368,453.02844,950
175,147.96275,-211.51657,503.7481,950
176,115.331314,-328.5543,479.1883,950
177,416.895,101.189125,508.91028,950
178,149.2361,-168.98969,486.36646,950
179,128.76042,-410.45544,525.0112,950
180,110.05614,-374.22195,489.65918,950
181,135.88275,-230.15768,423.1321,950
182,183.83972,-211.28508,460.31995,950
183,134.25208,-203.53494,422.3625,950
184,458.66306,142.73575,531.1705,950
185,137.27234,-262.59094,500.20987,950
186,447.9929,131.96292,528.3205,950
187,108.342674,-339.95285,467.05923,950
188,114.296616,-256.49213,442.25186,950
189,149.08183,-339.9322,503.2076,950
190,99.35112,-431.519,493.9716,950
191,209.2701,-130.88629,444.03925,950
192,120.3739,-269.90204,461.72366,950
193,96.05022,-425.6199,480.7244,950
194,120.232635,-251.88533,453.4325,950
195,444.55307,128.1922,527.1039,950
196,337.03384,-20.140566,504.68906,950
197,128.66647,-177.72559,438.85388,950
198,113.29581,-376.23083,498.8331,950
199,103.11236,-390.42886,473.48193,950
200,93.65204,-426.8789,476.1532,950
201,112.85837,-305.23877,464.02405,950
202,263.154,-11.931823,431.46265,950
203,149.40353,-162.30739,483.32654,950
204,190.9329,-271.87546,508.3445,950
205,125.97404,-175.52467,429.97656,950
206,316.04184,-55.865967,507.96014,950
207,255.22026,-157.89919,506.0237,950
208,422.25632,107.892784,519.7606,950
209,318.76855,-49.774803,504.75113,950
210,327.43768,-29.915592,511.0984,950
211,110.15746,-342.76636,474.18436,950
212,132.1842,-364.09274,497.24344,950
213,462.17096,144.39754,536.64496,950
214,432.60434,117.83848,525.95294,950
215,164.81764,-110.99527,497.47754,950
216,468.46167,152.77336,540.1071,950
217,132.86554,-391.73117,516.11444,950
218,218.04385,-130.1871,448.1849,950
219,100.51296,-371.6632,466.07382,950
220,260.7376,-133.89986,493.64154,950
221,125.39217,-307.35663,493.10437,950
222,146.2168,-205.52246,495.56458,950
223,102.43155,-425.98083,498.4694,950
224,116.427055,-279.80188,442.8357,950
225,98.14611,-452.56546,503.5871,950
226,152.19835,-143.2077,481.0512,950
227,315.91623,-53.70043,505.7431,950
228,96.253525,-407.6244,472.43335,950
229,151.4507,-192.17224,503.11908,950
230,106.37229,-401.63312,483.30417,950
231,141.3172,-330.69296,485.78732,950
232,474.23056,158.00752,540.9325,950
233,377.00348,45.55934,515.3394,950
234,158.26942,-313.66016,496.86786,950
235,114.57384,-270.1394,445.25864,950
236,140.47932,-331.67996,489.4617,950
237,126.722466,-294.24884,489.81885,950
238,417.1877,101.76974,511.63348,950
239,244.72108,-156.81029,491.2578,950
240,151.70613,-162.75092,490.11707,950
241,153.67181,-285.4489,472.94144,950
242,118.420044,-336.59036,466.1965,950
243,156.46367,-130.32713,485.2738,950
244,147.30234,-204.55925,498.32407,950
245,158.82611,-130.63284,491.9225,950
246,140.04312,-174.22151,465.18146,950
247,390.00424,68.446526,500.66812,950
248,153.24937,-302.3158,482.51608,950
249,156.08768,-139.75713,489.68427,950
250,130.79369,-203.84492,455.6621,950
251,106.18994,-429.61465,503.76984,950
252,315.81363,-27.810486,502.4954,950
253,174.24318,-225.91608,463.62347,950
254,141.18962,-236.28424,497.13647,950
255,436.93665,124.341774,515.3892,950
256,121.14136,-272.9024,465.34518,950
257,171.77365,-168.69301,421.48175,950
258,300.32977,-60.133327,498.72568,950
259,147.46991,-187.66927,490.33505,950
260,105.38416,-363.3597,472.7378,950
261,123.91678,-351.00253,478.28586,950
262,121.515526,-336.82547,499.27695,950
263,209.30844,-24.533707,461.16895,950
264,149.22876,-240.79504,447.33746,950
265,205.32954,-209.15025,487.7405,950
266,186.9435,-44.63722,531.5027,950
267,169.78668,-82.41771,498.4954,950
268,107.24038,-412.88312,495.54633,950
269,435.64307,124.07573,525.17896,950
270,148.48993,-172.54747,486.02658,950
271,104.40991,-409.30496,491.37857,950
272,133.9127,-184.33385,455.5498,950
273,127.61774,-303.22192,496.6156,950
274,379.0238,52.50935,498.6081,950
275,145.82451,-198.6262,491.272,950
276,152.86385,-181.7712,501.29077,950
277,111.10222,-376.02103,476.68945,950
278,428.30627,114.44354,512.5891,950
279,95.74603,-441.72113,491.45737,950
280,212.77625,-201.00577,488.2803,950
281,102.37598,-455.08554,512.357,950
282,149.68417,-201.32932,502.69308,950
283,321.71988,-40.30437,503.22705,950
284,138.4176,-217.5751,480.8853,950
285,129.83676,-366.64566,498.2667,950
286,175.88615,-110.72108,413.99182,950
287,96.392815,-443.46036,493.04025,950
288,148.24696,-192.54547,494.98395,950
289,213.31912,-164.59592,462.8371,950
290,152.46013,-150.27687,485.7873,950
291,472.86563,155.58994,541.91797,950
292,108.89551,-384.4791,481.7934,950
293,432.17773,115.84225,520.78326,950
294,488.518,170.77188,550.81555,950
295,97.26084,-457.83325,504.1925,950
296,188.33801,-278.61176,509.446,950
297,223.85979,-190.33212,494.14294,950
298,305.65558,-67.47552,511.3694,950
299,496.7119,179.94778,553.58484,950
300,461.36502,145.10567,532.1472,950
301,112.50785,-438.42044,519.8204,950
302,404.93848,87.525215,503.05435,950
303,170.03645,-223.892,450.84726,950
304,102.44435,-354.46198,459.8862,950
305,482.3484,165.1342,547.4895,950
306,196.55148,-244.4481,495.1714,950
307,218.67357,-191.92097,484.37473,950
308,119.96127,-295.47037,472.62958,950
309,173.15866,-57.032482,499.70734,950
310,155.05696,-155.54663,495.17288,950
311,387.85284,69.391426,509.6988,950
312,157.93828,-139.50247,494.7789,950
313,145.4833,-182.41437,482.6962,950
314,147.05449,-222.08022,506.35544,950
315,116.16796,-260.3976,443.21167,950
316,100.509315,-417.27432,489.62653,950
317,399.27975,78.5236,505.11667,950
318,201.5431,-110.474785,422.60144,950
319,161.85405,-174.85924,426.40936,950
320,94.577286,-493.3724,520.1867,950
321,211.99115,-243.35225,512.18835,950
322,347.75482,-0.99616486,503.06415,950
323,388.88116,63.448997,511.0593,950
324,142.83672,-239.43083,503.10147,950
325,166.87535,-88.81651,493.06216,950
326,139.11668,-360.92935,500.6747,950
327,358.85193,23.295084,495.67072,950
328,164.08237,-97.474205,490.07175,950
329,135.56966,-143.18864,441.21304,950
330,403.2583,90.4403,497.71356,950
331,194.13745,-275.16922,515.37256,950
332,230.18819,-126.91929,463.2379,950
333,428.91776,109.891174,519.31537,950
334,495.5464,177.92908,554.26447,950
335,212.34975,-139.76306,449.7591,950
336,357.806,14.251459,506.16705,950
337,128.6052,-217.36302,456.78238,950
338,100.482025,-429.1018,490.6682,950
339,132.85641,-158.60446,441.2282,950
340,136.33524,-280.1568,506.76697,950
341,451.66122,136.63133,534.21857,950
342,371.58087,44.213524,492.15164,950
343,461.20514,145.90492,535.6783,950
344,371.18674,29.976664,512.9773,950
345,104.56277,-432.99344,507.5984,950
346,124.26612,-257.2668,464.3715,950
347,433.83582,114.642944,524.86096,950
348,277.8613,-87.38701,490.55948,950
349,158.83911,-110.55839,481.0999,950
350,130.01126,-205.0663,453.31693,950
351,321.49557,-12.17566,499.30374,950
352,152.43938,-119.50932,471.4127,950
353,149.51868,-185.84377,495.3459,950
354,96.28025,-381.294,458.55515,950
355,96.04798,-346.98752,439.91302,950
356,119.09664,-367.87698,509.74396,950
357,118.449326,-293.47324,469.4092,950
358,101.31529,-364.1291,459.9513,950
359,344.9091,1.795107,499.6471,950
360,476.74564,160.24426,545.74475,950
361,320.24783,-35.262253,491.95786,950
362,115.18686,-324.89517,476.317,950
363,162.09935,-145.00888,508.29724,950
364,479.058,162.91333,544.45154,950
365,434.69052,119.21625,519.80273,950
366,110.707344,-374.9774,492.01178,950
367,379.5705,48.75147,502.06616,950
368,129.7221,-255.84114,476.69,950
369,100.964745,-442.8018,501.09378,950
370,151.31714,-197.50879,505.6221,950
371,472.53253,155.82497,540.3758,950
372,149.77345,-159.28421,483.07355,950
373,361.8505,24.927046,499.96268,950
374,128.45079,-353.00732,489.21594,950
375,194.58418,-50.729877,419.6022,950
376,378.5236,49.25807,499.12296,950
377,148.63101,-189.3951,494.63373,950
378,466.29547,150.15529,536.36597,950
379,125.54383,-318.27823,499.3857,950
380,146.47781,-211.23389,498.90433,950
381,123.07907,-282.1367,473.99826,950
382,101.09588,-422.21106,488.62976,950
383,375.8362,40.46231,513.08673,950
384,483.39764,165.9315,546.4855,950
385,113.74488,-308.54193,452.95206,950
386,362.50632,20.5178,508.99506,950
387,148.18227,-159.49104,478.91876,950
388,401.47467,89.070724,497.34726,950
389,111.510735,-311.26746,459.6316,950
390,157.6756,-348.22214,519.8912,950
391,467.02475,149.5173,537.6187,950
392,159.52919,-121.95315,489.14316,950
393,120.72974,-190.95396,423.05334,950
394,188.61496,-254.28131,491.4008,950
395,157.42476,-126.86715,486.2437,950
396,110.10088,-322.91144,456.5696,950
397,125.12869,-251.1738,442.22162,950
398,421.12524,108.449585,506.99466,950
399,148.40715,-161.79834,480.17447,950
400,490.91278,174.10449,552.0413,950
401,156.17043,-147.9625,493.70392,950
402,453.33264,138.49995,530.9376,950
403,358.1548,6.2595024,515.0821,950
404,424.48352,109.7922,517.6171,950
405,155.52818,-334.63245,509.64108,950
406,112.50835,-316.86615,466.1354,950
407,106.228424,-396.87653,491.52762,950
408,329.2811,-31.21156,510.02246,950
409,248.64703,-166.75468,500.28162,950
410,469.3016,153.06181,537.2898,950
411,459.714,143.31062,537.65283,950
412,141.99466,-148.29704,461.5206,950
413,103.06249,-374.84943,474.25876,950
414,107.99723,-341.1963,468.7905,950
415,100.03223,-380.7658,463.60287,950
416,158.46985,-107.69746,478.35892,950
417,164.9745,-90.31569,489.47763,950
418,90.161194,-434.73337,473.86542,950
419,112.17116,-299.57944,452.5914,950
420,425.93665,110.8039,514.46075,950
421,112.16311,-367.00745,491.4944,950
422,493.005,175.63873,552.76715,950
423,146.0089,-187.833,487.0,950
424,152.13524,-163.54271,491.51895,950
425,250.57411,-158.45923,503.57495,950
426,257.0206,-78.592,460.36365,950
427,132.24823,-273.5853,492.19833,950
428,164.0173,-94.43643,496.0783,950
429,106.646385,-355.49164,471.41937,950
430,175.24986,-65.922516,506.90463,950
431,101.00396,-488.26654,532.6282,950
432,145.03831,-208.3136,493.45724,950
433,193.01765,-128.56004,421.1914,950
434,93.69743,-452.01715,493.01846,950
435,489.13168,171.38478,551.13556,950
436,495.41965,184.36009,545.2644,950
437,107.25071,-321.83765,455.6872,950
438,452.13684,135.7857,528.2648,950
439,151.41452,-174.00945,494.57352,950
440,461.10696,146.25359,532.44543,950
441,460.1959,144.51804,531.56537,950
442,143.3416,-229.81119,500.105,950
443,331.70837,-35.58427,518.1482,950
444,146.78032,-172.98756,482.02475,950
445,269.09964,-113.07857,491.89893,950
446,94.07947,-453.1011,493.24548,950
447,367.65298,26.770182,508.93558,950
448,183.90788,-278.8548,502.65582,950
449,119.040245,-246.2229,450.249,950
450,100.836784,-370.25507,460.75763,950
451,345.0314,-2.87334,505.2246,950
452,389.27643,64.20987,504.01965,950
453,495.11343,177.52675,553.9901,950
454,94.96178,-430.45715,481.23914,950
455,117.06149,-387.36035,488.79498,950
456,98.602104,-476.17957,519.1316,950
457,93.478485,-463.6026,499.67734,950
458,177.68925,-52.163555,509.0728,950
459,208.90823,-241.74577,509.1361,950
460,120.121216,-261.12708,456.82617,950
461,484.39954,167.16278,547.2654,950
462,198.78061,-139.96968,433.39853,950
463,112.45724,-264.84888,433.88434,950
464,113.87839,-329.08923,468.10147,950
465,159.49226,-103.750854,479.68936,950
466,168.01039,-73.6866,490.82153,950
467,94.78257,-430.58823,482.98938,950
468,120.346886,-395.44553,500.21085,950
469,171.41191,-314.8141,512.7894,950
470,241.24126,-174.96135,498.5112,950
471,155.59099,-330.52887,508.8399,950
472,93.090515,-466.1453,499.82312,950
473,97.63191,-466.97668,510.6604,950
474,348.2217,-0.59612584,513.991,950
475,145.17293,-132.62157,459.18677,950
476,443.50858,127.21249,531.03235,950
477,488.63815,171.83382,549.9557,950
478,126.68585,-299.22867,450.23688,950
479,124.965546,-260.198,466.73618,950
480,452.57944,136.18906,529.42285,950
481,383.76553,55.76574,502.08023,950
482,130.46053,-234.2415,468.14792,950
483,423.802,107.70177,514.14594,950
484,153.23312,-182.03668,435.92502,950
485,121.55844,-345.76138,474.63773,950
486,361.81277,23.117735,502.3122,950
487,277.25574,-119.574974,507.9895,950
488,122.80458,-402.29257,508.66788,950
489,444.506,128.92015,525.4943,950
490,148.94048,-168.09283,485.16766,950
491,135.27597,-262.0197,494.42288,950
492,435.8905,119.1987,523.2541,950
493,95.187775,-451.36243,495.1141,950
494,151.22914,-134.04411,473.98846,950
495,493.74353,176.18823,553.21277,950
496,119.41788,-187.5911,417.09128,950
497,421.09756,103.36096,513.4616,950
0,455.64267,139.8139,491.75677,1000
1,199.285,-81.78955,542.7909,1000
2,376.9625,47.409447,467.4249,1000
3,158.11691,-272.23166,480.1241,1000
4,178.42386,-136.28671,510.81824,1000
5,182.84,-119.322334,513.39087,1000
6,445.15286,130.86711,484.3132,1000
7,190.65933,-149.82147,480.1598,1000
8,459.13797,144.9837,496.58688,1000
9,156.87863,-206.00433,491.8195,1000
10,395.9784,74.718895,470.52505,1000
11,475.38562,159.61374,503.88516,1000
12,368.2795,37.290665,485.32776,1000
13,134.52872,-357.0808,511.88174,1000
14,143.72752,-318.40988,515.32465,1000
15,417.8518,100.940384,476.58566,1000
16,394.6397,72.78749,468.1356,1000
17,282.50165,-116.769936,482.18677,1000
18,176.47726,-115.56183,500.61,1000
19,219.16093,-170.4126,465.29257,1000
20,397.18073,77.31455,472.76117,1000
21,476.97128,161.32161,504.95724,1000
22,251.20744,-180.81914,494.89194,1000
23,181.32632,-121.42487,509.90598,1000
24,172.52634,-244.25682,484.23386,1000
25,184.34737,-300.9466,504.97427,1000
26,163.42012,-323.91925,491.1809,1000
27,448.10315,135.25053,488.98126,1000
28,477.1275,161.95135,504.5281,1000
29,462.4418,147.2115,495.32965,1000
30,130.18124,-387.54404,490.70505,1000
31,111.169525,-456.41025,507.99762,1000
32,185.94551,-107.926384,523.22186,1000
33,179.88956,-139.65178,516.1148,1000
34,167.26036,-161.16806,500.6063,1000
35,193.10855,-86.44859,522.0286,1000
36,231.01163,-23.361034,570.1078,1000
37,200.35037,-294.50638,508.25116,1000
38,185.30846,-108.09945,517.39545,1000
39,436.5159,120.33274,480.97253,1000
40,325.3234,-45.77476,486.0269,1000
41,158.25781,-327.36353,485.9558,1000
42,176.50098,-143.16272,509.91602,1000
43,122.28487,-361.47565,489.84204,1000
44,232.81064,-217.04869,493.4005,1000
45,173.92232,-138.42763,510.32623,1000
46,475.314,159.92496,503.8197,1000
47,391.35544,62.983917,478.04276,1000
48,178.98491,-120.40374,509.4792,1000
49,151.84273,-279.47772,515.60144,1000
50,226.12555,-94.243675,461.6382,1000
51,478.69775,163.32294,505.83447,1000
52,376.43777,44.029716,481.1903,1000
53,108.27601,-479.90237,515.424,1000
54,326.3504,-33.258713,469.16125,1000
55,276.6641,-68.46337,463.52014,1000
56,420.9974,106.369156,476.37225,1000
57,325.9212,-44.52725,480.0938,1000
58,154.54227,-192.57848,491.51135,1000
59,453.24936,139.98006,490.16348,1000
60,481.80682,166.72475,506.7507,1000
61,471.0362,155.34492,501.41306,1000
62,407.62094,90.15327,473.64197,1000
63,118.23433,-421.0559,504.9433,1000
64,100.557495,-470.6103,491.6049,1000
65,148.44246,-416.37662,535.31903,1000
66,128.37035,-430.30826,515.9729,1000
67,475.71936,160.11243,504.11884,1000
68,362.51736,15.894347,474.47772,1000
69,172.69394,-325.06033,503.46854,1000
70,164.95998,-162.23663,493.91418,1000
71,284.98474,-102.287384,478.57956,1000
72,408.28494,92.96093,467.51578,1000
73,176.67975,-130.3861,503.5167,1000
74,174.83043,-356.93433,525.72394,1000
75,170.04951,-169.71353,508.3556,1000
76,227.98389,-148.67848,457.6201,1000
77,266.11557,-137.67635,477.5622,1000
78,461.57434,147.67325,494.90088,1000
79,251.7388,-187.19221,493.54834,1000
80,137.98018,-328.273,506.44534,1000
81,196.53432,-246.28809,478.46707,1000
82,179.12637,-108.09188,489.6737,1000
83,263.06763,-113.997116,469.90594,1000
84,151.40643,-193.66763,474.21906,1000
85,455.57816,139.31616,492.63702,1000
86,111.72321,-489.13272,527.3148,1000
87,126.56958,-339.7158,486.8607,1000
88,224.86887,-134.49051,451.64978,1000
89,174.8238,-145.3776,508.14938,1000
90,456.3441,140.11551,496.11395,1000
91,148.68976,-308.04572,495.1691,1000
92,139.39693,-278.4095,485.25735,1000
93,177.3891,-124.26067,506.19193,1000
94,111.18132,-436.74887,499.1028,1000
95,129.13115,-331.0489,495.43134,1000
96,128.44934,-320.61047,478.61633,1000
97,215.53886,-35.66475,556.3472,1000
98,137.44164,-320.5085,501.57312,1000
99,446.5211,134.28935,488.437,1000
100,410.2889,95.11626,472.66122,1000
101,465.41327,149.63376,497.962,1000
102,281.82788,-90.804054,478.64304,1000
103,181.50555,-305.04037,502.54468,1000
104,439.8565,125.90583,481.82022,1000
105,368.24002,36.627785,463.30606,1000
106,196.03416,-88.08614,513.65125,1000
107,138.94691,-223.37761,459.6295,1000
108,127.63066,-434.56583,516.50604,1000
109,448.648,132.70245,489.8999,1000
110,195.80432,-68.36769,521.0635,1000
111,196.35547,-91.44444,541.19135,1000
112,115.69727,-448.11557,512.73346,1000
113,135.49254,-374.55643,496.32498,1000
114,462.75357,147.96884,499.82098,1000
115,306.80353,-77.35509,480.6299,1000
116,329.5892,-23.945784,474.56097,1000
117,310.09726,-74.43832,484.59723,1000
118,131.95996,-333.03058,495.46915,1000
119,378.55954,47.07966,470.6949,1000
120,468.90085,153.72842,499.89157,1000
121,289.22388,-44.48726,469.16614,1000
122,360.33994,12.9916115,486.30804,1000
123,129.40663,-309.50006,479.7285,1000
124,103.28674,-464.9086,494.69098,1000
125,182.38802,-123.88783,514.76373,1000
126,174.87552,-134.43918,505.24896,1000
127,402.23654,80.90498,471.1509,1000
128,109.07817,-490.06128,521.58264,1000
129,137.52217,-358.85376,488.61337,1000
130,159.8729,-186.5201,492.51956,1000
131,468.78003,153.11363,500.19736,1000
132,119.22407,-408.98932,501.3789,1000
133,205.68076,-52.468395,538.29504,1000
134,190.78302,-93.15594,519.02765,1000
135,155.43208,-208.8186,479.80365,1000
136,151.70976,-386.39334,520.1845,1000
137,186.98575,-110.33223,518.16675,1000
138,301.46048,24.803219,514.789,1000
139,217.5834,-254.01573,502.98843,1000
140,440.60614,125.795265,487.88156,1000
141,228.41489,-208.98225,490.91785,1000
142,158.3479,-199.70757,492.77692,1000
143,146.06409,-203.48058,466.2003,1000
144,461.54092,146.42941,494.74136,1000
145,461.47842,145.1882,496.45947,1000
146,145.84544,-231.64825,477.70096,1000
147,133.88963,-300.8992,487.04382,1000
148,282.53452,-83.84244,478.19882,1000
149,157.17218,-298.3684,473.64752,1000
150,289.89832,-29.871265,452.80685,1000
151,124.1848,-452.04395,524.32715,1000
152,105.59794,-423.47562,478.5532,1000
153,199.66626,-212.89235,469.1186,1000
154,149.82872,-316.11237,496.91437,1000
155,172.54645,-301.33243,494.44543,1000
156,171.57053,-161.58002,507.55438,1000
157,173.11255,-267.20764,472.8302,1000
158,478.47632,162.92848,505.86862,1000
159,160.91985,-151.21158,488.98242,1000
160,152.56732,-286.37103,477.56885,1000
161,207.09526,-277.37457,505.65704,1000
162,305.1679,-53.814205,479.56085,1000
163,169.4387,-287.1789,482.80673,1000
164,155.0243,-215.72267,492.56284,1000
165,169.81935,-156.0666,503.78314,1000
166,175.96414,-161.26123,518.57117,1000
167,251.87439,-170.35385,486.38226,1000
168,293.7205,-82.38729,481.52576,1000
169,368.7595,27.309626,476.6113,1000
170,152.65073,-298.01178,479.94052,1000
171,451.36087,136.18771,491.64706,1000
172,139.65285,-318.8082,511.1518,1000
173,168.49425,-137.9479,498.7208,1000
174,133.88115,-315.26987,489.70334,1000
175,176.74963,-160.0473,520.2624,1000
176,155.6598,-205.72507,489.95264,1000
177,348.73773,-5.7338467,477.84454,1000
178,167.1176,-155.55478,494.92508,1000
179,121.58119,-505.66882,556.8202,1000
180,139.87851,-282.18634,488.64462,1000
181,141.57625,-235.99039,464.61377,1000
182,208.51808,-204.07692,472.444,1000
183,138.61082,-287.83945,473.5947,1000
184,410.15323,94.881355,467.69376,1000
185,150.25711,-260.423,502.38556,1000
186,415.38828,104.09507,477.83182,1000
187,125.6893,-327.31024,479.16586,1000
188,146.46786,-188.59776,469.89258,1000
189,159.81404,-346.50705,506.78577,1000
190,132.86807,-366.94058,513.26074,1000
191,223.44255,-178.63255,469.16263,1000
192,156.08794,-194.41,486.65988,1000
193,147.02293,-216.86967,479.97583,1000
194,141.78087,-230.47525,476.6615,1000
195,392.94656,73.635124,475.3618,1000
196,223.44748,-232.83728,493.11337,1000
197,181.3317,-109.23039,513.6464,1000
198,124.92414,-378.08704,499.24036,1000
199,113.69875,-450.35568,506.94006,1000
200,132.83122,-345.59592,502.3885,1000
201,134.94781,-291.70395,491.06378,1000
202,275.22247,4.854781,476.10086,1000
203,159.47943,-191.05359,492.80655,1000
204,142.26251,-390.6228,511.87317,1000
205,138.29828,-232.4961,463.3295,1000
206,111.07916,-459.57095,508.6172,1000
207,181.28943,-333.72507,523.113,1000
208,394.15802,77.009674,481.65002,1000
209,107.787636,-482.58884,515.0044,1000
210,271.24725,-126.97812,483.15222,1000
211,130.01085,-342.9688,497.9041,1000
212,178.45677,-248.75946,472.1424,1000
213,436.16516,121.49865,483.978,1000
214,378.52957,57.262558,487.48798,1000
215,201.95016,-70.44204,539.1784,1000
216,455.36542,140.61557,492.91888,1000
217,141.33072,-403.98816,513.39575,1000
218,220.84335,-148.82066,448.66864,1000
219,143.31403,-325.9146,489.9883,1000
220,188.9438,-304.01514,505.20212,1000
221,146.15498,-259.06424,491.9323,1000
222,165.54718,-197.45668,510.24197,1000
223,131.2369,-348.18997,505.39587,1000
224,149.30177,-223.72809,483.44208,1000
225,128.82764,-364.29333,505.17697,1000
226,147.06435,-190.23087,466.63605,1000
227,221.15417,-219.94695,484.67612,1000
228,111.68237,-457.84778,508.42422,1000
229,184.22176,-127.608986,519.9381,1000
230,145.61208,-360.80197,498.93942,1000
231,129.14528,-401.60986,502.06644,1000
232,444.90213,130.30115,486.38025,1000
233,358.35208,8.800937,481.49588,1000
234,119.41108,-403.56052,492.1978,1000
235,131.91093,-234.10815,451.96567,1000
236,113.365,-431.29755,497.53302,1000
237,136.00923,-341.14426,491.76028,1000
238,415.13443,101.123085,474.3154,1000
239,246.54895,-168.49678,477.4099,1000
240,166.69444,-153.67415,502.32333,1000
241,173.95511,-288.48312,488.10947,1000
242,122.47109,-390.46515,505.51147,1000
243,172.68005,-168.83969,513.6157,1000
244,164.31064,-200.39476,508.7697,1000
245,196.39645,-76.184105,525.4744,1000
246,168.26173,-136.82172,498.31787,1000
247,363.68124,24.68762,469.17703,1000
248,221.69434,-178.11984,463.79938,1000
249,188.02277,-97.23663,512.9168,1000
250,156.74214,-185.49883,487.22067,1000
251,111.21698,-455.2812,510.75137,1000
252,318.04834,-17.041773,476.89716,1000
253,189.69916,-248.75575,481.0557,1000
254,189.706,-102.35479,519.1905,1000
255,405.08185,92.20191,463.1061,1000
256,133.10223,-340.79736,503.51147,1000
257,238.2924,-124.06825,454.48407,1000
258,204.8902,-214.43541,467.80942,1000
259,185.55827,-97.87765,507.5365,1000
260,141.10521,-275.6008,497.45093,1000
261,143.74179,-381.75876,507.17877,1000
262,143.88875,-302.58508,508.18655,1000
263,237.10736,-47.223076,583.3683,1000
264,181.59892,-213.62555,460.3417,1000
265,164.70638,-300.92148,485.9951,1000
266,244.0082,-11.863603,602.41895,1000
267,219.81006,-34.75951,558.69275,1000
268,115.92018,-437.49875,511.2193,1000
269,381.91345,58.677837,476.22632,1000
270,184.71048,-106.49894,511.12415,1000
271,118.00743,-423.13773,510.33002,1000
272,185.54298,-107.608925,520.5065,1000
273,142.57785,-289.46457,498.18008,1000
274,345.93335,-2.1912408,467.7068,1000
275,178.20216,-138.27014,511.23474,1000
276,2168.0042,999.8538,2448.5054,1000
277,117.24815,-426.04755,500.445,1000
278,316.07486,-52.81714,471.08566,1000
279,126.82484,-475.86957,545.83746,1000
280,1160.83,526.3639,1256.1095,1000
281,126.08139,-422.98087,508.54114,1000
282,192.35083,-108.80447,528.7591,1000
283,226.8382,-206.17276,482.25134,1000
284,162.16946,-160.56706,486.54944,1000
285,117.05323,-441.59186,509.95084,1000
286,178.37563,-163.13522,481.90244,1000
287,120.492516,-461.26733,525.1608,1000
288,176.11237,-153.42097,515.4032,1000
289,207.81093,-179.92317,456.35126,1000
290,193.12552,-80.04916,520.2142,1000
291,420.60788,104.87723,478.02893,1000
292,126.421974,-365.98523,502.4242,1000
293,361.78363,18.833841,478.8473,1000
294,475.55212,159.92586,504.35477,1000
295,109.98751,-466.81583,511.50906,1000
296,171.08458,-336.46918,508.59946,1000
297,273.40036,-111.99134,478.12256,1000
298,327.6063,-19.809605,486.92966,1000
299,473.1383,160.04974,499.3824,1000
300,438.6427,123.78115,480.54892,1000
301,132.4947,-434.12454,525.8485,1000
302,403.29074,84.39759,469.39935,1000
303,165.179,-280.0599,467.59537,1000
304,113.71113,-404.49777,488.74533,1000
305,447.82782,133.42233,490.22012,1000
306,193.69992,-266.34387,488.40015,1000
307,158.31355,-329.83868,493.23553,1000
308,153.53397,-194.62036,479.09567,1000
309,218.06055,-28.273508,560.53357,1000
310,196.39542,-87.25168,532.99335,1000
311,298.13608,-74.25044,482.18982,1000
312,195.68753,-81.729675,526.5685,1000
313,179.03217,-128.39304,507.73654,1000
314,173.41264,-180.70119,522.2132,1000
315,129.25006,-327.50223,486.74338,1000
316,146.86775,-270.6717,500.12048,1000
317,302.4771,-82.23874,483.0854,1000
318,179.13353,-228.16649,466.66132,1000
319,172.97807,-119.99906,495.497,1000
320,106.855415,-499.37573,521.00385,1000
321,115.30052,-430.70596,504.25888,1000
322,332.23123,-27.001509,473.296,1000
323,405.84,97.12218,481.72964,1000
324,184.4061,-128.28654,520.7321,1000
325,223.78926,-32.37562,565.95856,1000
326,149.88983,-395.6303,519.87823,1000
327,345.2172,-1.3686376,465.3643,1000
328,200.35316,-78.45508,544.10315,1000
329,163.08212,-139.52509,481.00742,1000
330,279.56342,-122.67316,479.20193,1000
331,219.40744,-221.7405,489.29782,1000
332,186.56621,-211.02489,467.89325,1000
333,213.71593,-271.51538,512.247,1000
334,477.18152,161.84406,505.08887,1000
335,156.05493,-216.9866,494.44946,1000
336,332.21268,-32.547142,480.30762,1000
337,172.10283,-153.27031,507.20093,1000
338,106.16203,-450.34906,490.93118,1000
339,198.73401,-88.696625,507.50696,1000
340,149.27127,-288.88406,514.08856,1000
341,437.77823,125.5782,489.066,1000
342,305.36484,-77.551994,470.43396,1000
343,424.91205,112.231766,476.46625,1000
344,333.4321,-32.778965,483.41083,1000
345,117.32445,-477.99915,531.87805,1000
346,145.96672,-237.42303,484.68835,1000
347,375.41238,51.177628,487.06406,1000
348,257.34702,-99.53757,461.71,1000
349,187.70444,-92.15835,509.70343,1000
350,165.34901,-147.29471,497.3493,1000
351,338.73706,27.558672,478.78595,1000
352,179.85063,-107.73939,510.33334,1000
353,162.1658,-168.24648,491.02078,1000
354,108.92576,-419.7653,484.52182,1000
355,112.724205,-401.21027,484.29242,1000
356,126.47786,-417.53558,522.87665,1000
357,127.48441,-381.8124,513.82513,1000
358,130.97266,-306.77444,481.8658,1000
359,271.8821,-120.31757,472.203,1000
360,445.0431,131.22133,490.89426,1000
361,240.16772,-196.93071,483.753,1000
362,105.26204,-440.44778,485.88895,1000
363,198.93506,-90.79794,536.5396,1000
364,445.96564,133.04817,490.1498,1000
365,408.07346,91.55846,471.87247,1000
366,126.70043,-354.24277,492.57794,1000
367,382.6525,51.114677,474.91995,1000
368,144.15945,-242.35876,478.47406,1000
369,108.31924,-496.414,524.05176,1000
370,150.05704,-252.23532,498.3182,1000
371,454.4122,139.67308,491.60864,1000
372,176.36911,-120.78281,504.85083,1000
373,254.71457,-172.74411,488.41055,1000
374,159.05884,-266.58002,482.80804,1000
375,205.62692,-95.575226,500.83792,1000
376,364.9438,26.065826,467.3424,1000
377,188.0686,-101.2087,515.974,1000
378,450.53894,135.3019,489.1348,1000
379,128.661,-399.91574,498.59775,1000
380,179.02611,-149.44989,519.31415,1000
381,172.81651,-176.41768,518.4975,1000
382,113.20002,-393.4207,482.85464,1000
383,400.38657,78.88371,476.18973,1000
384,470.51477,154.66241,500.70972,1000
385,129.24146,-310.40683,485.2276,1000
386,257.11584,-154.44354,484.6237,1000
387,179.4689,-121.99161,507.15308,1000
388,394.24002,75.4149,467.7094,1000
389,128.29726,-362.7862,485.55383,1000
390,143.55974,-405.91797,518.9827,1000
391,331.78583,-30.87333,473.0534,1000
392,196.08597,-73.263824,523.2265,1000
393,149.54823,-160.1052,460.4241,1000
394,127.26895,-410.04135,503.24222,1000
395,209.6207,-38.389305,541.21454,1000
396,127.53462,-328.01517,479.12476,1000
397,163.87675,-188.6614,478.3358,1000
398,334.87674,-18.35769,466.19357,1000
399,188.14304,-84.59498,508.0212,1000
400,467.12375,153.77916,499.3115,1000
401,198.33447,-76.33048,529.0529,1000
402,430.4189,117.93281,479.56265,1000
403,9679.462,4372.611,10389.149,1000
404,388.78918,70.90035,478.5145,1000
405,156.96327,-331.83633,493.70612,1000
406,139.63467,-253.31863,479.87552,1000
407,114.11319,-454.2435,508.8254,1000
408,236.23813,-162.77286,472.4398,1000
409,211.94238,-274.14774,506.26505,1000
410,468.6758,153.45943,499.05466,1000
411,429.51712,117.485565,485.33392,1000
412,182.11142,-107.44047,514.7993,1000
413,119.69101,-424.00635,506.16544,1000
414,123.479164,-392.753,510.31543,1000
415,123.71732,-374.22314,500.1603,1000
416,202.68059,-52.78465,529.3,1000
417,196.27457,-88.53687,536.21246,1000
418,115.91247,-341.41318,463.72137,1000
419,140.88223,-272.84024,489.4411,1000
420,245.55296,-199.34018,496.48828,1000
421,128.47296,-365.47757,501.38522,1000
422,464.3868,149.40309,496.951,1000
423,167.94656,-162.12318,500.28723,1000
424,187.70575,-105.0477,516.5683,1000
425,243.12486,-185.57602,491.74097,1000
426,158.03294,-246.80334,478.28998,1000
427,132.27116,-353.05286,503.97946,1000
428,200.41406,-90.41203,553.7956,1000
429,127.37129,-343.58163,493.3025,1000
430,236.46295,-17.875607,575.51385,1000
431,110.86448,-522.47943,546.20654,1000
432,168.78844,-158.67694,498.19247,1000
433,153.49966,-296.72614,476.83292,1000
434,111.52031,-448.82706,503.99728,1000
435,468.30807,152.3456,500.03256,1000
436,465.57132,159.17609,486.5601,1000
437,127.77615,-353.47754,495.0046,1000
438,411.5616,94.91669,470.28693,1000
439,160.81851,-177.02618,492.74426,1000
440,440.31677,126.37644,482.38504,1000
441,426.48532,111.87006,474.81442,1000
442,180.88782,-145.33142,521.99744,1000
443,314.86502,-64.8619,490.4618,1000
444,181.62907,-117.77183,518.90625,1000
445,159.31207,-324.71204,487.99448,1000
446,111.27339,-438.33392,498.72043,1000
447,366.798,28.145657,472.95758,1000
448,243.53761,-199.2558,491.91214,1000
449,140.84206,-241.44774,482.26318,1000
450,124.2442,-371.63947,498.94623,1000
451,169.2005,-303.97702,485.0805,1000
452,342.72528,-10.082123,472.39917,1000
453,476.98874,161.59654,504.77872,1000
454,110.94904,-418.93546,485.6119,1000
455,109.863174,-415.59937,483.48877,1000
456,106.99872,-522.1403,537.29816,1000
457,107.35443,-490.95264,519.7057,1000
458,300.54758,16.854963,705.5529,1000
459,184.1328,-342.17334,527.387,1000
460,140.1752,-260.61435,483.631,1000
461,464.05972,148.49385,497.14557,1000
462,178.88881,-171.8605,470.2598,1000
463,129.55063,-339.72714,490.5903,1000
464,129.79903,-362.42374,505.62283,1000
465,194.15765,-82.74906,527.7424,1000
466,202.35417,-54.568325,531.1926,1000
467,108.61008,-472.31055,510.8014,1000
468,148.1159,-380.79144,508.21997,1000
469,137.41367,-426.85556,524.0259,1000
470,110.42627,-525.0181,547.1962,1000
471,155.57117,-362.5035,512.628,1000
472,147.72977,-224.88701,478.9305,1000
473,105.37023,-476.70483,505.76373,1000
474,340.2773,1.485826,483.894,1000
475,207.79813,-140.90083,458.1054,1000
476,437.74005,127.659966,490.12704,1000
477,472.12424,157.14722,501.6666,1000
478,124.62855,-365.74493,476.99628,1000
479,150.29713,-231.15912,488.4249,1000
480,460.04468,145.03969,494.94342,1000
481,238.23965,-216.53537,497.07874,1000
482,204.93732,-41.6792,532.58746,1000
483,401.73727,81.06621,475.2887,1000
484,207.01268,-141.15816,452.79965,1000
485,143.77777,-348.98376,508.48502,1000
486,305.93002,-76.77023,482.35388,1000
487,237.07028,-214.69301,501.9628,1000
488,109.67381,-486.02136,520.56903,1000
489,359.01947,15.887628,475.12793,1000
490,179.90958,-118.116646,507.91138,1000
491,160.22011,-218.4298,506.74435,1000
492,364.10526,17.434353,482.62155,1000
493,116.919685,-441.56567,506.9334,1000
494,150.40144,-248.18434,497.16745,1000
495,475.50763,160.16797,504.16766,1000
496,151.07343,-221.02397,482.08264,1000
497,410.70123,91.80772,475.47467,1000
